effective_date,index_type,inclusions,exclusions,symbols
2006-06-26,Nifty100,,,"ABB,ACC,AMBUJACEM,ANDHRABANK,APOLLOTYRE,ARICENT,ASHOKLEY,ASIANPAINT,AUROPHARMA,AXISBANK,BAJAJ-AUTO,BANKBARODA,BANKINDIA,BEL,BHARATFORG,BHARTIARTL,BHEL,BIOCON,BONGAIGAON,BPCL,CANBK,CHENNPETRO,CIPLA,CORPBANK,CUMMINSIND,DABUR,DRREDDY,GAIL,GESHIP,GLAXO,GRASIM,HCLTECH,HDFCBANK,HEROMOTOCOP,HINDALCO,HINDPETRO,HINDUNILVR,IBP,ICICIBANK,IDBI,IFCI,INFY,INGERRAND,INGVYSYABANK,IOB,IPCL,ITC,JETAIRWAYS,JPASSOCIAT,KOTAKBANK,KRL,LICHSGFIN,LT,LUPIN,M&M,MARUTI,MOSERBAER,MPHASIS,MTNL,NATIONALUM,NIRMA,OFSS,ONGC,ORIENTBANK,PATNI,PFIZER,PIRAMALENT,PNB,POLARIS,PTL,RANBAXY,RAYMOND,REL,RELIANCE,SAIL,SANOFI,SATYAMCOMP,SBIN,SCI,SIEMENS,STERLITE,SUNPHARMA,SYNDIBANK,TATACHEM,TATAMOTORS,TATAPOWER,TATASTEEL,TATCOM,TATCONSUM,TCS,TTML,TVSMOTOR,UNIONBANK,VIJAYABANK,WIPRO,WOCKPHARMA,ZEETELE,ZYDUSLIFE"
2006-06-27,Nifty100,,,"ABB,ACC,AMBUJACEM,ANDHRABANK,APOLLOTYRE,ARICENT,ASHOKLEY,ASIANPAINT,AUROPHARMA,AXISBANK,BAJAJ-AUTO,BANKBARODA,BANKINDIA,BEL,BHARATFORG,BHARTIARTL,BHEL,BIOCON,BONGAIGAON,BPCL,CANBK,CHENNPETRO,CIPLA,CORPBANK,CUMMINSIND,DABUR,DRREDDY,GAIL,GESHIP,GLAXO,GRASIM,HCLTECH,HDFCBANK,HEROMOTOCOP,HINDALCO,HINDPETRO,HINDUNILVR,IBP,ICICIBANK,IDBI,IFCI,INFY,INGERRAND,INGVYSYABANK,IOB,IPCL,ITC,JETAIRWAYS,JPASSOCIAT,KOTAKBANK,KRL,LICHSGFIN,LT,LUPIN,M&M,MARUTI,MOSERBAER,MPHASIS,MTNL,NATIONALUM,NIRMA,OFSS,ONGC,ORIENTBANK,PATNI,PFIZER,PIRAMALENT,PNB,POLARIS,PTL,RANBAXY,RAYMOND,REL,RELIANCE,SAIL,SANOFI,SATYAMCOMP,SBIN,SCI,SIEMENS,STERLITE,SUNPHARMA,SYNDIBANK,TATACHEM,TATAMOTORS,TATAPOWER,TATASTEEL,TATCOM,TATCONSUM,TCS,TTML,TVSMOTOR,UNIONBANK,VIJAYABANK,WIPRO,WOCKPHARMA,ZEETELE,ZYDUSLIFE"
2006-09-01,Nifty100,,,"ABB,ACC,AMBUJACEM,ANDHRABANK,APOLLOTYRE,ARICENT,ASHOKLEY,ASIANPAINT,AUROPHARMA,AXISBANK,BAJAJ-AUTO,BANKBARODA,BANKINDIA,BEL,BHARATFORG,BHARTIARTL,BHEL,BIOCON,BONGAIGAON,BPCL,CANBK,CHENNPETRO,CIPLA,CORPBANK,CUMMINSIND,DABUR,DRREDDY,GAIL,GESHIP,GLAXO,GRASIM,HCLTECH,HDFCBANK,HEROMOTOCOP,HINDALCO,HINDPETRO,HINDUNILVR,IBP,ICICIBANK,IDBI,IFCI,INFY,INGERRAND,INGVYSYABANK,IOB,IPCL,ITC,JETAIRWAYS,JPASSOCIAT,KOTAKBANK,KRL,LICHSGFIN,LT,LUPIN,M&M,MARUTI,MOSERBAER,MPHASIS,MTNL,NATIONALUM,NIRMA,OFSS,ONGC,ORIENTBANK,PATNI,PFIZER,PIRAMALENT,PNB,POLARIS,PTL,RANBAXY,RAYMOND,REL,RELIANCE,SAIL,SANOFI,SATYAMCOMP,SBIN,SCI,SIEMENS,STERLITE,SUNPHARMA,SYNDIBANK,TATACHEM,TATAMOTORS,TATAPOWER,TATASTEEL,TATCOM,TATCONSUM,TCS,TTML,TVSMOTOR,UNIONBANK,VIJAYABANK,WIPRO,WOCKPHARMA,ZEETELE,ZYDUSLIFE"
2006-09-22,Nifty100,,,"ABB,ACC,AMBUJACEM,ANDHRABANK,APOLLOTYRE,ARICENT,ASHOKLEY,ASIANPAINT,AUROPHARMA,AXISBANK,BAJAJ-AUTO,BANKBARODA,BANKINDIA,BEL,BHARATFORG,BHARTIARTL,BHEL,BIOCON,BONGAIGAON,BPCL,CANBK,CHENNPETRO,CIPLA,CORPBANK,CUMMINSIND,DABUR,DRREDDY,GAIL,GESHIP,GLAXO,GRASIM,HCLTECH,HDFCBANK,HEROMOTOCOP,HINDALCO,HINDPETRO,HINDUNILVR,IBP,ICICIBANK,IDBI,IFCI,INFY,INGERRAND,INGVYSYABANK,IOB,IPCL,ITC,JETAIRWAYS,JPASSOCIAT,KOTAKBANK,KRL,LICHSGFIN,LT,LUPIN,M&M,MARUTI,MOSERBAER,MPHASIS,MTNL,NATIONALUM,NIRMA,OFSS,ONGC,ORIENTBANK,PATNI,PFIZER,PIRAMALENT,PNB,POLARIS,PTL,RANBAXY,RAYMOND,REL,RELIANCE,SAIL,SANOFI,SATYAMCOMP,SBIN,SCI,SIEMENS,STERLITE,SUNPHARMA,SYNDIBANK,TATACHEM,TATAMOTORS,TATAPOWER,TATASTEEL,TATCOM,TATCONSUM,TCS,TTML,TVSMOTOR,UNIONBANK,VIJAYABANK,WIPRO,WOCKPHARMA,ZEETELE,ZYDUSLIFE"
2006-11-08,Nifty100,,,"ABB,ACC,AMBUJACEM,ANDHRABANK,APOLLOTYRE,ARICENT,ASHOKLEY,ASIANPAINT,AUROPHARMA,AXISBANK,BAJAJ-AUTO,BANKBARODA,BANKINDIA,BEL,BHARATFORG,BHARTIARTL,BHEL,BIOCON,BONGAIGAON,BPCL,CANBK,CHENNPETRO,CIPLA,CORPBANK,CUMMINSIND,DABUR,DRREDDY,GAIL,GESHIP,GLAXO,GRASIM,HCLTECH,HDFCBANK,HEROMOTOCOP,HINDALCO,HINDPETRO,HINDUNILVR,IBP,ICICIBANK,IDBI,IFCI,INFY,INGERRAND,INGVYSYABANK,IOB,IPCL,ITC,JETAIRWAYS,JPASSOCIAT,KOTAKBANK,KRL,LICHSGFIN,LT,LUPIN,M&M,MARUTI,MOSERBAER,MPHASIS,MTNL,NATIONALUM,NIRMA,OFSS,ONGC,ORIENTBANK,PATNI,PFIZER,PIRAMALENT,PNB,POLARIS,PTL,RANBAXY,RAYMOND,REL,RELIANCE,SAIL,SANOFI,SATYAMCOMP,SBIN,SCI,SIEMENS,STERLITE,SUNPHARMA,SYNDIBANK,TATACHEM,TATAMOTORS,TATAPOWER,TATASTEEL,TATCOM,TATCONSUM,TCS,TTML,TVSMOTOR,UNIONBANK,VIJAYABANK,WIPRO,WOCKPHARMA,ZEETELE,ZYDUSLIFE"
2007-04-04,Nifty100,,,"ABB,ACC,AMBUJACEM,ANDHRABANK,APOLLOTYRE,ARICENT,ASHOKLEY,ASIANPAINT,AUROPHARMA,AXISBANK,BAJAJ-AUTO,BANKBARODA,BANKINDIA,BEL,BHARATFORG,BHARTIARTL,BHEL,BIOCON,BONGAIGAON,BPCL,CANBK,CHENNPETRO,CIPLA,CORPBANK,CUMMINSIND,DABUR,DRREDDY,GAIL,GESHIP,GLAXO,GRASIM,HCLTECH,HDFCBANK,HEROMOTOCOP,HINDALCO,HINDPETRO,HINDUNILVR,IBP,ICICIBANK,IDBI,IFCI,INFY,INGERRAND,INGVYSYABANK,IOB,IPCL,ITC,JETAIRWAYS,JPASSOCIAT,KOTAKBANK,KRL,LICHSGFIN,LT,LUPIN,M&M,MARUTI,MOSERBAER,MPHASIS,MTNL,NATIONALUM,NIRMA,OFSS,ONGC,ORIENTBANK,PATNI,PFIZER,PIRAMALENT,PNB,POLARIS,PTL,RANBAXY,RAYMOND,REL,RELIANCE,SAIL,SANOFI,SATYAMCOMP,SBIN,SCI,SIEMENS,STERLITE,SUNPHARMA,SYNDIBANK,TATACHEM,TATAMOTORS,TATAPOWER,TATASTEEL,TATCOM,TATCONSUM,TCS,TTML,TVSMOTOR,UNIONBANK,VIJAYABANK,WIPRO,WOCKPHARMA,ZEETELE,ZYDUSLIFE"
2007-06-04,Nifty100,,,"ABB,ACC,AMBUJACEM,ANDHRABANK,APOLLOTYRE,ARICENT,ASHOKLEY,ASIANPAINT,AUROPHARMA,AXISBANK,BAJAJ-AUTO,BANKBARODA,BANKINDIA,BEL,BHARATFORG,BHARTIARTL,BHEL,BIOCON,BONGAIGAON,BPCL,CANBK,CHENNPETRO,CIPLA,CORPBANK,CUMMINSIND,DABUR,DRREDDY,GAIL,GESHIP,GLAXO,GRASIM,HCLTECH,HDFCBANK,HEROMOTOCOP,HINDALCO,HINDPETRO,HINDUNILVR,IBP,ICICIBANK,IDBI,IFCI,INFY,INGERRAND,INGVYSYABANK,IOB,IPCL,ITC,JETAIRWAYS,JPASSOCIAT,KOTAKBANK,KRL,LICHSGFIN,LT,LUPIN,M&M,MARUTI,MOSERBAER,MPHASIS,MTNL,NATIONALUM,NIRMA,OFSS,ONGC,ORIENTBANK,PATNI,PFIZER,PIRAMALENT,PNB,POLARIS,PTL,RANBAXY,RAYMOND,REL,RELIANCE,SAIL,SANOFI,SATYAMCOMP,SBIN,SCI,SIEMENS,STERLITE,SUNPHARMA,SYNDIBANK,TATACHEM,TATAMOTORS,TATAPOWER,TATASTEEL,TATCOM,TATCONSUM,TCS,TTML,TVSMOTOR,UNIONBANK,VIJAYABANK,WIPRO,WOCKPHARMA,ZEETELE,ZYDUSLIFE"
2007-09-24,Nifty100,,,"ABB,ACC,AMBUJACEM,ANDHRABANK,APOLLOTYRE,ARICENT,ASHOKLEY,ASIANPAINT,AUROPHARMA,AXISBANK,BAJAJ-AUTO,BANKBARODA,BANKINDIA,BEL,BHARATFORG,BHARTIARTL,BHEL,BIOCON,BONGAIGAON,BPCL,CANBK,CHENNPETRO,CIPLA,CORPBANK,CUMMINSIND,DABUR,DRREDDY,GAIL,GESHIP,GLAXO,GRASIM,HCLTECH,HDFCBANK,HEROMOTOCOP,HINDALCO,HINDPETRO,HINDUNILVR,IBP,ICICIBANK,IDBI,IFCI,INFY,INGERRAND,INGVYSYABANK,IOB,IPCL,ITC,JETAIRWAYS,JPASSOCIAT,KOTAKBANK,KRL,LICHSGFIN,LT,LUPIN,M&M,MARUTI,MOSERBAER,MPHASIS,MTNL,NATIONALUM,NIRMA,OFSS,ONGC,ORIENTBANK,PATNI,PFIZER,PIRAMALENT,PNB,POLARIS,PTL,RANBAXY,RAYMOND,REL,RELIANCE,SAIL,SANOFI,SATYAMCOMP,SBIN,SCI,SIEMENS,STERLITE,SUNPHARMA,SYNDIBANK,TATACHEM,TATAMOTORS,TATAPOWER,TATASTEEL,TATCOM,TATCONSUM,TCS,TTML,TVSMOTOR,UNIONBANK,VIJAYABANK,WIPRO,WOCKPHARMA,ZEETELE,ZYDUSLIFE"
2007-10-05,Nifty100,,,"ABB,ACC,AMBUJACEM,ANDHRABANK,APOLLOTYRE,ARICENT,ASHOKLEY,ASIANPAINT,AUROPHARMA,AXISBANK,BAJAJ-AUTO,BANKBARODA,BANKINDIA,BEL,BHARATFORG,BHARTIARTL,BHEL,BIOCON,BONGAIGAON,BPCL,CANBK,CHENNPETRO,CIPLA,CORPBANK,CUMMINSIND,DABUR,DRREDDY,GAIL,GESHIP,GLAXO,GRASIM,HCLTECH,HDFCBANK,HEROMOTOCOP,HINDALCO,HINDPETRO,HINDUNILVR,IBP,ICICIBANK,IDBI,IFCI,INFY,INGERRAND,INGVYSYABANK,IOB,IPCL,ITC,JETAIRWAYS,JPASSOCIAT,KOTAKBANK,KRL,LICHSGFIN,LT,LUPIN,M&M,MARUTI,MOSERBAER,MPHASIS,MTNL,NATIONALUM,NIRMA,OFSS,ONGC,ORIENTBANK,PATNI,PFIZER,PIRAMALENT,PNB,POLARIS,PTL,RANBAXY,RAYMOND,REL,RELIANCE,SAIL,SANOFI,SATYAMCOMP,SBIN,SCI,SIEMENS,STERLITE,SUNPHARMA,SYNDIBANK,TATACHEM,TATAMOTORS,TATAPOWER,TATASTEEL,TATCOM,TATCONSUM,TCS,TTML,TVSMOTOR,UNIONBANK,VIJAYABANK,WIPRO,WOCKPHARMA,ZEETELE,ZYDUSLIFE"
2007-12-12,Nifty100,,,"ABB,ACC,AMBUJACEM,ANDHRABANK,APOLLOTYRE,ARICENT,ASHOKLEY,ASIANPAINT,AUROPHARMA,AXISBANK,BAJAJ-AUTO,BANKBARODA,BANKINDIA,BEL,BHARATFORG,BHARTIARTL,BHEL,BIOCON,BONGAIGAON,BPCL,CANBK,CHENNPETRO,CIPLA,CORPBANK,CUMMINSIND,DABUR,DRREDDY,GAIL,GESHIP,GLAXO,GRASIM,HCLTECH,HDFCBANK,HEROMOTOCOP,HINDALCO,HINDPETRO,HINDUNILVR,IBP,ICICIBANK,IDBI,IFCI,INFY,INGERRAND,INGVYSYABANK,IOB,IPCL,ITC,JETAIRWAYS,JPASSOCIAT,KOTAKBANK,KRL,LICHSGFIN,LT,LUPIN,M&M,MARUTI,MOSERBAER,MPHASIS,MTNL,NATIONALUM,NIRMA,OFSS,ONGC,ORIENTBANK,PATNI,PFIZER,PIRAMALENT,PNB,POLARIS,PTL,RANBAXY,RAYMOND,REL,RELIANCE,SAIL,SANOFI,SATYAMCOMP,SBIN,SCI,SIEMENS,STERLITE,SUNPHARMA,SYNDIBANK,TATACHEM,TATAMOTORS,TATAPOWER,TATASTEEL,TATCOM,TATCONSUM,TCS,TTML,TVSMOTOR,UNIONBANK,VIJAYABANK,WIPRO,WOCKPHARMA,ZEETELE,ZYDUSLIFE"
2008-03-14,Nifty100,,,"ABB,ACC,AMBUJACEM,ANDHRABANK,APOLLOTYRE,ARICENT,ASHOKLEY,ASIANPAINT,AUROPHARMA,AXISBANK,BAJAJ-AUTO,BANKBARODA,BANKINDIA,BEL,BHARATFORG,BHARTIARTL,BHEL,BIOCON,BONGAIGAON,BPCL,CANBK,CHENNPETRO,CIPLA,CORPBANK,CUMMINSIND,DABUR,DRREDDY,GAIL,GESHIP,GLAXO,GRASIM,HCLTECH,HDFCBANK,HEROMOTOCOP,HINDALCO,HINDPETRO,HINDUNILVR,IBP,ICICIBANK,IDBI,IFCI,INFY,INGERRAND,INGVYSYABANK,IOB,IPCL,ITC,JETAIRWAYS,JPASSOCIAT,KOTAKBANK,KRL,LICHSGFIN,LT,LUPIN,M&M,MARUTI,MOSERBAER,MPHASIS,MTNL,NATIONALUM,NIRMA,OFSS,ONGC,ORIENTBANK,PATNI,PFIZER,PIRAMALENT,PNB,POLARIS,PTL,RANBAXY,RAYMOND,REL,RELIANCE,SAIL,SANOFI,SATYAMCOMP,SBIN,SCI,SIEMENS,STERLITE,SUNPHARMA,SYNDIBANK,TATACHEM,TATAMOTORS,TATAPOWER,TATASTEEL,TATCOM,TATCONSUM,TCS,TTML,TVSMOTOR,UNIONBANK,VIJAYABANK,WIPRO,WOCKPHARMA,ZEETELE,ZYDUSLIFE"
2008-09-10,Nifty100,,,"ABB,ACC,AMBUJACEM,ANDHRABANK,APOLLOTYRE,ARICENT,ASHOKLEY,ASIANPAINT,AUROPHARMA,AXISBANK,BAJAJ-AUTO,BANKBARODA,BANKINDIA,BEL,BHARATFORG,BHARTIARTL,BHEL,BIOCON,BONGAIGAON,BPCL,CANBK,CHENNPETRO,CIPLA,CORPBANK,CUMMINSIND,DABUR,DRREDDY,GAIL,GESHIP,GLAXO,GRASIM,HCLTECH,HDFCBANK,HEROMOTOCOP,HINDALCO,HINDPETRO,HINDUNILVR,IBP,ICICIBANK,IDBI,IFCI,INFY,INGERRAND,INGVYSYABANK,IOB,IPCL,ITC,JETAIRWAYS,JPASSOCIAT,KOTAKBANK,KRL,LICHSGFIN,LT,LUPIN,M&M,MARUTI,MOSERBAER,MPHASIS,MTNL,NATIONALUM,NIRMA,OFSS,ONGC,ORIENTBANK,PATNI,PFIZER,PIRAMALENT,PNB,POLARIS,PTL,RANBAXY,RAYMOND,REL,RELIANCE,SAIL,SANOFI,SATYAMCOMP,SBIN,SCI,SIEMENS,STERLITE,SUNPHARMA,SYNDIBANK,TATACHEM,TATAMOTORS,TATAPOWER,TATASTEEL,TATCOM,TATCONSUM,TCS,TTML,TVSMOTOR,UNIONBANK,VIJAYABANK,WIPRO,WOCKPHARMA,ZEETELE,ZYDUSLIFE"
2009-01-12,Nifty100,,,"ABB,ACC,AMBUJACEM,ANDHRABANK,APOLLOTYRE,ARICENT,ASHOKLEY,ASIANPAINT,AUROPHARMA,AXISBANK,BAJAJ-AUTO,BANKBARODA,BANKINDIA,BEL,BHARATFORG,BHARTIARTL,BHEL,BIOCON,BONGAIGAON,BPCL,CANBK,CHENNPETRO,CIPLA,CORPBANK,CUMMINSIND,DABUR,DRREDDY,GAIL,GESHIP,GLAXO,GRASIM,HCLTECH,HDFCBANK,HEROMOTOCOP,HINDALCO,HINDPETRO,HINDUNILVR,IBP,ICICIBANK,IDBI,IFCI,INFY,INGERRAND,INGVYSYABANK,IOB,IPCL,ITC,JETAIRWAYS,JPASSOCIAT,KOTAKBANK,KRL,LICHSGFIN,LT,LUPIN,M&M,MARUTI,MOSERBAER,MPHASIS,MTNL,NATIONALUM,NIRMA,OFSS,ONGC,ORIENTBANK,PATNI,PFIZER,PIRAMALENT,PNB,POLARIS,PTL,RANBAXY,RAYMOND,REL,RELIANCE,SAIL,SANOFI,SATYAMCOMP,SBIN,SCI,SIEMENS,STERLITE,SUNPHARMA,SYNDIBANK,TATACHEM,TATAMOTORS,TATAPOWER,TATASTEEL,TATCOM,TATCONSUM,TCS,TTML,TVSMOTOR,UNIONBANK,VIJAYABANK,WIPRO,WOCKPHARMA,ZEETELE,ZYDUSLIFE"
2009-06-17,Nifty100,,,"ABB,ACC,AMBUJACEM,ANDHRABANK,APOLLOTYRE,ARICENT,ASHOKLEY,ASIANPAINT,AUROPHARMA,AXISBANK,BAJAJ-AUTO,BANKBARODA,BANKINDIA,BEL,BHARATFORG,BHARTIARTL,BHEL,BIOCON,BONGAIGAON,BPCL,CANBK,CHENNPETRO,CIPLA,CORPBANK,CUMMINSIND,DABUR,DRREDDY,GAIL,GESHIP,GLAXO,GRASIM,HCLTECH,HDFCBANK,HEROMOTOCOP,HINDALCO,HINDPETRO,HINDUNILVR,IBP,ICICIBANK,IDBI,IFCI,INFY,INGERRAND,INGVYSYABANK,IOB,IPCL,ITC,JETAIRWAYS,JPASSOCIAT,KOTAKBANK,KRL,LICHSGFIN,LT,LUPIN,M&M,MARUTI,MOSERBAER,MPHASIS,MTNL,NATIONALUM,NIRMA,OFSS,ONGC,ORIENTBANK,PATNI,PFIZER,PIRAMALENT,PNB,POLARIS,PTL,RANBAXY,RAYMOND,REL,RELIANCE,SAIL,SANOFI,SATYAMCOMP,SBIN,SCI,SIEMENS,STERLITE,SUNPHARMA,SYNDIBANK,TATACHEM,TATAMOTORS,TATAPOWER,TATASTEEL,TATCOM,TATCONSUM,TCS,TTML,TVSMOTOR,UNIONBANK,VIJAYABANK,WIPRO,WOCKPHARMA,ZEETELE,ZYDUSLIFE"
2009-10-20,Nifty100,,,"ABB,ACC,AMBUJACEM,ANDHRABANK,APOLLOTYRE,ARICENT,ASHOKLEY,ASIANPAINT,AUROPHARMA,AXISBANK,BAJAJ-AUTO,BANKBARODA,BANKINDIA,BEL,BHARATFORG,BHARTIARTL,BHEL,BIOCON,BONGAIGAON,BPCL,CANBK,CHENNPETRO,CIPLA,CORPBANK,CUMMINSIND,DABUR,DRREDDY,GAIL,GESHIP,GLAXO,GRASIM,HCLTECH,HDFCBANK,HEROMOTOCOP,HINDALCO,HINDPETRO,HINDUNILVR,IBP,ICICIBANK,IDBI,IFCI,INFY,INGERRAND,INGVYSYABANK,IOB,IPCL,ITC,JETAIRWAYS,JPASSOCIAT,KOTAKBANK,KRL,LICHSGFIN,LT,LUPIN,M&M,MARUTI,MOSERBAER,MPHASIS,MTNL,NATIONALUM,NIRMA,OFSS,ONGC,ORIENTBANK,PATNI,PFIZER,PIRAMALENT,PNB,POLARIS,PTL,RANBAXY,RAYMOND,REL,RELIANCE,SAIL,SANOFI,SATYAMCOMP,SBIN,SCI,SIEMENS,STERLITE,SUNPHARMA,SYNDIBANK,TATACHEM,TATAMOTORS,TATAPOWER,TATASTEEL,TATCOM,TATCONSUM,TCS,TTML,TVSMOTOR,UNIONBANK,VIJAYABANK,WIPRO,WOCKPHARMA,ZEETELE,ZYDUSLIFE"
2010-04-08,Nifty100,,,"ABB,ACC,AMBUJACEM,ANDHRABANK,APOLLOTYRE,ARICENT,ASHOKLEY,ASIANPAINT,AUROPHARMA,AXISBANK,BAJAJ-AUTO,BANKBARODA,BANKINDIA,BEL,BHARATFORG,BHARTIARTL,BHEL,BIOCON,BONGAIGAON,BPCL,CANBK,CHENNPETRO,CIPLA,CORPBANK,CUMMINSIND,DABUR,DRREDDY,GAIL,GESHIP,GLAXO,GRASIM,HCLTECH,HDFCBANK,HEROMOTOCOP,HINDALCO,HINDPETRO,HINDUNILVR,IBP,ICICIBANK,IDBI,IFCI,INFY,INGERRAND,INGVYSYABANK,IOB,IPCL,ITC,JETAIRWAYS,JPASSOCIAT,KOTAKBANK,KRL,LICHSGFIN,LT,LUPIN,M&M,MARUTI,MOSERBAER,MPHASIS,MTNL,NATIONALUM,NIRMA,OFSS,ONGC,ORIENTBANK,PATNI,PFIZER,PIRAMALENT,PNB,POLARIS,PTL,RANBAXY,RAYMOND,REL,RELIANCE,SAIL,SANOFI,SATYAMCOMP,SBIN,SCI,SIEMENS,STERLITE,SUNPHARMA,SYNDIBANK,TATACHEM,TATAMOTORS,TATAPOWER,TATASTEEL,TATCOM,TATCONSUM,TCS,TTML,TVSMOTOR,UNIONBANK,VIJAYABANK,WIPRO,WOCKPHARMA,ZEETELE,ZYDUSLIFE"
2010-10-01,Nifty100,,,"ABB,ACC,AMBUJACEM,ANDHRABANK,APOLLOTYRE,ARICENT,ASHOKLEY,ASIANPAINT,AUROPHARMA,AXISBANK,BAJAJ-AUTO,BANKBARODA,BANKINDIA,BEL,BHARATFORG,BHARTIARTL,BHEL,BIOCON,BONGAIGAON,BPCL,CANBK,CHENNPETRO,CIPLA,CORPBANK,CUMMINSIND,DABUR,DRREDDY,GAIL,GESHIP,GLAXO,GRASIM,HCLTECH,HDFCBANK,HEROMOTOCOP,HINDALCO,HINDPETRO,HINDUNILVR,IBP,ICICIBANK,IDBI,IFCI,INFY,INGERRAND,INGVYSYABANK,IOB,IPCL,ITC,JETAIRWAYS,JPASSOCIAT,KOTAKBANK,KRL,LICHSGFIN,LT,LUPIN,M&M,MARUTI,MOSERBAER,MPHASIS,MTNL,NATIONALUM,NIRMA,OFSS,ONGC,ORIENTBANK,PATNI,PFIZER,PIRAMALENT,PNB,POLARIS,PTL,RANBAXY,RAYMOND,REL,RELIANCE,SAIL,SANOFI,SATYAMCOMP,SBIN,SCI,SIEMENS,STERLITE,SUNPHARMA,SYNDIBANK,TATACHEM,TATAMOTORS,TATAPOWER,TATASTEEL,TATCOM,TATCONSUM,TCS,TTML,TVSMOTOR,UNIONBANK,VIJAYABANK,WIPRO,WOCKPHARMA,ZEETELE,ZYDUSLIFE"
2010-10-07,Nifty100,"EXIDEIND,TATACHEM","ZEEL,RNRL","ABB,ACC,AMBUJACEM,ANDHRABANK,APOLLOTYRE,ARICENT,ASHOKLEY,ASIANPAINT,AUROPHARMA,AXISBANK,BAJAJ-AUTO,BANKBARODA,BANKINDIA,BEL,BHARATFORG,BHARTIARTL,BHEL,BIOCON,BONGAIGAON,BPCL,CANBK,CHENNPETRO,CIPLA,CORPBANK,CUMMINSIND,DABUR,DRREDDY,EXIDEIND,GAIL,GESHIP,GLAXO,GRASIM,HCLTECH,HDFCBANK,HEROMOTOCOP,HINDALCO,HINDPETRO,HINDUNILVR,IBP,ICICIBANK,IDBI,IFCI,INFY,INGERRAND,INGVYSYABANK,IOB,IPCL,ITC,JETAIRWAYS,JPASSOCIAT,KOTAKBANK,KRL,LICHSGFIN,LT,LUPIN,M&M,MARUTI,MOSERBAER,MPHASIS,MTNL,NATIONALUM,NIRMA,OFSS,ONGC,ORIENTBANK,PATNI,PFIZER,PIRAMALENT,PNB,POLARIS,PTL,RANBAXY,RAYMOND,REL,RELIANCE,SAIL,SANOFI,SATYAMCOMP,SBIN,SCI,SIEMENS,STERLITE,SUNPHARMA,SYNDIBANK,TATACHEM,TATAMOTORS,TATAPOWER,TATASTEEL,TATCOM,TATCONSUM,TCS,TTML,TVSMOTOR,UNIONBANK,VIJAYABANK,WIPRO,WOCKPHARMA,ZEETELE,ZYDUSLIFE"
2011-03-25,Nifty100,,,"ABB,ACC,AMBUJACEM,ANDHRABANK,APOLLOTYRE,ARICENT,ASHOKLEY,ASIANPAINT,AUROPHARMA,AXISBANK,BAJAJ-AUTO,BANKBARODA,BANKINDIA,BEL,BHARATFORG,BHARTIARTL,BHEL,BIOCON,BONGAIGAON,BPCL,CANBK,CHENNPETRO,CIPLA,CORPBANK,CUMMINSIND,DABUR,DRREDDY,EXIDEIND,GAIL,GESHIP,GLAXO,GRASIM,HCLTECH,HDFCBANK,HEROMOTOCOP,HINDALCO,HINDPETRO,HINDUNILVR,IBP,ICICIBANK,IDBI,IFCI,INFY,INGERRAND,INGVYSYABANK,IOB,IPCL,ITC,JETAIRWAYS,JPASSOCIAT,KOTAKBANK,KRL,LICHSGFIN,LT,LUPIN,M&M,MARUTI,MOSERBAER,MPHASIS,MTNL,NATIONALUM,NIRMA,OFSS,ONGC,ORIENTBANK,PATNI,PFIZER,PIRAMALENT,PNB,POLARIS,PTL,RANBAXY,RAYMOND,REL,RELIANCE,SAIL,SANOFI,SATYAMCOMP,SBIN,SCI,SIEMENS,STERLITE,SUNPHARMA,SYNDIBANK,TATACHEM,TATAMOTORS,TATAPOWER,TATASTEEL,TATCOM,TATCONSUM,TCS,TTML,TVSMOTOR,UNIONBANK,VIJAYABANK,WIPRO,WOCKPHARMA,ZEETELE,ZYDUSLIFE"
2011-10-10,Nifty100,"BOSCHLTD,DABUR,IDEA","PATNI,PUNJLLOYD,SYNDIBANK","ABB,ACC,AMBUJACEM,ANDHRABANK,APOLLOTYRE,ARICENT,ASHOKLEY,ASIANPAINT,AUROPHARMA,AXISBANK,BAJAJ-AUTO,BANKBARODA,BANKINDIA,BEL,BHARATFORG,BHARTIARTL,BHEL,BIOCON,BONGAIGAON,BOSCHLTD,BPCL,CANBK,CHENNPETRO,CIPLA,CORPBANK,CUMMINSIND,DABUR,DRREDDY,EXIDEIND,GAIL,GESHIP,GLAXO,GRASIM,HCLTECH,HDFCBANK,HEROMOTOCOP,HINDALCO,HINDPETRO,HINDUNILVR,IBP,ICICIBANK,IDBI,IDEA,IFCI,INFY,INGERRAND,INGVYSYABANK,IOB,IPCL,ITC,JETAIRWAYS,JPASSOCIAT,KOTAKBANK,KRL,LICHSGFIN,LT,LUPIN,M&M,MARUTI,MOSERBAER,MPHASIS,MTNL,NATIONALUM,NIRMA,OFSS,ONGC,ORIENTBANK,PFIZER,PIRAMALENT,PNB,POLARIS,PTL,RANBAXY,RAYMOND,REL,RELIANCE,SAIL,SANOFI,SATYAMCOMP,SBIN,SCI,SIEMENS,STERLITE,SUNPHARMA,TATACHEM,TATAMOTORS,TATAPOWER,TATASTEEL,TATCOM,TATCONSUM,TCS,TTML,TVSMOTOR,UNIONBANK,VIJAYABANK,WIPRO,WOCKPHARMA,ZEETELE,ZYDUSLIFE"
2013-04-01,Nifty100,"BAJAJFINSV,NMDC,TATAGLOBAL,UBL","BIOCON,GMRINFRA,TORNTPOWER,WIPRO","ABB,ACC,AMBUJACEM,ANDHRABANK,APOLLOTYRE,ARICENT,ASHOKLEY,ASIANPAINT,AUROPHARMA,AXISBANK,BAJAJ-AUTO,BAJAJFINSV,BANKBARODA,BANKINDIA,BEL,BHARATFORG,BHARTIARTL,BHEL,BONGAIGAON,BOSCHLTD,BPCL,CANBK,CHENNPETRO,CIPLA,CORPBANK,CUMMINSIND,DABUR,DRREDDY,EXIDEIND,GAIL,GESHIP,GLAXO,GRASIM,HCLTECH,HDFCBANK,HEROMOTOCOP,HINDALCO,HINDPETRO,HINDUNILVR,IBP,ICICIBANK,IDBI,IDEA,IFCI,INFY,INGERRAND,INGVYSYABANK,IOB,IPCL,ITC,JETAIRWAYS,JPASSOCIAT,KOTAKBANK,KRL,LICHSGFIN,LT,LUPIN,M&M,MARUTI,MOSERBAER,MPHASIS,MTNL,NATIONALUM,NIRMA,NMDC,OFSS,ONGC,ORIENTBANK,PFIZER,PIRAMALENT,PNB,POLARIS,PTL,RANBAXY,RAYMOND,REL,RELIANCE,SAIL,SANOFI,SATYAMCOMP,SBIN,SCI,SIEMENS,STERLITE,SUNPHARMA,TATACHEM,TATAGLOBAL,TATAMOTORS,TATAPOWER,TATASTEEL,TATCOM,TATCONSUM,TCS,TTML,TVSMOTOR,UBL,UNIONBANK,VIJAYABANK,WOCKPHARMA,ZEETELE,ZYDUSLIFE"
2014-09-19,Nifty100,"AUROPHARMA,MOTHERSUMI","MPHASIS,MCDOWELL-N","ABB,ACC,AMBUJACEM,ANDHRABANK,APOLLOTYRE,ARICENT,ASHOKLEY,ASIANPAINT,AUROPHARMA,AXISBANK,BAJAJ-AUTO,BAJAJFINSV,BANKBARODA,BANKINDIA,BEL,BHARATFORG,BHARTIARTL,BHEL,BONGAIGAON,BOSCHLTD,BPCL,CANBK,CHENNPETRO,CIPLA,CORPBANK,CUMMINSIND,DABUR,DRREDDY,EXIDEIND,GAIL,GESHIP,GLAXO,GRASIM,HCLTECH,HDFCBANK,HEROMOTOCOP,HINDALCO,HINDPETRO,HINDUNILVR,IBP,ICICIBANK,IDBI,IDEA,IFCI,INFY,INGERRAND,INGVYSYABANK,IOB,IPCL,ITC,JETAIRWAYS,JPASSOCIAT,KOTAKBANK,KRL,LICHSGFIN,LT,LUPIN,M&M,MARUTI,MOSERBAER,MOTHERSUMI,MTNL,NATIONALUM,NIRMA,NMDC,OFSS,ONGC,ORIENTBANK,PFIZER,PIRAMALENT,PNB,POLARIS,PTL,RANBAXY,RAYMOND,REL,RELIANCE,SAIL,SANOFI,SATYAMCOMP,SBIN,SCI,SIEMENS,STERLITE,SUNPHARMA,TATACHEM,TATAGLOBAL,TATAMOTORS,TATAPOWER,TATASTEEL,TATCOM,TATCONSUM,TCS,TTML,TVSMOTOR,UBL,UNIONBANK,VIJAYABANK,WOCKPHARMA,ZEETELE,ZYDUSLIFE"
2015-03-27,Nifty100,"IBULHSGFIN,MCDOWELL-N","DLF,JINDALSTEL","ABB,ACC,AMBUJACEM,ANDHRABANK,APOLLOTYRE,ARICENT,ASHOKLEY,ASIANPAINT,AUROPHARMA,AXISBANK,BAJAJ-AUTO,BAJAJFINSV,BANKBARODA,BANKINDIA,BEL,BHARATFORG,BHARTIARTL,BHEL,BONGAIGAON,BOSCHLTD,BPCL,CANBK,CHENNPETRO,CIPLA,CORPBANK,CUMMINSIND,DABUR,DRREDDY,EXIDEIND,GAIL,GESHIP,GLAXO,GRASIM,HCLTECH,HDFCBANK,HEROMOTOCOP,HINDALCO,HINDPETRO,HINDUNILVR,IBP,IBULHSGFIN,ICICIBANK,IDBI,IDEA,IFCI,INFY,INGERRAND,INGVYSYABANK,IOB,IPCL,ITC,JETAIRWAYS,JPASSOCIAT,KOTAKBANK,KRL,LICHSGFIN,LT,LUPIN,M&M,MARUTI,MCDOWELL-N,MOSERBAER,MOTHERSUMI,MTNL,NATIONALUM,NIRMA,NMDC,OFSS,ONGC,ORIENTBANK,PFIZER,PIRAMALENT,PNB,POLARIS,PTL,RANBAXY,RAYMOND,REL,RELIANCE,SAIL,SANOFI,SATYAMCOMP,SBIN,SCI,SIEMENS,STERLITE,SUNPHARMA,TATACHEM,TATAGLOBAL,TATAMOTORS,TATAPOWER,TATASTEEL,TATCOM,TATCONSUM,TCS,TTML,TVSMOTOR,UBL,UNIONBANK,VIJAYABANK,WOCKPHARMA,ZEETELE,ZYDUSLIFE"
2015-09-28,Nifty100,ASHOKLEY,CROMPGREAV,"ABB,ACC,AMBUJACEM,ANDHRABANK,APOLLOTYRE,ARICENT,ASHOKLEY,ASIANPAINT,AUROPHARMA,AXISBANK,BAJAJ-AUTO,BAJAJFINSV,BANKBARODA,BANKINDIA,BEL,BHARATFORG,BHARTIARTL,BHEL,BONGAIGAON,BOSCHLTD,BPCL,CANBK,CHENNPETRO,CIPLA,CORPBANK,CUMMINSIND,DABUR,DRREDDY,EXIDEIND,GAIL,GESHIP,GLAXO,GRASIM,HCLTECH,HDFCBANK,HEROMOTOCOP,HINDALCO,HINDPETRO,HINDUNILVR,IBP,IBULHSGFIN,ICICIBANK,IDBI,IDEA,IFCI,INFY,INGERRAND,INGVYSYABANK,IOB,IPCL,ITC,JETAIRWAYS,JPASSOCIAT,KOTAKBANK,KRL,LICHSGFIN,LT,LUPIN,M&M,MARUTI,MCDOWELL-N,MOSERBAER,MOTHERSUMI,MTNL,NATIONALUM,NIRMA,NMDC,OFSS,ONGC,ORIENTBANK,PFIZER,PIRAMALENT,PNB,POLARIS,PTL,RANBAXY,RAYMOND,REL,RELIANCE,SAIL,SANOFI,SATYAMCOMP,SBIN,SCI,SIEMENS,STERLITE,SUNPHARMA,TATACHEM,TATAGLOBAL,TATAMOTORS,TATAPOWER,TATASTEEL,TATCOM,TATCONSUM,TCS,TTML,TVSMOTOR,UBL,UNIONBANK,VIJAYABANK,WOCKPHARMA,ZEETELE,ZYDUSLIFE"
2015-10-19,Nifty100,IOC,ABIRLANUVO,"ABB,ACC,AMBUJACEM,ANDHRABANK,APOLLOTYRE,ARICENT,ASHOKLEY,ASIANPAINT,AUROPHARMA,AXISBANK,BAJAJ-AUTO,BAJAJFINSV,BANKBARODA,BANKINDIA,BEL,BHARATFORG,BHARTIARTL,BHEL,BONGAIGAON,BOSCHLTD,BPCL,CANBK,CHENNPETRO,CIPLA,CORPBANK,CUMMINSIND,DABUR,DRREDDY,EXIDEIND,GAIL,GESHIP,GLAXO,GRASIM,HCLTECH,HDFCBANK,HEROMOTOCOP,HINDALCO,HINDPETRO,HINDUNILVR,IBP,IBULHSGFIN,ICICIBANK,IDBI,IDEA,IFCI,INFY,INGERRAND,INGVYSYABANK,IOB,IOC,IPCL,ITC,JETAIRWAYS,JPASSOCIAT,KOTAKBANK,KRL,LICHSGFIN,LT,LUPIN,M&M,MARUTI,MCDOWELL-N,MOSERBAER,MOTHERSUMI,MTNL,NATIONALUM,NIRMA,NMDC,OFSS,ONGC,ORIENTBANK,PFIZER,PIRAMALENT,PNB,POLARIS,PTL,RANBAXY,RAYMOND,REL,RELIANCE,SAIL,SANOFI,SATYAMCOMP,SBIN,SCI,SIEMENS,STERLITE,SUNPHARMA,TATACHEM,TATAGLOBAL,TATAMOTORS,TATAPOWER,TATASTEEL,TATCOM,TATCONSUM,TCS,TTML,TVSMOTOR,UBL,UNIONBANK,VIJAYABANK,WOCKPHARMA,ZEETELE,ZYDUSLIFE"
2016-04-01,Nifty100,"ABB,BAJFINANCE,BEL,CADILAHC,CASTROLIND,DLF,EMAMILTD,HINDZINC,NHPC,PIDILITIND,PGHH,SHREECEM,TATAMTRDVR,TORNTPHARM","BAJAJHLDNG,BANKINDIA,CANBK,EXIDEIND,FEDERALBNK,M&MFIN,MRF,PETRONET,RELCAPITAL,RELINFRA,SUNDARMFIN,TATACHEM,TATAGLOBAL","ABB,ACC,AMBUJACEM,ANDHRABANK,APOLLOTYRE,ARICENT,ASHOKLEY,ASIANPAINT,AUROPHARMA,AXISBANK,BAJAJ-AUTO,BAJAJFINSV,BAJFINANCE,BANKBARODA,BEL,BHARATFORG,BHARTIARTL,BHEL,BONGAIGAON,BOSCHLTD,BPCL,CADILAHC,CASTROLIND,CHENNPETRO,CIPLA,CORPBANK,CUMMINSIND,DABUR,DLF,DRREDDY,EMAMILTD,GAIL,GESHIP,GLAXO,GRASIM,HCLTECH,HDFCBANK,HEROMOTOCOP,HINDALCO,HINDPETRO,HINDUNILVR,HINDZINC,IBP,IBULHSGFIN,ICICIBANK,IDBI,IDEA,IFCI,INFY,INGERRAND,INGVYSYABANK,IOB,IOC,IPCL,ITC,JETAIRWAYS,JPASSOCIAT,KOTAKBANK,KRL,LICHSGFIN,LT,LUPIN,M&M,MARUTI,MCDOWELL-N,MOSERBAER,MOTHERSUMI,MTNL,NATIONALUM,NHPC,NIRMA,NMDC,OFSS,ONGC,ORIENTBANK,PFIZER,PGHH,PIDILITIND,PIRAMALENT,PNB,POLARIS,PTL,RANBAXY,RAYMOND,REL,RELIANCE,SAIL,SANOFI,SATYAMCOMP,SBIN,SCI,SHREECEM,SIEMENS,STERLITE,SUNPHARMA,TATAMOTORS,TATAMTRDVR,TATAPOWER,TATASTEEL,TATCOM,TATCONSUM,TCS,TORNTPHARM,TTML,TVSMOTOR,UBL,UNIONBANK,VIJAYABANK,WOCKPHARMA,ZEETELE,ZYDUSLIFE"
2016-09-30,Nifty100,"INDIGO,PEL","RCOM,RECLTD","ABB,ACC,AMBUJACEM,ANDHRABANK,APOLLOTYRE,ARICENT,ASHOKLEY,ASIANPAINT,AUROPHARMA,AXISBANK,BAJAJ-AUTO,BAJAJFINSV,BAJFINANCE,BANKBARODA,BEL,BHARATFORG,BHARTIARTL,BHEL,BONGAIGAON,BOSCHLTD,BPCL,CADILAHC,CASTROLIND,CHENNPETRO,CIPLA,CORPBANK,CUMMINSIND,DABUR,DLF,DRREDDY,EMAMILTD,GAIL,GESHIP,GLAXO,GRASIM,HCLTECH,HDFCBANK,HEROMOTOCOP,HINDALCO,HINDPETRO,HINDUNILVR,HINDZINC,IBP,IBULHSGFIN,ICICIBANK,IDBI,IDEA,IFCI,INDIGO,INFY,INGERRAND,INGVYSYABANK,IOB,IOC,IPCL,ITC,JETAIRWAYS,JPASSOCIAT,KOTAKBANK,KRL,LICHSGFIN,LT,LUPIN,M&M,MARUTI,MCDOWELL-N,MOSERBAER,MOTHERSUMI,MTNL,NATIONALUM,NHPC,NIRMA,NMDC,OFSS,ONGC,ORIENTBANK,PEL,PFIZER,PGHH,PIDILITIND,PIRAMALENT,PNB,POLARIS,PTL,RANBAXY,RAYMOND,REL,RELIANCE,SAIL,SANOFI,SATYAMCOMP,SBIN,SCI,SHREECEM,SIEMENS,STERLITE,SUNPHARMA,TATAMOTORS,TATAMTRDVR,TATAPOWER,TATASTEEL,TATCOM,TATCONSUM,TCS,TORNTPHARM,TTML,TVSMOTOR,UBL,UNIONBANK,VIJAYABANK,WOCKPHARMA,ZEETELE,ZYDUSLIFE"
2016-11-15,Nifty100,HAVELLS,CAIRN,"ABB,ACC,AMBUJACEM,ANDHRABANK,APOLLOTYRE,ARICENT,ASHOKLEY,ASIANPAINT,AUROPHARMA,AXISBANK,BAJAJ-AUTO,BAJAJFINSV,BAJFINANCE,BANKBARODA,BEL,BHARATFORG,BHARTIARTL,BHEL,BONGAIGAON,BOSCHLTD,BPCL,CADILAHC,CASTROLIND,CHENNPETRO,CIPLA,CORPBANK,CUMMINSIND,DABUR,DLF,DRREDDY,EMAMILTD,GAIL,GESHIP,GLAXO,GRASIM,HAVELLS,HCLTECH,HDFCBANK,HEROMOTOCOP,HINDALCO,HINDPETRO,HINDUNILVR,HINDZINC,IBP,IBULHSGFIN,ICICIBANK,IDBI,IDEA,IFCI,INDIGO,INFY,INGERRAND,INGVYSYABANK,IOB,IOC,IPCL,ITC,JETAIRWAYS,JPASSOCIAT,KOTAKBANK,KRL,LICHSGFIN,LT,LUPIN,M&M,MARUTI,MCDOWELL-N,MOSERBAER,MOTHERSUMI,MTNL,NATIONALUM,NHPC,NIRMA,NMDC,OFSS,ONGC,ORIENTBANK,PEL,PFIZER,PGHH,PIDILITIND,PIRAMALENT,PNB,POLARIS,PTL,RANBAXY,RAYMOND,REL,RELIANCE,SAIL,SANOFI,SATYAMCOMP,SBIN,SCI,SHREECEM,SIEMENS,STERLITE,SUNPHARMA,TATAMOTORS,TATAMTRDVR,TATAPOWER,TATASTEEL,TATCOM,TATCONSUM,TCS,TORNTPHARM,TTML,TVSMOTOR,UBL,UNIONBANK,VIJAYABANK,WOCKPHARMA,ZEETELE,ZYDUSLIFE"
2017-03-31,Nifty100,"ICICIPRULI,PETRONET,INOXWIND,JETAIRWAYS,JUSTDIAL,NETWORK18,PERSISTENT,RECLTD,SADBHAV,APOLLOHOSP,BHARATFORG,CASTROLIND,ENDURANCE,LTI,LTTS,MANAPPURAM,MOTILALOFS,ALOKTEXT,BRFL,BRIGADE,DYNAMATECH,FLFL,INGERRAND,IPAPPM,JPPOWER,JPINFRATEC,JSWHL,KSBPUMPS,LAOPALA,LITL,LINDEINDIA,MAHLIFE,MAYURUNIQ,SEQUENT,SHOPERSTOP,SIMPLEXINF,SINTEX,SITINET,SBBJ,MYSOREBANK,SBT,DBL,FMGOETZE,FRETAIL,GHCL,GNFC,GUJALKALI,KNRCON,MAXINDIA,MGL,MINDACORP,MINDAIND,NAVNETEDUL,NBVENTURES,PARAGMILK,RATNAMANI,SHILPI,STRTECH,SUDARSCHEM,TATAELXSI,TATAINVEST,HAVELLS,CROMPTON,QUESS,IBULHSGFIN,BHEL,IDEA,HEXAWARE,GUJFLUORO,IOB,PFIZER,DALMIABHA,LALPATHLAB,EDELWEISS,NIFTY,ASTRAZEN,GRANULES,KPIT,NIITTECH,SUVEN,ADVENZYMES,CANFINHOME,ESCORTS,MMTC,MOIL,UJJIVAN,VGUARD,BFUTILITIE,HFCL,INTELLECT,KITEX,MARKSANS,MCLEODRUSS,PFS,HCC,SWANENERGY,TRIDENT,ADANIENT,HDIL,PEL,IBREALEST,IDFCBANK,INDIACEM,ALKEM,CORPBANK,DEN,EROSMEDIA,GVKPIL,LAKSHVILAS,NBCC,PUNJLLOYD,ROLTA,RENUKA,AEGISCHEM,BBTC,INFIBEAM,CUB,KTKBANK,PIIND,LUPIN,IOC,RPOWER,MRF,DIVISLAB,ASIANPAINT,HCLTECH,INFY,TCS,BRITANNIA,GODREJCP,M&M,MARICO","APOLLOHOSP,BHARATFORG,CASTROLIND","ABB,ACC,ADANIENT,ADVENZYMES,AEGISCHEM,ALKEM,ALOKTEXT,AMBUJACEM,ANDHRABANK,APOLLOHOSP,APOLLOTYRE,ARICENT,ASHOKLEY,ASIANPAINT,ASTRAZEN,AUROPHARMA,AXISBANK,BAJAJ-AUTO,BAJAJFINSV,BAJFINANCE,BANKBARODA,BBTC,BEL,BFUTILITIE,BHARATFORG,BHARTIARTL,BHEL,BONGAIGAON,BOSCHLTD,BPCL,BRFL,BRIGADE,BRITANNIA,CADILAHC,CANFINHOME,CASTROLIND,CHENNPETRO,CIPLA,CORPBANK,CROMPTON,CUB,CUMMINSIND,DABUR,DALMIABHA,DBL,DEN,DIVISLAB,DLF,DRREDDY,DYNAMATECH,EDELWEISS,EMAMILTD,ENDURANCE,EROSMEDIA,ESCORTS,FLFL,FMGOETZE,FRETAIL,GAIL,GESHIP,GHCL,GLAXO,GNFC,GODREJCP,GRANULES,GRASIM,GUJALKALI,GUJFLUORO,GVKPIL,HAVELLS,HCC,HCLTECH,HDFCBANK,HDIL,HEROMOTOCOP,HEXAWARE,HFCL,HINDALCO,HINDPETRO,HINDUNILVR,HINDZINC,IBP,IBREALEST,IBULHSGFIN,ICICIBANK,ICICIPRULI,IDBI,IDEA,IDFCBANK,IFCI,INDIACEM,INDIGO,INFIBEAM,INFY,INGERRAND,INGVYSYABANK,INOXWIND,INTELLECT,IOB,IOC,IPAPPM,IPCL,ITC,JETAIRWAYS,JPASSOCIAT,JPINFRATEC,JPPOWER,JSWHL,JUSTDIAL,KITEX,KNRCON,KOTAKBANK,KPIT,KRL,KSBPUMPS,KTKBANK,LAKSHVILAS,LALPATHLAB,LAOPALA,LICHSGFIN,LINDEINDIA,LITL,LT,LTI,LTTS,LUPIN,M&M,MAHLIFE,MANAPPURAM,MARICO,MARKSANS,MARUTI,MAXINDIA,MAYURUNIQ,MCDOWELL-N,MCLEODRUSS,MGL,MINDACORP,MINDAIND,MMTC,MOIL,MOSERBAER,MOTHERSUMI,MOTILALOFS,MRF,MTNL,MYSOREBANK,NATIONALUM,NAVNETEDUL,NBCC,NBVENTURES,NETWORK18,NHPC,NIFTY,NIITTECH,NIRMA,NMDC,OFSS,ONGC,ORIENTBANK,PARAGMILK,PEL,PERSISTENT,PETRONET,PFIZER,PFS,PGHH,PIDILITIND,PIIND,PIRAMALENT,PNB,POLARIS,PTL,PUNJLLOYD,QUESS,RANBAXY,RATNAMANI,RAYMOND,RECLTD,REL,RELIANCE,RENUKA,ROLTA,RPOWER,SADBHAV,SAIL,SANOFI,SATYAMCOMP,SBBJ,SBIN,SBT,SCI,SEQUENT,SHILPI,SHOPERSTOP,SHREECEM,SIEMENS,SIMPLEXINF,SINTEX,SITINET,STERLITE,STRTECH,SUDARSCHEM,SUNPHARMA,SUVEN,SWANENERGY,TATAELXSI,TATAINVEST,TATAMOTORS,TATAMTRDVR,TATAPOWER,TATASTEEL,TATCOM,TATCONSUM,TCS,TORNTPHARM,TRIDENT,TTML,TVSMOTOR,UBL,UJJIVAN,UNIONBANK,VGUARD,VIJAYABANK,WOCKPHARMA,ZEETELE,ZYDUSLIFE"
2017-05-26,Nifty100,"ABIRLANUVO,SUNTV,FRETAIL,MGL,LAURUSLABS,PNBHOUSING,VEDL,DALMIABHA,NIFTY,GNFC",GRASIM,"ABB,ABIRLANUVO,ACC,ADANIENT,ADVENZYMES,AEGISCHEM,ALKEM,ALOKTEXT,AMBUJACEM,ANDHRABANK,APOLLOHOSP,APOLLOTYRE,ARICENT,ASHOKLEY,ASIANPAINT,ASTRAZEN,AUROPHARMA,AXISBANK,BAJAJ-AUTO,BAJAJFINSV,BAJFINANCE,BANKBARODA,BBTC,BEL,BFUTILITIE,BHARATFORG,BHARTIARTL,BHEL,BONGAIGAON,BOSCHLTD,BPCL,BRFL,BRIGADE,BRITANNIA,CADILAHC,CANFINHOME,CASTROLIND,CHENNPETRO,CIPLA,CORPBANK,CROMPTON,CUB,CUMMINSIND,DABUR,DALMIABHA,DBL,DEN,DIVISLAB,DLF,DRREDDY,DYNAMATECH,EDELWEISS,EMAMILTD,ENDURANCE,EROSMEDIA,ESCORTS,FLFL,FMGOETZE,FRETAIL,GAIL,GESHIP,GHCL,GLAXO,GNFC,GODREJCP,GRANULES,GUJALKALI,GUJFLUORO,GVKPIL,HAVELLS,HCC,HCLTECH,HDFCBANK,HDIL,HEROMOTOCOP,HEXAWARE,HFCL,HINDALCO,HINDPETRO,HINDUNILVR,HINDZINC,IBP,IBREALEST,IBULHSGFIN,ICICIBANK,ICICIPRULI,IDBI,IDEA,IDFCBANK,IFCI,INDIACEM,INDIGO,INFIBEAM,INFY,INGERRAND,INGVYSYABANK,INOXWIND,INTELLECT,IOB,IOC,IPAPPM,IPCL,ITC,JETAIRWAYS,JPASSOCIAT,JPINFRATEC,JPPOWER,JSWHL,JUSTDIAL,KITEX,KNRCON,KOTAKBANK,KPIT,KRL,KSBPUMPS,KTKBANK,LAKSHVILAS,LALPATHLAB,LAOPALA,LAURUSLABS,LICHSGFIN,LINDEINDIA,LITL,LT,LTI,LTTS,LUPIN,M&M,MAHLIFE,MANAPPURAM,MARICO,MARKSANS,MARUTI,MAXINDIA,MAYURUNIQ,MCDOWELL-N,MCLEODRUSS,MGL,MINDACORP,MINDAIND,MMTC,MOIL,MOSERBAER,MOTHERSUMI,MOTILALOFS,MRF,MTNL,MYSOREBANK,NATIONALUM,NAVNETEDUL,NBCC,NBVENTURES,NETWORK18,NHPC,NIFTY,NIITTECH,NIRMA,NMDC,OFSS,ONGC,ORIENTBANK,PARAGMILK,PEL,PERSISTENT,PETRONET,PFIZER,PFS,PGHH,PIDILITIND,PIIND,PIRAMALENT,PNB,PNBHOUSING,POLARIS,PTL,PUNJLLOYD,QUESS,RANBAXY,RATNAMANI,RAYMOND,RECLTD,REL,RELIANCE,RENUKA,ROLTA,RPOWER,SADBHAV,SAIL,SANOFI,SATYAMCOMP,SBBJ,SBIN,SBT,SCI,SEQUENT,SHILPI,SHOPERSTOP,SHREECEM,SIEMENS,SIMPLEXINF,SINTEX,SITINET,STERLITE,STRTECH,SUDARSCHEM,SUNPHARMA,SUNTV,SUVEN,SWANENERGY,TATAELXSI,TATAINVEST,TATAMOTORS,TATAMTRDVR,TATAPOWER,TATASTEEL,TATCOM,TATCONSUM,TCS,TORNTPHARM,TRIDENT,TTML,TVSMOTOR,UBL,UJJIVAN,UNIONBANK,VEDL,VGUARD,VIJAYABANK,WOCKPHARMA,ZEETELE,ZYDUSLIFE"
2017-09-29,Nifty100,"DMART,BAJAJCORP,CYIENT,ECLERX,GESHIP,HINDCOPPER,HONAUT,JAGRAN,MRF,RELAXO,ADANITRANS,DIVISLAB,FINCABLES,JMFINANCIL,MFSL,SUNDRMFAST,UBL,VBL,VGUARD,AMTEKAUTO,ANANTRAJ,ASAHIINDIA,FDC,FMGOETZE,GRINDWELL,HMVL,JMTAUTOLTD,KNRCON,NITINFIRE,ORISSAMINE,PUNJLLOYD,RATNAMANI,RIIL,ROLTA,RUCHISOYA,STCINDIA,TIDEWATER,TRITURBINE,VIJAYABANK,VSTIND,WONDERLA,BRFL,BRIGADE,BSE,FLFL,HERITGFOOD,IFBIND,ITDC,IBVENTURES,INGERRAND,ITI,JPPOWER,JINDALSAW,JSLHISAR,JSL,LINDEINDIA,NFL,RUPA,SHOPERSTOP,SUPRAJIT,SUPPETRO,TIMETECHNO,UNITEDBNK,RELCAPITAL,BATAINDIA,JUBLFOOD,BERGEPAINT,MRPL,RBLBANK,APLLTD,LTTS,QUESS,BALKRISIND,FRETAIL,NIFTY,ATUL,FSL,JKLAKSHMI,MONSANTO,UCOBANK,VRLLOG,DBL,FCONSUMER,HCC,KTKBANK,REPCOHOME,SOUTHBANK,SREINFRA,CCL,GHCL,JCHAC,KPIT,RTNPOWER,SHARDACROP,SUVEN,TEXRAIL,ZENSARTECH,AVANTIFEED,GMDCLTD,INOXWIND,LAKSHVILAS,MANPASAND,PERSISTENT,PNCINFRA,PETRONET,RECLTD,SPARC,ADANIENT,ESCORTS,FORTIS,AEGISCHEM,BEML,CAPF,DELTACORP,GODREJPROP,GNFC,GSFC,INDIANB,INFIBEAM,KEC,KRBL,RAYMOND,STRTECH,UJJIVAN,GICHSGFIN,GUJFLUORO,LAURUSLABS,RAIN,RALLIS,TNPL,TRIDENT,UFLEX,ALKEM,JSWENERGY,INDIGO,BPCL,BAJFINANCE,CASTROLIND,TATACHEM,APOLLOHOSP,BIOCON,TECHM","DIVISLAB,UBL","ABB,ABIRLANUVO,ACC,ADANIENT,ADANITRANS,ADVENZYMES,AEGISCHEM,ALKEM,ALOKTEXT,AMBUJACEM,AMTEKAUTO,ANANTRAJ,ANDHRABANK,APLLTD,APOLLOHOSP,APOLLOTYRE,ARICENT,ASAHIINDIA,ASHOKLEY,ASIANPAINT,ASTRAZEN,ATUL,AUROPHARMA,AVANTIFEED,AXISBANK,BAJAJ-AUTO,BAJAJCORP,BAJAJFINSV,BAJFINANCE,BALKRISIND,BANKBARODA,BATAINDIA,BBTC,BEL,BEML,BERGEPAINT,BFUTILITIE,BHARATFORG,BHARTIARTL,BHEL,BIOCON,BONGAIGAON,BOSCHLTD,BPCL,BRFL,BRIGADE,BRITANNIA,BSE,CADILAHC,CANFINHOME,CAPF,CASTROLIND,CCL,CHENNPETRO,CIPLA,CORPBANK,CROMPTON,CUB,CUMMINSIND,CYIENT,DABUR,DALMIABHA,DBL,DELTACORP,DEN,DIVISLAB,DLF,DMART,DRREDDY,DYNAMATECH,ECLERX,EDELWEISS,EMAMILTD,ENDURANCE,EROSMEDIA,ESCORTS,FCONSUMER,FDC,FINCABLES,FLFL,FMGOETZE,FORTIS,FRETAIL,FSL,GAIL,GESHIP,GHCL,GICHSGFIN,GLAXO,GMDCLTD,GNFC,GODREJCP,GODREJPROP,GRANULES,GRINDWELL,GSFC,GUJALKALI,GUJFLUORO,GVKPIL,HAVELLS,HCC,HCLTECH,HDFCBANK,HDIL,HERITGFOOD,HEROMOTOCOP,HEXAWARE,HFCL,HINDALCO,HINDCOPPER,HINDPETRO,HINDUNILVR,HINDZINC,HMVL,HONAUT,IBP,IBREALEST,IBULHSGFIN,IBVENTURES,ICICIBANK,ICICIPRULI,IDBI,IDEA,IDFCBANK,IFBIND,IFCI,INDIACEM,INDIANB,INDIGO,INFIBEAM,INFY,INGERRAND,INGVYSYABANK,INOXWIND,INTELLECT,IOB,IOC,IPAPPM,IPCL,ITC,ITDC,ITI,JAGRAN,JCHAC,JETAIRWAYS,JINDALSAW,JKLAKSHMI,JMFINANCIL,JMTAUTOLTD,JPASSOCIAT,JPINFRATEC,JPPOWER,JSL,JSLHISAR,JSWENERGY,JSWHL,JUBLFOOD,JUSTDIAL,KEC,KITEX,KNRCON,KOTAKBANK,KPIT,KRBL,KRL,KSBPUMPS,KTKBANK,LAKSHVILAS,LALPATHLAB,LAOPALA,LAURUSLABS,LICHSGFIN,LINDEINDIA,LITL,LT,LTI,LTTS,LUPIN,M&M,MAHLIFE,MANAPPURAM,MANPASAND,MARICO,MARKSANS,MARUTI,MAXINDIA,MAYURUNIQ,MCDOWELL-N,MCLEODRUSS,MFSL,MGL,MINDACORP,MINDAIND,MMTC,MOIL,MONSANTO,MOSERBAER,MOTHERSUMI,MOTILALOFS,MRF,MRPL,MTNL,MYSOREBANK,NATIONALUM,NAVNETEDUL,NBCC,NBVENTURES,NETWORK18,NFL,NHPC,NIFTY,NIITTECH,NIRMA,NITINFIRE,NMDC,OFSS,ONGC,ORIENTBANK,ORISSAMINE,PARAGMILK,PEL,PERSISTENT,PETRONET,PFIZER,PFS,PGHH,PIDILITIND,PIIND,PIRAMALENT,PNB,PNBHOUSING,PNCINFRA,POLARIS,PTL,PUNJLLOYD,QUESS,RAIN,RALLIS,RANBAXY,RATNAMANI,RAYMOND,RBLBANK,RECLTD,REL,RELAXO,RELCAPITAL,RELIANCE,RENUKA,REPCOHOME,RIIL,ROLTA,RPOWER,RTNPOWER,RUCHISOYA,RUPA,SADBHAV,SAIL,SANOFI,SATYAMCOMP,SBBJ,SBIN,SBT,SCI,SEQUENT,SHARDACROP,SHILPI,SHOPERSTOP,SHREECEM,SIEMENS,SIMPLEXINF,SINTEX,SITINET,SOUTHBANK,SPARC,SREINFRA,STCINDIA,STERLITE,STRTECH,SUDARSCHEM,SUNDRMFAST,SUNPHARMA,SUNTV,SUPPETRO,SUPRAJIT,SUVEN,SWANENERGY,TATACHEM,TATAELXSI,TATAINVEST,TATAMOTORS,TATAMTRDVR,TATAPOWER,TATASTEEL,TATCOM,TATCONSUM,TCS,TECHM,TEXRAIL,TIDEWATER,TIMETECHNO,TNPL,TORNTPHARM,TRIDENT,TRITURBINE,TTML,TVSMOTOR,UBL,UCOBANK,UFLEX,UJJIVAN,UNIONBANK,UNITEDBNK,VBL,VEDL,VGUARD,VIJAYABANK,VRLLOG,VSTIND,WOCKPHARMA,WONDERLA,ZEETELE,ZENSARTECH,ZYDUSLIFE"
2018-04-02,Nifty100,"ABCAPITAL,GICRE,GRASIM,L&TFH,ADANIENT,DBCORP,DALMIABHA,LALPATHLAB,GPPL,IOB,IPCALAB,JYOTHYLAB,NH,RCOM,SYNDIBANK,VTL,VIJAYABANK,WELSPUNIND,AVANTIFEED,DBL,FCONSUMER,GSKCONS,GLAXO,GLENMARK,GODREJAGRO,HONAUT,ICICIGI,IIFL,IBREALEST,IBVENTURES,STRTECH,TATAPOWER,AHLUCONT,APARINDS,ASTRAZEN,CORPBANK,DHANUKA,ESSELPACK,ICRA,IGARASHI,INGERRAND,LINDEINDIA,MONSANTO,NAVNETEDUL,SCHNEIDER,SHARDACROP,SHILPAMED,SNOWMAN,SOMANYCERA,SUPRAJIT,SUPPETRO,UNITEDBNK,VESUVIUS,VIDEOIND,ZENSARTECH,ASAHIINDIA,CDSL,DCAL,DIXON,ERIS,GRAPHITE,HEG,HSCL,IEX,KNRCON,MASFIN,NESCO,RHFL,SADBHIN,SIS,SHANKARA,SPTL,IRB,DHFL,RAMCOCEM,NIFTY,CRISIL,SBILIFE,ADVENZYMES,HCC,HDIL,KSCL,RNAVAL,COCHINSHIP,DELTACORP,HINDCOPPER,JPASSOCIAT,RAIN,ABB,APLLTD,DMART,BEML,BEL,CADILAHC,CEATLTD,CGPOWER,CONCOR,DCBBANK,DLF,EMAMILTD,ESCORTS,GESHIP,HAVELLS,HINDZINC,ICICIPRULI,INDIACEM,INFIBEAM,INDIGO,KANSAINER,NCC,NHPC,NMDC,OIL,OFSS,PERSISTENT,PIDILITIND,PFC,PGHH,PNB,SANOFI,SIEMENS,SOUTHBANK,SAIL,SUNTV,TATAELXSI,THERMAX,ABFRL,AIAENG,ALKEM,AUBANK,BALKRISIND,BERGEPAINT,BHARATFORG,CASTROLIND,CENTRALBK,CHOLAFIN,COROMANDEL,CROMPTON,EDELWEISS,ENDURANCE,ENGINERSIN,FEDERALBNK,GRUH,HEXAWARE,HUDCO,IDFC,INDIANB,NAUKRI,MGL,MANAPPURAM,MRPL,MFSL,MUTHOOTFIN,NATIONALUM,NBCC,OBEROIRLTY,PCJEWELLER,PIIND,PRESTIGE,SPARC,SYNGENE,TV18BRDCST,VGUARD,ABAN,ASTRAMICRO,BAJAJHIND,BASF,DEEPAKFERT,DENABANK,FDC,FSL,GATI,GEPIL,GICHSGFIN,GREAVESCOT,GUJFLUORO,HFCL,IL&FSTRANS,ICIL,INTELLECT,KITEX,KPIT,MAGMA,MARKSANS,MCLEODRUSS,NIITLTD,ORISSAMINE,PRAJIND,PRISMCEM,PFS,RADICO,SJVN,SUVEN,TNPL,TATACOFFEE,TIMETECHNO,TTKPRESTIG,UFLEX,UNITECH,WELCORP,WOCKPHARMA,ZYDUSWELL,AEGISCHEM,ATUL,BOMDYEING,CANFINHOME,CAPF,CARERATING,CYIENT,EIDPARRY,EQUITAS,GUJALKALI,GNFC,GSFC,ITDC,ITI,JISLJALEQS,JINDALSAW,JKLAKSHMI,KALPATPOWR,KTKBANK,KEC,LAXMIMACH,LAKSHVILAS,MANPASAND,MMTC,NFL,OMAXE,PVR,RCF,RAYMOND,REPCOHOME,RUPA,SHK,SWANENERGY,TIMKEN,UJJIVAN,CANBK,LICHSGFIN,IBULHSGFIN,RELINFRA,PSE,BAJFINANCE,JSWSTEEL,BHARTIARTL,APOLLOHOSP,IGL,PEL,MINDTREE,ONGC,EMERGE,ARTNIRMAN,AJOONI,AISL,BCONCEPTS,FELIX,HECPROJECT,ICEMAKE,INNOVANA,KKVAPOW,MOKSH,ONEPOINT,PULZ,SHRADHA,SILVERTUC,SMVD,TOUCHWOOD,VERTOZ,ZODIAC","GSKCONS,GLAXO,GLENMARK,TATAPOWER,TORNTPHARM","ABAN,ABB,ABCAPITAL,ABFRL,ABIRLANUVO,ACC,ADANIENT,ADANITRANS,ADVENZYMES,AEGISCHEM,AHLUCONT,AIAENG,AISL,AJOONI,ALKEM,ALOKTEXT,AMBUJACEM,AMTEKAUTO,ANANTRAJ,ANDHRABANK,APARINDS,APLLTD,APOLLOHOSP,APOLLOTYRE,ARICENT,ARTNIRMAN,ASAHIINDIA,ASHOKLEY,ASIANPAINT,ASTRAMICRO,ASTRAZEN,ATUL,AUBANK,AUROPHARMA,AVANTIFEED,AXISBANK,BAJAJ-AUTO,BAJAJCORP,BAJAJFINSV,BAJAJHIND,BAJFINANCE,BALKRISIND,BANKBARODA,BASF,BATAINDIA,BBTC,BCONCEPTS,BEL,BEML,BERGEPAINT,BFUTILITIE,BHARATFORG,BHARTIARTL,BHEL,BIOCON,BOMDYEING,BONGAIGAON,BOSCHLTD,BPCL,BRFL,BRIGADE,BRITANNIA,BSE,CADILAHC,CANBK,CANFINHOME,CAPF,CARERATING,CASTROLIND,CCL,CDSL,CEATLTD,CENTRALBK,CGPOWER,CHENNPETRO,CHOLAFIN,CIPLA,COCHINSHIP,CONCOR,COROMANDEL,CORPBANK,CRISIL,CROMPTON,CUB,CUMMINSIND,CYIENT,DABUR,DALMIABHA,DBCORP,DBL,DCAL,DCBBANK,DEEPAKFERT,DELTACORP,DEN,DENABANK,DHANUKA,DHFL,DIVISLAB,DIXON,DLF,DMART,DRREDDY,DYNAMATECH,ECLERX,EDELWEISS,EIDPARRY,EMAMILTD,EMERGE,ENDURANCE,ENGINERSIN,EQUITAS,ERIS,EROSMEDIA,ESCORTS,ESSELPACK,FCONSUMER,FDC,FEDERALBNK,FELIX,FINCABLES,FLFL,FMGOETZE,FORTIS,FRETAIL,FSL,GAIL,GATI,GEPIL,GESHIP,GHCL,GICHSGFIN,GICRE,GLAXO,GLENMARK,GMDCLTD,GNFC,GODREJAGRO,GODREJCP,GODREJPROP,GPPL,GRANULES,GRAPHITE,GRASIM,GREAVESCOT,GRINDWELL,GRUH,GSFC,GSKCONS,GUJALKALI,GUJFLUORO,GVKPIL,HAVELLS,HCC,HCLTECH,HDFCBANK,HDIL,HECPROJECT,HEG,HERITGFOOD,HEROMOTOCOP,HEXAWARE,HFCL,HINDALCO,HINDCOPPER,HINDPETRO,HINDUNILVR,HINDZINC,HMVL,HONAUT,HSCL,HUDCO,IBP,IBREALEST,IBULHSGFIN,IBVENTURES,ICEMAKE,ICICIBANK,ICICIGI,ICICIPRULI,ICIL,ICRA,IDBI,IDEA,IDFC,IDFCBANK,IEX,IFBIND,IFCI,IGARASHI,IGL,IIFL,IL&FSTRANS,INDIACEM,INDIANB,INDIGO,INFIBEAM,INFY,INGERRAND,INGVYSYABANK,INNOVANA,INOXWIND,INTELLECT,IOB,IOC,IPAPPM,IPCALAB,IPCL,IRB,ITC,ITDC,ITI,JAGRAN,JCHAC,JETAIRWAYS,JINDALSAW,JISLJALEQS,JKLAKSHMI,JMFINANCIL,JMTAUTOLTD,JPASSOCIAT,JPINFRATEC,JPPOWER,JSL,JSLHISAR,JSWENERGY,JSWHL,JSWSTEEL,JUBLFOOD,JUSTDIAL,JYOTHYLAB,KALPATPOWR,KANSAINER,KEC,KITEX,KKVAPOW,KNRCON,KOTAKBANK,KPIT,KRBL,KRL,KSBPUMPS,KSCL,KTKBANK,L&TFH,LAKSHVILAS,LALPATHLAB,LAOPALA,LAURUSLABS,LAXMIMACH,LICHSGFIN,LINDEINDIA,LITL,LT,LTI,LTTS,LUPIN,M&M,MAGMA,MAHLIFE,MANAPPURAM,MANPASAND,MARICO,MARKSANS,MARUTI,MASFIN,MAXINDIA,MAYURUNIQ,MCDOWELL-N,MCLEODRUSS,MFSL,MGL,MINDACORP,MINDAIND,MINDTREE,MMTC,MOIL,MOKSH,MONSANTO,MOSERBAER,MOTHERSUMI,MOTILALOFS,MRF,MRPL,MTNL,MUTHOOTFIN,MYSOREBANK,NATIONALUM,NAUKRI,NAVNETEDUL,NBCC,NBVENTURES,NCC,NESCO,NETWORK18,NFL,NH,NHPC,NIFTY,NIITLTD,NIITTECH,NIRMA,NITINFIRE,NMDC,OBEROIRLTY,OFSS,OIL,OMAXE,ONEPOINT,ONGC,ORIENTBANK,ORISSAMINE,PARAGMILK,PCJEWELLER,PEL,PERSISTENT,PETRONET,PFC,PFIZER,PFS,PGHH,PIDILITIND,PIIND,PIRAMALENT,PNB,PNBHOUSING,PNCINFRA,POLARIS,PRAJIND,PRESTIGE,PRISMCEM,PSE,PTL,PULZ,PUNJLLOYD,PVR,QUESS,RADICO,RAIN,RALLIS,RAMCOCEM,RANBAXY,RATNAMANI,RAYMOND,RBLBANK,RCF,RCOM,RECLTD,REL,RELAXO,RELCAPITAL,RELIANCE,RELINFRA,RENUKA,REPCOHOME,RHFL,RIIL,RNAVAL,ROLTA,RPOWER,RTNPOWER,RUCHISOYA,RUPA,SADBHAV,SADBHIN,SAIL,SANOFI,SATYAMCOMP,SBBJ,SBILIFE,SBIN,SBT,SCHNEIDER,SCI,SEQUENT,SHANKARA,SHARDACROP,SHILPAMED,SHILPI,SHK,SHOPERSTOP,SHRADHA,SHREECEM,SIEMENS,SILVERTUC,SIMPLEXINF,SINTEX,SIS,SITINET,SJVN,SMVD,SNOWMAN,SOMANYCERA,SOUTHBANK,SPARC,SPTL,SREINFRA,STCINDIA,STERLITE,STRTECH,SUDARSCHEM,SUNDRMFAST,SUNPHARMA,SUNTV,SUPPETRO,SUPRAJIT,SUVEN,SWANENERGY,SYNDIBANK,SYNGENE,TATACHEM,TATACOFFEE,TATAELXSI,TATAINVEST,TATAMOTORS,TATAMTRDVR,TATAPOWER,TATASTEEL,TATCOM,TATCONSUM,TCS,TECHM,TEXRAIL,THERMAX,TIDEWATER,TIMETECHNO,TIMKEN,TNPL,TOUCHWOOD,TRIDENT,TRITURBINE,TTKPRESTIG,TTML,TV18BRDCST,TVSMOTOR,UBL,UCOBANK,UFLEX,UJJIVAN,UNIONBANK,UNITECH,UNITEDBNK,VBL,VEDL,VERTOZ,VESUVIUS,VGUARD,VIDEOIND,VIJAYABANK,VRLLOG,VSTIND,VTL,WELCORP,WELSPUNIND,WOCKPHARMA,WONDERLA,ZEETELE,ZENSARTECH,ZODIAC,ZYDUSLIFE,ZYDUSWELL"
2018-09-28,Nifty100,"BANDHANBNK,BIOCON,HDFCLIFE,ICICIGI,AKZOINDIA,GUJFLUORO,IDFC,IBREALEST,IRB,KAJARIACER,KARURVYSYA,SCHAEFFLER,SUZLON,TTKPRESTIG,WOCKPHARMA,ASTRAL,CUMMINSIND,EMAMILTD,ESCORTS,GRAPHITE,HEG,HAL,ISEC,PFC,PNB,RNAM,RECLTD,ABAN,ASAHIINDIA,BAJAJHIND,BALLARPUR,BFUTILITIE,BGRENERGY,BHUSANSTL,BRFL,DBREALTY,GATI,HDIL,JBFIND,JINDALPOLY,KESORAMIND,KITEX,KWALITY,MTNL,MARKSANS,RAMCOSYS,RTNPOWER,RELIGARE,SFL,SMLISUZU,UNITECH,ZEELEARN,ELGIEQUIP,EXCELCROP,FDC,GALAXYSURF,GAYAPROJ,GRINDWELL,LEMONTREE,LINDEINDIA,LUXIND,MAHLOG,MONSANTO,PHILIPCARB,STAR,TEAMLEASE,VENKEYS,VMART,ZENSARTECH,ADANIPOWER,ENGINERSIN,PCJEWELLER,JUBLFOOD,AIAENG,AVANTIFEED,LTI,CARERATING,IFCI,KTKBANK,REPCOHOME,SCI,SPTL,SREINFRA,BAJAJELEC,KPIT,NIITTECH,RADICO,ADVENZYMES,BALRAMCHIN,GRANULES,HCC,INOXWIND,LAKSHVILAS,NFL,PTC,RNAVAL,WABAG,FSL,IPCALAB,SHANKARA,SUNDARMFIN,NIFTY,GICRE,BALAJITELE,ENIL,UFO,ALBK,ANDHRABANK,CENTRALBK,PIIND,3MINDIA,BATAINDIA,CRISIL,GLAXO,HEXAWARE,HONAUT,KANSAINER,MPHASIS,PFIZER,PGHH,SANOFI,SKFINDIA,STRTECH,PSE,NBCC,AXISBANK,BANKBARODA,BAJFINANCE,AJANTPHARM,EXIDEIND,UNIONBANK,DHFL,MINDTREE,AUROPHARMA,EMERGE,ARVEE,CKPPRODUCT,GICL,HECPROJECT,PANACHE,SKML,ACCURACY,AMBANIORG,BRIGHT,DSML,FIVECORE,GANGAFORGE,JAKHARIA,LATTEYS,PRITI,REPL,SVLL,OSWALSEEDS,SIRCA,SONAMCLOCK,SUULD","CUMMINSIND,EMAMILTD,PFC,PNB,RECLTD","3MINDIA,ABAN,ABB,ABCAPITAL,ABFRL,ABIRLANUVO,ACC,ACCURACY,ADANIENT,ADANIPOWER,ADANITRANS,ADVENZYMES,AEGISCHEM,AHLUCONT,AIAENG,AISL,AJANTPHARM,AJOONI,AKZOINDIA,ALBK,ALKEM,ALOKTEXT,AMBANIORG,AMBUJACEM,AMTEKAUTO,ANANTRAJ,ANDHRABANK,APARINDS,APLLTD,APOLLOHOSP,APOLLOTYRE,ARICENT,ARTNIRMAN,ARVEE,ASAHIINDIA,ASHOKLEY,ASIANPAINT,ASTRAL,ASTRAMICRO,ASTRAZEN,ATUL,AUBANK,AUROPHARMA,AVANTIFEED,AXISBANK,BAJAJ-AUTO,BAJAJCORP,BAJAJELEC,BAJAJFINSV,BAJAJHIND,BAJFINANCE,BALAJITELE,BALKRISIND,BALLARPUR,BALRAMCHIN,BANDHANBNK,BANKBARODA,BASF,BATAINDIA,BBTC,BCONCEPTS,BEL,BEML,BERGEPAINT,BFUTILITIE,BGRENERGY,BHARATFORG,BHARTIARTL,BHEL,BHUSANSTL,BIOCON,BOMDYEING,BONGAIGAON,BOSCHLTD,BPCL,BRFL,BRIGADE,BRIGHT,BRITANNIA,BSE,CADILAHC,CANBK,CANFINHOME,CAPF,CARERATING,CASTROLIND,CCL,CDSL,CEATLTD,CENTRALBK,CGPOWER,CHENNPETRO,CHOLAFIN,CIPLA,CKPPRODUCT,COCHINSHIP,CONCOR,COROMANDEL,CORPBANK,CRISIL,CROMPTON,CUB,CUMMINSIND,CYIENT,DABUR,DALMIABHA,DBCORP,DBL,DBREALTY,DCAL,DCBBANK,DEEPAKFERT,DELTACORP,DEN,DENABANK,DHANUKA,DHFL,DIVISLAB,DIXON,DLF,DMART,DRREDDY,DSML,DYNAMATECH,ECLERX,EDELWEISS,EIDPARRY,ELGIEQUIP,EMAMILTD,EMERGE,ENDURANCE,ENGINERSIN,ENIL,EQUITAS,ERIS,EROSMEDIA,ESCORTS,ESSELPACK,EXCELCROP,EXIDEIND,FCONSUMER,FDC,FEDERALBNK,FELIX,FINCABLES,FIVECORE,FLFL,FMGOETZE,FORTIS,FRETAIL,FSL,GAIL,GALAXYSURF,GANGAFORGE,GATI,GAYAPROJ,GEPIL,GESHIP,GHCL,GICHSGFIN,GICL,GICRE,GLAXO,GLENMARK,GMDCLTD,GNFC,GODREJAGRO,GODREJCP,GODREJPROP,GPPL,GRANULES,GRAPHITE,GRASIM,GREAVESCOT,GRINDWELL,GRUH,GSFC,GSKCONS,GUJALKALI,GUJFLUORO,GVKPIL,HAL,HAVELLS,HCC,HCLTECH,HDFCBANK,HDFCLIFE,HDIL,HECPROJECT,HEG,HERITGFOOD,HEROMOTOCOP,HEXAWARE,HFCL,HINDALCO,HINDCOPPER,HINDPETRO,HINDUNILVR,HINDZINC,HMVL,HONAUT,HSCL,HUDCO,IBP,IBREALEST,IBULHSGFIN,IBVENTURES,ICEMAKE,ICICIBANK,ICICIGI,ICICIPRULI,ICIL,ICRA,IDBI,IDEA,IDFC,IDFCBANK,IEX,IFBIND,IFCI,IGARASHI,IGL,IIFL,IL&FSTRANS,INDIACEM,INDIANB,INDIGO,INFIBEAM,INFY,INGERRAND,INGVYSYABANK,INNOVANA,INOXWIND,INTELLECT,IOB,IOC,IPAPPM,IPCALAB,IPCL,IRB,ISEC,ITC,ITDC,ITI,JAGRAN,JAKHARIA,JBFIND,JCHAC,JETAIRWAYS,JINDALPOLY,JINDALSAW,JISLJALEQS,JKLAKSHMI,JMFINANCIL,JMTAUTOLTD,JPASSOCIAT,JPINFRATEC,JPPOWER,JSL,JSLHISAR,JSWENERGY,JSWHL,JSWSTEEL,JUBLFOOD,JUSTDIAL,JYOTHYLAB,KAJARIACER,KALPATPOWR,KANSAINER,KARURVYSYA,KEC,KESORAMIND,KITEX,KKVAPOW,KNRCON,KOTAKBANK,KPIT,KRBL,KRL,KSBPUMPS,KSCL,KTKBANK,KWALITY,L&TFH,LAKSHVILAS,LALPATHLAB,LAOPALA,LATTEYS,LAURUSLABS,LAXMIMACH,LEMONTREE,LICHSGFIN,LINDEINDIA,LITL,LT,LTI,LTTS,LUPIN,LUXIND,M&M,MAGMA,MAHLIFE,MAHLOG,MANAPPURAM,MANPASAND,MARICO,MARKSANS,MARUTI,MASFIN,MAXINDIA,MAYURUNIQ,MCDOWELL-N,MCLEODRUSS,MFSL,MGL,MINDACORP,MINDAIND,MINDTREE,MMTC,MOIL,MOKSH,MONSANTO,MOSERBAER,MOTHERSUMI,MOTILALOFS,MPHASIS,MRF,MRPL,MTNL,MUTHOOTFIN,MYSOREBANK,NATIONALUM,NAUKRI,NAVNETEDUL,NBCC,NBVENTURES,NCC,NESCO,NETWORK18,NFL,NH,NHPC,NIFTY,NIITLTD,NIITTECH,NIRMA,NITINFIRE,NMDC,OBEROIRLTY,OFSS,OIL,OMAXE,ONEPOINT,ONGC,ORIENTBANK,ORISSAMINE,OSWALSEEDS,PANACHE,PARAGMILK,PCJEWELLER,PEL,PERSISTENT,PETRONET,PFC,PFIZER,PFS,PGHH,PHILIPCARB,PIDILITIND,PIIND,PIRAMALENT,PNB,PNBHOUSING,PNCINFRA,POLARIS,PRAJIND,PRESTIGE,PRISMCEM,PRITI,PSE,PTC,PTL,PULZ,PUNJLLOYD,PVR,QUESS,RADICO,RAIN,RALLIS,RAMCOCEM,RAMCOSYS,RANBAXY,RATNAMANI,RAYMOND,RBLBANK,RCF,RCOM,RECLTD,REL,RELAXO,RELCAPITAL,RELIANCE,RELIGARE,RELINFRA,RENUKA,REPCOHOME,REPL,RHFL,RIIL,RNAM,RNAVAL,ROLTA,RPOWER,RTNPOWER,RUCHISOYA,RUPA,SADBHAV,SADBHIN,SAIL,SANOFI,SATYAMCOMP,SBBJ,SBILIFE,SBIN,SBT,SCHAEFFLER,SCHNEIDER,SCI,SEQUENT,SFL,SHANKARA,SHARDACROP,SHILPAMED,SHILPI,SHK,SHOPERSTOP,SHRADHA,SHREECEM,SIEMENS,SILVERTUC,SIMPLEXINF,SINTEX,SIRCA,SIS,SITINET,SJVN,SKFINDIA,SKML,SMLISUZU,SMVD,SNOWMAN,SOMANYCERA,SONAMCLOCK,SOUTHBANK,SPARC,SPTL,SREINFRA,STAR,STCINDIA,STERLITE,STRTECH,SUDARSCHEM,SUNDARMFIN,SUNDRMFAST,SUNPHARMA,SUNTV,SUPPETRO,SUPRAJIT,SUULD,SUVEN,SUZLON,SVLL,SWANENERGY,SYNDIBANK,SYNGENE,TATACHEM,TATACOFFEE,TATAELXSI,TATAINVEST,TATAMOTORS,TATAMTRDVR,TATAPOWER,TATASTEEL,TATCOM,TATCONSUM,TCS,TEAMLEASE,TECHM,TEXRAIL,THERMAX,TIDEWATER,TIMETECHNO,TIMKEN,TNPL,TOUCHWOOD,TRIDENT,TRITURBINE,TTKPRESTIG,TTML,TV18BRDCST,TVSMOTOR,UBL,UCOBANK,UFLEX,UFO,UJJIVAN,UNIONBANK,UNITECH,UNITEDBNK,VBL,VEDL,VENKEYS,VERTOZ,VESUVIUS,VGUARD,VIDEOIND,VIJAYABANK,VMART,VRLLOG,VSTIND,VTL,WABAG,WELCORP,WELSPUNIND,WOCKPHARMA,WONDERLA,ZEELEARN,ZEETELE,ZENSARTECH,ZODIAC,ZYDUSLIFE,ZYDUSWELL"
2019-03-29,Nifty100,"BAJAJHLDNG,DIVISLAB,HDFCAMC,PAGEIND,AARTIIND,AVANTIFEED,GET&D,PCJEWELLER,TV18BRDCST,UBL,VAKRANGEE,ABCAPITAL,ATUL,BEL,ERIS,GUJFLUORO,IPCALAB,LICHSGFIN,OIL,RELAXO,8KMILES,DEN,DREDGECORP,EROSMEDIA,EVEREADY,GREENPLY,GVKPIL,HCL-INSYS,HCC,IL&FSTRANS,ICIL,JKIL,JCHAC,MANPASAND,MCLEODRUSS,NAVKARCORP,PFS,RNAVAL,SADBHIN,TATASPONGE,TEXRAIL,TVSSRICHAK,UNICHEMLAB,AAVAS,ASTRAZEN,MAHABANK,CESC,COX&KINGS,DEEPAKNTR,ESSELPACK,FINEORG,ICRA,IBULISL,INDOSTAR,IRCON,JAMNAAUTO,JKPAPER,KEI,KIRLOSENG,MAHSCOOTER,MAHSEAMLES,ORIENTELEC,SHARDACROP,SUPRAJIT,TCNSBRANDS,TRITURBINE,DISHTV,RPOWER,ADANIPOWER,CENTRALBK,GSKCONS,LTTS,PFIZER,BEML,BOMDYEING,BSE,CGPOWER,INDIACEM,JPASSOCIAT,JETAIRWAYS,SOUTHBANK,SUZLON,UJJIVAN,ITI,KAJARIACER,KARURVYSYA,LINDEINDIA,MERCK,PERSISTENT,HIMATSEIDE,J&KBANK,JINDALSAW,JKTYRE,REPCOHOME,RUPA,SHK,SHANKARA,SPTL,SREINFRA,VRLLOG,CREDITACC,DCMSHRIRAM,LALPATHLAB,MINDAIND,SONATSOFTW,SUNTECK,SUNTV,NIFTY,MFSL,UFO,IDEA,PEL,VOLTAS,LUPIN,AXISBANK,CANBK,RELINFRA,APOLLOHOSP,GLENMARK,DHFL,GAIL,HCLTECH,INDIANB,INDIGO,PTC,BHEL,GRAPHITE,HEG,OFSS,PETRONET,RELCAPITAL,HINDPETRO,EMERGE,AMBANIORG,CKPLEISURE,GOLDSTAR,HUSYSLTD,KKVAPOW,LATTEYS,MILTON,PROLIFE,SRPL,SOLEX,WEALTH,DRSDILIP,PANACHE,SHUBHLAXMI","ABCAPITAL,BEL,LICHSGFIN,OIL,SUNTV","3MINDIA,8KMILES,AARTIIND,AAVAS,ABAN,ABB,ABCAPITAL,ABFRL,ABIRLANUVO,ACC,ACCURACY,ADANIENT,ADANIPOWER,ADANITRANS,ADVENZYMES,AEGISCHEM,AHLUCONT,AIAENG,AISL,AJANTPHARM,AJOONI,AKZOINDIA,ALBK,ALKEM,ALOKTEXT,AMBANIORG,AMBUJACEM,AMTEKAUTO,ANANTRAJ,ANDHRABANK,APARINDS,APLLTD,APOLLOHOSP,APOLLOTYRE,ARICENT,ARTNIRMAN,ARVEE,ASAHIINDIA,ASHOKLEY,ASIANPAINT,ASTRAL,ASTRAMICRO,ASTRAZEN,ATUL,AUBANK,AUROPHARMA,AVANTIFEED,AXISBANK,BAJAJ-AUTO,BAJAJCORP,BAJAJELEC,BAJAJFINSV,BAJAJHIND,BAJAJHLDNG,BAJFINANCE,BALAJITELE,BALKRISIND,BALLARPUR,BALRAMCHIN,BANDHANBNK,BANKBARODA,BASF,BATAINDIA,BBTC,BCONCEPTS,BEL,BEML,BERGEPAINT,BFUTILITIE,BGRENERGY,BHARATFORG,BHARTIARTL,BHEL,BHUSANSTL,BIOCON,BOMDYEING,BONGAIGAON,BOSCHLTD,BPCL,BRFL,BRIGADE,BRIGHT,BRITANNIA,BSE,CADILAHC,CANBK,CANFINHOME,CAPF,CARERATING,CASTROLIND,CCL,CDSL,CEATLTD,CENTRALBK,CESC,CGPOWER,CHENNPETRO,CHOLAFIN,CIPLA,CKPLEISURE,CKPPRODUCT,COCHINSHIP,CONCOR,COROMANDEL,CORPBANK,COX&KINGS,CREDITACC,CRISIL,CROMPTON,CUB,CUMMINSIND,CYIENT,DABUR,DALMIABHA,DBCORP,DBL,DBREALTY,DCAL,DCBBANK,DCMSHRIRAM,DEEPAKFERT,DEEPAKNTR,DELTACORP,DEN,DENABANK,DHANUKA,DHFL,DISHTV,DIVISLAB,DIXON,DLF,DMART,DREDGECORP,DRREDDY,DRSDILIP,DSML,DYNAMATECH,ECLERX,EDELWEISS,EIDPARRY,ELGIEQUIP,EMAMILTD,EMERGE,ENDURANCE,ENGINERSIN,ENIL,EQUITAS,ERIS,EROSMEDIA,ESCORTS,ESSELPACK,EVEREADY,EXCELCROP,EXIDEIND,FCONSUMER,FDC,FEDERALBNK,FELIX,FINCABLES,FINEORG,FIVECORE,FLFL,FMGOETZE,FORTIS,FRETAIL,FSL,GAIL,GALAXYSURF,GANGAFORGE,GATI,GAYAPROJ,GEPIL,GESHIP,GET&D,GHCL,GICHSGFIN,GICL,GICRE,GLAXO,GLENMARK,GMDCLTD,GNFC,GODREJAGRO,GODREJCP,GODREJPROP,GOLDSTAR,GPPL,GRANULES,GRAPHITE,GRASIM,GREAVESCOT,GREENPLY,GRINDWELL,GRUH,GSFC,GSKCONS,GUJALKALI,GUJFLUORO,GVKPIL,HAL,HAVELLS,HCC,HCL-INSYS,HCLTECH,HDFCAMC,HDFCBANK,HDFCLIFE,HDIL,HECPROJECT,HEG,HERITGFOOD,HEROMOTOCOP,HEXAWARE,HFCL,HIMATSEIDE,HINDALCO,HINDCOPPER,HINDPETRO,HINDUNILVR,HINDZINC,HMVL,HONAUT,HSCL,HUDCO,HUSYSLTD,IBP,IBREALEST,IBULHSGFIN,IBULISL,IBVENTURES,ICEMAKE,ICICIBANK,ICICIGI,ICICIPRULI,ICIL,ICRA,IDBI,IDEA,IDFC,IDFCBANK,IEX,IFBIND,IFCI,IGARASHI,IGL,IIFL,IL&FSTRANS,INDIACEM,INDIANB,INDIGO,INDOSTAR,INFIBEAM,INFY,INGERRAND,INGVYSYABANK,INNOVANA,INOXWIND,INTELLECT,IOB,IOC,IPAPPM,IPCALAB,IPCL,IRB,IRCON,ISEC,ITC,ITDC,ITI,J&KBANK,JAGRAN,JAKHARIA,JAMNAAUTO,JBFIND,JCHAC,JETAIRWAYS,JINDALPOLY,JINDALSAW,JISLJALEQS,JKIL,JKLAKSHMI,JKPAPER,JKTYRE,JMFINANCIL,JMTAUTOLTD,JPASSOCIAT,JPINFRATEC,JPPOWER,JSL,JSLHISAR,JSWENERGY,JSWHL,JSWSTEEL,JUBLFOOD,JUSTDIAL,JYOTHYLAB,KAJARIACER,KALPATPOWR,KANSAINER,KARURVYSYA,KEC,KEI,KESORAMIND,KIRLOSENG,KITEX,KKVAPOW,KNRCON,KOTAKBANK,KPIT,KRBL,KRL,KSBPUMPS,KSCL,KTKBANK,KWALITY,L&TFH,LAKSHVILAS,LALPATHLAB,LAOPALA,LATTEYS,LAURUSLABS,LAXMIMACH,LEMONTREE,LICHSGFIN,LINDEINDIA,LITL,LT,LTI,LTTS,LUPIN,LUXIND,M&M,MAGMA,MAHABANK,MAHLIFE,MAHLOG,MAHSCOOTER,MAHSEAMLES,MANAPPURAM,MANPASAND,MARICO,MARKSANS,MARUTI,MASFIN,MAXINDIA,MAYURUNIQ,MCDOWELL-N,MCLEODRUSS,MERCK,MFSL,MGL,MILTON,MINDACORP,MINDAIND,MINDTREE,MMTC,MOIL,MOKSH,MONSANTO,MOSERBAER,MOTHERSUMI,MOTILALOFS,MPHASIS,MRF,MRPL,MTNL,MUTHOOTFIN,MYSOREBANK,NATIONALUM,NAUKRI,NAVKARCORP,NAVNETEDUL,NBCC,NBVENTURES,NCC,NESCO,NETWORK18,NFL,NH,NHPC,NIFTY,NIITLTD,NIITTECH,NIRMA,NITINFIRE,NMDC,OBEROIRLTY,OFSS,OIL,OMAXE,ONEPOINT,ONGC,ORIENTBANK,ORIENTELEC,ORISSAMINE,OSWALSEEDS,PAGEIND,PANACHE,PARAGMILK,PCJEWELLER,PEL,PERSISTENT,PETRONET,PFC,PFIZER,PFS,PGHH,PHILIPCARB,PIDILITIND,PIIND,PIRAMALENT,PNB,PNBHOUSING,PNCINFRA,POLARIS,PRAJIND,PRESTIGE,PRISMCEM,PRITI,PROLIFE,PSE,PTC,PTL,PULZ,PUNJLLOYD,PVR,QUESS,RADICO,RAIN,RALLIS,RAMCOCEM,RAMCOSYS,RANBAXY,RATNAMANI,RAYMOND,RBLBANK,RCF,RCOM,RECLTD,REL,RELAXO,RELCAPITAL,RELIANCE,RELIGARE,RELINFRA,RENUKA,REPCOHOME,REPL,RHFL,RIIL,RNAM,RNAVAL,ROLTA,RPOWER,RTNPOWER,RUCHISOYA,RUPA,SADBHAV,SADBHIN,SAIL,SANOFI,SATYAMCOMP,SBBJ,SBILIFE,SBIN,SBT,SCHAEFFLER,SCHNEIDER,SCI,SEQUENT,SFL,SHANKARA,SHARDACROP,SHILPAMED,SHILPI,SHK,SHOPERSTOP,SHRADHA,SHREECEM,SHUBHLAXMI,SIEMENS,SILVERTUC,SIMPLEXINF,SINTEX,SIRCA,SIS,SITINET,SJVN,SKFINDIA,SKML,SMLISUZU,SMVD,SNOWMAN,SOLEX,SOMANYCERA,SONAMCLOCK,SONATSOFTW,SOUTHBANK,SPARC,SPTL,SREINFRA,SRPL,STAR,STCINDIA,STERLITE,STRTECH,SUDARSCHEM,SUNDARMFIN,SUNDRMFAST,SUNPHARMA,SUNTECK,SUNTV,SUPPETRO,SUPRAJIT,SUULD,SUVEN,SUZLON,SVLL,SWANENERGY,SYNDIBANK,SYNGENE,TATACHEM,TATACOFFEE,TATAELXSI,TATAINVEST,TATAMOTORS,TATAMTRDVR,TATAPOWER,TATASPONGE,TATASTEEL,TATCOM,TATCONSUM,TCNSBRANDS,TCS,TEAMLEASE,TECHM,TEXRAIL,THERMAX,TIDEWATER,TIMETECHNO,TIMKEN,TNPL,TOUCHWOOD,TRIDENT,TRITURBINE,TTKPRESTIG,TTML,TV18BRDCST,TVSMOTOR,TVSSRICHAK,UBL,UCOBANK,UFLEX,UFO,UJJIVAN,UNICHEMLAB,UNIONBANK,UNITECH,UNITEDBNK,VAKRANGEE,VBL,VEDL,VENKEYS,VERTOZ,VESUVIUS,VGUARD,VIDEOIND,VIJAYABANK,VMART,VOLTAS,VRLLOG,VSTIND,VTL,WABAG,WEALTH,WELCORP,WELSPUNIND,WOCKPHARMA,WONDERLA,ZEELEARN,ZEETELE,ZENSARTECH,ZODIAC,ZYDUSLIFE,ZYDUSWELL"
2019-09-27,Nifty100,"BERGEPAINT,NESTLEIND,PFC,DHFL,DBL,DISHTV,FINCABLES,GSKCONS,GRUH,JMFINANCIL,KIOCL,PNB,RELCAPITAL,RELINFRA,RPOWER,AAVAS,ABBOTINDIA,ADANIGAS,ALBK,BAYERCROP,BHEL,CESC,CORPBANK,FORTIS,IOB,MRF,ORIENTBANK,SAIL,UCOBANK,DEEPAKFERT,GDL,INDOCO,INOXWIND,JPASSOCIAT,RKFORGE,RCOM,RHFL,RUPA,SHANKARA,SHARDACROP,SCI,SPTL,SREINFRA,TNPL,TATACOFFEE,TRITURBINE,VINATIORGA,AMBER,ARVINDFASN,BSOFT,CGCL,DEN,FMGOETZE,GARFIBRES,KPITTECH,METROPOLIS,MCX,ORIENTREF,POLYCAB,RVNL,RATNAMANI,SPARC,TCIEXP,IDBI,ESCORTS,MGL,CUB,DALBHARAT,EMAMILTD,GODREJPROP,IPCALAB,RNAM,CHENNPETRO,INFIBEAM,JISLJALEQS,RAIN,RCF,DCMSHRIRAM,SOBHA,SUNTECK,BOMDYEING,CGPOWER,GMDCLTD,ITDC,JETAIRWAYS,PHILIPCARB,SOUTHBANK,SWANENERGY,ASTERDM,BLUESTARCO,CHALET,JKCEMENT,KEI,ABB,NIFTY,IBVENTURES,FMCG,IT,OFSS,HEXAWARE,JSLHISAR,EROSMEDIA,NAVNETEDUL,BALAJITELE,RADIOCITY,DCBBANK,MNC,BANKBARODA,TATAPOWER,HDFCLIFE,AUROPHARMA,BHARTIARTL,INDUSINDBK,EXIDEIND,BRITANNIA,DIVISLAB,YESBANK,CIPLA,HDFC,EMERGE,AAKASH,ACEINTEG,GANGAFORGE,GRETEX,PANSARI,RAJMET,SRIRAM,SIIL,VERA,ABINFRA,GICL","ABB,BHEL,MRF","3MINDIA,8KMILES,AAKASH,AARTIIND,AAVAS,ABAN,ABB,ABBOTINDIA,ABCAPITAL,ABFRL,ABINFRA,ABIRLANUVO,ACC,ACCURACY,ACEINTEG,ADANIENT,ADANIGAS,ADANIPOWER,ADANITRANS,ADVENZYMES,AEGISCHEM,AHLUCONT,AIAENG,AISL,AJANTPHARM,AJOONI,AKZOINDIA,ALBK,ALKEM,ALOKTEXT,AMBANIORG,AMBER,AMBUJACEM,AMTEKAUTO,ANANTRAJ,ANDHRABANK,APARINDS,APLLTD,APOLLOHOSP,APOLLOTYRE,ARICENT,ARTNIRMAN,ARVEE,ARVINDFASN,ASAHIINDIA,ASHOKLEY,ASIANPAINT,ASTERDM,ASTRAL,ASTRAMICRO,ASTRAZEN,ATUL,AUBANK,AUROPHARMA,AVANTIFEED,AXISBANK,BAJAJ-AUTO,BAJAJCORP,BAJAJELEC,BAJAJFINSV,BAJAJHIND,BAJAJHLDNG,BAJFINANCE,BALAJITELE,BALKRISIND,BALLARPUR,BALRAMCHIN,BANDHANBNK,BANKBARODA,BASF,BATAINDIA,BAYERCROP,BBTC,BCONCEPTS,BEL,BEML,BERGEPAINT,BFUTILITIE,BGRENERGY,BHARATFORG,BHARTIARTL,BHEL,BHUSANSTL,BIOCON,BLUESTARCO,BOMDYEING,BONGAIGAON,BOSCHLTD,BPCL,BRFL,BRIGADE,BRIGHT,BRITANNIA,BSE,BSOFT,CADILAHC,CANBK,CANFINHOME,CAPF,CARERATING,CASTROLIND,CCL,CDSL,CEATLTD,CENTRALBK,CESC,CGCL,CGPOWER,CHALET,CHENNPETRO,CHOLAFIN,CIPLA,CKPLEISURE,CKPPRODUCT,COCHINSHIP,CONCOR,COROMANDEL,CORPBANK,COX&KINGS,CREDITACC,CRISIL,CROMPTON,CUB,CUMMINSIND,CYIENT,DABUR,DALBHARAT,DALMIABHA,DBCORP,DBL,DBREALTY,DCAL,DCBBANK,DCMSHRIRAM,DEEPAKFERT,DEEPAKNTR,DELTACORP,DEN,DENABANK,DHANUKA,DHFL,DISHTV,DIVISLAB,DIXON,DLF,DMART,DREDGECORP,DRREDDY,DRSDILIP,DSML,DYNAMATECH,ECLERX,EDELWEISS,EIDPARRY,ELGIEQUIP,EMAMILTD,EMERGE,ENDURANCE,ENGINERSIN,ENIL,EQUITAS,ERIS,EROSMEDIA,ESCORTS,ESSELPACK,EVEREADY,EXCELCROP,EXIDEIND,FCONSUMER,FDC,FEDERALBNK,FELIX,FINCABLES,FINEORG,FIVECORE,FLFL,FMCG,FMGOETZE,FORTIS,FRETAIL,FSL,GAIL,GALAXYSURF,GANGAFORGE,GARFIBRES,GATI,GAYAPROJ,GDL,GEPIL,GESHIP,GET&D,GHCL,GICHSGFIN,GICL,GICRE,GLAXO,GLENMARK,GMDCLTD,GNFC,GODREJAGRO,GODREJCP,GODREJPROP,GOLDSTAR,GPPL,GRANULES,GRAPHITE,GRASIM,GREAVESCOT,GREENPLY,GRETEX,GRINDWELL,GRUH,GSFC,GSKCONS,GUJALKALI,GUJFLUORO,GVKPIL,HAL,HAVELLS,HCC,HCL-INSYS,HCLTECH,HDFC,HDFCAMC,HDFCBANK,HDFCLIFE,HDIL,HECPROJECT,HEG,HERITGFOOD,HEROMOTOCOP,HEXAWARE,HFCL,HIMATSEIDE,HINDALCO,HINDCOPPER,HINDPETRO,HINDUNILVR,HINDZINC,HMVL,HONAUT,HSCL,HUDCO,HUSYSLTD,IBP,IBREALEST,IBULHSGFIN,IBULISL,IBVENTURES,ICEMAKE,ICICIBANK,ICICIGI,ICICIPRULI,ICIL,ICRA,IDBI,IDEA,IDFC,IDFCBANK,IEX,IFBIND,IFCI,IGARASHI,IGL,IIFL,IL&FSTRANS,INDIACEM,INDIANB,INDIGO,INDOCO,INDOSTAR,INDUSINDBK,INFIBEAM,INFY,INGERRAND,INGVYSYABANK,INNOVANA,INOXWIND,INTELLECT,IOB,IOC,IPAPPM,IPCALAB,IPCL,IRB,IRCON,ISEC,IT,ITC,ITDC,ITI,J&KBANK,JAGRAN,JAKHARIA,JAMNAAUTO,JBFIND,JCHAC,JETAIRWAYS,JINDALPOLY,JINDALSAW,JISLJALEQS,JKCEMENT,JKIL,JKLAKSHMI,JKPAPER,JKTYRE,JMFINANCIL,JMTAUTOLTD,JPASSOCIAT,JPINFRATEC,JPPOWER,JSL,JSLHISAR,JSWENERGY,JSWHL,JSWSTEEL,JUBLFOOD,JUSTDIAL,JYOTHYLAB,KAJARIACER,KALPATPOWR,KANSAINER,KARURVYSYA,KEC,KEI,KESORAMIND,KIOCL,KIRLOSENG,KITEX,KKVAPOW,KNRCON,KOTAKBANK,KPIT,KPITTECH,KRBL,KRL,KSBPUMPS,KSCL,KTKBANK,KWALITY,L&TFH,LAKSHVILAS,LALPATHLAB,LAOPALA,LATTEYS,LAURUSLABS,LAXMIMACH,LEMONTREE,LICHSGFIN,LINDEINDIA,LITL,LT,LTI,LTTS,LUPIN,LUXIND,M&M,MAGMA,MAHABANK,MAHLIFE,MAHLOG,MAHSCOOTER,MAHSEAMLES,MANAPPURAM,MANPASAND,MARICO,MARKSANS,MARUTI,MASFIN,MAXINDIA,MAYURUNIQ,MCDOWELL-N,MCLEODRUSS,MCX,MERCK,METROPOLIS,MFSL,MGL,MILTON,MINDACORP,MINDAIND,MINDTREE,MMTC,MNC,MOIL,MOKSH,MONSANTO,MOSERBAER,MOTHERSUMI,MOTILALOFS,MPHASIS,MRF,MRPL,MTNL,MUTHOOTFIN,MYSOREBANK,NATIONALUM,NAUKRI,NAVKARCORP,NAVNETEDUL,NBCC,NBVENTURES,NCC,NESCO,NESTLEIND,NETWORK18,NFL,NH,NHPC,NIFTY,NIITLTD,NIITTECH,NIRMA,NITINFIRE,NMDC,OBEROIRLTY,OFSS,OIL,OMAXE,ONEPOINT,ONGC,ORIENTBANK,ORIENTELEC,ORIENTREF,ORISSAMINE,OSWALSEEDS,PAGEIND,PANACHE,PANSARI,PARAGMILK,PCJEWELLER,PEL,PERSISTENT,PETRONET,PFC,PFIZER,PFS,PGHH,PHILIPCARB,PIDILITIND,PIIND,PIRAMALENT,PNB,PNBHOUSING,PNCINFRA,POLARIS,POLYCAB,PRAJIND,PRESTIGE,PRISMCEM,PRITI,PROLIFE,PSE,PTC,PTL,PULZ,PUNJLLOYD,PVR,QUESS,RADICO,RADIOCITY,RAIN,RAJMET,RALLIS,RAMCOCEM,RAMCOSYS,RANBAXY,RATNAMANI,RAYMOND,RBLBANK,RCF,RCOM,RECLTD,REL,RELAXO,RELCAPITAL,RELIANCE,RELIGARE,RELINFRA,RENUKA,REPCOHOME,REPL,RHFL,RIIL,RKFORGE,RNAM,RNAVAL,ROLTA,RPOWER,RTNPOWER,RUCHISOYA,RUPA,RVNL,SADBHAV,SADBHIN,SAIL,SANOFI,SATYAMCOMP,SBBJ,SBILIFE,SBIN,SBT,SCHAEFFLER,SCHNEIDER,SCI,SEQUENT,SFL,SHANKARA,SHARDACROP,SHILPAMED,SHILPI,SHK,SHOPERSTOP,SHRADHA,SHREECEM,SHUBHLAXMI,SIEMENS,SIIL,SILVERTUC,SIMPLEXINF,SINTEX,SIRCA,SIS,SITINET,SJVN,SKFINDIA,SKML,SMLISUZU,SMVD,SNOWMAN,SOBHA,SOLEX,SOMANYCERA,SONAMCLOCK,SONATSOFTW,SOUTHBANK,SPARC,SPTL,SREINFRA,SRIRAM,SRPL,STAR,STCINDIA,STERLITE,STRTECH,SUDARSCHEM,SUNDARMFIN,SUNDRMFAST,SUNPHARMA,SUNTECK,SUNTV,SUPPETRO,SUPRAJIT,SUULD,SUVEN,SUZLON,SVLL,SWANENERGY,SYNDIBANK,SYNGENE,TATACHEM,TATACOFFEE,TATAELXSI,TATAINVEST,TATAMOTORS,TATAMTRDVR,TATAPOWER,TATASPONGE,TATASTEEL,TATCOM,TATCONSUM,TCIEXP,TCNSBRANDS,TCS,TEAMLEASE,TECHM,TEXRAIL,THERMAX,TIDEWATER,TIMETECHNO,TIMKEN,TNPL,TOUCHWOOD,TRIDENT,TRITURBINE,TTKPRESTIG,TTML,TV18BRDCST,TVSMOTOR,TVSSRICHAK,UBL,UCOBANK,UFLEX,UFO,UJJIVAN,UNICHEMLAB,UNIONBANK,UNITECH,UNITEDBNK,VAKRANGEE,VBL,VEDL,VENKEYS,VERA,VERTOZ,VESUVIUS,VGUARD,VIDEOIND,VIJAYABANK,VINATIORGA,VMART,VOLTAS,VRLLOG,VSTIND,VTL,WABAG,WEALTH,WELCORP,WELSPUNIND,WOCKPHARMA,WONDERLA,YESBANK,ZEELEARN,ZEETELE,ZENSARTECH,ZODIAC,ZYDUSLIFE,ZYDUSWELL"
2020-03-19,Nifty100,"ADANITRANS,ADANIGREEN,NIFTY,YESBANK",YESBANK,"3MINDIA,8KMILES,AAKASH,AARTIIND,AAVAS,ABAN,ABB,ABBOTINDIA,ABCAPITAL,ABFRL,ABINFRA,ABIRLANUVO,ACC,ACCURACY,ACEINTEG,ADANIENT,ADANIGAS,ADANIGREEN,ADANIPOWER,ADANITRANS,ADVENZYMES,AEGISCHEM,AHLUCONT,AIAENG,AISL,AJANTPHARM,AJOONI,AKZOINDIA,ALBK,ALKEM,ALOKTEXT,AMBANIORG,AMBER,AMBUJACEM,AMTEKAUTO,ANANTRAJ,ANDHRABANK,APARINDS,APLLTD,APOLLOHOSP,APOLLOTYRE,ARICENT,ARTNIRMAN,ARVEE,ARVINDFASN,ASAHIINDIA,ASHOKLEY,ASIANPAINT,ASTERDM,ASTRAL,ASTRAMICRO,ASTRAZEN,ATUL,AUBANK,AUROPHARMA,AVANTIFEED,AXISBANK,BAJAJ-AUTO,BAJAJCORP,BAJAJELEC,BAJAJFINSV,BAJAJHIND,BAJAJHLDNG,BAJFINANCE,BALAJITELE,BALKRISIND,BALLARPUR,BALRAMCHIN,BANDHANBNK,BANKBARODA,BASF,BATAINDIA,BAYERCROP,BBTC,BCONCEPTS,BEL,BEML,BERGEPAINT,BFUTILITIE,BGRENERGY,BHARATFORG,BHARTIARTL,BHEL,BHUSANSTL,BIOCON,BLUESTARCO,BOMDYEING,BONGAIGAON,BOSCHLTD,BPCL,BRFL,BRIGADE,BRIGHT,BRITANNIA,BSE,BSOFT,CADILAHC,CANBK,CANFINHOME,CAPF,CARERATING,CASTROLIND,CCL,CDSL,CEATLTD,CENTRALBK,CESC,CGCL,CGPOWER,CHALET,CHENNPETRO,CHOLAFIN,CIPLA,CKPLEISURE,CKPPRODUCT,COCHINSHIP,CONCOR,COROMANDEL,CORPBANK,COX&KINGS,CREDITACC,CRISIL,CROMPTON,CUB,CUMMINSIND,CYIENT,DABUR,DALBHARAT,DALMIABHA,DBCORP,DBL,DBREALTY,DCAL,DCBBANK,DCMSHRIRAM,DEEPAKFERT,DEEPAKNTR,DELTACORP,DEN,DENABANK,DHANUKA,DHFL,DISHTV,DIVISLAB,DIXON,DLF,DMART,DREDGECORP,DRREDDY,DRSDILIP,DSML,DYNAMATECH,ECLERX,EDELWEISS,EIDPARRY,ELGIEQUIP,EMAMILTD,EMERGE,ENDURANCE,ENGINERSIN,ENIL,EQUITAS,ERIS,EROSMEDIA,ESCORTS,ESSELPACK,EVEREADY,EXCELCROP,EXIDEIND,FCONSUMER,FDC,FEDERALBNK,FELIX,FINCABLES,FINEORG,FIVECORE,FLFL,FMCG,FMGOETZE,FORTIS,FRETAIL,FSL,GAIL,GALAXYSURF,GANGAFORGE,GARFIBRES,GATI,GAYAPROJ,GDL,GEPIL,GESHIP,GET&D,GHCL,GICHSGFIN,GICL,GICRE,GLAXO,GLENMARK,GMDCLTD,GNFC,GODREJAGRO,GODREJCP,GODREJPROP,GOLDSTAR,GPPL,GRANULES,GRAPHITE,GRASIM,GREAVESCOT,GREENPLY,GRETEX,GRINDWELL,GRUH,GSFC,GSKCONS,GUJALKALI,GUJFLUORO,GVKPIL,HAL,HAVELLS,HCC,HCL-INSYS,HCLTECH,HDFC,HDFCAMC,HDFCBANK,HDFCLIFE,HDIL,HECPROJECT,HEG,HERITGFOOD,HEROMOTOCOP,HEXAWARE,HFCL,HIMATSEIDE,HINDALCO,HINDCOPPER,HINDPETRO,HINDUNILVR,HINDZINC,HMVL,HONAUT,HSCL,HUDCO,HUSYSLTD,IBP,IBREALEST,IBULHSGFIN,IBULISL,IBVENTURES,ICEMAKE,ICICIBANK,ICICIGI,ICICIPRULI,ICIL,ICRA,IDBI,IDEA,IDFC,IDFCBANK,IEX,IFBIND,IFCI,IGARASHI,IGL,IIFL,IL&FSTRANS,INDIACEM,INDIANB,INDIGO,INDOCO,INDOSTAR,INDUSINDBK,INFIBEAM,INFY,INGERRAND,INGVYSYABANK,INNOVANA,INOXWIND,INTELLECT,IOB,IOC,IPAPPM,IPCALAB,IPCL,IRB,IRCON,ISEC,IT,ITC,ITDC,ITI,J&KBANK,JAGRAN,JAKHARIA,JAMNAAUTO,JBFIND,JCHAC,JETAIRWAYS,JINDALPOLY,JINDALSAW,JISLJALEQS,JKCEMENT,JKIL,JKLAKSHMI,JKPAPER,JKTYRE,JMFINANCIL,JMTAUTOLTD,JPASSOCIAT,JPINFRATEC,JPPOWER,JSL,JSLHISAR,JSWENERGY,JSWHL,JSWSTEEL,JUBLFOOD,JUSTDIAL,JYOTHYLAB,KAJARIACER,KALPATPOWR,KANSAINER,KARURVYSYA,KEC,KEI,KESORAMIND,KIOCL,KIRLOSENG,KITEX,KKVAPOW,KNRCON,KOTAKBANK,KPIT,KPITTECH,KRBL,KRL,KSBPUMPS,KSCL,KTKBANK,KWALITY,L&TFH,LAKSHVILAS,LALPATHLAB,LAOPALA,LATTEYS,LAURUSLABS,LAXMIMACH,LEMONTREE,LICHSGFIN,LINDEINDIA,LITL,LT,LTI,LTTS,LUPIN,LUXIND,M&M,MAGMA,MAHABANK,MAHLIFE,MAHLOG,MAHSCOOTER,MAHSEAMLES,MANAPPURAM,MANPASAND,MARICO,MARKSANS,MARUTI,MASFIN,MAXINDIA,MAYURUNIQ,MCDOWELL-N,MCLEODRUSS,MCX,MERCK,METROPOLIS,MFSL,MGL,MILTON,MINDACORP,MINDAIND,MINDTREE,MMTC,MNC,MOIL,MOKSH,MONSANTO,MOSERBAER,MOTHERSUMI,MOTILALOFS,MPHASIS,MRF,MRPL,MTNL,MUTHOOTFIN,MYSOREBANK,NATIONALUM,NAUKRI,NAVKARCORP,NAVNETEDUL,NBCC,NBVENTURES,NCC,NESCO,NESTLEIND,NETWORK18,NFL,NH,NHPC,NIFTY,NIITLTD,NIITTECH,NIRMA,NITINFIRE,NMDC,OBEROIRLTY,OFSS,OIL,OMAXE,ONEPOINT,ONGC,ORIENTBANK,ORIENTELEC,ORIENTREF,ORISSAMINE,OSWALSEEDS,PAGEIND,PANACHE,PANSARI,PARAGMILK,PCJEWELLER,PEL,PERSISTENT,PETRONET,PFC,PFIZER,PFS,PGHH,PHILIPCARB,PIDILITIND,PIIND,PIRAMALENT,PNB,PNBHOUSING,PNCINFRA,POLARIS,POLYCAB,PRAJIND,PRESTIGE,PRISMCEM,PRITI,PROLIFE,PSE,PTC,PTL,PULZ,PUNJLLOYD,PVR,QUESS,RADICO,RADIOCITY,RAIN,RAJMET,RALLIS,RAMCOCEM,RAMCOSYS,RANBAXY,RATNAMANI,RAYMOND,RBLBANK,RCF,RCOM,RECLTD,REL,RELAXO,RELCAPITAL,RELIANCE,RELIGARE,RELINFRA,RENUKA,REPCOHOME,REPL,RHFL,RIIL,RKFORGE,RNAM,RNAVAL,ROLTA,RPOWER,RTNPOWER,RUCHISOYA,RUPA,RVNL,SADBHAV,SADBHIN,SAIL,SANOFI,SATYAMCOMP,SBBJ,SBILIFE,SBIN,SBT,SCHAEFFLER,SCHNEIDER,SCI,SEQUENT,SFL,SHANKARA,SHARDACROP,SHILPAMED,SHILPI,SHK,SHOPERSTOP,SHRADHA,SHREECEM,SHUBHLAXMI,SIEMENS,SIIL,SILVERTUC,SIMPLEXINF,SINTEX,SIRCA,SIS,SITINET,SJVN,SKFINDIA,SKML,SMLISUZU,SMVD,SNOWMAN,SOBHA,SOLEX,SOMANYCERA,SONAMCLOCK,SONATSOFTW,SOUTHBANK,SPARC,SPTL,SREINFRA,SRIRAM,SRPL,STAR,STCINDIA,STERLITE,STRTECH,SUDARSCHEM,SUNDARMFIN,SUNDRMFAST,SUNPHARMA,SUNTECK,SUNTV,SUPPETRO,SUPRAJIT,SUULD,SUVEN,SUZLON,SVLL,SWANENERGY,SYNDIBANK,SYNGENE,TATACHEM,TATACOFFEE,TATAELXSI,TATAINVEST,TATAMOTORS,TATAMTRDVR,TATAPOWER,TATASPONGE,TATASTEEL,TATCOM,TATCONSUM,TCIEXP,TCNSBRANDS,TCS,TEAMLEASE,TECHM,TEXRAIL,THERMAX,TIDEWATER,TIMETECHNO,TIMKEN,TNPL,TOUCHWOOD,TRIDENT,TRITURBINE,TTKPRESTIG,TTML,TV18BRDCST,TVSMOTOR,TVSSRICHAK,UBL,UCOBANK,UFLEX,UFO,UJJIVAN,UNICHEMLAB,UNIONBANK,UNITECH,UNITEDBNK,VAKRANGEE,VBL,VEDL,VENKEYS,VERA,VERTOZ,VESUVIUS,VGUARD,VIDEOIND,VIJAYABANK,VINATIORGA,VMART,VOLTAS,VRLLOG,VSTIND,VTL,WABAG,WEALTH,WELCORP,WELSPUNIND,WOCKPHARMA,WONDERLA,YESBANK,ZEELEARN,ZEETELE,ZENSARTECH,ZODIAC,ZYDUSLIFE,ZYDUSWELL"
2020-03-27,Nifty100,"ADANITRANS,IDBI,NAUKRI,LTI,BLUEDART,ERIS,FCONSUMER,GRAPHITE,HEG,KRBL,MAHINDCIE,NBCC,STRTECH,TORNTPHARM,VARROC,ADANIGREEN,AKZOINDIA,ASHOKLEY,CREDITACC,IIFLWAM,IBULHSGFIN,IRCTC,JKCEMENT,L&TFH,MINDAIND,NIITTECH,TATACOMM,IDEA,YESBANK,BLISSGVS,DHFL,IFCI,IBULISL,ITDCEM,JISLJALEQS,KENNAMET,KIRLOSENG,LAKSHVILAS,MAGMA,NFL,PARAGMILK,PCJEWELLER,RELCAPITAL,RELINFRA,RPOWER,SHILPAMED,SUNCLAYLTD,TASTYBITE,WABAG,ZYDUSWELL,BHARATRAS,CENTURYTEX,FSC,GRSE,GMMPFAUDLR,FLUOROCHEM,HATHWAY,INGERRAND,JTEKTINDIA,MAHLIFE,NAVNETEDUL,SHARDACROP,SCI,SWSOLAR,TATASTLLP,TCI,CASTROLIND,HEXAWARE,ADANIGAS,POLYCAB,ARVINDFASN,DISHTV,GNFC,GSFC,IBREALEST,IRB,MMTC,STAR,WOCKPHARMA,DEEPAKNTR,SPANDANA,SPICEJET,BSE,CARERATING,CHENNPETRO,FLFL,GUJALKALI,INDIACEM,KTKBANK,SUZLON,VENKEYS,AFFLE,BAJAJCON,BIRLACORPN,CGCL,DIXON,HEIDELBERG,IEX,INOXLEISUR,NAVINFLUOR,VESUVIUS,NIFTY,BAJAJELEC,EDELWEISS,FMCG,GODREJIND,IT,TATAELXSI,BALAJITELE,JUMPNET,SAREGAMA,ZEEMEDIA,GLENMARK,PEL,ALKEM,SAIL,MNC,CYIENT,HINDZINC,ICICIPRULI,JMFINANCIL,OFSS,PFC,SONATSOFTW,SOUTHBANK,VEDL,BEL,CESC,GAIL,GICRE,ISEC,MPHASIS,MCX,NCC,NESTLEIND,TATAPOWER,TATASTEEL,BAJAJFINSV,MINDTREE,RBLBANK,CIPLA,EXIDEIND,INDUSINDBK,EICHERMOT,FEDERALBNK,ICICIBANK,EMERGE,AARVI,ACEINTEG,ARTEDZ,AURDIS,CKPPRODUCT,FELIX,GICL,JETKNIT,OMFURN,PRITI,SUREVIN,UWCSL,VINNY,ASCOM,CONTI,DCI,DSML,EMKAYTOOLS,GOLDSTAR,MGEL,PENTAGOLD,VCL","ASHOKLEY,IBULHSGFIN,L&TFH,IDEA,YESBANK","3MINDIA,8KMILES,AAKASH,AARTIIND,AARVI,AAVAS,ABAN,ABB,ABBOTINDIA,ABCAPITAL,ABFRL,ABINFRA,ABIRLANUVO,ACC,ACCURACY,ACEINTEG,ADANIENT,ADANIGAS,ADANIGREEN,ADANIPOWER,ADANITRANS,ADVENZYMES,AEGISCHEM,AFFLE,AHLUCONT,AIAENG,AISL,AJANTPHARM,AJOONI,AKZOINDIA,ALBK,ALKEM,ALOKTEXT,AMBANIORG,AMBER,AMBUJACEM,AMTEKAUTO,ANANTRAJ,ANDHRABANK,APARINDS,APLLTD,APOLLOHOSP,APOLLOTYRE,ARICENT,ARTEDZ,ARTNIRMAN,ARVEE,ARVINDFASN,ASAHIINDIA,ASCOM,ASHOKLEY,ASIANPAINT,ASTERDM,ASTRAL,ASTRAMICRO,ASTRAZEN,ATUL,AUBANK,AURDIS,AUROPHARMA,AVANTIFEED,AXISBANK,BAJAJ-AUTO,BAJAJCON,BAJAJCORP,BAJAJELEC,BAJAJFINSV,BAJAJHIND,BAJAJHLDNG,BAJFINANCE,BALAJITELE,BALKRISIND,BALLARPUR,BALRAMCHIN,BANDHANBNK,BANKBARODA,BASF,BATAINDIA,BAYERCROP,BBTC,BCONCEPTS,BEL,BEML,BERGEPAINT,BFUTILITIE,BGRENERGY,BHARATFORG,BHARATRAS,BHARTIARTL,BHEL,BHUSANSTL,BIOCON,BIRLACORPN,BLISSGVS,BLUEDART,BLUESTARCO,BOMDYEING,BONGAIGAON,BOSCHLTD,BPCL,BRFL,BRIGADE,BRIGHT,BRITANNIA,BSE,BSOFT,CADILAHC,CANBK,CANFINHOME,CAPF,CARERATING,CASTROLIND,CCL,CDSL,CEATLTD,CENTRALBK,CENTURYTEX,CESC,CGCL,CGPOWER,CHALET,CHENNPETRO,CHOLAFIN,CIPLA,CKPLEISURE,CKPPRODUCT,COCHINSHIP,CONCOR,CONTI,COROMANDEL,CORPBANK,COX&KINGS,CREDITACC,CRISIL,CROMPTON,CUB,CUMMINSIND,CYIENT,DABUR,DALBHARAT,DALMIABHA,DBCORP,DBL,DBREALTY,DCAL,DCBBANK,DCI,DCMSHRIRAM,DEEPAKFERT,DEEPAKNTR,DELTACORP,DEN,DENABANK,DHANUKA,DHFL,DISHTV,DIVISLAB,DIXON,DLF,DMART,DREDGECORP,DRREDDY,DRSDILIP,DSML,DYNAMATECH,ECLERX,EDELWEISS,EICHERMOT,EIDPARRY,ELGIEQUIP,EMAMILTD,EMERGE,EMKAYTOOLS,ENDURANCE,ENGINERSIN,ENIL,EQUITAS,ERIS,EROSMEDIA,ESCORTS,ESSELPACK,EVEREADY,EXCELCROP,EXIDEIND,FCONSUMER,FDC,FEDERALBNK,FELIX,FINCABLES,FINEORG,FIVECORE,FLFL,FLUOROCHEM,FMCG,FMGOETZE,FORTIS,FRETAIL,FSC,FSL,GAIL,GALAXYSURF,GANGAFORGE,GARFIBRES,GATI,GAYAPROJ,GDL,GEPIL,GESHIP,GET&D,GHCL,GICHSGFIN,GICL,GICRE,GLAXO,GLENMARK,GMDCLTD,GMMPFAUDLR,GNFC,GODREJAGRO,GODREJCP,GODREJIND,GODREJPROP,GOLDSTAR,GPPL,GRANULES,GRAPHITE,GRASIM,GREAVESCOT,GREENPLY,GRETEX,GRINDWELL,GRSE,GRUH,GSFC,GSKCONS,GUJALKALI,GUJFLUORO,GVKPIL,HAL,HATHWAY,HAVELLS,HCC,HCL-INSYS,HCLTECH,HDFC,HDFCAMC,HDFCBANK,HDFCLIFE,HDIL,HECPROJECT,HEG,HEIDELBERG,HERITGFOOD,HEROMOTOCOP,HEXAWARE,HFCL,HIMATSEIDE,HINDALCO,HINDCOPPER,HINDPETRO,HINDUNILVR,HINDZINC,HMVL,HONAUT,HSCL,HUDCO,HUSYSLTD,IBP,IBREALEST,IBULHSGFIN,IBULISL,IBVENTURES,ICEMAKE,ICICIBANK,ICICIGI,ICICIPRULI,ICIL,ICRA,IDBI,IDEA,IDFC,IDFCBANK,IEX,IFBIND,IFCI,IGARASHI,IGL,IIFL,IIFLWAM,IL&FSTRANS,INDIACEM,INDIANB,INDIGO,INDOCO,INDOSTAR,INDUSINDBK,INFIBEAM,INFY,INGERRAND,INGVYSYABANK,INNOVANA,INOXLEISUR,INOXWIND,INTELLECT,IOB,IOC,IPAPPM,IPCALAB,IPCL,IRB,IRCON,IRCTC,ISEC,IT,ITC,ITDC,ITDCEM,ITI,J&KBANK,JAGRAN,JAKHARIA,JAMNAAUTO,JBFIND,JCHAC,JETAIRWAYS,JETKNIT,JINDALPOLY,JINDALSAW,JISLJALEQS,JKCEMENT,JKIL,JKLAKSHMI,JKPAPER,JKTYRE,JMFINANCIL,JMTAUTOLTD,JPASSOCIAT,JPINFRATEC,JPPOWER,JSL,JSLHISAR,JSWENERGY,JSWHL,JSWSTEEL,JTEKTINDIA,JUBLFOOD,JUMPNET,JUSTDIAL,JYOTHYLAB,KAJARIACER,KALPATPOWR,KANSAINER,KARURVYSYA,KEC,KEI,KENNAMET,KESORAMIND,KIOCL,KIRLOSENG,KITEX,KKVAPOW,KNRCON,KOTAKBANK,KPIT,KPITTECH,KRBL,KRL,KSBPUMPS,KSCL,KTKBANK,KWALITY,L&TFH,LAKSHVILAS,LALPATHLAB,LAOPALA,LATTEYS,LAURUSLABS,LAXMIMACH,LEMONTREE,LICHSGFIN,LINDEINDIA,LITL,LT,LTI,LTTS,LUPIN,LUXIND,M&M,MAGMA,MAHABANK,MAHINDCIE,MAHLIFE,MAHLOG,MAHSCOOTER,MAHSEAMLES,MANAPPURAM,MANPASAND,MARICO,MARKSANS,MARUTI,MASFIN,MAXINDIA,MAYURUNIQ,MCDOWELL-N,MCLEODRUSS,MCX,MERCK,METROPOLIS,MFSL,MGEL,MGL,MILTON,MINDACORP,MINDAIND,MINDTREE,MMTC,MNC,MOIL,MOKSH,MONSANTO,MOSERBAER,MOTHERSUMI,MOTILALOFS,MPHASIS,MRF,MRPL,MTNL,MUTHOOTFIN,MYSOREBANK,NATIONALUM,NAUKRI,NAVINFLUOR,NAVKARCORP,NAVNETEDUL,NBCC,NBVENTURES,NCC,NESCO,NESTLEIND,NETWORK18,NFL,NH,NHPC,NIFTY,NIITLTD,NIITTECH,NIRMA,NITINFIRE,NMDC,OBEROIRLTY,OFSS,OIL,OMAXE,OMFURN,ONEPOINT,ONGC,ORIENTBANK,ORIENTELEC,ORIENTREF,ORISSAMINE,OSWALSEEDS,PAGEIND,PANACHE,PANSARI,PARAGMILK,PCJEWELLER,PEL,PENTAGOLD,PERSISTENT,PETRONET,PFC,PFIZER,PFS,PGHH,PHILIPCARB,PIDILITIND,PIIND,PIRAMALENT,PNB,PNBHOUSING,PNCINFRA,POLARIS,POLYCAB,PRAJIND,PRESTIGE,PRISMCEM,PRITI,PROLIFE,PSE,PTC,PTL,PULZ,PUNJLLOYD,PVR,QUESS,RADICO,RADIOCITY,RAIN,RAJMET,RALLIS,RAMCOCEM,RAMCOSYS,RANBAXY,RATNAMANI,RAYMOND,RBLBANK,RCF,RCOM,RECLTD,REL,RELAXO,RELCAPITAL,RELIANCE,RELIGARE,RELINFRA,RENUKA,REPCOHOME,REPL,RHFL,RIIL,RKFORGE,RNAM,RNAVAL,ROLTA,RPOWER,RTNPOWER,RUCHISOYA,RUPA,RVNL,SADBHAV,SADBHIN,SAIL,SANOFI,SAREGAMA,SATYAMCOMP,SBBJ,SBILIFE,SBIN,SBT,SCHAEFFLER,SCHNEIDER,SCI,SEQUENT,SFL,SHANKARA,SHARDACROP,SHILPAMED,SHILPI,SHK,SHOPERSTOP,SHRADHA,SHREECEM,SHUBHLAXMI,SIEMENS,SIIL,SILVERTUC,SIMPLEXINF,SINTEX,SIRCA,SIS,SITINET,SJVN,SKFINDIA,SKML,SMLISUZU,SMVD,SNOWMAN,SOBHA,SOLEX,SOMANYCERA,SONAMCLOCK,SONATSOFTW,SOUTHBANK,SPANDANA,SPARC,SPICEJET,SPTL,SREINFRA,SRIRAM,SRPL,STAR,STCINDIA,STERLITE,STRTECH,SUDARSCHEM,SUNCLAYLTD,SUNDARMFIN,SUNDRMFAST,SUNPHARMA,SUNTECK,SUNTV,SUPPETRO,SUPRAJIT,SUREVIN,SUULD,SUVEN,SUZLON,SVLL,SWANENERGY,SWSOLAR,SYNDIBANK,SYNGENE,TASTYBITE,TATACHEM,TATACOFFEE,TATACOMM,TATAELXSI,TATAINVEST,TATAMOTORS,TATAMTRDVR,TATAPOWER,TATASPONGE,TATASTEEL,TATASTLLP,TATCOM,TATCONSUM,TCI,TCIEXP,TCNSBRANDS,TCS,TEAMLEASE,TECHM,TEXRAIL,THERMAX,TIDEWATER,TIMETECHNO,TIMKEN,TNPL,TORNTPHARM,TOUCHWOOD,TRIDENT,TRITURBINE,TTKPRESTIG,TTML,TV18BRDCST,TVSMOTOR,TVSSRICHAK,UBL,UCOBANK,UFLEX,UFO,UJJIVAN,UNICHEMLAB,UNIONBANK,UNITECH,UNITEDBNK,UWCSL,VAKRANGEE,VARROC,VBL,VCL,VEDL,VENKEYS,VERA,VERTOZ,VESUVIUS,VGUARD,VIDEOIND,VIJAYABANK,VINATIORGA,VINNY,VMART,VOLTAS,VRLLOG,VSTIND,VTL,WABAG,WEALTH,WELCORP,WELSPUNIND,WOCKPHARMA,WONDERLA,YESBANK,ZEELEARN,ZEEMEDIA,ZEETELE,ZENSARTECH,ZODIAC,ZYDUSLIFE,ZYDUSWELL"
2020-06-26,Nifty100,"ABBOTINDIA,IGL,NAUKRI,MUTHOOTFIN,ENGINERSIN,FCONSUMER,GRAPHITE,HEG,INDIANB,KRBL,MAHINDCIE,NBCC,STRTECH,TORNTPHARM,VARROC,ABB,AKZOINDIA,ASHOKLEY,CREDITACC,IIFLWAM,IRCTC,JKCEMENT,L&TFH,MINDAIND,NIITTECH,SUMICHEM,TATACOMM,NIACL,CHALET,DHFL,FMGOETZE,FLFL,GAYAPROJ,IBULISL,ITDCEM,JISLJALEQS,KENNAMET,KIRLOSENG,LAKSHVILAS,MAGMA,NETWORK18,PARAGMILK,PCJEWELLER,RELCAPITAL,RELINFRA,RPOWER,RESPONIND,SHK,SHILPAMED,SUNCLAYLTD,TECHNOE,TRITURBINE,WABAG,ALKYLAMINE,BHARATRAS,CENTURYTEX,CSBBANK,DHANUKA,ESABINDIA,GRSE,GMMPFAUDLR,FLUOROCHEM,HATHWAY,INDOCO,INGERRAND,KSB,LAOPALA,POLYMED,SCHNEIDER,SEQUENT,SCI,UJJIVANSFB,GODREJPROP,IBULHSGFIN,AARTIIND,ADANIGAS,LALPATHLAB,GUJGASLTD,POLYCAB,TRENT,ARVINDFASN,DISHTV,GNFC,GSFC,IRB,MMTC,NCC,SOBHA,DEEPAKNTR,DIXON,GRANULES,LAURUSLABS,NAVINFLUOR,SPICEJET,BSE,CARERATING,CHENNPETRO,KTKBANK,SUZLON,VENKEYS,AFFLE,BIRLACORPN,INOXLEISUR,MIDHANI,TATAMTRDVR,VESUVIUS,NIFTY,APOLLOTYRE,BAJAJELEC,EDELWEISS,HDFCAMC,FMCG,GODREJIND,IT,HEXAWARE,JUSTDIAL,TATAELXSI,LTI,BALAJITELE,JUMPNET,SAREGAMA,ZEEMEDIA,GLENMARK,PEL,ALKEM,MAHLIFE,NATIONALUM,SAIL,ADANIGREEN,MNC,LICHSGFIN,ICICIGI,VEDL,POWERGRID,MINDTREE,BEL,RBLBANK,DRREDDY,EXIDEIND,INDUSINDBK,AUROPHARMA,HEROMOTOCO,ICICIBANK","ASHOKLEY,IBULHSGFIN,L&TFH,NIACL,IDEA,TATAMTRDVR","3MINDIA,8KMILES,AAKASH,AARTIIND,AARVI,AAVAS,ABAN,ABB,ABBOTINDIA,ABCAPITAL,ABFRL,ABINFRA,ABIRLANUVO,ACC,ACCURACY,ACEINTEG,ADANIENT,ADANIGAS,ADANIGREEN,ADANIPOWER,ADANITRANS,ADVENZYMES,AEGISCHEM,AFFLE,AHLUCONT,AIAENG,AISL,AJANTPHARM,AJOONI,AKZOINDIA,ALBK,ALKEM,ALKYLAMINE,ALOKTEXT,AMBANIORG,AMBER,AMBUJACEM,AMTEKAUTO,ANANTRAJ,ANDHRABANK,APARINDS,APLLTD,APOLLOHOSP,APOLLOTYRE,ARICENT,ARTEDZ,ARTNIRMAN,ARVEE,ARVINDFASN,ASAHIINDIA,ASCOM,ASHOKLEY,ASIANPAINT,ASTERDM,ASTRAL,ASTRAMICRO,ASTRAZEN,ATUL,AUBANK,AURDIS,AUROPHARMA,AVANTIFEED,AXISBANK,BAJAJ-AUTO,BAJAJCON,BAJAJCORP,BAJAJELEC,BAJAJFINSV,BAJAJHIND,BAJAJHLDNG,BAJFINANCE,BALAJITELE,BALKRISIND,BALLARPUR,BALRAMCHIN,BANDHANBNK,BANKBARODA,BASF,BATAINDIA,BAYERCROP,BBTC,BCONCEPTS,BEL,BEML,BERGEPAINT,BFUTILITIE,BGRENERGY,BHARATFORG,BHARATRAS,BHARTIARTL,BHEL,BHUSANSTL,BIOCON,BIRLACORPN,BLISSGVS,BLUEDART,BLUESTARCO,BOMDYEING,BONGAIGAON,BOSCHLTD,BPCL,BRFL,BRIGADE,BRIGHT,BRITANNIA,BSE,BSOFT,CADILAHC,CANBK,CANFINHOME,CAPF,CARERATING,CASTROLIND,CCL,CDSL,CEATLTD,CENTRALBK,CENTURYTEX,CESC,CGCL,CGPOWER,CHALET,CHENNPETRO,CHOLAFIN,CIPLA,CKPLEISURE,CKPPRODUCT,COCHINSHIP,CONCOR,CONTI,COROMANDEL,CORPBANK,COX&KINGS,CREDITACC,CRISIL,CROMPTON,CSBBANK,CUB,CUMMINSIND,CYIENT,DABUR,DALBHARAT,DALMIABHA,DBCORP,DBL,DBREALTY,DCAL,DCBBANK,DCI,DCMSHRIRAM,DEEPAKFERT,DEEPAKNTR,DELTACORP,DEN,DENABANK,DHANUKA,DHFL,DISHTV,DIVISLAB,DIXON,DLF,DMART,DREDGECORP,DRREDDY,DRSDILIP,DSML,DYNAMATECH,ECLERX,EDELWEISS,EICHERMOT,EIDPARRY,ELGIEQUIP,EMAMILTD,EMERGE,EMKAYTOOLS,ENDURANCE,ENGINERSIN,ENIL,EQUITAS,ERIS,EROSMEDIA,ESABINDIA,ESCORTS,ESSELPACK,EVEREADY,EXCELCROP,EXIDEIND,FCONSUMER,FDC,FEDERALBNK,FELIX,FINCABLES,FINEORG,FIVECORE,FLFL,FLUOROCHEM,FMCG,FMGOETZE,FORTIS,FRETAIL,FSC,FSL,GAIL,GALAXYSURF,GANGAFORGE,GARFIBRES,GATI,GAYAPROJ,GDL,GEPIL,GESHIP,GET&D,GHCL,GICHSGFIN,GICL,GICRE,GLAXO,GLENMARK,GMDCLTD,GMMPFAUDLR,GNFC,GODREJAGRO,GODREJCP,GODREJIND,GODREJPROP,GOLDSTAR,GPPL,GRANULES,GRAPHITE,GRASIM,GREAVESCOT,GREENPLY,GRETEX,GRINDWELL,GRSE,GRUH,GSFC,GSKCONS,GUJALKALI,GUJFLUORO,GUJGASLTD,GVKPIL,HAL,HATHWAY,HAVELLS,HCC,HCL-INSYS,HCLTECH,HDFC,HDFCAMC,HDFCBANK,HDFCLIFE,HDIL,HECPROJECT,HEG,HEIDELBERG,HERITGFOOD,HEROMOTOCO,HEROMOTOCOP,HEXAWARE,HFCL,HIMATSEIDE,HINDALCO,HINDCOPPER,HINDPETRO,HINDUNILVR,HINDZINC,HMVL,HONAUT,HSCL,HUDCO,HUSYSLTD,IBP,IBREALEST,IBULHSGFIN,IBULISL,IBVENTURES,ICEMAKE,ICICIBANK,ICICIGI,ICICIPRULI,ICIL,ICRA,IDBI,IDFC,IDFCBANK,IEX,IFBIND,IFCI,IGARASHI,IGL,IIFL,IIFLWAM,IL&FSTRANS,INDIACEM,INDIANB,INDIGO,INDOCO,INDOSTAR,INDUSINDBK,INFIBEAM,INFY,INGERRAND,INGVYSYABANK,INNOVANA,INOXLEISUR,INOXWIND,INTELLECT,IOB,IOC,IPAPPM,IPCALAB,IPCL,IRB,IRCON,IRCTC,ISEC,IT,ITC,ITDC,ITDCEM,ITI,J&KBANK,JAGRAN,JAKHARIA,JAMNAAUTO,JBFIND,JCHAC,JETAIRWAYS,JETKNIT,JINDALPOLY,JINDALSAW,JISLJALEQS,JKCEMENT,JKIL,JKLAKSHMI,JKPAPER,JKTYRE,JMFINANCIL,JMTAUTOLTD,JPASSOCIAT,JPINFRATEC,JPPOWER,JSL,JSLHISAR,JSWENERGY,JSWHL,JSWSTEEL,JTEKTINDIA,JUBLFOOD,JUMPNET,JUSTDIAL,JYOTHYLAB,KAJARIACER,KALPATPOWR,KANSAINER,KARURVYSYA,KEC,KEI,KENNAMET,KESORAMIND,KIOCL,KIRLOSENG,KITEX,KKVAPOW,KNRCON,KOTAKBANK,KPIT,KPITTECH,KRBL,KRL,KSB,KSBPUMPS,KSCL,KTKBANK,KWALITY,L&TFH,LAKSHVILAS,LALPATHLAB,LAOPALA,LATTEYS,LAURUSLABS,LAXMIMACH,LEMONTREE,LICHSGFIN,LINDEINDIA,LITL,LT,LTI,LTTS,LUPIN,LUXIND,M&M,MAGMA,MAHABANK,MAHINDCIE,MAHLIFE,MAHLOG,MAHSCOOTER,MAHSEAMLES,MANAPPURAM,MANPASAND,MARICO,MARKSANS,MARUTI,MASFIN,MAXINDIA,MAYURUNIQ,MCDOWELL-N,MCLEODRUSS,MCX,MERCK,METROPOLIS,MFSL,MGEL,MGL,MIDHANI,MILTON,MINDACORP,MINDAIND,MINDTREE,MMTC,MNC,MOIL,MOKSH,MONSANTO,MOSERBAER,MOTHERSUMI,MOTILALOFS,MPHASIS,MRF,MRPL,MTNL,MUTHOOTFIN,MYSOREBANK,NATIONALUM,NAUKRI,NAVINFLUOR,NAVKARCORP,NAVNETEDUL,NBCC,NBVENTURES,NCC,NESCO,NESTLEIND,NETWORK18,NFL,NH,NHPC,NIACL,NIFTY,NIITLTD,NIITTECH,NIRMA,NITINFIRE,NMDC,OBEROIRLTY,OFSS,OIL,OMAXE,OMFURN,ONEPOINT,ONGC,ORIENTBANK,ORIENTELEC,ORIENTREF,ORISSAMINE,OSWALSEEDS,PAGEIND,PANACHE,PANSARI,PARAGMILK,PCJEWELLER,PEL,PENTAGOLD,PERSISTENT,PETRONET,PFC,PFIZER,PFS,PGHH,PHILIPCARB,PIDILITIND,PIIND,PIRAMALENT,PNB,PNBHOUSING,PNCINFRA,POLARIS,POLYCAB,POLYMED,POWERGRID,PRAJIND,PRESTIGE,PRISMCEM,PRITI,PROLIFE,PSE,PTC,PTL,PULZ,PUNJLLOYD,PVR,QUESS,RADICO,RADIOCITY,RAIN,RAJMET,RALLIS,RAMCOCEM,RAMCOSYS,RANBAXY,RATNAMANI,RAYMOND,RBLBANK,RCF,RCOM,RECLTD,REL,RELAXO,RELCAPITAL,RELIANCE,RELIGARE,RELINFRA,RENUKA,REPCOHOME,REPL,RESPONIND,RHFL,RIIL,RKFORGE,RNAM,RNAVAL,ROLTA,RPOWER,RTNPOWER,RUCHISOYA,RUPA,RVNL,SADBHAV,SADBHIN,SAIL,SANOFI,SAREGAMA,SATYAMCOMP,SBBJ,SBILIFE,SBIN,SBT,SCHAEFFLER,SCHNEIDER,SCI,SEQUENT,SFL,SHANKARA,SHARDACROP,SHILPAMED,SHILPI,SHK,SHOPERSTOP,SHRADHA,SHREECEM,SHUBHLAXMI,SIEMENS,SIIL,SILVERTUC,SIMPLEXINF,SINTEX,SIRCA,SIS,SITINET,SJVN,SKFINDIA,SKML,SMLISUZU,SMVD,SNOWMAN,SOBHA,SOLEX,SOMANYCERA,SONAMCLOCK,SONATSOFTW,SOUTHBANK,SPANDANA,SPARC,SPICEJET,SPTL,SREINFRA,SRIRAM,SRPL,STAR,STCINDIA,STERLITE,STRTECH,SUDARSCHEM,SUMICHEM,SUNCLAYLTD,SUNDARMFIN,SUNDRMFAST,SUNPHARMA,SUNTECK,SUNTV,SUPPETRO,SUPRAJIT,SUREVIN,SUULD,SUVEN,SUZLON,SVLL,SWANENERGY,SWSOLAR,SYNDIBANK,SYNGENE,TASTYBITE,TATACHEM,TATACOFFEE,TATACOMM,TATAELXSI,TATAINVEST,TATAMOTORS,TATAMTRDVR,TATAPOWER,TATASPONGE,TATASTEEL,TATASTLLP,TATCOM,TATCONSUM,TCI,TCIEXP,TCNSBRANDS,TCS,TEAMLEASE,TECHM,TECHNOE,TEXRAIL,THERMAX,TIDEWATER,TIMETECHNO,TIMKEN,TNPL,TORNTPHARM,TOUCHWOOD,TRENT,TRIDENT,TRITURBINE,TTKPRESTIG,TTML,TV18BRDCST,TVSMOTOR,TVSSRICHAK,UBL,UCOBANK,UFLEX,UFO,UJJIVAN,UJJIVANSFB,UNICHEMLAB,UNIONBANK,UNITECH,UNITEDBNK,UWCSL,VAKRANGEE,VARROC,VBL,VCL,VEDL,VENKEYS,VERA,VERTOZ,VESUVIUS,VGUARD,VIDEOIND,VIJAYABANK,VINATIORGA,VINNY,VMART,VOLTAS,VRLLOG,VSTIND,VTL,WABAG,WEALTH,WELCORP,WELSPUNIND,WOCKPHARMA,WONDERLA,YESBANK,ZEELEARN,ZEEMEDIA,ZEETELE,ZENSARTECH,ZODIAC,ZYDUSLIFE,ZYDUSWELL"
2020-07-31,Nifty100,"VEDL,NIFTY,MNC,TOTAL",VEDL,"3MINDIA,8KMILES,AAKASH,AARTIIND,AARVI,AAVAS,ABAN,ABB,ABBOTINDIA,ABCAPITAL,ABFRL,ABINFRA,ABIRLANUVO,ACC,ACCURACY,ACEINTEG,ADANIENT,ADANIGAS,ADANIGREEN,ADANIPOWER,ADANITRANS,ADVENZYMES,AEGISCHEM,AFFLE,AHLUCONT,AIAENG,AISL,AJANTPHARM,AJOONI,AKZOINDIA,ALBK,ALKEM,ALKYLAMINE,ALOKTEXT,AMBANIORG,AMBER,AMBUJACEM,AMTEKAUTO,ANANTRAJ,ANDHRABANK,APARINDS,APLLTD,APOLLOHOSP,APOLLOTYRE,ARICENT,ARTEDZ,ARTNIRMAN,ARVEE,ARVINDFASN,ASAHIINDIA,ASCOM,ASHOKLEY,ASIANPAINT,ASTERDM,ASTRAL,ASTRAMICRO,ASTRAZEN,ATUL,AUBANK,AURDIS,AUROPHARMA,AVANTIFEED,AXISBANK,BAJAJ-AUTO,BAJAJCON,BAJAJCORP,BAJAJELEC,BAJAJFINSV,BAJAJHIND,BAJAJHLDNG,BAJFINANCE,BALAJITELE,BALKRISIND,BALLARPUR,BALRAMCHIN,BANDHANBNK,BANKBARODA,BASF,BATAINDIA,BAYERCROP,BBTC,BCONCEPTS,BEL,BEML,BERGEPAINT,BFUTILITIE,BGRENERGY,BHARATFORG,BHARATRAS,BHARTIARTL,BHEL,BHUSANSTL,BIOCON,BIRLACORPN,BLISSGVS,BLUEDART,BLUESTARCO,BOMDYEING,BONGAIGAON,BOSCHLTD,BPCL,BRFL,BRIGADE,BRIGHT,BRITANNIA,BSE,BSOFT,CADILAHC,CANBK,CANFINHOME,CAPF,CARERATING,CASTROLIND,CCL,CDSL,CEATLTD,CENTRALBK,CENTURYTEX,CESC,CGCL,CGPOWER,CHALET,CHENNPETRO,CHOLAFIN,CIPLA,CKPLEISURE,CKPPRODUCT,COCHINSHIP,CONCOR,CONTI,COROMANDEL,CORPBANK,COX&KINGS,CREDITACC,CRISIL,CROMPTON,CSBBANK,CUB,CUMMINSIND,CYIENT,DABUR,DALBHARAT,DALMIABHA,DBCORP,DBL,DBREALTY,DCAL,DCBBANK,DCI,DCMSHRIRAM,DEEPAKFERT,DEEPAKNTR,DELTACORP,DEN,DENABANK,DHANUKA,DHFL,DISHTV,DIVISLAB,DIXON,DLF,DMART,DREDGECORP,DRREDDY,DRSDILIP,DSML,DYNAMATECH,ECLERX,EDELWEISS,EICHERMOT,EIDPARRY,ELGIEQUIP,EMAMILTD,EMERGE,EMKAYTOOLS,ENDURANCE,ENGINERSIN,ENIL,EQUITAS,ERIS,EROSMEDIA,ESABINDIA,ESCORTS,ESSELPACK,EVEREADY,EXCELCROP,EXIDEIND,FCONSUMER,FDC,FEDERALBNK,FELIX,FINCABLES,FINEORG,FIVECORE,FLFL,FLUOROCHEM,FMCG,FMGOETZE,FORTIS,FRETAIL,FSC,FSL,GAIL,GALAXYSURF,GANGAFORGE,GARFIBRES,GATI,GAYAPROJ,GDL,GEPIL,GESHIP,GET&D,GHCL,GICHSGFIN,GICL,GICRE,GLAXO,GLENMARK,GMDCLTD,GMMPFAUDLR,GNFC,GODREJAGRO,GODREJCP,GODREJIND,GODREJPROP,GOLDSTAR,GPPL,GRANULES,GRAPHITE,GRASIM,GREAVESCOT,GREENPLY,GRETEX,GRINDWELL,GRSE,GRUH,GSFC,GSKCONS,GUJALKALI,GUJFLUORO,GUJGASLTD,GVKPIL,HAL,HATHWAY,HAVELLS,HCC,HCL-INSYS,HCLTECH,HDFC,HDFCAMC,HDFCBANK,HDFCLIFE,HDIL,HECPROJECT,HEG,HEIDELBERG,HERITGFOOD,HEROMOTOCO,HEROMOTOCOP,HEXAWARE,HFCL,HIMATSEIDE,HINDALCO,HINDCOPPER,HINDPETRO,HINDUNILVR,HINDZINC,HMVL,HONAUT,HSCL,HUDCO,HUSYSLTD,IBP,IBREALEST,IBULHSGFIN,IBULISL,IBVENTURES,ICEMAKE,ICICIBANK,ICICIGI,ICICIPRULI,ICIL,ICRA,IDBI,IDFC,IDFCBANK,IEX,IFBIND,IFCI,IGARASHI,IGL,IIFL,IIFLWAM,IL&FSTRANS,INDIACEM,INDIANB,INDIGO,INDOCO,INDOSTAR,INDUSINDBK,INFIBEAM,INFY,INGERRAND,INGVYSYABANK,INNOVANA,INOXLEISUR,INOXWIND,INTELLECT,IOB,IOC,IPAPPM,IPCALAB,IPCL,IRB,IRCON,IRCTC,ISEC,IT,ITC,ITDC,ITDCEM,ITI,J&KBANK,JAGRAN,JAKHARIA,JAMNAAUTO,JBFIND,JCHAC,JETAIRWAYS,JETKNIT,JINDALPOLY,JINDALSAW,JISLJALEQS,JKCEMENT,JKIL,JKLAKSHMI,JKPAPER,JKTYRE,JMFINANCIL,JMTAUTOLTD,JPASSOCIAT,JPINFRATEC,JPPOWER,JSL,JSLHISAR,JSWENERGY,JSWHL,JSWSTEEL,JTEKTINDIA,JUBLFOOD,JUMPNET,JUSTDIAL,JYOTHYLAB,KAJARIACER,KALPATPOWR,KANSAINER,KARURVYSYA,KEC,KEI,KENNAMET,KESORAMIND,KIOCL,KIRLOSENG,KITEX,KKVAPOW,KNRCON,KOTAKBANK,KPIT,KPITTECH,KRBL,KRL,KSB,KSBPUMPS,KSCL,KTKBANK,KWALITY,L&TFH,LAKSHVILAS,LALPATHLAB,LAOPALA,LATTEYS,LAURUSLABS,LAXMIMACH,LEMONTREE,LICHSGFIN,LINDEINDIA,LITL,LT,LTI,LTTS,LUPIN,LUXIND,M&M,MAGMA,MAHABANK,MAHINDCIE,MAHLIFE,MAHLOG,MAHSCOOTER,MAHSEAMLES,MANAPPURAM,MANPASAND,MARICO,MARKSANS,MARUTI,MASFIN,MAXINDIA,MAYURUNIQ,MCDOWELL-N,MCLEODRUSS,MCX,MERCK,METROPOLIS,MFSL,MGEL,MGL,MIDHANI,MILTON,MINDACORP,MINDAIND,MINDTREE,MMTC,MNC,MOIL,MOKSH,MONSANTO,MOSERBAER,MOTHERSUMI,MOTILALOFS,MPHASIS,MRF,MRPL,MTNL,MUTHOOTFIN,MYSOREBANK,NATIONALUM,NAUKRI,NAVINFLUOR,NAVKARCORP,NAVNETEDUL,NBCC,NBVENTURES,NCC,NESCO,NESTLEIND,NETWORK18,NFL,NH,NHPC,NIACL,NIFTY,NIITLTD,NIITTECH,NIRMA,NITINFIRE,NMDC,OBEROIRLTY,OFSS,OIL,OMAXE,OMFURN,ONEPOINT,ONGC,ORIENTBANK,ORIENTELEC,ORIENTREF,ORISSAMINE,OSWALSEEDS,PAGEIND,PANACHE,PANSARI,PARAGMILK,PCJEWELLER,PEL,PENTAGOLD,PERSISTENT,PETRONET,PFC,PFIZER,PFS,PGHH,PHILIPCARB,PIDILITIND,PIIND,PIRAMALENT,PNB,PNBHOUSING,PNCINFRA,POLARIS,POLYCAB,POLYMED,POWERGRID,PRAJIND,PRESTIGE,PRISMCEM,PRITI,PROLIFE,PSE,PTC,PTL,PULZ,PUNJLLOYD,PVR,QUESS,RADICO,RADIOCITY,RAIN,RAJMET,RALLIS,RAMCOCEM,RAMCOSYS,RANBAXY,RATNAMANI,RAYMOND,RBLBANK,RCF,RCOM,RECLTD,REL,RELAXO,RELCAPITAL,RELIANCE,RELIGARE,RELINFRA,RENUKA,REPCOHOME,REPL,RESPONIND,RHFL,RIIL,RKFORGE,RNAM,RNAVAL,ROLTA,RPOWER,RTNPOWER,RUCHISOYA,RUPA,RVNL,SADBHAV,SADBHIN,SAIL,SANOFI,SAREGAMA,SATYAMCOMP,SBBJ,SBILIFE,SBIN,SBT,SCHAEFFLER,SCHNEIDER,SCI,SEQUENT,SFL,SHANKARA,SHARDACROP,SHILPAMED,SHILPI,SHK,SHOPERSTOP,SHRADHA,SHREECEM,SHUBHLAXMI,SIEMENS,SIIL,SILVERTUC,SIMPLEXINF,SINTEX,SIRCA,SIS,SITINET,SJVN,SKFINDIA,SKML,SMLISUZU,SMVD,SNOWMAN,SOBHA,SOLEX,SOMANYCERA,SONAMCLOCK,SONATSOFTW,SOUTHBANK,SPANDANA,SPARC,SPICEJET,SPTL,SREINFRA,SRIRAM,SRPL,STAR,STCINDIA,STERLITE,STRTECH,SUDARSCHEM,SUMICHEM,SUNCLAYLTD,SUNDARMFIN,SUNDRMFAST,SUNPHARMA,SUNTECK,SUNTV,SUPPETRO,SUPRAJIT,SUREVIN,SUULD,SUVEN,SUZLON,SVLL,SWANENERGY,SWSOLAR,SYNDIBANK,SYNGENE,TASTYBITE,TATACHEM,TATACOFFEE,TATACOMM,TATAELXSI,TATAINVEST,TATAMOTORS,TATAMTRDVR,TATAPOWER,TATASPONGE,TATASTEEL,TATASTLLP,TATCOM,TATCONSUM,TCI,TCIEXP,TCNSBRANDS,TCS,TEAMLEASE,TECHM,TECHNOE,TEXRAIL,THERMAX,TIDEWATER,TIMETECHNO,TIMKEN,TNPL,TORNTPHARM,TOTAL,TOUCHWOOD,TRENT,TRIDENT,TRITURBINE,TTKPRESTIG,TTML,TV18BRDCST,TVSMOTOR,TVSSRICHAK,UBL,UCOBANK,UFLEX,UFO,UJJIVAN,UJJIVANSFB,UNICHEMLAB,UNIONBANK,UNITECH,UNITEDBNK,UWCSL,VAKRANGEE,VARROC,VBL,VCL,VEDL,VENKEYS,VERA,VERTOZ,VESUVIUS,VGUARD,VIDEOIND,VIJAYABANK,VINATIORGA,VINNY,VMART,VOLTAS,VRLLOG,VSTIND,VTL,WABAG,WEALTH,WELCORP,WELSPUNIND,WOCKPHARMA,WONDERLA,YESBANK,ZEELEARN,ZEEMEDIA,ZEETELE,ZENSARTECH,ZODIAC,ZYDUSLIFE,ZYDUSWELL"
2021-03-31,Nifty100,"ADANIENT,APOLLOHOSP,JUBLFOOD,MRF,VEDL,EDELWEISS,ERIS,FRETAIL,HUDCO,MRPL,NATIONALUM,NLCINDIA,SFL,SHRIRAMCIT,SYMPHONY,WABCOINDIA,YESBANK,BANKBARODA,CONCOR,DEEPAKNTR,DIXON,GICRE,HINDZINC,IDBI,INDIAMART,LAURUSLABS,MAXHEALTH,OFSS,PERSISTENT,PFC,PGHL,SUVENPHAR,BOMDYEING,CARERATING,CHENNPETRO,DBCORP,ESABINDIA,GMDCLTD,HATHWAY,HERITGFOOD,ICRA,JAGRAN,JAICORPLTD,J&KBANK,KTKBANK,KOLTEPATIL,NAVNETEDUL,OMAXE,ORIENTCEM,PRAJIND,PSPPROJECT,PTC,SOUTHBANK,SWARAJENG,TATAELXSI,TVTODAY,VRLLOG,ANGELBRKG,ASAHIINDIA,BALAMINES,CAMS,HAPPSTMNDS,HEMIPROP,ICIL,INTELLECT,KPRMILL,KPITTECH,MAZDOCK,PRINCEPIPE,RESPONIND,ROSSARI,ROUTE,SHARDACROP,SPANDANA,SUNCLAYLTD,TANLA,TRITURBINE,UTIAMC,VALIANTORG,AUBANK,IRCTC,RAJESHEXPO,HAL,CENTURYTEX,DCBBANK,DCMSHRIRAM,GODFRYPHLP,IRCON,LINDEINDIA,MIDHANI,MOIL,SPICEJET,UJJIVANSFB,AARTIDRUGS,AFFLE,ALKYLAMINE,ALOKINDS,AMBER,APLAPOLLO,BSOFT,CDSL,FSL,JBCHEPHARM,THYROCARE,ASTERDM,EQUITAS,IBREALEST,INOXLEISUR,LEMONTREE,RCF,SOBHA,TIMKEN,UJJIVAN,WELCORP,BLUEDART,CAPLIPOINT,CARBORUNIV,FINEORG,HINDCOPPER,QUESS,SEQUENT,SHILPAMED,SWSOLAR,NIFTY,VIPIND,BAJAJHLDNG,GLAXO,IT,NAUKRI,CUB,AEGISCHEM,NHPC,ALKEM,UBL,EICHERMOT,MNC,SKFINDIA,PSE,NIACL,FEDERALBNK,ADANIGREEN,HDFCBANK,IOC,ICICIBANK,ASHOKLEY,BALKRISIND,BHEL,CASTROLIND,ENGINERSIN,IDFC,M&MFIN,MANAPPURAM,OIL,RITES,STAR,AMBUJACEM,BRITANNIA,BSE,CHAMBLFERT,LT,PFIZER,SANOFI,GAIL,BAJFINANCE,HDFC,KOTAKBANK,RBLBANK,SUNTV,CIPLA,DABUR,DIVISLAB,GODREJCP,LUPIN,EMERGE,NARMADA,OMFURN,PASHUPATI,JETKNIT,NITIRAJ,PIGL,SURANI,UCL,VSCL,VCL","BANKBARODA,CONCOR,GICRE,HINDZINC,OFSS,PFC","3MINDIA,8KMILES,AAKASH,AARTIDRUGS,AARTIIND,AARVI,AAVAS,ABAN,ABB,ABBOTINDIA,ABCAPITAL,ABFRL,ABINFRA,ABIRLANUVO,ACC,ACCURACY,ACEINTEG,ADANIENT,ADANIGAS,ADANIGREEN,ADANIPOWER,ADANITRANS,ADVENZYMES,AEGISCHEM,AFFLE,AHLUCONT,AIAENG,AISL,AJANTPHARM,AJOONI,AKZOINDIA,ALBK,ALKEM,ALKYLAMINE,ALOKINDS,ALOKTEXT,AMBANIORG,AMBER,AMBUJACEM,AMTEKAUTO,ANANTRAJ,ANDHRABANK,ANGELBRKG,APARINDS,APLAPOLLO,APLLTD,APOLLOHOSP,APOLLOTYRE,ARICENT,ARTEDZ,ARTNIRMAN,ARVEE,ARVINDFASN,ASAHIINDIA,ASCOM,ASHOKLEY,ASIANPAINT,ASTERDM,ASTRAL,ASTRAMICRO,ASTRAZEN,ATUL,AUBANK,AURDIS,AUROPHARMA,AVANTIFEED,AXISBANK,BAJAJ-AUTO,BAJAJCON,BAJAJCORP,BAJAJELEC,BAJAJFINSV,BAJAJHIND,BAJAJHLDNG,BAJFINANCE,BALAJITELE,BALAMINES,BALKRISIND,BALLARPUR,BALRAMCHIN,BANDHANBNK,BANKBARODA,BASF,BATAINDIA,BAYERCROP,BBTC,BCONCEPTS,BEL,BEML,BERGEPAINT,BFUTILITIE,BGRENERGY,BHARATFORG,BHARATRAS,BHARTIARTL,BHEL,BHUSANSTL,BIOCON,BIRLACORPN,BLISSGVS,BLUEDART,BLUESTARCO,BOMDYEING,BONGAIGAON,BOSCHLTD,BPCL,BRFL,BRIGADE,BRIGHT,BRITANNIA,BSE,BSOFT,CADILAHC,CAMS,CANBK,CANFINHOME,CAPF,CAPLIPOINT,CARBORUNIV,CARERATING,CASTROLIND,CCL,CDSL,CEATLTD,CENTRALBK,CENTURYTEX,CESC,CGCL,CGPOWER,CHALET,CHAMBLFERT,CHENNPETRO,CHOLAFIN,CIPLA,CKPLEISURE,CKPPRODUCT,COCHINSHIP,CONCOR,CONTI,COROMANDEL,CORPBANK,COX&KINGS,CREDITACC,CRISIL,CROMPTON,CSBBANK,CUB,CUMMINSIND,CYIENT,DABUR,DALBHARAT,DALMIABHA,DBCORP,DBL,DBREALTY,DCAL,DCBBANK,DCI,DCMSHRIRAM,DEEPAKFERT,DEEPAKNTR,DELTACORP,DEN,DENABANK,DHANUKA,DHFL,DISHTV,DIVISLAB,DIXON,DLF,DMART,DREDGECORP,DRREDDY,DRSDILIP,DSML,DYNAMATECH,ECLERX,EDELWEISS,EICHERMOT,EIDPARRY,ELGIEQUIP,EMAMILTD,EMERGE,EMKAYTOOLS,ENDURANCE,ENGINERSIN,ENIL,EQUITAS,ERIS,EROSMEDIA,ESABINDIA,ESCORTS,ESSELPACK,EVEREADY,EXCELCROP,EXIDEIND,FCONSUMER,FDC,FEDERALBNK,FELIX,FINCABLES,FINEORG,FIVECORE,FLFL,FLUOROCHEM,FMCG,FMGOETZE,FORTIS,FRETAIL,FSC,FSL,GAIL,GALAXYSURF,GANGAFORGE,GARFIBRES,GATI,GAYAPROJ,GDL,GEPIL,GESHIP,GET&D,GHCL,GICHSGFIN,GICL,GICRE,GLAXO,GLENMARK,GMDCLTD,GMMPFAUDLR,GNFC,GODFRYPHLP,GODREJAGRO,GODREJCP,GODREJIND,GODREJPROP,GOLDSTAR,GPPL,GRANULES,GRAPHITE,GRASIM,GREAVESCOT,GREENPLY,GRETEX,GRINDWELL,GRSE,GRUH,GSFC,GSKCONS,GUJALKALI,GUJFLUORO,GUJGASLTD,GVKPIL,HAL,HAPPSTMNDS,HATHWAY,HAVELLS,HCC,HCL-INSYS,HCLTECH,HDFC,HDFCAMC,HDFCBANK,HDFCLIFE,HDIL,HECPROJECT,HEG,HEIDELBERG,HEMIPROP,HERITGFOOD,HEROMOTOCO,HEROMOTOCOP,HEXAWARE,HFCL,HIMATSEIDE,HINDALCO,HINDCOPPER,HINDPETRO,HINDUNILVR,HINDZINC,HMVL,HONAUT,HSCL,HUDCO,HUSYSLTD,IBP,IBREALEST,IBULHSGFIN,IBULISL,IBVENTURES,ICEMAKE,ICICIBANK,ICICIGI,ICICIPRULI,ICIL,ICRA,IDBI,IDFC,IDFCBANK,IEX,IFBIND,IFCI,IGARASHI,IGL,IIFL,IIFLWAM,IL&FSTRANS,INDIACEM,INDIAMART,INDIANB,INDIGO,INDOCO,INDOSTAR,INDUSINDBK,INFIBEAM,INFY,INGERRAND,INGVYSYABANK,INNOVANA,INOXLEISUR,INOXWIND,INTELLECT,IOB,IOC,IPAPPM,IPCALAB,IPCL,IRB,IRCON,IRCTC,ISEC,IT,ITC,ITDC,ITDCEM,ITI,J&KBANK,JAGRAN,JAICORPLTD,JAKHARIA,JAMNAAUTO,JBCHEPHARM,JBFIND,JCHAC,JETAIRWAYS,JETKNIT,JINDALPOLY,JINDALSAW,JISLJALEQS,JKCEMENT,JKIL,JKLAKSHMI,JKPAPER,JKTYRE,JMFINANCIL,JMTAUTOLTD,JPASSOCIAT,JPINFRATEC,JPPOWER,JSL,JSLHISAR,JSWENERGY,JSWHL,JSWSTEEL,JTEKTINDIA,JUBLFOOD,JUMPNET,JUSTDIAL,JYOTHYLAB,KAJARIACER,KALPATPOWR,KANSAINER,KARURVYSYA,KEC,KEI,KENNAMET,KESORAMIND,KIOCL,KIRLOSENG,KITEX,KKVAPOW,KNRCON,KOLTEPATIL,KOTAKBANK,KPIT,KPITTECH,KPRMILL,KRBL,KRL,KSB,KSBPUMPS,KSCL,KTKBANK,KWALITY,L&TFH,LAKSHVILAS,LALPATHLAB,LAOPALA,LATTEYS,LAURUSLABS,LAXMIMACH,LEMONTREE,LICHSGFIN,LINDEINDIA,LITL,LT,LTI,LTTS,LUPIN,LUXIND,M&M,M&MFIN,MAGMA,MAHABANK,MAHINDCIE,MAHLIFE,MAHLOG,MAHSCOOTER,MAHSEAMLES,MANAPPURAM,MANPASAND,MARICO,MARKSANS,MARUTI,MASFIN,MAXHEALTH,MAXINDIA,MAYURUNIQ,MAZDOCK,MCDOWELL-N,MCLEODRUSS,MCX,MERCK,METROPOLIS,MFSL,MGEL,MGL,MIDHANI,MILTON,MINDACORP,MINDAIND,MINDTREE,MMTC,MNC,MOIL,MOKSH,MONSANTO,MOSERBAER,MOTHERSUMI,MOTILALOFS,MPHASIS,MRF,MRPL,MTNL,MUTHOOTFIN,MYSOREBANK,NARMADA,NATIONALUM,NAUKRI,NAVINFLUOR,NAVKARCORP,NAVNETEDUL,NBCC,NBVENTURES,NCC,NESCO,NESTLEIND,NETWORK18,NFL,NH,NHPC,NIACL,NIFTY,NIITLTD,NIITTECH,NIRMA,NITINFIRE,NITIRAJ,NLCINDIA,NMDC,OBEROIRLTY,OFSS,OIL,OMAXE,OMFURN,ONEPOINT,ONGC,ORIENTBANK,ORIENTCEM,ORIENTELEC,ORIENTREF,ORISSAMINE,OSWALSEEDS,PAGEIND,PANACHE,PANSARI,PARAGMILK,PASHUPATI,PCJEWELLER,PEL,PENTAGOLD,PERSISTENT,PETRONET,PFC,PFIZER,PFS,PGHH,PGHL,PHILIPCARB,PIDILITIND,PIGL,PIIND,PIRAMALENT,PNB,PNBHOUSING,PNCINFRA,POLARIS,POLYCAB,POLYMED,POWERGRID,PRAJIND,PRESTIGE,PRINCEPIPE,PRISMCEM,PRITI,PROLIFE,PSE,PSPPROJECT,PTC,PTL,PULZ,PUNJLLOYD,PVR,QUESS,RADICO,RADIOCITY,RAIN,RAJESHEXPO,RAJMET,RALLIS,RAMCOCEM,RAMCOSYS,RANBAXY,RATNAMANI,RAYMOND,RBLBANK,RCF,RCOM,RECLTD,REL,RELAXO,RELCAPITAL,RELIANCE,RELIGARE,RELINFRA,RENUKA,REPCOHOME,REPL,RESPONIND,RHFL,RIIL,RITES,RKFORGE,RNAM,RNAVAL,ROLTA,ROSSARI,ROUTE,RPOWER,RTNPOWER,RUCHISOYA,RUPA,RVNL,SADBHAV,SADBHIN,SAIL,SANOFI,SAREGAMA,SATYAMCOMP,SBBJ,SBILIFE,SBIN,SBT,SCHAEFFLER,SCHNEIDER,SCI,SEQUENT,SFL,SHANKARA,SHARDACROP,SHILPAMED,SHILPI,SHK,SHOPERSTOP,SHRADHA,SHREECEM,SHRIRAMCIT,SHUBHLAXMI,SIEMENS,SIIL,SILVERTUC,SIMPLEXINF,SINTEX,SIRCA,SIS,SITINET,SJVN,SKFINDIA,SKML,SMLISUZU,SMVD,SNOWMAN,SOBHA,SOLEX,SOMANYCERA,SONAMCLOCK,SONATSOFTW,SOUTHBANK,SPANDANA,SPARC,SPICEJET,SPTL,SREINFRA,SRIRAM,SRPL,STAR,STCINDIA,STERLITE,STRTECH,SUDARSCHEM,SUMICHEM,SUNCLAYLTD,SUNDARMFIN,SUNDRMFAST,SUNPHARMA,SUNTECK,SUNTV,SUPPETRO,SUPRAJIT,SURANI,SUREVIN,SUULD,SUVEN,SUVENPHAR,SUZLON,SVLL,SWANENERGY,SWARAJENG,SWSOLAR,SYMPHONY,SYNDIBANK,SYNGENE,TANLA,TASTYBITE,TATACHEM,TATACOFFEE,TATACOMM,TATAELXSI,TATAINVEST,TATAMOTORS,TATAMTRDVR,TATAPOWER,TATASPONGE,TATASTEEL,TATASTLLP,TATCOM,TATCONSUM,TCI,TCIEXP,TCNSBRANDS,TCS,TEAMLEASE,TECHM,TECHNOE,TEXRAIL,THERMAX,THYROCARE,TIDEWATER,TIMETECHNO,TIMKEN,TNPL,TORNTPHARM,TOTAL,TOUCHWOOD,TRENT,TRIDENT,TRITURBINE,TTKPRESTIG,TTML,TV18BRDCST,TVSMOTOR,TVSSRICHAK,TVTODAY,UBL,UCL,UCOBANK,UFLEX,UFO,UJJIVAN,UJJIVANSFB,UNICHEMLAB,UNIONBANK,UNITECH,UNITEDBNK,UTIAMC,UWCSL,VAKRANGEE,VALIANTORG,VARROC,VBL,VCL,VEDL,VENKEYS,VERA,VERTOZ,VESUVIUS,VGUARD,VIDEOIND,VIJAYABANK,VINATIORGA,VINNY,VIPIND,VMART,VOLTAS,VRLLOG,VSCL,VSTIND,VTL,WABAG,WABCOINDIA,WEALTH,WELCORP,WELSPUNIND,WOCKPHARMA,WONDERLA,YESBANK,ZEELEARN,ZEEMEDIA,ZEETELE,ZENSARTECH,ZODIAC,ZYDUSLIFE,ZYDUSWELL"
2021-06-30,Nifty100,"MOTHERSUMI,NIFTY,TIINDIA",MOTHERSUMI,"3MINDIA,8KMILES,AAKASH,AARTIDRUGS,AARTIIND,AARVI,AAVAS,ABAN,ABB,ABBOTINDIA,ABCAPITAL,ABFRL,ABINFRA,ABIRLANUVO,ACC,ACCURACY,ACEINTEG,ADANIENT,ADANIGAS,ADANIGREEN,ADANIPOWER,ADANITRANS,ADVENZYMES,AEGISCHEM,AFFLE,AHLUCONT,AIAENG,AISL,AJANTPHARM,AJOONI,AKZOINDIA,ALBK,ALKEM,ALKYLAMINE,ALOKINDS,ALOKTEXT,AMBANIORG,AMBER,AMBUJACEM,AMTEKAUTO,ANANTRAJ,ANDHRABANK,ANGELBRKG,APARINDS,APLAPOLLO,APLLTD,APOLLOHOSP,APOLLOTYRE,ARICENT,ARTEDZ,ARTNIRMAN,ARVEE,ARVINDFASN,ASAHIINDIA,ASCOM,ASHOKLEY,ASIANPAINT,ASTERDM,ASTRAL,ASTRAMICRO,ASTRAZEN,ATUL,AUBANK,AURDIS,AUROPHARMA,AVANTIFEED,AXISBANK,BAJAJ-AUTO,BAJAJCON,BAJAJCORP,BAJAJELEC,BAJAJFINSV,BAJAJHIND,BAJAJHLDNG,BAJFINANCE,BALAJITELE,BALAMINES,BALKRISIND,BALLARPUR,BALRAMCHIN,BANDHANBNK,BANKBARODA,BASF,BATAINDIA,BAYERCROP,BBTC,BCONCEPTS,BEL,BEML,BERGEPAINT,BFUTILITIE,BGRENERGY,BHARATFORG,BHARATRAS,BHARTIARTL,BHEL,BHUSANSTL,BIOCON,BIRLACORPN,BLISSGVS,BLUEDART,BLUESTARCO,BOMDYEING,BONGAIGAON,BOSCHLTD,BPCL,BRFL,BRIGADE,BRIGHT,BRITANNIA,BSE,BSOFT,CADILAHC,CAMS,CANBK,CANFINHOME,CAPF,CAPLIPOINT,CARBORUNIV,CARERATING,CASTROLIND,CCL,CDSL,CEATLTD,CENTRALBK,CENTURYTEX,CESC,CGCL,CGPOWER,CHALET,CHAMBLFERT,CHENNPETRO,CHOLAFIN,CIPLA,CKPLEISURE,CKPPRODUCT,COCHINSHIP,CONCOR,CONTI,COROMANDEL,CORPBANK,COX&KINGS,CREDITACC,CRISIL,CROMPTON,CSBBANK,CUB,CUMMINSIND,CYIENT,DABUR,DALBHARAT,DALMIABHA,DBCORP,DBL,DBREALTY,DCAL,DCBBANK,DCI,DCMSHRIRAM,DEEPAKFERT,DEEPAKNTR,DELTACORP,DEN,DENABANK,DHANUKA,DHFL,DISHTV,DIVISLAB,DIXON,DLF,DMART,DREDGECORP,DRREDDY,DRSDILIP,DSML,DYNAMATECH,ECLERX,EDELWEISS,EICHERMOT,EIDPARRY,ELGIEQUIP,EMAMILTD,EMERGE,EMKAYTOOLS,ENDURANCE,ENGINERSIN,ENIL,EQUITAS,ERIS,EROSMEDIA,ESABINDIA,ESCORTS,ESSELPACK,EVEREADY,EXCELCROP,EXIDEIND,FCONSUMER,FDC,FEDERALBNK,FELIX,FINCABLES,FINEORG,FIVECORE,FLFL,FLUOROCHEM,FMCG,FMGOETZE,FORTIS,FRETAIL,FSC,FSL,GAIL,GALAXYSURF,GANGAFORGE,GARFIBRES,GATI,GAYAPROJ,GDL,GEPIL,GESHIP,GET&D,GHCL,GICHSGFIN,GICL,GICRE,GLAXO,GLENMARK,GMDCLTD,GMMPFAUDLR,GNFC,GODFRYPHLP,GODREJAGRO,GODREJCP,GODREJIND,GODREJPROP,GOLDSTAR,GPPL,GRANULES,GRAPHITE,GRASIM,GREAVESCOT,GREENPLY,GRETEX,GRINDWELL,GRSE,GRUH,GSFC,GSKCONS,GUJALKALI,GUJFLUORO,GUJGASLTD,GVKPIL,HAL,HAPPSTMNDS,HATHWAY,HAVELLS,HCC,HCL-INSYS,HCLTECH,HDFC,HDFCAMC,HDFCBANK,HDFCLIFE,HDIL,HECPROJECT,HEG,HEIDELBERG,HEMIPROP,HERITGFOOD,HEROMOTOCO,HEROMOTOCOP,HEXAWARE,HFCL,HIMATSEIDE,HINDALCO,HINDCOPPER,HINDPETRO,HINDUNILVR,HINDZINC,HMVL,HONAUT,HSCL,HUDCO,HUSYSLTD,IBP,IBREALEST,IBULHSGFIN,IBULISL,IBVENTURES,ICEMAKE,ICICIBANK,ICICIGI,ICICIPRULI,ICIL,ICRA,IDBI,IDFC,IDFCBANK,IEX,IFBIND,IFCI,IGARASHI,IGL,IIFL,IIFLWAM,IL&FSTRANS,INDIACEM,INDIAMART,INDIANB,INDIGO,INDOCO,INDOSTAR,INDUSINDBK,INFIBEAM,INFY,INGERRAND,INGVYSYABANK,INNOVANA,INOXLEISUR,INOXWIND,INTELLECT,IOB,IOC,IPAPPM,IPCALAB,IPCL,IRB,IRCON,IRCTC,ISEC,IT,ITC,ITDC,ITDCEM,ITI,J&KBANK,JAGRAN,JAICORPLTD,JAKHARIA,JAMNAAUTO,JBCHEPHARM,JBFIND,JCHAC,JETAIRWAYS,JETKNIT,JINDALPOLY,JINDALSAW,JISLJALEQS,JKCEMENT,JKIL,JKLAKSHMI,JKPAPER,JKTYRE,JMFINANCIL,JMTAUTOLTD,JPASSOCIAT,JPINFRATEC,JPPOWER,JSL,JSLHISAR,JSWENERGY,JSWHL,JSWSTEEL,JTEKTINDIA,JUBLFOOD,JUMPNET,JUSTDIAL,JYOTHYLAB,KAJARIACER,KALPATPOWR,KANSAINER,KARURVYSYA,KEC,KEI,KENNAMET,KESORAMIND,KIOCL,KIRLOSENG,KITEX,KKVAPOW,KNRCON,KOLTEPATIL,KOTAKBANK,KPIT,KPITTECH,KPRMILL,KRBL,KRL,KSB,KSBPUMPS,KSCL,KTKBANK,KWALITY,L&TFH,LAKSHVILAS,LALPATHLAB,LAOPALA,LATTEYS,LAURUSLABS,LAXMIMACH,LEMONTREE,LICHSGFIN,LINDEINDIA,LITL,LT,LTI,LTTS,LUPIN,LUXIND,M&M,M&MFIN,MAGMA,MAHABANK,MAHINDCIE,MAHLIFE,MAHLOG,MAHSCOOTER,MAHSEAMLES,MANAPPURAM,MANPASAND,MARICO,MARKSANS,MARUTI,MASFIN,MAXHEALTH,MAXINDIA,MAYURUNIQ,MAZDOCK,MCDOWELL-N,MCLEODRUSS,MCX,MERCK,METROPOLIS,MFSL,MGEL,MGL,MIDHANI,MILTON,MINDACORP,MINDAIND,MINDTREE,MMTC,MNC,MOIL,MOKSH,MONSANTO,MOSERBAER,MOTHERSUMI,MOTILALOFS,MPHASIS,MRF,MRPL,MTNL,MUTHOOTFIN,MYSOREBANK,NARMADA,NATIONALUM,NAUKRI,NAVINFLUOR,NAVKARCORP,NAVNETEDUL,NBCC,NBVENTURES,NCC,NESCO,NESTLEIND,NETWORK18,NFL,NH,NHPC,NIACL,NIFTY,NIITLTD,NIITTECH,NIRMA,NITINFIRE,NITIRAJ,NLCINDIA,NMDC,OBEROIRLTY,OFSS,OIL,OMAXE,OMFURN,ONEPOINT,ONGC,ORIENTBANK,ORIENTCEM,ORIENTELEC,ORIENTREF,ORISSAMINE,OSWALSEEDS,PAGEIND,PANACHE,PANSARI,PARAGMILK,PASHUPATI,PCJEWELLER,PEL,PENTAGOLD,PERSISTENT,PETRONET,PFC,PFIZER,PFS,PGHH,PGHL,PHILIPCARB,PIDILITIND,PIGL,PIIND,PIRAMALENT,PNB,PNBHOUSING,PNCINFRA,POLARIS,POLYCAB,POLYMED,POWERGRID,PRAJIND,PRESTIGE,PRINCEPIPE,PRISMCEM,PRITI,PROLIFE,PSE,PSPPROJECT,PTC,PTL,PULZ,PUNJLLOYD,PVR,QUESS,RADICO,RADIOCITY,RAIN,RAJESHEXPO,RAJMET,RALLIS,RAMCOCEM,RAMCOSYS,RANBAXY,RATNAMANI,RAYMOND,RBLBANK,RCF,RCOM,RECLTD,REL,RELAXO,RELCAPITAL,RELIANCE,RELIGARE,RELINFRA,RENUKA,REPCOHOME,REPL,RESPONIND,RHFL,RIIL,RITES,RKFORGE,RNAM,RNAVAL,ROLTA,ROSSARI,ROUTE,RPOWER,RTNPOWER,RUCHISOYA,RUPA,RVNL,SADBHAV,SADBHIN,SAIL,SANOFI,SAREGAMA,SATYAMCOMP,SBBJ,SBILIFE,SBIN,SBT,SCHAEFFLER,SCHNEIDER,SCI,SEQUENT,SFL,SHANKARA,SHARDACROP,SHILPAMED,SHILPI,SHK,SHOPERSTOP,SHRADHA,SHREECEM,SHRIRAMCIT,SHUBHLAXMI,SIEMENS,SIIL,SILVERTUC,SIMPLEXINF,SINTEX,SIRCA,SIS,SITINET,SJVN,SKFINDIA,SKML,SMLISUZU,SMVD,SNOWMAN,SOBHA,SOLEX,SOMANYCERA,SONAMCLOCK,SONATSOFTW,SOUTHBANK,SPANDANA,SPARC,SPICEJET,SPTL,SREINFRA,SRIRAM,SRPL,STAR,STCINDIA,STERLITE,STRTECH,SUDARSCHEM,SUMICHEM,SUNCLAYLTD,SUNDARMFIN,SUNDRMFAST,SUNPHARMA,SUNTECK,SUNTV,SUPPETRO,SUPRAJIT,SURANI,SUREVIN,SUULD,SUVEN,SUVENPHAR,SUZLON,SVLL,SWANENERGY,SWARAJENG,SWSOLAR,SYMPHONY,SYNDIBANK,SYNGENE,TANLA,TASTYBITE,TATACHEM,TATACOFFEE,TATACOMM,TATAELXSI,TATAINVEST,TATAMOTORS,TATAMTRDVR,TATAPOWER,TATASPONGE,TATASTEEL,TATASTLLP,TATCOM,TATCONSUM,TCI,TCIEXP,TCNSBRANDS,TCS,TEAMLEASE,TECHM,TECHNOE,TEXRAIL,THERMAX,THYROCARE,TIDEWATER,TIINDIA,TIMETECHNO,TIMKEN,TNPL,TORNTPHARM,TOTAL,TOUCHWOOD,TRENT,TRIDENT,TRITURBINE,TTKPRESTIG,TTML,TV18BRDCST,TVSMOTOR,TVSSRICHAK,TVTODAY,UBL,UCL,UCOBANK,UFLEX,UFO,UJJIVAN,UJJIVANSFB,UNICHEMLAB,UNIONBANK,UNITECH,UNITEDBNK,UTIAMC,UWCSL,VAKRANGEE,VALIANTORG,VARROC,VBL,VCL,VEDL,VENKEYS,VERA,VERTOZ,VESUVIUS,VGUARD,VIDEOIND,VIJAYABANK,VINATIORGA,VINNY,VIPIND,VMART,VOLTAS,VRLLOG,VSCL,VSTIND,VTL,WABAG,WABCOINDIA,WEALTH,WELCORP,WELSPUNIND,WOCKPHARMA,WONDERLA,YESBANK,ZEELEARN,ZEEMEDIA,ZEETELE,ZENSARTECH,ZODIAC,ZYDUSLIFE,ZYDUSWELL"
2022-03-31,Nifty100,"NYKAA,MINDTREE,PAYTM,SRF,AMARAJABAT,CASTROLIND,CHOLAHLDNG,CUB,DHANI,GILLETTE,HINDCOPPER,ITI,MGL,MOTILALOFS,RBLBANK,SUVENPHAR,TTKPRESTIG,VAIBHAVGBL,ZYDUSWELL,AUROPHARMA,CGPOWER,CLEAN,GRINDWELL,FLUOROCHEM,HAPPSTMNDS,HINDPETRO,IDBI,IEX,IGL,JINDALSTEL,NUVOCO,POLICYBZR,STARHEALTH,TTML,TRIDENT,ALEMBICLTD,ASHOKA,BAJAJCON,BHARATRAS,CGCL,DCBBANK,DHANUKA,FRETAIL,GREAVESCOT,HEIDELBERG,INGERRAND,IOLCP,JINDALSAW,KSCL,KSB,LAOPALA,LEMONTREE,MINDACORP,MIDHANI,NFL,NILKAMAL,SCHNEIDER,SHARDACROP,SPANDANA,STARCEMENT,TASTYBITE,UJJIVAN,UJJIVANSFB,VALIANTORG,ABSLAMC,ALLCARGO,APTUS,BORORENEW,BCG,MAPMYINDIA,CHEMPLASTS,DEVYANI,EASEMYTRIP,GRINFRA,GLS,GOCOLORS,HLEGLAS,KIMS,LATENTVIEW,MEDPLUS,METROBRAND,PRIVISCL,RTNINDIA,SAPPHIRE,SAREGAMA,RENUKA,SHYAMMETL,TATAINVEST,VIJAYA,FEDERALBNK,GUJGASLTD,LICHSGFIN,M&MFIN,MFSL,PETRONET,RECLTD,RAMCOCEM,AARTIIND,ASTRAL,LTTS,LAURUSLABS,MPHASIS,APOLLOTYRE,BANKINDIA,EXIDEIND,GLENMARK,MANAPPURAM,ABB,ABBOTINDIA,OFSS,AJANTPHARM,ENDURANCE,GODREJIND,IRFC,NATCOPHARM,PFIZER,SANOFI,MAXHEALTH,METROPOLIS,PERSISTENT,AARTIDRUGS,AVANTIFEED,CEATLTD,GMMPFAUDLR,MMTC,RVNL,RALLIS,STAR,TV18BRDCST,WOCKPHARMA,ANGELONE,HFCL,KPITTECH,LXCHEM,POONAWALLA,ASTRAZEN,COCHINSHIP,CSBBANK,ENGINERSIN,FDC,INDIACEM,INFIBEAM,KALPATPOWR,MAZDOCK,RBA,RITES,SEQUENT,SPICEJET,THYROCARE,VAKRANGEE,BRIGADE,IRB,JSL,MASTEK,REDINGTON,SOBHA,NIFTY,JKTYRE,JCHAC,ATFL,BANCOINDIA,BFINVEST,BLISSGVS,BODALCHEM,CAPACITE,CLNINDIA,DHAMPURSUG,DREDGECORP,EXCELINDUS,FMGOETZE,GMBREW,GIPCL,HNDFDS,HUHTAMAKI,ICRA,ITDC,INDIANHUME,INSECTICID,ITDCEM,JKIL,JAGRAN,KIRLOSBROS,LUMAXTECH,MTNL,NOVARTIND,OAL,OCCL,PARAGMILK,PCJEWELLER,PNBGILTS,PRAKASH,PFS,PSB,QUICKHEAL,RAMCOSYS,RANEHOLDIN,SADBHAV,SATIA,SESHAPAPER,SHANKARA,SHANTIGEAR,SHARDAMOTR,SMSPHARMA,SNOWMAN,SUNFLAG,TAKE,TNPL,VESUVIUS,VINDHYATEL,WHEELS,AHLUCONT,AMIORG,ANANDRATHI,APOLLOPIPE,BESTAGRO,CARTRADE,CMSINFO,DATAPATTNS,DODLA,FAIRCHEMOR,FINOPB,GHCL,GLOBUSSPR,GREENLAM,GTLINFRA,IPL,KENNAMET,KRSNAA,MFL,MOL,OPTIEMUS,PARAS,RATEGAIN,RESPONIND,ROLEXRINGS,SANSERA,SHAREINDIA,SUPRIYA,TARSONS,TATVA,TEGA,ESCORTS,GICRE,L&TFH,CDSL,APLLTD,COALINDIA,MRPL,IOC,HEROMOTOCO,AMBUJACEM,EMAMILTD,STLTECH,TATAPOWER,HCLTECH,NAM-INDIA,OIL,SAIL,VEDL","AUROPHARMA,HINDPETRO,IGL,JINDALSTEL,YESBANK","3MINDIA,8KMILES,AAKASH,AARTIDRUGS,AARTIIND,AARVI,AAVAS,ABAN,ABB,ABBOTINDIA,ABCAPITAL,ABFRL,ABINFRA,ABIRLANUVO,ABSLAMC,ACC,ACCURACY,ACEINTEG,ADANIENT,ADANIGAS,ADANIGREEN,ADANIPOWER,ADANITRANS,ADVENZYMES,AEGISCHEM,AFFLE,AHLUCONT,AIAENG,AISL,AJANTPHARM,AJOONI,AKZOINDIA,ALBK,ALEMBICLTD,ALKEM,ALKYLAMINE,ALLCARGO,ALOKINDS,ALOKTEXT,AMARAJABAT,AMBANIORG,AMBER,AMBUJACEM,AMIORG,AMTEKAUTO,ANANDRATHI,ANANTRAJ,ANDHRABANK,ANGELBRKG,ANGELONE,APARINDS,APLAPOLLO,APLLTD,APOLLOHOSP,APOLLOPIPE,APOLLOTYRE,APTUS,ARICENT,ARTEDZ,ARTNIRMAN,ARVEE,ARVINDFASN,ASAHIINDIA,ASCOM,ASHOKA,ASHOKLEY,ASIANPAINT,ASTERDM,ASTRAL,ASTRAMICRO,ASTRAZEN,ATFL,ATUL,AUBANK,AURDIS,AUROPHARMA,AVANTIFEED,AXISBANK,BAJAJ-AUTO,BAJAJCON,BAJAJCORP,BAJAJELEC,BAJAJFINSV,BAJAJHIND,BAJAJHLDNG,BAJFINANCE,BALAJITELE,BALAMINES,BALKRISIND,BALLARPUR,BALRAMCHIN,BANCOINDIA,BANDHANBNK,BANKBARODA,BANKINDIA,BASF,BATAINDIA,BAYERCROP,BBTC,BCG,BCONCEPTS,BEL,BEML,BERGEPAINT,BESTAGRO,BFINVEST,BFUTILITIE,BGRENERGY,BHARATFORG,BHARATRAS,BHARTIARTL,BHEL,BHUSANSTL,BIOCON,BIRLACORPN,BLISSGVS,BLUEDART,BLUESTARCO,BODALCHEM,BOMDYEING,BONGAIGAON,BORORENEW,BOSCHLTD,BPCL,BRFL,BRIGADE,BRIGHT,BRITANNIA,BSE,BSOFT,CADILAHC,CAMS,CANBK,CANFINHOME,CAPACITE,CAPF,CAPLIPOINT,CARBORUNIV,CARERATING,CARTRADE,CASTROLIND,CCL,CDSL,CEATLTD,CENTRALBK,CENTURYTEX,CESC,CGCL,CGPOWER,CHALET,CHAMBLFERT,CHEMPLASTS,CHENNPETRO,CHOLAFIN,CHOLAHLDNG,CIPLA,CKPLEISURE,CKPPRODUCT,CLEAN,CLNINDIA,CMSINFO,COALINDIA,COCHINSHIP,CONCOR,CONTI,COROMANDEL,CORPBANK,COX&KINGS,CREDITACC,CRISIL,CROMPTON,CSBBANK,CUB,CUMMINSIND,CYIENT,DABUR,DALBHARAT,DALMIABHA,DATAPATTNS,DBCORP,DBL,DBREALTY,DCAL,DCBBANK,DCI,DCMSHRIRAM,DEEPAKFERT,DEEPAKNTR,DELTACORP,DEN,DENABANK,DEVYANI,DHAMPURSUG,DHANI,DHANUKA,DHFL,DISHTV,DIVISLAB,DIXON,DLF,DMART,DODLA,DREDGECORP,DRREDDY,DRSDILIP,DSML,DYNAMATECH,EASEMYTRIP,ECLERX,EDELWEISS,EICHERMOT,EIDPARRY,ELGIEQUIP,EMAMILTD,EMERGE,EMKAYTOOLS,ENDURANCE,ENGINERSIN,ENIL,EQUITAS,ERIS,EROSMEDIA,ESABINDIA,ESCORTS,ESSELPACK,EVEREADY,EXCELCROP,EXCELINDUS,EXIDEIND,FAIRCHEMOR,FCONSUMER,FDC,FEDERALBNK,FELIX,FINCABLES,FINEORG,FINOPB,FIVECORE,FLFL,FLUOROCHEM,FMCG,FMGOETZE,FORTIS,FRETAIL,FSC,FSL,GAIL,GALAXYSURF,GANGAFORGE,GARFIBRES,GATI,GAYAPROJ,GDL,GEPIL,GESHIP,GET&D,GHCL,GICHSGFIN,GICL,GICRE,GILLETTE,GIPCL,GLAXO,GLENMARK,GLOBUSSPR,GLS,GMBREW,GMDCLTD,GMMPFAUDLR,GNFC,GOCOLORS,GODFRYPHLP,GODREJAGRO,GODREJCP,GODREJIND,GODREJPROP,GOLDSTAR,GPPL,GRANULES,GRAPHITE,GRASIM,GREAVESCOT,GREENLAM,GREENPLY,GRETEX,GRINDWELL,GRINFRA,GRSE,GRUH,GSFC,GSKCONS,GTLINFRA,GUJALKALI,GUJFLUORO,GUJGASLTD,GVKPIL,HAL,HAPPSTMNDS,HATHWAY,HAVELLS,HCC,HCL-INSYS,HCLTECH,HDFC,HDFCAMC,HDFCBANK,HDFCLIFE,HDIL,HECPROJECT,HEG,HEIDELBERG,HEMIPROP,HERITGFOOD,HEROMOTOCO,HEROMOTOCOP,HEXAWARE,HFCL,HIMATSEIDE,HINDALCO,HINDCOPPER,HINDPETRO,HINDUNILVR,HINDZINC,HLEGLAS,HMVL,HNDFDS,HONAUT,HSCL,HUDCO,HUHTAMAKI,HUSYSLTD,IBP,IBREALEST,IBULHSGFIN,IBULISL,IBVENTURES,ICEMAKE,ICICIBANK,ICICIGI,ICICIPRULI,ICIL,ICRA,IDBI,IDFC,IDFCBANK,IEX,IFBIND,IFCI,IGARASHI,IGL,IIFL,IIFLWAM,IL&FSTRANS,INDIACEM,INDIAMART,INDIANB,INDIANHUME,INDIGO,INDOCO,INDOSTAR,INDUSINDBK,INFIBEAM,INFY,INGERRAND,INGVYSYABANK,INNOVANA,INOXLEISUR,INOXWIND,INSECTICID,INTELLECT,IOB,IOC,IOLCP,IPAPPM,IPCALAB,IPCL,IPL,IRB,IRCON,IRCTC,IRFC,ISEC,IT,ITC,ITDC,ITDCEM,ITI,J&KBANK,JAGRAN,JAICORPLTD,JAKHARIA,JAMNAAUTO,JBCHEPHARM,JBFIND,JCHAC,JETAIRWAYS,JETKNIT,JINDALPOLY,JINDALSAW,JINDALSTEL,JISLJALEQS,JKCEMENT,JKIL,JKLAKSHMI,JKPAPER,JKTYRE,JMFINANCIL,JMTAUTOLTD,JPASSOCIAT,JPINFRATEC,JPPOWER,JSL,JSLHISAR,JSWENERGY,JSWHL,JSWSTEEL,JTEKTINDIA,JUBLFOOD,JUMPNET,JUSTDIAL,JYOTHYLAB,KAJARIACER,KALPATPOWR,KANSAINER,KARURVYSYA,KEC,KEI,KENNAMET,KESORAMIND,KIMS,KIOCL,KIRLOSBROS,KIRLOSENG,KITEX,KKVAPOW,KNRCON,KOLTEPATIL,KOTAKBANK,KPIT,KPITTECH,KPRMILL,KRBL,KRL,KRSNAA,KSB,KSBPUMPS,KSCL,KTKBANK,KWALITY,L&TFH,LAKSHVILAS,LALPATHLAB,LAOPALA,LATENTVIEW,LATTEYS,LAURUSLABS,LAXMIMACH,LEMONTREE,LICHSGFIN,LINDEINDIA,LITL,LT,LTI,LTTS,LUMAXTECH,LUPIN,LUXIND,LXCHEM,M&M,M&MFIN,MAGMA,MAHABANK,MAHINDCIE,MAHLIFE,MAHLOG,MAHSCOOTER,MAHSEAMLES,MANAPPURAM,MANPASAND,MAPMYINDIA,MARICO,MARKSANS,MARUTI,MASFIN,MASTEK,MAXHEALTH,MAXINDIA,MAYURUNIQ,MAZDOCK,MCDOWELL-N,MCLEODRUSS,MCX,MEDPLUS,MERCK,METROBRAND,METROPOLIS,MFL,MFSL,MGEL,MGL,MIDHANI,MILTON,MINDACORP,MINDAIND,MINDTREE,MMTC,MNC,MOIL,MOKSH,MOL,MONSANTO,MOSERBAER,MOTHERSUMI,MOTILALOFS,MPHASIS,MRF,MRPL,MTNL,MUTHOOTFIN,MYSOREBANK,NAM-INDIA,NARMADA,NATCOPHARM,NATIONALUM,NAUKRI,NAVINFLUOR,NAVKARCORP,NAVNETEDUL,NBCC,NBVENTURES,NCC,NESCO,NESTLEIND,NETWORK18,NFL,NH,NHPC,NIACL,NIFTY,NIITLTD,NIITTECH,NILKAMAL,NIRMA,NITINFIRE,NITIRAJ,NLCINDIA,NMDC,NOVARTIND,NUVOCO,NYKAA,OAL,OBEROIRLTY,OCCL,OFSS,OIL,OMAXE,OMFURN,ONEPOINT,ONGC,OPTIEMUS,ORIENTBANK,ORIENTCEM,ORIENTELEC,ORIENTREF,ORISSAMINE,OSWALSEEDS,PAGEIND,PANACHE,PANSARI,PARAGMILK,PARAS,PASHUPATI,PAYTM,PCJEWELLER,PEL,PENTAGOLD,PERSISTENT,PETRONET,PFC,PFIZER,PFS,PGHH,PGHL,PHILIPCARB,PIDILITIND,PIGL,PIIND,PIRAMALENT,PNB,PNBGILTS,PNBHOUSING,PNCINFRA,POLARIS,POLICYBZR,POLYCAB,POLYMED,POONAWALLA,POWERGRID,PRAJIND,PRAKASH,PRESTIGE,PRINCEPIPE,PRISMCEM,PRITI,PRIVISCL,PROLIFE,PSB,PSE,PSPPROJECT,PTC,PTL,PULZ,PUNJLLOYD,PVR,QUESS,QUICKHEAL,RADICO,RADIOCITY,RAIN,RAJESHEXPO,RAJMET,RALLIS,RAMCOCEM,RAMCOSYS,RANBAXY,RANEHOLDIN,RATEGAIN,RATNAMANI,RAYMOND,RBA,RBLBANK,RCF,RCOM,RECLTD,REDINGTON,REL,RELAXO,RELCAPITAL,RELIANCE,RELIGARE,RELINFRA,RENUKA,REPCOHOME,REPL,RESPONIND,RHFL,RIIL,RITES,RKFORGE,RNAM,RNAVAL,ROLEXRINGS,ROLTA,ROSSARI,ROUTE,RPOWER,RTNINDIA,RTNPOWER,RUCHISOYA,RUPA,RVNL,SADBHAV,SADBHIN,SAIL,SANOFI,SANSERA,SAPPHIRE,SAREGAMA,SATIA,SATYAMCOMP,SBBJ,SBILIFE,SBIN,SBT,SCHAEFFLER,SCHNEIDER,SCI,SEQUENT,SESHAPAPER,SFL,SHANKARA,SHANTIGEAR,SHARDACROP,SHARDAMOTR,SHAREINDIA,SHILPAMED,SHILPI,SHK,SHOPERSTOP,SHRADHA,SHREECEM,SHRIRAMCIT,SHUBHLAXMI,SHYAMMETL,SIEMENS,SIIL,SILVERTUC,SIMPLEXINF,SINTEX,SIRCA,SIS,SITINET,SJVN,SKFINDIA,SKML,SMLISUZU,SMSPHARMA,SMVD,SNOWMAN,SOBHA,SOLEX,SOMANYCERA,SONAMCLOCK,SONATSOFTW,SOUTHBANK,SPANDANA,SPARC,SPICEJET,SPTL,SREINFRA,SRF,SRIRAM,SRPL,STAR,STARCEMENT,STARHEALTH,STCINDIA,STERLITE,STLTECH,STRTECH,SUDARSCHEM,SUMICHEM,SUNCLAYLTD,SUNDARMFIN,SUNDRMFAST,SUNFLAG,SUNPHARMA,SUNTECK,SUNTV,SUPPETRO,SUPRAJIT,SUPRIYA,SURANI,SUREVIN,SUULD,SUVEN,SUVENPHAR,SUZLON,SVLL,SWANENERGY,SWARAJENG,SWSOLAR,SYMPHONY,SYNDIBANK,SYNGENE,TAKE,TANLA,TARSONS,TASTYBITE,TATACHEM,TATACOFFEE,TATACOMM,TATAELXSI,TATAINVEST,TATAMOTORS,TATAMTRDVR,TATAPOWER,TATASPONGE,TATASTEEL,TATASTLLP,TATCOM,TATCONSUM,TATVA,TCI,TCIEXP,TCNSBRANDS,TCS,TEAMLEASE,TECHM,TECHNOE,TEGA,TEXRAIL,THERMAX,THYROCARE,TIDEWATER,TIINDIA,TIMETECHNO,TIMKEN,TNPL,TORNTPHARM,TOTAL,TOUCHWOOD,TRENT,TRIDENT,TRITURBINE,TTKPRESTIG,TTML,TV18BRDCST,TVSMOTOR,TVSSRICHAK,TVTODAY,UBL,UCL,UCOBANK,UFLEX,UFO,UJJIVAN,UJJIVANSFB,UNICHEMLAB,UNIONBANK,UNITECH,UNITEDBNK,UTIAMC,UWCSL,VAIBHAVGBL,VAKRANGEE,VALIANTORG,VARROC,VBL,VCL,VEDL,VENKEYS,VERA,VERTOZ,VESUVIUS,VGUARD,VIDEOIND,VIJAYA,VIJAYABANK,VINATIORGA,VINDHYATEL,VINNY,VIPIND,VMART,VOLTAS,VRLLOG,VSCL,VSTIND,VTL,WABAG,WABCOINDIA,WEALTH,WELCORP,WELSPUNIND,WHEELS,WOCKPHARMA,WONDERLA,ZEELEARN,ZEEMEDIA,ZEETELE,ZENSARTECH,ZODIAC,ZYDUSLIFE,ZYDUSWELL"
2022-08-08,Nifty100,"LICI,TATAPOWER","NMDC,PEL","3MINDIA,8KMILES,AAKASH,AARTIDRUGS,AARTIIND,AARVI,AAVAS,ABAN,ABB,ABBOTINDIA,ABCAPITAL,ABFRL,ABINFRA,ABIRLANUVO,ABSLAMC,ACC,ACCURACY,ACEINTEG,ADANIENT,ADANIGAS,ADANIGREEN,ADANIPOWER,ADANITRANS,ADVENZYMES,AEGISCHEM,AFFLE,AHLUCONT,AIAENG,AISL,AJANTPHARM,AJOONI,AKZOINDIA,ALBK,ALEMBICLTD,ALKEM,ALKYLAMINE,ALLCARGO,ALOKINDS,ALOKTEXT,AMARAJABAT,AMBANIORG,AMBER,AMBUJACEM,AMIORG,AMTEKAUTO,ANANDRATHI,ANANTRAJ,ANDHRABANK,ANGELBRKG,ANGELONE,APARINDS,APLAPOLLO,APLLTD,APOLLOHOSP,APOLLOPIPE,APOLLOTYRE,APTUS,ARICENT,ARTEDZ,ARTNIRMAN,ARVEE,ARVINDFASN,ASAHIINDIA,ASCOM,ASHOKA,ASHOKLEY,ASIANPAINT,ASTERDM,ASTRAL,ASTRAMICRO,ASTRAZEN,ATFL,ATUL,AUBANK,AURDIS,AUROPHARMA,AVANTIFEED,AXISBANK,BAJAJ-AUTO,BAJAJCON,BAJAJCORP,BAJAJELEC,BAJAJFINSV,BAJAJHIND,BAJAJHLDNG,BAJFINANCE,BALAJITELE,BALAMINES,BALKRISIND,BALLARPUR,BALRAMCHIN,BANCOINDIA,BANDHANBNK,BANKBARODA,BANKINDIA,BASF,BATAINDIA,BAYERCROP,BBTC,BCG,BCONCEPTS,BEL,BEML,BERGEPAINT,BESTAGRO,BFINVEST,BFUTILITIE,BGRENERGY,BHARATFORG,BHARATRAS,BHARTIARTL,BHEL,BHUSANSTL,BIOCON,BIRLACORPN,BLISSGVS,BLUEDART,BLUESTARCO,BODALCHEM,BOMDYEING,BONGAIGAON,BORORENEW,BOSCHLTD,BPCL,BRFL,BRIGADE,BRIGHT,BRITANNIA,BSE,BSOFT,CADILAHC,CAMS,CANBK,CANFINHOME,CAPACITE,CAPF,CAPLIPOINT,CARBORUNIV,CARERATING,CARTRADE,CASTROLIND,CCL,CDSL,CEATLTD,CENTRALBK,CENTURYTEX,CESC,CGCL,CGPOWER,CHALET,CHAMBLFERT,CHEMPLASTS,CHENNPETRO,CHOLAFIN,CHOLAHLDNG,CIPLA,CKPLEISURE,CKPPRODUCT,CLEAN,CLNINDIA,CMSINFO,COALINDIA,COCHINSHIP,CONCOR,CONTI,COROMANDEL,CORPBANK,COX&KINGS,CREDITACC,CRISIL,CROMPTON,CSBBANK,CUB,CUMMINSIND,CYIENT,DABUR,DALBHARAT,DALMIABHA,DATAPATTNS,DBCORP,DBL,DBREALTY,DCAL,DCBBANK,DCI,DCMSHRIRAM,DEEPAKFERT,DEEPAKNTR,DELTACORP,DEN,DENABANK,DEVYANI,DHAMPURSUG,DHANI,DHANUKA,DHFL,DISHTV,DIVISLAB,DIXON,DLF,DMART,DODLA,DREDGECORP,DRREDDY,DRSDILIP,DSML,DYNAMATECH,EASEMYTRIP,ECLERX,EDELWEISS,EICHERMOT,EIDPARRY,ELGIEQUIP,EMAMILTD,EMERGE,EMKAYTOOLS,ENDURANCE,ENGINERSIN,ENIL,EQUITAS,ERIS,EROSMEDIA,ESABINDIA,ESCORTS,ESSELPACK,EVEREADY,EXCELCROP,EXCELINDUS,EXIDEIND,FAIRCHEMOR,FCONSUMER,FDC,FEDERALBNK,FELIX,FINCABLES,FINEORG,FINOPB,FIVECORE,FLFL,FLUOROCHEM,FMCG,FMGOETZE,FORTIS,FRETAIL,FSC,FSL,GAIL,GALAXYSURF,GANGAFORGE,GARFIBRES,GATI,GAYAPROJ,GDL,GEPIL,GESHIP,GET&D,GHCL,GICHSGFIN,GICL,GICRE,GILLETTE,GIPCL,GLAXO,GLENMARK,GLOBUSSPR,GLS,GMBREW,GMDCLTD,GMMPFAUDLR,GNFC,GOCOLORS,GODFRYPHLP,GODREJAGRO,GODREJCP,GODREJIND,GODREJPROP,GOLDSTAR,GPPL,GRANULES,GRAPHITE,GRASIM,GREAVESCOT,GREENLAM,GREENPLY,GRETEX,GRINDWELL,GRINFRA,GRSE,GRUH,GSFC,GSKCONS,GTLINFRA,GUJALKALI,GUJFLUORO,GUJGASLTD,GVKPIL,HAL,HAPPSTMNDS,HATHWAY,HAVELLS,HCC,HCL-INSYS,HCLTECH,HDFC,HDFCAMC,HDFCBANK,HDFCLIFE,HDIL,HECPROJECT,HEG,HEIDELBERG,HEMIPROP,HERITGFOOD,HEROMOTOCO,HEROMOTOCOP,HEXAWARE,HFCL,HIMATSEIDE,HINDALCO,HINDCOPPER,HINDPETRO,HINDUNILVR,HINDZINC,HLEGLAS,HMVL,HNDFDS,HONAUT,HSCL,HUDCO,HUHTAMAKI,HUSYSLTD,IBP,IBREALEST,IBULHSGFIN,IBULISL,IBVENTURES,ICEMAKE,ICICIBANK,ICICIGI,ICICIPRULI,ICIL,ICRA,IDBI,IDFC,IDFCBANK,IEX,IFBIND,IFCI,IGARASHI,IGL,IIFL,IIFLWAM,IL&FSTRANS,INDIACEM,INDIAMART,INDIANB,INDIANHUME,INDIGO,INDOCO,INDOSTAR,INDUSINDBK,INFIBEAM,INFY,INGERRAND,INGVYSYABANK,INNOVANA,INOXLEISUR,INOXWIND,INSECTICID,INTELLECT,IOB,IOC,IOLCP,IPAPPM,IPCALAB,IPCL,IPL,IRB,IRCON,IRCTC,IRFC,ISEC,IT,ITC,ITDC,ITDCEM,ITI,J&KBANK,JAGRAN,JAICORPLTD,JAKHARIA,JAMNAAUTO,JBCHEPHARM,JBFIND,JCHAC,JETAIRWAYS,JETKNIT,JINDALPOLY,JINDALSAW,JINDALSTEL,JISLJALEQS,JKCEMENT,JKIL,JKLAKSHMI,JKPAPER,JKTYRE,JMFINANCIL,JMTAUTOLTD,JPASSOCIAT,JPINFRATEC,JPPOWER,JSL,JSLHISAR,JSWENERGY,JSWHL,JSWSTEEL,JTEKTINDIA,JUBLFOOD,JUMPNET,JUSTDIAL,JYOTHYLAB,KAJARIACER,KALPATPOWR,KANSAINER,KARURVYSYA,KEC,KEI,KENNAMET,KESORAMIND,KIMS,KIOCL,KIRLOSBROS,KIRLOSENG,KITEX,KKVAPOW,KNRCON,KOLTEPATIL,KOTAKBANK,KPIT,KPITTECH,KPRMILL,KRBL,KRL,KRSNAA,KSB,KSBPUMPS,KSCL,KTKBANK,KWALITY,L&TFH,LAKSHVILAS,LALPATHLAB,LAOPALA,LATENTVIEW,LATTEYS,LAURUSLABS,LAXMIMACH,LEMONTREE,LICHSGFIN,LICI,LINDEINDIA,LITL,LT,LTI,LTTS,LUMAXTECH,LUPIN,LUXIND,LXCHEM,M&M,M&MFIN,MAGMA,MAHABANK,MAHINDCIE,MAHLIFE,MAHLOG,MAHSCOOTER,MAHSEAMLES,MANAPPURAM,MANPASAND,MAPMYINDIA,MARICO,MARKSANS,MARUTI,MASFIN,MASTEK,MAXHEALTH,MAXINDIA,MAYURUNIQ,MAZDOCK,MCDOWELL-N,MCLEODRUSS,MCX,MEDPLUS,MERCK,METROBRAND,METROPOLIS,MFL,MFSL,MGEL,MGL,MIDHANI,MILTON,MINDACORP,MINDAIND,MINDTREE,MMTC,MNC,MOIL,MOKSH,MOL,MONSANTO,MOSERBAER,MOTHERSUMI,MOTILALOFS,MPHASIS,MRF,MRPL,MTNL,MUTHOOTFIN,MYSOREBANK,NAM-INDIA,NARMADA,NATCOPHARM,NATIONALUM,NAUKRI,NAVINFLUOR,NAVKARCORP,NAVNETEDUL,NBCC,NBVENTURES,NCC,NESCO,NESTLEIND,NETWORK18,NFL,NH,NHPC,NIACL,NIFTY,NIITLTD,NIITTECH,NILKAMAL,NIRMA,NITINFIRE,NITIRAJ,NLCINDIA,NOVARTIND,NUVOCO,NYKAA,OAL,OBEROIRLTY,OCCL,OFSS,OIL,OMAXE,OMFURN,ONEPOINT,ONGC,OPTIEMUS,ORIENTBANK,ORIENTCEM,ORIENTELEC,ORIENTREF,ORISSAMINE,OSWALSEEDS,PAGEIND,PANACHE,PANSARI,PARAGMILK,PARAS,PASHUPATI,PAYTM,PCJEWELLER,PENTAGOLD,PERSISTENT,PETRONET,PFC,PFIZER,PFS,PGHH,PGHL,PHILIPCARB,PIDILITIND,PIGL,PIIND,PIRAMALENT,PNB,PNBGILTS,PNBHOUSING,PNCINFRA,POLARIS,POLICYBZR,POLYCAB,POLYMED,POONAWALLA,POWERGRID,PRAJIND,PRAKASH,PRESTIGE,PRINCEPIPE,PRISMCEM,PRITI,PRIVISCL,PROLIFE,PSB,PSE,PSPPROJECT,PTC,PTL,PULZ,PUNJLLOYD,PVR,QUESS,QUICKHEAL,RADICO,RADIOCITY,RAIN,RAJESHEXPO,RAJMET,RALLIS,RAMCOCEM,RAMCOSYS,RANBAXY,RANEHOLDIN,RATEGAIN,RATNAMANI,RAYMOND,RBA,RBLBANK,RCF,RCOM,RECLTD,REDINGTON,REL,RELAXO,RELCAPITAL,RELIANCE,RELIGARE,RELINFRA,RENUKA,REPCOHOME,REPL,RESPONIND,RHFL,RIIL,RITES,RKFORGE,RNAM,RNAVAL,ROLEXRINGS,ROLTA,ROSSARI,ROUTE,RPOWER,RTNINDIA,RTNPOWER,RUCHISOYA,RUPA,RVNL,SADBHAV,SADBHIN,SAIL,SANOFI,SANSERA,SAPPHIRE,SAREGAMA,SATIA,SATYAMCOMP,SBBJ,SBILIFE,SBIN,SBT,SCHAEFFLER,SCHNEIDER,SCI,SEQUENT,SESHAPAPER,SFL,SHANKARA,SHANTIGEAR,SHARDACROP,SHARDAMOTR,SHAREINDIA,SHILPAMED,SHILPI,SHK,SHOPERSTOP,SHRADHA,SHREECEM,SHRIRAMCIT,SHUBHLAXMI,SHYAMMETL,SIEMENS,SIIL,SILVERTUC,SIMPLEXINF,SINTEX,SIRCA,SIS,SITINET,SJVN,SKFINDIA,SKML,SMLISUZU,SMSPHARMA,SMVD,SNOWMAN,SOBHA,SOLEX,SOMANYCERA,SONAMCLOCK,SONATSOFTW,SOUTHBANK,SPANDANA,SPARC,SPICEJET,SPTL,SREINFRA,SRF,SRIRAM,SRPL,STAR,STARCEMENT,STARHEALTH,STCINDIA,STERLITE,STLTECH,STRTECH,SUDARSCHEM,SUMICHEM,SUNCLAYLTD,SUNDARMFIN,SUNDRMFAST,SUNFLAG,SUNPHARMA,SUNTECK,SUNTV,SUPPETRO,SUPRAJIT,SUPRIYA,SURANI,SUREVIN,SUULD,SUVEN,SUVENPHAR,SUZLON,SVLL,SWANENERGY,SWARAJENG,SWSOLAR,SYMPHONY,SYNDIBANK,SYNGENE,TAKE,TANLA,TARSONS,TASTYBITE,TATACHEM,TATACOFFEE,TATACOMM,TATAELXSI,TATAINVEST,TATAMOTORS,TATAMTRDVR,TATAPOWER,TATASPONGE,TATASTEEL,TATASTLLP,TATCOM,TATCONSUM,TATVA,TCI,TCIEXP,TCNSBRANDS,TCS,TEAMLEASE,TECHM,TECHNOE,TEGA,TEXRAIL,THERMAX,THYROCARE,TIDEWATER,TIINDIA,TIMETECHNO,TIMKEN,TNPL,TORNTPHARM,TOTAL,TOUCHWOOD,TRENT,TRIDENT,TRITURBINE,TTKPRESTIG,TTML,TV18BRDCST,TVSMOTOR,TVSSRICHAK,TVTODAY,UBL,UCL,UCOBANK,UFLEX,UFO,UJJIVAN,UJJIVANSFB,UNICHEMLAB,UNIONBANK,UNITECH,UNITEDBNK,UTIAMC,UWCSL,VAIBHAVGBL,VAKRANGEE,VALIANTORG,VARROC,VBL,VCL,VEDL,VENKEYS,VERA,VERTOZ,VESUVIUS,VGUARD,VIDEOIND,VIJAYA,VIJAYABANK,VINATIORGA,VINDHYATEL,VINNY,VIPIND,VMART,VOLTAS,VRLLOG,VSCL,VSTIND,VTL,WABAG,WABCOINDIA,WEALTH,WELCORP,WELSPUNIND,WHEELS,WOCKPHARMA,WONDERLA,ZEELEARN,ZEEMEDIA,ZEETELE,ZENSARTECH,ZODIAC,ZYDUSLIFE,ZYDUSWELL"
2022-09-30,Nifty100,"ATGL,BEL,HAL,IRCTC,MPHASIS,MOTHERSON","JUBLFOOD,LUPIN,MINDTREE,PNB,SAIL","3MINDIA,8KMILES,AAKASH,AARTIDRUGS,AARTIIND,AARVI,AAVAS,ABAN,ABB,ABBOTINDIA,ABCAPITAL,ABFRL,ABINFRA,ABIRLANUVO,ABSLAMC,ACC,ACCURACY,ACEINTEG,ADANIENT,ADANIGAS,ADANIGREEN,ADANIPOWER,ADANITRANS,ADVENZYMES,AEGISCHEM,AFFLE,AHLUCONT,AIAENG,AISL,AJANTPHARM,AJOONI,AKZOINDIA,ALBK,ALEMBICLTD,ALKEM,ALKYLAMINE,ALLCARGO,ALOKINDS,ALOKTEXT,AMARAJABAT,AMBANIORG,AMBER,AMBUJACEM,AMIORG,AMTEKAUTO,ANANDRATHI,ANANTRAJ,ANDHRABANK,ANGELBRKG,ANGELONE,APARINDS,APLAPOLLO,APLLTD,APOLLOHOSP,APOLLOPIPE,APOLLOTYRE,APTUS,ARICENT,ARTEDZ,ARTNIRMAN,ARVEE,ARVINDFASN,ASAHIINDIA,ASCOM,ASHOKA,ASHOKLEY,ASIANPAINT,ASTERDM,ASTRAL,ASTRAMICRO,ASTRAZEN,ATFL,ATGL,ATUL,AUBANK,AURDIS,AUROPHARMA,AVANTIFEED,AXISBANK,BAJAJ-AUTO,BAJAJCON,BAJAJCORP,BAJAJELEC,BAJAJFINSV,BAJAJHIND,BAJAJHLDNG,BAJFINANCE,BALAJITELE,BALAMINES,BALKRISIND,BALLARPUR,BALRAMCHIN,BANCOINDIA,BANDHANBNK,BANKBARODA,BANKINDIA,BASF,BATAINDIA,BAYERCROP,BBTC,BCG,BCONCEPTS,BEL,BEML,BERGEPAINT,BESTAGRO,BFINVEST,BFUTILITIE,BGRENERGY,BHARATFORG,BHARATRAS,BHARTIARTL,BHEL,BHUSANSTL,BIOCON,BIRLACORPN,BLISSGVS,BLUEDART,BLUESTARCO,BODALCHEM,BOMDYEING,BONGAIGAON,BORORENEW,BOSCHLTD,BPCL,BRFL,BRIGADE,BRIGHT,BRITANNIA,BSE,BSOFT,CADILAHC,CAMS,CANBK,CANFINHOME,CAPACITE,CAPF,CAPLIPOINT,CARBORUNIV,CARERATING,CARTRADE,CASTROLIND,CCL,CDSL,CEATLTD,CENTRALBK,CENTURYTEX,CESC,CGCL,CGPOWER,CHALET,CHAMBLFERT,CHEMPLASTS,CHENNPETRO,CHOLAFIN,CHOLAHLDNG,CIPLA,CKPLEISURE,CKPPRODUCT,CLEAN,CLNINDIA,CMSINFO,COALINDIA,COCHINSHIP,CONCOR,CONTI,COROMANDEL,CORPBANK,COX&KINGS,CREDITACC,CRISIL,CROMPTON,CSBBANK,CUB,CUMMINSIND,CYIENT,DABUR,DALBHARAT,DALMIABHA,DATAPATTNS,DBCORP,DBL,DBREALTY,DCAL,DCBBANK,DCI,DCMSHRIRAM,DEEPAKFERT,DEEPAKNTR,DELTACORP,DEN,DENABANK,DEVYANI,DHAMPURSUG,DHANI,DHANUKA,DHFL,DISHTV,DIVISLAB,DIXON,DLF,DMART,DODLA,DREDGECORP,DRREDDY,DRSDILIP,DSML,DYNAMATECH,EASEMYTRIP,ECLERX,EDELWEISS,EICHERMOT,EIDPARRY,ELGIEQUIP,EMAMILTD,EMERGE,EMKAYTOOLS,ENDURANCE,ENGINERSIN,ENIL,EQUITAS,ERIS,EROSMEDIA,ESABINDIA,ESCORTS,ESSELPACK,EVEREADY,EXCELCROP,EXCELINDUS,EXIDEIND,FAIRCHEMOR,FCONSUMER,FDC,FEDERALBNK,FELIX,FINCABLES,FINEORG,FINOPB,FIVECORE,FLFL,FLUOROCHEM,FMCG,FMGOETZE,FORTIS,FRETAIL,FSC,FSL,GAIL,GALAXYSURF,GANGAFORGE,GARFIBRES,GATI,GAYAPROJ,GDL,GEPIL,GESHIP,GET&D,GHCL,GICHSGFIN,GICL,GICRE,GILLETTE,GIPCL,GLAXO,GLENMARK,GLOBUSSPR,GLS,GMBREW,GMDCLTD,GMMPFAUDLR,GNFC,GOCOLORS,GODFRYPHLP,GODREJAGRO,GODREJCP,GODREJIND,GODREJPROP,GOLDSTAR,GPPL,GRANULES,GRAPHITE,GRASIM,GREAVESCOT,GREENLAM,GREENPLY,GRETEX,GRINDWELL,GRINFRA,GRSE,GRUH,GSFC,GSKCONS,GTLINFRA,GUJALKALI,GUJFLUORO,GUJGASLTD,GVKPIL,HAL,HAPPSTMNDS,HATHWAY,HAVELLS,HCC,HCL-INSYS,HCLTECH,HDFC,HDFCAMC,HDFCBANK,HDFCLIFE,HDIL,HECPROJECT,HEG,HEIDELBERG,HEMIPROP,HERITGFOOD,HEROMOTOCO,HEROMOTOCOP,HEXAWARE,HFCL,HIMATSEIDE,HINDALCO,HINDCOPPER,HINDPETRO,HINDUNILVR,HINDZINC,HLEGLAS,HMVL,HNDFDS,HONAUT,HSCL,HUDCO,HUHTAMAKI,HUSYSLTD,IBP,IBREALEST,IBULHSGFIN,IBULISL,IBVENTURES,ICEMAKE,ICICIBANK,ICICIGI,ICICIPRULI,ICIL,ICRA,IDBI,IDFC,IDFCBANK,IEX,IFBIND,IFCI,IGARASHI,IGL,IIFL,IIFLWAM,IL&FSTRANS,INDIACEM,INDIAMART,INDIANB,INDIANHUME,INDIGO,INDOCO,INDOSTAR,INDUSINDBK,INFIBEAM,INFY,INGERRAND,INGVYSYABANK,INNOVANA,INOXLEISUR,INOXWIND,INSECTICID,INTELLECT,IOB,IOC,IOLCP,IPAPPM,IPCALAB,IPCL,IPL,IRB,IRCON,IRCTC,IRFC,ISEC,IT,ITC,ITDC,ITDCEM,ITI,J&KBANK,JAGRAN,JAICORPLTD,JAKHARIA,JAMNAAUTO,JBCHEPHARM,JBFIND,JCHAC,JETAIRWAYS,JETKNIT,JINDALPOLY,JINDALSAW,JINDALSTEL,JISLJALEQS,JKCEMENT,JKIL,JKLAKSHMI,JKPAPER,JKTYRE,JMFINANCIL,JMTAUTOLTD,JPASSOCIAT,JPINFRATEC,JPPOWER,JSL,JSLHISAR,JSWENERGY,JSWHL,JSWSTEEL,JTEKTINDIA,JUMPNET,JUSTDIAL,JYOTHYLAB,KAJARIACER,KALPATPOWR,KANSAINER,KARURVYSYA,KEC,KEI,KENNAMET,KESORAMIND,KIMS,KIOCL,KIRLOSBROS,KIRLOSENG,KITEX,KKVAPOW,KNRCON,KOLTEPATIL,KOTAKBANK,KPIT,KPITTECH,KPRMILL,KRBL,KRL,KRSNAA,KSB,KSBPUMPS,KSCL,KTKBANK,KWALITY,L&TFH,LAKSHVILAS,LALPATHLAB,LAOPALA,LATENTVIEW,LATTEYS,LAURUSLABS,LAXMIMACH,LEMONTREE,LICHSGFIN,LICI,LINDEINDIA,LITL,LT,LTI,LTTS,LUMAXTECH,LUXIND,LXCHEM,M&M,M&MFIN,MAGMA,MAHABANK,MAHINDCIE,MAHLIFE,MAHLOG,MAHSCOOTER,MAHSEAMLES,MANAPPURAM,MANPASAND,MAPMYINDIA,MARICO,MARKSANS,MARUTI,MASFIN,MASTEK,MAXHEALTH,MAXINDIA,MAYURUNIQ,MAZDOCK,MCDOWELL-N,MCLEODRUSS,MCX,MEDPLUS,MERCK,METROBRAND,METROPOLIS,MFL,MFSL,MGEL,MGL,MIDHANI,MILTON,MINDACORP,MINDAIND,MMTC,MNC,MOIL,MOKSH,MOL,MONSANTO,MOSERBAER,MOTHERSON,MOTHERSUMI,MOTILALOFS,MPHASIS,MRF,MRPL,MTNL,MUTHOOTFIN,MYSOREBANK,NAM-INDIA,NARMADA,NATCOPHARM,NATIONALUM,NAUKRI,NAVINFLUOR,NAVKARCORP,NAVNETEDUL,NBCC,NBVENTURES,NCC,NESCO,NESTLEIND,NETWORK18,NFL,NH,NHPC,NIACL,NIFTY,NIITLTD,NIITTECH,NILKAMAL,NIRMA,NITINFIRE,NITIRAJ,NLCINDIA,NOVARTIND,NUVOCO,NYKAA,OAL,OBEROIRLTY,OCCL,OFSS,OIL,OMAXE,OMFURN,ONEPOINT,ONGC,OPTIEMUS,ORIENTBANK,ORIENTCEM,ORIENTELEC,ORIENTREF,ORISSAMINE,OSWALSEEDS,PAGEIND,PANACHE,PANSARI,PARAGMILK,PARAS,PASHUPATI,PAYTM,PCJEWELLER,PENTAGOLD,PERSISTENT,PETRONET,PFC,PFIZER,PFS,PGHH,PGHL,PHILIPCARB,PIDILITIND,PIGL,PIIND,PIRAMALENT,PNBGILTS,PNBHOUSING,PNCINFRA,POLARIS,POLICYBZR,POLYCAB,POLYMED,POONAWALLA,POWERGRID,PRAJIND,PRAKASH,PRESTIGE,PRINCEPIPE,PRISMCEM,PRITI,PRIVISCL,PROLIFE,PSB,PSE,PSPPROJECT,PTC,PTL,PULZ,PUNJLLOYD,PVR,QUESS,QUICKHEAL,RADICO,RADIOCITY,RAIN,RAJESHEXPO,RAJMET,RALLIS,RAMCOCEM,RAMCOSYS,RANBAXY,RANEHOLDIN,RATEGAIN,RATNAMANI,RAYMOND,RBA,RBLBANK,RCF,RCOM,RECLTD,REDINGTON,REL,RELAXO,RELCAPITAL,RELIANCE,RELIGARE,RELINFRA,RENUKA,REPCOHOME,REPL,RESPONIND,RHFL,RIIL,RITES,RKFORGE,RNAM,RNAVAL,ROLEXRINGS,ROLTA,ROSSARI,ROUTE,RPOWER,RTNINDIA,RTNPOWER,RUCHISOYA,RUPA,RVNL,SADBHAV,SADBHIN,SANOFI,SANSERA,SAPPHIRE,SAREGAMA,SATIA,SATYAMCOMP,SBBJ,SBILIFE,SBIN,SBT,SCHAEFFLER,SCHNEIDER,SCI,SEQUENT,SESHAPAPER,SFL,SHANKARA,SHANTIGEAR,SHARDACROP,SHARDAMOTR,SHAREINDIA,SHILPAMED,SHILPI,SHK,SHOPERSTOP,SHRADHA,SHREECEM,SHRIRAMCIT,SHUBHLAXMI,SHYAMMETL,SIEMENS,SIIL,SILVERTUC,SIMPLEXINF,SINTEX,SIRCA,SIS,SITINET,SJVN,SKFINDIA,SKML,SMLISUZU,SMSPHARMA,SMVD,SNOWMAN,SOBHA,SOLEX,SOMANYCERA,SONAMCLOCK,SONATSOFTW,SOUTHBANK,SPANDANA,SPARC,SPICEJET,SPTL,SREINFRA,SRF,SRIRAM,SRPL,STAR,STARCEMENT,STARHEALTH,STCINDIA,STERLITE,STLTECH,STRTECH,SUDARSCHEM,SUMICHEM,SUNCLAYLTD,SUNDARMFIN,SUNDRMFAST,SUNFLAG,SUNPHARMA,SUNTECK,SUNTV,SUPPETRO,SUPRAJIT,SUPRIYA,SURANI,SUREVIN,SUULD,SUVEN,SUVENPHAR,SUZLON,SVLL,SWANENERGY,SWARAJENG,SWSOLAR,SYMPHONY,SYNDIBANK,SYNGENE,TAKE,TANLA,TARSONS,TASTYBITE,TATACHEM,TATACOFFEE,TATACOMM,TATAELXSI,TATAINVEST,TATAMOTORS,TATAMTRDVR,TATAPOWER,TATASPONGE,TATASTEEL,TATASTLLP,TATCOM,TATCONSUM,TATVA,TCI,TCIEXP,TCNSBRANDS,TCS,TEAMLEASE,TECHM,TECHNOE,TEGA,TEXRAIL,THERMAX,THYROCARE,TIDEWATER,TIINDIA,TIMETECHNO,TIMKEN,TNPL,TORNTPHARM,TOTAL,TOUCHWOOD,TRENT,TRIDENT,TRITURBINE,TTKPRESTIG,TTML,TV18BRDCST,TVSMOTOR,TVSSRICHAK,TVTODAY,UBL,UCL,UCOBANK,UFLEX,UFO,UJJIVAN,UJJIVANSFB,UNICHEMLAB,UNIONBANK,UNITECH,UNITEDBNK,UTIAMC,UWCSL,VAIBHAVGBL,VAKRANGEE,VALIANTORG,VARROC,VBL,VCL,VEDL,VENKEYS,VERA,VERTOZ,VESUVIUS,VGUARD,VIDEOIND,VIJAYA,VIJAYABANK,VINATIORGA,VINDHYATEL,VINNY,VIPIND,VMART,VOLTAS,VRLLOG,VSCL,VSTIND,VTL,WABAG,WABCOINDIA,WEALTH,WELCORP,WELSPUNIND,WHEELS,WOCKPHARMA,WONDERLA,ZEELEARN,ZEEMEDIA,ZEETELE,ZENSARTECH,ZODIAC,ZYDUSLIFE,ZYDUSWELL"
2023-03-31,Nifty100,"ABB,AWL,CANBK,PAGEIND,VBL","BANDHANBNK,BIOCON,GLAND,MPHASIS,PAYTM","3MINDIA,8KMILES,AAKASH,AARTIDRUGS,AARTIIND,AARVI,AAVAS,ABAN,ABB,ABBOTINDIA,ABCAPITAL,ABFRL,ABINFRA,ABIRLANUVO,ABSLAMC,ACC,ACCURACY,ACEINTEG,ADANIENT,ADANIGAS,ADANIGREEN,ADANIPOWER,ADANITRANS,ADVENZYMES,AEGISCHEM,AFFLE,AHLUCONT,AIAENG,AISL,AJANTPHARM,AJOONI,AKZOINDIA,ALBK,ALEMBICLTD,ALKEM,ALKYLAMINE,ALLCARGO,ALOKINDS,ALOKTEXT,AMARAJABAT,AMBANIORG,AMBER,AMBUJACEM,AMIORG,AMTEKAUTO,ANANDRATHI,ANANTRAJ,ANDHRABANK,ANGELBRKG,ANGELONE,APARINDS,APLAPOLLO,APLLTD,APOLLOHOSP,APOLLOPIPE,APOLLOTYRE,APTUS,ARICENT,ARTEDZ,ARTNIRMAN,ARVEE,ARVINDFASN,ASAHIINDIA,ASCOM,ASHOKA,ASHOKLEY,ASIANPAINT,ASTERDM,ASTRAL,ASTRAMICRO,ASTRAZEN,ATFL,ATGL,ATUL,AUBANK,AURDIS,AUROPHARMA,AVANTIFEED,AWL,AXISBANK,BAJAJ-AUTO,BAJAJCON,BAJAJCORP,BAJAJELEC,BAJAJFINSV,BAJAJHIND,BAJAJHLDNG,BAJFINANCE,BALAJITELE,BALAMINES,BALKRISIND,BALLARPUR,BALRAMCHIN,BANCOINDIA,BANKBARODA,BANKINDIA,BASF,BATAINDIA,BAYERCROP,BBTC,BCG,BCONCEPTS,BEL,BEML,BERGEPAINT,BESTAGRO,BFINVEST,BFUTILITIE,BGRENERGY,BHARATFORG,BHARATRAS,BHARTIARTL,BHEL,BHUSANSTL,BIRLACORPN,BLISSGVS,BLUEDART,BLUESTARCO,BODALCHEM,BOMDYEING,BONGAIGAON,BORORENEW,BOSCHLTD,BPCL,BRFL,BRIGADE,BRIGHT,BRITANNIA,BSE,BSOFT,CADILAHC,CAMS,CANBK,CANFINHOME,CAPACITE,CAPF,CAPLIPOINT,CARBORUNIV,CARERATING,CARTRADE,CASTROLIND,CCL,CDSL,CEATLTD,CENTRALBK,CENTURYTEX,CESC,CGCL,CGPOWER,CHALET,CHAMBLFERT,CHEMPLASTS,CHENNPETRO,CHOLAFIN,CHOLAHLDNG,CIPLA,CKPLEISURE,CKPPRODUCT,CLEAN,CLNINDIA,CMSINFO,COALINDIA,COCHINSHIP,CONCOR,CONTI,COROMANDEL,CORPBANK,COX&KINGS,CREDITACC,CRISIL,CROMPTON,CSBBANK,CUB,CUMMINSIND,CYIENT,DABUR,DALBHARAT,DALMIABHA,DATAPATTNS,DBCORP,DBL,DBREALTY,DCAL,DCBBANK,DCI,DCMSHRIRAM,DEEPAKFERT,DEEPAKNTR,DELTACORP,DEN,DENABANK,DEVYANI,DHAMPURSUG,DHANI,DHANUKA,DHFL,DISHTV,DIVISLAB,DIXON,DLF,DMART,DODLA,DREDGECORP,DRREDDY,DRSDILIP,DSML,DYNAMATECH,EASEMYTRIP,ECLERX,EDELWEISS,EICHERMOT,EIDPARRY,ELGIEQUIP,EMAMILTD,EMERGE,EMKAYTOOLS,ENDURANCE,ENGINERSIN,ENIL,EQUITAS,ERIS,EROSMEDIA,ESABINDIA,ESCORTS,ESSELPACK,EVEREADY,EXCELCROP,EXCELINDUS,EXIDEIND,FAIRCHEMOR,FCONSUMER,FDC,FEDERALBNK,FELIX,FINCABLES,FINEORG,FINOPB,FIVECORE,FLFL,FLUOROCHEM,FMCG,FMGOETZE,FORTIS,FRETAIL,FSC,FSL,GAIL,GALAXYSURF,GANGAFORGE,GARFIBRES,GATI,GAYAPROJ,GDL,GEPIL,GESHIP,GET&D,GHCL,GICHSGFIN,GICL,GICRE,GILLETTE,GIPCL,GLAXO,GLENMARK,GLOBUSSPR,GLS,GMBREW,GMDCLTD,GMMPFAUDLR,GNFC,GOCOLORS,GODFRYPHLP,GODREJAGRO,GODREJCP,GODREJIND,GODREJPROP,GOLDSTAR,GPPL,GRANULES,GRAPHITE,GRASIM,GREAVESCOT,GREENLAM,GREENPLY,GRETEX,GRINDWELL,GRINFRA,GRSE,GRUH,GSFC,GSKCONS,GTLINFRA,GUJALKALI,GUJFLUORO,GUJGASLTD,GVKPIL,HAL,HAPPSTMNDS,HATHWAY,HAVELLS,HCC,HCL-INSYS,HCLTECH,HDFC,HDFCAMC,HDFCBANK,HDFCLIFE,HDIL,HECPROJECT,HEG,HEIDELBERG,HEMIPROP,HERITGFOOD,HEROMOTOCO,HEROMOTOCOP,HEXAWARE,HFCL,HIMATSEIDE,HINDALCO,HINDCOPPER,HINDPETRO,HINDUNILVR,HINDZINC,HLEGLAS,HMVL,HNDFDS,HONAUT,HSCL,HUDCO,HUHTAMAKI,HUSYSLTD,IBP,IBREALEST,IBULHSGFIN,IBULISL,IBVENTURES,ICEMAKE,ICICIBANK,ICICIGI,ICICIPRULI,ICIL,ICRA,IDBI,IDFC,IDFCBANK,IEX,IFBIND,IFCI,IGARASHI,IGL,IIFL,IIFLWAM,IL&FSTRANS,INDIACEM,INDIAMART,INDIANB,INDIANHUME,INDIGO,INDOCO,INDOSTAR,INDUSINDBK,INFIBEAM,INFY,INGERRAND,INGVYSYABANK,INNOVANA,INOXLEISUR,INOXWIND,INSECTICID,INTELLECT,IOB,IOC,IOLCP,IPAPPM,IPCALAB,IPCL,IPL,IRB,IRCON,IRCTC,IRFC,ISEC,IT,ITC,ITDC,ITDCEM,ITI,J&KBANK,JAGRAN,JAICORPLTD,JAKHARIA,JAMNAAUTO,JBCHEPHARM,JBFIND,JCHAC,JETAIRWAYS,JETKNIT,JINDALPOLY,JINDALSAW,JINDALSTEL,JISLJALEQS,JKCEMENT,JKIL,JKLAKSHMI,JKPAPER,JKTYRE,JMFINANCIL,JMTAUTOLTD,JPASSOCIAT,JPINFRATEC,JPPOWER,JSL,JSLHISAR,JSWENERGY,JSWHL,JSWSTEEL,JTEKTINDIA,JUMPNET,JUSTDIAL,JYOTHYLAB,KAJARIACER,KALPATPOWR,KANSAINER,KARURVYSYA,KEC,KEI,KENNAMET,KESORAMIND,KIMS,KIOCL,KIRLOSBROS,KIRLOSENG,KITEX,KKVAPOW,KNRCON,KOLTEPATIL,KOTAKBANK,KPIT,KPITTECH,KPRMILL,KRBL,KRL,KRSNAA,KSB,KSBPUMPS,KSCL,KTKBANK,KWALITY,L&TFH,LAKSHVILAS,LALPATHLAB,LAOPALA,LATENTVIEW,LATTEYS,LAURUSLABS,LAXMIMACH,LEMONTREE,LICHSGFIN,LICI,LINDEINDIA,LITL,LT,LTI,LTTS,LUMAXTECH,LUXIND,LXCHEM,M&M,M&MFIN,MAGMA,MAHABANK,MAHINDCIE,MAHLIFE,MAHLOG,MAHSCOOTER,MAHSEAMLES,MANAPPURAM,MANPASAND,MAPMYINDIA,MARICO,MARKSANS,MARUTI,MASFIN,MASTEK,MAXHEALTH,MAXINDIA,MAYURUNIQ,MAZDOCK,MCDOWELL-N,MCLEODRUSS,MCX,MEDPLUS,MERCK,METROBRAND,METROPOLIS,MFL,MFSL,MGEL,MGL,MIDHANI,MILTON,MINDACORP,MINDAIND,MMTC,MNC,MOIL,MOKSH,MOL,MONSANTO,MOSERBAER,MOTHERSON,MOTHERSUMI,MOTILALOFS,MRF,MRPL,MTNL,MUTHOOTFIN,MYSOREBANK,NAM-INDIA,NARMADA,NATCOPHARM,NATIONALUM,NAUKRI,NAVINFLUOR,NAVKARCORP,NAVNETEDUL,NBCC,NBVENTURES,NCC,NESCO,NESTLEIND,NETWORK18,NFL,NH,NHPC,NIACL,NIFTY,NIITLTD,NIITTECH,NILKAMAL,NIRMA,NITINFIRE,NITIRAJ,NLCINDIA,NOVARTIND,NUVOCO,NYKAA,OAL,OBEROIRLTY,OCCL,OFSS,OIL,OMAXE,OMFURN,ONEPOINT,ONGC,OPTIEMUS,ORIENTBANK,ORIENTCEM,ORIENTELEC,ORIENTREF,ORISSAMINE,OSWALSEEDS,PAGEIND,PANACHE,PANSARI,PARAGMILK,PARAS,PASHUPATI,PCJEWELLER,PENTAGOLD,PERSISTENT,PETRONET,PFC,PFIZER,PFS,PGHH,PGHL,PHILIPCARB,PIDILITIND,PIGL,PIIND,PIRAMALENT,PNBGILTS,PNBHOUSING,PNCINFRA,POLARIS,POLICYBZR,POLYCAB,POLYMED,POONAWALLA,POWERGRID,PRAJIND,PRAKASH,PRESTIGE,PRINCEPIPE,PRISMCEM,PRITI,PRIVISCL,PROLIFE,PSB,PSE,PSPPROJECT,PTC,PTL,PULZ,PUNJLLOYD,PVR,QUESS,QUICKHEAL,RADICO,RADIOCITY,RAIN,RAJESHEXPO,RAJMET,RALLIS,RAMCOCEM,RAMCOSYS,RANBAXY,RANEHOLDIN,RATEGAIN,RATNAMANI,RAYMOND,RBA,RBLBANK,RCF,RCOM,RECLTD,REDINGTON,REL,RELAXO,RELCAPITAL,RELIANCE,RELIGARE,RELINFRA,RENUKA,REPCOHOME,REPL,RESPONIND,RHFL,RIIL,RITES,RKFORGE,RNAM,RNAVAL,ROLEXRINGS,ROLTA,ROSSARI,ROUTE,RPOWER,RTNINDIA,RTNPOWER,RUCHISOYA,RUPA,RVNL,SADBHAV,SADBHIN,SANOFI,SANSERA,SAPPHIRE,SAREGAMA,SATIA,SATYAMCOMP,SBBJ,SBILIFE,SBIN,SBT,SCHAEFFLER,SCHNEIDER,SCI,SEQUENT,SESHAPAPER,SFL,SHANKARA,SHANTIGEAR,SHARDACROP,SHARDAMOTR,SHAREINDIA,SHILPAMED,SHILPI,SHK,SHOPERSTOP,SHRADHA,SHREECEM,SHRIRAMCIT,SHUBHLAXMI,SHYAMMETL,SIEMENS,SIIL,SILVERTUC,SIMPLEXINF,SINTEX,SIRCA,SIS,SITINET,SJVN,SKFINDIA,SKML,SMLISUZU,SMSPHARMA,SMVD,SNOWMAN,SOBHA,SOLEX,SOMANYCERA,SONAMCLOCK,SONATSOFTW,SOUTHBANK,SPANDANA,SPARC,SPICEJET,SPTL,SREINFRA,SRF,SRIRAM,SRPL,STAR,STARCEMENT,STARHEALTH,STCINDIA,STERLITE,STLTECH,STRTECH,SUDARSCHEM,SUMICHEM,SUNCLAYLTD,SUNDARMFIN,SUNDRMFAST,SUNFLAG,SUNPHARMA,SUNTECK,SUNTV,SUPPETRO,SUPRAJIT,SUPRIYA,SURANI,SUREVIN,SUULD,SUVEN,SUVENPHAR,SUZLON,SVLL,SWANENERGY,SWARAJENG,SWSOLAR,SYMPHONY,SYNDIBANK,SYNGENE,TAKE,TANLA,TARSONS,TASTYBITE,TATACHEM,TATACOFFEE,TATACOMM,TATAELXSI,TATAINVEST,TATAMOTORS,TATAMTRDVR,TATAPOWER,TATASPONGE,TATASTEEL,TATASTLLP,TATCOM,TATCONSUM,TATVA,TCI,TCIEXP,TCNSBRANDS,TCS,TEAMLEASE,TECHM,TECHNOE,TEGA,TEXRAIL,THERMAX,THYROCARE,TIDEWATER,TIINDIA,TIMETECHNO,TIMKEN,TNPL,TORNTPHARM,TOTAL,TOUCHWOOD,TRENT,TRIDENT,TRITURBINE,TTKPRESTIG,TTML,TV18BRDCST,TVSMOTOR,TVSSRICHAK,TVTODAY,UBL,UCL,UCOBANK,UFLEX,UFO,UJJIVAN,UJJIVANSFB,UNICHEMLAB,UNIONBANK,UNITECH,UNITEDBNK,UTIAMC,UWCSL,VAIBHAVGBL,VAKRANGEE,VALIANTORG,VARROC,VBL,VCL,VEDL,VENKEYS,VERA,VERTOZ,VESUVIUS,VGUARD,VIDEOIND,VIJAYA,VIJAYABANK,VINATIORGA,VINDHYATEL,VINNY,VIPIND,VMART,VOLTAS,VRLLOG,VSCL,VSTIND,VTL,WABAG,WABCOINDIA,WEALTH,WELCORP,WELSPUNIND,WHEELS,WOCKPHARMA,WONDERLA,ZEELEARN,ZEEMEDIA,ZEETELE,ZENSARTECH,ZODIAC,ZYDUSLIFE,ZYDUSWELL"
2023-07-13,Nifty100,JINDALSTEL,HDFC,"3MINDIA,8KMILES,AAKASH,AARTIDRUGS,AARTIIND,AARVI,AAVAS,ABAN,ABB,ABBOTINDIA,ABCAPITAL,ABFRL,ABINFRA,ABIRLANUVO,ABSLAMC,ACC,ACCURACY,ACEINTEG,ADANIENT,ADANIGAS,ADANIGREEN,ADANIPOWER,ADANITRANS,ADVENZYMES,AEGISCHEM,AFFLE,AHLUCONT,AIAENG,AISL,AJANTPHARM,AJOONI,AKZOINDIA,ALBK,ALEMBICLTD,ALKEM,ALKYLAMINE,ALLCARGO,ALOKINDS,ALOKTEXT,AMARAJABAT,AMBANIORG,AMBER,AMBUJACEM,AMIORG,AMTEKAUTO,ANANDRATHI,ANANTRAJ,ANDHRABANK,ANGELBRKG,ANGELONE,APARINDS,APLAPOLLO,APLLTD,APOLLOHOSP,APOLLOPIPE,APOLLOTYRE,APTUS,ARICENT,ARTEDZ,ARTNIRMAN,ARVEE,ARVINDFASN,ASAHIINDIA,ASCOM,ASHOKA,ASHOKLEY,ASIANPAINT,ASTERDM,ASTRAL,ASTRAMICRO,ASTRAZEN,ATFL,ATGL,ATUL,AUBANK,AURDIS,AUROPHARMA,AVANTIFEED,AWL,AXISBANK,BAJAJ-AUTO,BAJAJCON,BAJAJCORP,BAJAJELEC,BAJAJFINSV,BAJAJHIND,BAJAJHLDNG,BAJFINANCE,BALAJITELE,BALAMINES,BALKRISIND,BALLARPUR,BALRAMCHIN,BANCOINDIA,BANKBARODA,BANKINDIA,BASF,BATAINDIA,BAYERCROP,BBTC,BCG,BCONCEPTS,BEL,BEML,BERGEPAINT,BESTAGRO,BFINVEST,BFUTILITIE,BGRENERGY,BHARATFORG,BHARATRAS,BHARTIARTL,BHEL,BHUSANSTL,BIRLACORPN,BLISSGVS,BLUEDART,BLUESTARCO,BODALCHEM,BOMDYEING,BONGAIGAON,BORORENEW,BOSCHLTD,BPCL,BRFL,BRIGADE,BRIGHT,BRITANNIA,BSE,BSOFT,CADILAHC,CAMS,CANBK,CANFINHOME,CAPACITE,CAPF,CAPLIPOINT,CARBORUNIV,CARERATING,CARTRADE,CASTROLIND,CCL,CDSL,CEATLTD,CENTRALBK,CENTURYTEX,CESC,CGCL,CGPOWER,CHALET,CHAMBLFERT,CHEMPLASTS,CHENNPETRO,CHOLAFIN,CHOLAHLDNG,CIPLA,CKPLEISURE,CKPPRODUCT,CLEAN,CLNINDIA,CMSINFO,COALINDIA,COCHINSHIP,CONCOR,CONTI,COROMANDEL,CORPBANK,COX&KINGS,CREDITACC,CRISIL,CROMPTON,CSBBANK,CUB,CUMMINSIND,CYIENT,DABUR,DALBHARAT,DALMIABHA,DATAPATTNS,DBCORP,DBL,DBREALTY,DCAL,DCBBANK,DCI,DCMSHRIRAM,DEEPAKFERT,DEEPAKNTR,DELTACORP,DEN,DENABANK,DEVYANI,DHAMPURSUG,DHANI,DHANUKA,DHFL,DISHTV,DIVISLAB,DIXON,DLF,DMART,DODLA,DREDGECORP,DRREDDY,DRSDILIP,DSML,DYNAMATECH,EASEMYTRIP,ECLERX,EDELWEISS,EICHERMOT,EIDPARRY,ELGIEQUIP,EMAMILTD,EMERGE,EMKAYTOOLS,ENDURANCE,ENGINERSIN,ENIL,EQUITAS,ERIS,EROSMEDIA,ESABINDIA,ESCORTS,ESSELPACK,EVEREADY,EXCELCROP,EXCELINDUS,EXIDEIND,FAIRCHEMOR,FCONSUMER,FDC,FEDERALBNK,FELIX,FINCABLES,FINEORG,FINOPB,FIVECORE,FLFL,FLUOROCHEM,FMCG,FMGOETZE,FORTIS,FRETAIL,FSC,FSL,GAIL,GALAXYSURF,GANGAFORGE,GARFIBRES,GATI,GAYAPROJ,GDL,GEPIL,GESHIP,GET&D,GHCL,GICHSGFIN,GICL,GICRE,GILLETTE,GIPCL,GLAXO,GLENMARK,GLOBUSSPR,GLS,GMBREW,GMDCLTD,GMMPFAUDLR,GNFC,GOCOLORS,GODFRYPHLP,GODREJAGRO,GODREJCP,GODREJIND,GODREJPROP,GOLDSTAR,GPPL,GRANULES,GRAPHITE,GRASIM,GREAVESCOT,GREENLAM,GREENPLY,GRETEX,GRINDWELL,GRINFRA,GRSE,GRUH,GSFC,GSKCONS,GTLINFRA,GUJALKALI,GUJFLUORO,GUJGASLTD,GVKPIL,HAL,HAPPSTMNDS,HATHWAY,HAVELLS,HCC,HCL-INSYS,HCLTECH,HDFCAMC,HDFCBANK,HDFCLIFE,HDIL,HECPROJECT,HEG,HEIDELBERG,HEMIPROP,HERITGFOOD,HEROMOTOCO,HEROMOTOCOP,HEXAWARE,HFCL,HIMATSEIDE,HINDALCO,HINDCOPPER,HINDPETRO,HINDUNILVR,HINDZINC,HLEGLAS,HMVL,HNDFDS,HONAUT,HSCL,HUDCO,HUHTAMAKI,HUSYSLTD,IBP,IBREALEST,IBULHSGFIN,IBULISL,IBVENTURES,ICEMAKE,ICICIBANK,ICICIGI,ICICIPRULI,ICIL,ICRA,IDBI,IDFC,IDFCBANK,IEX,IFBIND,IFCI,IGARASHI,IGL,IIFL,IIFLWAM,IL&FSTRANS,INDIACEM,INDIAMART,INDIANB,INDIANHUME,INDIGO,INDOCO,INDOSTAR,INDUSINDBK,INFIBEAM,INFY,INGERRAND,INGVYSYABANK,INNOVANA,INOXLEISUR,INOXWIND,INSECTICID,INTELLECT,IOB,IOC,IOLCP,IPAPPM,IPCALAB,IPCL,IPL,IRB,IRCON,IRCTC,IRFC,ISEC,IT,ITC,ITDC,ITDCEM,ITI,J&KBANK,JAGRAN,JAICORPLTD,JAKHARIA,JAMNAAUTO,JBCHEPHARM,JBFIND,JCHAC,JETAIRWAYS,JETKNIT,JINDALPOLY,JINDALSAW,JINDALSTEL,JISLJALEQS,JKCEMENT,JKIL,JKLAKSHMI,JKPAPER,JKTYRE,JMFINANCIL,JMTAUTOLTD,JPASSOCIAT,JPINFRATEC,JPPOWER,JSL,JSLHISAR,JSWENERGY,JSWHL,JSWSTEEL,JTEKTINDIA,JUMPNET,JUSTDIAL,JYOTHYLAB,KAJARIACER,KALPATPOWR,KANSAINER,KARURVYSYA,KEC,KEI,KENNAMET,KESORAMIND,KIMS,KIOCL,KIRLOSBROS,KIRLOSENG,KITEX,KKVAPOW,KNRCON,KOLTEPATIL,KOTAKBANK,KPIT,KPITTECH,KPRMILL,KRBL,KRL,KRSNAA,KSB,KSBPUMPS,KSCL,KTKBANK,KWALITY,L&TFH,LAKSHVILAS,LALPATHLAB,LAOPALA,LATENTVIEW,LATTEYS,LAURUSLABS,LAXMIMACH,LEMONTREE,LICHSGFIN,LICI,LINDEINDIA,LITL,LT,LTI,LTTS,LUMAXTECH,LUXIND,LXCHEM,M&M,M&MFIN,MAGMA,MAHABANK,MAHINDCIE,MAHLIFE,MAHLOG,MAHSCOOTER,MAHSEAMLES,MANAPPURAM,MANPASAND,MAPMYINDIA,MARICO,MARKSANS,MARUTI,MASFIN,MASTEK,MAXHEALTH,MAXINDIA,MAYURUNIQ,MAZDOCK,MCDOWELL-N,MCLEODRUSS,MCX,MEDPLUS,MERCK,METROBRAND,METROPOLIS,MFL,MFSL,MGEL,MGL,MIDHANI,MILTON,MINDACORP,MINDAIND,MMTC,MNC,MOIL,MOKSH,MOL,MONSANTO,MOSERBAER,MOTHERSON,MOTHERSUMI,MOTILALOFS,MRF,MRPL,MTNL,MUTHOOTFIN,MYSOREBANK,NAM-INDIA,NARMADA,NATCOPHARM,NATIONALUM,NAUKRI,NAVINFLUOR,NAVKARCORP,NAVNETEDUL,NBCC,NBVENTURES,NCC,NESCO,NESTLEIND,NETWORK18,NFL,NH,NHPC,NIACL,NIFTY,NIITLTD,NIITTECH,NILKAMAL,NIRMA,NITINFIRE,NITIRAJ,NLCINDIA,NOVARTIND,NUVOCO,NYKAA,OAL,OBEROIRLTY,OCCL,OFSS,OIL,OMAXE,OMFURN,ONEPOINT,ONGC,OPTIEMUS,ORIENTBANK,ORIENTCEM,ORIENTELEC,ORIENTREF,ORISSAMINE,OSWALSEEDS,PAGEIND,PANACHE,PANSARI,PARAGMILK,PARAS,PASHUPATI,PCJEWELLER,PENTAGOLD,PERSISTENT,PETRONET,PFC,PFIZER,PFS,PGHH,PGHL,PHILIPCARB,PIDILITIND,PIGL,PIIND,PIRAMALENT,PNBGILTS,PNBHOUSING,PNCINFRA,POLARIS,POLICYBZR,POLYCAB,POLYMED,POONAWALLA,POWERGRID,PRAJIND,PRAKASH,PRESTIGE,PRINCEPIPE,PRISMCEM,PRITI,PRIVISCL,PROLIFE,PSB,PSE,PSPPROJECT,PTC,PTL,PULZ,PUNJLLOYD,PVR,QUESS,QUICKHEAL,RADICO,RADIOCITY,RAIN,RAJESHEXPO,RAJMET,RALLIS,RAMCOCEM,RAMCOSYS,RANBAXY,RANEHOLDIN,RATEGAIN,RATNAMANI,RAYMOND,RBA,RBLBANK,RCF,RCOM,RECLTD,REDINGTON,REL,RELAXO,RELCAPITAL,RELIANCE,RELIGARE,RELINFRA,RENUKA,REPCOHOME,REPL,RESPONIND,RHFL,RIIL,RITES,RKFORGE,RNAM,RNAVAL,ROLEXRINGS,ROLTA,ROSSARI,ROUTE,RPOWER,RTNINDIA,RTNPOWER,RUCHISOYA,RUPA,RVNL,SADBHAV,SADBHIN,SANOFI,SANSERA,SAPPHIRE,SAREGAMA,SATIA,SATYAMCOMP,SBBJ,SBILIFE,SBIN,SBT,SCHAEFFLER,SCHNEIDER,SCI,SEQUENT,SESHAPAPER,SFL,SHANKARA,SHANTIGEAR,SHARDACROP,SHARDAMOTR,SHAREINDIA,SHILPAMED,SHILPI,SHK,SHOPERSTOP,SHRADHA,SHREECEM,SHRIRAMCIT,SHUBHLAXMI,SHYAMMETL,SIEMENS,SIIL,SILVERTUC,SIMPLEXINF,SINTEX,SIRCA,SIS,SITINET,SJVN,SKFINDIA,SKML,SMLISUZU,SMSPHARMA,SMVD,SNOWMAN,SOBHA,SOLEX,SOMANYCERA,SONAMCLOCK,SONATSOFTW,SOUTHBANK,SPANDANA,SPARC,SPICEJET,SPTL,SREINFRA,SRF,SRIRAM,SRPL,STAR,STARCEMENT,STARHEALTH,STCINDIA,STERLITE,STLTECH,STRTECH,SUDARSCHEM,SUMICHEM,SUNCLAYLTD,SUNDARMFIN,SUNDRMFAST,SUNFLAG,SUNPHARMA,SUNTECK,SUNTV,SUPPETRO,SUPRAJIT,SUPRIYA,SURANI,SUREVIN,SUULD,SUVEN,SUVENPHAR,SUZLON,SVLL,SWANENERGY,SWARAJENG,SWSOLAR,SYMPHONY,SYNDIBANK,SYNGENE,TAKE,TANLA,TARSONS,TASTYBITE,TATACHEM,TATACOFFEE,TATACOMM,TATAELXSI,TATAINVEST,TATAMOTORS,TATAMTRDVR,TATAPOWER,TATASPONGE,TATASTEEL,TATASTLLP,TATCOM,TATCONSUM,TATVA,TCI,TCIEXP,TCNSBRANDS,TCS,TEAMLEASE,TECHM,TECHNOE,TEGA,TEXRAIL,THERMAX,THYROCARE,TIDEWATER,TIINDIA,TIMETECHNO,TIMKEN,TNPL,TORNTPHARM,TOTAL,TOUCHWOOD,TRENT,TRIDENT,TRITURBINE,TTKPRESTIG,TTML,TV18BRDCST,TVSMOTOR,TVSSRICHAK,TVTODAY,UBL,UCL,UCOBANK,UFLEX,UFO,UJJIVAN,UJJIVANSFB,UNICHEMLAB,UNIONBANK,UNITECH,UNITEDBNK,UTIAMC,UWCSL,VAIBHAVGBL,VAKRANGEE,VALIANTORG,VARROC,VBL,VCL,VEDL,VENKEYS,VERA,VERTOZ,VESUVIUS,VGUARD,VIDEOIND,VIJAYA,VIJAYABANK,VINATIORGA,VINDHYATEL,VINNY,VIPIND,VMART,VOLTAS,VRLLOG,VSCL,VSTIND,VTL,WABAG,WABCOINDIA,WEALTH,WELCORP,WELSPUNIND,WHEELS,WOCKPHARMA,WONDERLA,ZEELEARN,ZEEMEDIA,ZEETELE,ZENSARTECH,ZODIAC,ZYDUSLIFE,ZYDUSWELL"
2024-03-28,Nifty100,"ADANIPOWER,IRFC,JIOFIN,PFC,RECLTD","AWL,MUTHOOTFIN,PIIND,PGHH,UPL","3MINDIA,8KMILES,AAKASH,AARTIDRUGS,AARTIIND,AARVI,AAVAS,ABAN,ABB,ABBOTINDIA,ABCAPITAL,ABFRL,ABINFRA,ABIRLANUVO,ABSLAMC,ACC,ACCURACY,ACEINTEG,ADANIENT,ADANIGAS,ADANIGREEN,ADANIPOWER,ADANITRANS,ADVENZYMES,AEGISCHEM,AFFLE,AHLUCONT,AIAENG,AISL,AJANTPHARM,AJOONI,AKZOINDIA,ALBK,ALEMBICLTD,ALKEM,ALKYLAMINE,ALLCARGO,ALOKINDS,ALOKTEXT,AMARAJABAT,AMBANIORG,AMBER,AMBUJACEM,AMIORG,AMTEKAUTO,ANANDRATHI,ANANTRAJ,ANDHRABANK,ANGELBRKG,ANGELONE,APARINDS,APLAPOLLO,APLLTD,APOLLOHOSP,APOLLOPIPE,APOLLOTYRE,APTUS,ARICENT,ARTEDZ,ARTNIRMAN,ARVEE,ARVINDFASN,ASAHIINDIA,ASCOM,ASHOKA,ASHOKLEY,ASIANPAINT,ASTERDM,ASTRAL,ASTRAMICRO,ASTRAZEN,ATFL,ATGL,ATUL,AUBANK,AURDIS,AUROPHARMA,AVANTIFEED,AXISBANK,BAJAJ-AUTO,BAJAJCON,BAJAJCORP,BAJAJELEC,BAJAJFINSV,BAJAJHIND,BAJAJHLDNG,BAJFINANCE,BALAJITELE,BALAMINES,BALKRISIND,BALLARPUR,BALRAMCHIN,BANCOINDIA,BANKBARODA,BANKINDIA,BASF,BATAINDIA,BAYERCROP,BBTC,BCG,BCONCEPTS,BEL,BEML,BERGEPAINT,BESTAGRO,BFINVEST,BFUTILITIE,BGRENERGY,BHARATFORG,BHARATRAS,BHARTIARTL,BHEL,BHUSANSTL,BIRLACORPN,BLISSGVS,BLUEDART,BLUESTARCO,BODALCHEM,BOMDYEING,BONGAIGAON,BORORENEW,BOSCHLTD,BPCL,BRFL,BRIGADE,BRIGHT,BRITANNIA,BSE,BSOFT,CADILAHC,CAMS,CANBK,CANFINHOME,CAPACITE,CAPF,CAPLIPOINT,CARBORUNIV,CARERATING,CARTRADE,CASTROLIND,CCL,CDSL,CEATLTD,CENTRALBK,CENTURYTEX,CESC,CGCL,CGPOWER,CHALET,CHAMBLFERT,CHEMPLASTS,CHENNPETRO,CHOLAFIN,CHOLAHLDNG,CIPLA,CKPLEISURE,CKPPRODUCT,CLEAN,CLNINDIA,CMSINFO,COALINDIA,COCHINSHIP,CONCOR,CONTI,COROMANDEL,CORPBANK,COX&KINGS,CREDITACC,CRISIL,CROMPTON,CSBBANK,CUB,CUMMINSIND,CYIENT,DABUR,DALBHARAT,DALMIABHA,DATAPATTNS,DBCORP,DBL,DBREALTY,DCAL,DCBBANK,DCI,DCMSHRIRAM,DEEPAKFERT,DEEPAKNTR,DELTACORP,DEN,DENABANK,DEVYANI,DHAMPURSUG,DHANI,DHANUKA,DHFL,DISHTV,DIVISLAB,DIXON,DLF,DMART,DODLA,DREDGECORP,DRREDDY,DRSDILIP,DSML,DYNAMATECH,EASEMYTRIP,ECLERX,EDELWEISS,EICHERMOT,EIDPARRY,ELGIEQUIP,EMAMILTD,EMERGE,EMKAYTOOLS,ENDURANCE,ENGINERSIN,ENIL,EQUITAS,ERIS,EROSMEDIA,ESABINDIA,ESCORTS,ESSELPACK,EVEREADY,EXCELCROP,EXCELINDUS,EXIDEIND,FAIRCHEMOR,FCONSUMER,FDC,FEDERALBNK,FELIX,FINCABLES,FINEORG,FINOPB,FIVECORE,FLFL,FLUOROCHEM,FMCG,FMGOETZE,FORTIS,FRETAIL,FSC,FSL,GAIL,GALAXYSURF,GANGAFORGE,GARFIBRES,GATI,GAYAPROJ,GDL,GEPIL,GESHIP,GET&D,GHCL,GICHSGFIN,GICL,GICRE,GILLETTE,GIPCL,GLAXO,GLENMARK,GLOBUSSPR,GLS,GMBREW,GMDCLTD,GMMPFAUDLR,GNFC,GOCOLORS,GODFRYPHLP,GODREJAGRO,GODREJCP,GODREJIND,GODREJPROP,GOLDSTAR,GPPL,GRANULES,GRAPHITE,GRASIM,GREAVESCOT,GREENLAM,GREENPLY,GRETEX,GRINDWELL,GRINFRA,GRSE,GRUH,GSFC,GSKCONS,GTLINFRA,GUJALKALI,GUJFLUORO,GUJGASLTD,GVKPIL,HAL,HAPPSTMNDS,HATHWAY,HAVELLS,HCC,HCL-INSYS,HCLTECH,HDFCAMC,HDFCBANK,HDFCLIFE,HDIL,HECPROJECT,HEG,HEIDELBERG,HEMIPROP,HERITGFOOD,HEROMOTOCO,HEROMOTOCOP,HEXAWARE,HFCL,HIMATSEIDE,HINDALCO,HINDCOPPER,HINDPETRO,HINDUNILVR,HINDZINC,HLEGLAS,HMVL,HNDFDS,HONAUT,HSCL,HUDCO,HUHTAMAKI,HUSYSLTD,IBP,IBREALEST,IBULHSGFIN,IBULISL,IBVENTURES,ICEMAKE,ICICIBANK,ICICIGI,ICICIPRULI,ICIL,ICRA,IDBI,IDFC,IDFCBANK,IEX,IFBIND,IFCI,IGARASHI,IGL,IIFL,IIFLWAM,IL&FSTRANS,INDIACEM,INDIAMART,INDIANB,INDIANHUME,INDIGO,INDOCO,INDOSTAR,INDUSINDBK,INFIBEAM,INFY,INGERRAND,INGVYSYABANK,INNOVANA,INOXLEISUR,INOXWIND,INSECTICID,INTELLECT,IOB,IOC,IOLCP,IPAPPM,IPCALAB,IPCL,IPL,IRB,IRCON,IRCTC,IRFC,ISEC,IT,ITC,ITDC,ITDCEM,ITI,J&KBANK,JAGRAN,JAICORPLTD,JAKHARIA,JAMNAAUTO,JBCHEPHARM,JBFIND,JCHAC,JETAIRWAYS,JETKNIT,JINDALPOLY,JINDALSAW,JINDALSTEL,JIOFIN,JISLJALEQS,JKCEMENT,JKIL,JKLAKSHMI,JKPAPER,JKTYRE,JMFINANCIL,JMTAUTOLTD,JPASSOCIAT,JPINFRATEC,JPPOWER,JSL,JSLHISAR,JSWENERGY,JSWHL,JSWSTEEL,JTEKTINDIA,JUMPNET,JUSTDIAL,JYOTHYLAB,KAJARIACER,KALPATPOWR,KANSAINER,KARURVYSYA,KEC,KEI,KENNAMET,KESORAMIND,KIMS,KIOCL,KIRLOSBROS,KIRLOSENG,KITEX,KKVAPOW,KNRCON,KOLTEPATIL,KOTAKBANK,KPIT,KPITTECH,KPRMILL,KRBL,KRL,KRSNAA,KSB,KSBPUMPS,KSCL,KTKBANK,KWALITY,L&TFH,LAKSHVILAS,LALPATHLAB,LAOPALA,LATENTVIEW,LATTEYS,LAURUSLABS,LAXMIMACH,LEMONTREE,LICHSGFIN,LICI,LINDEINDIA,LITL,LT,LTI,LTTS,LUMAXTECH,LUXIND,LXCHEM,M&M,M&MFIN,MAGMA,MAHABANK,MAHINDCIE,MAHLIFE,MAHLOG,MAHSCOOTER,MAHSEAMLES,MANAPPURAM,MANPASAND,MAPMYINDIA,MARICO,MARKSANS,MARUTI,MASFIN,MASTEK,MAXHEALTH,MAXINDIA,MAYURUNIQ,MAZDOCK,MCDOWELL-N,MCLEODRUSS,MCX,MEDPLUS,MERCK,METROBRAND,METROPOLIS,MFL,MFSL,MGEL,MGL,MIDHANI,MILTON,MINDACORP,MINDAIND,MMTC,MNC,MOIL,MOKSH,MOL,MONSANTO,MOSERBAER,MOTHERSON,MOTHERSUMI,MOTILALOFS,MRF,MRPL,MTNL,MYSOREBANK,NAM-INDIA,NARMADA,NATCOPHARM,NATIONALUM,NAUKRI,NAVINFLUOR,NAVKARCORP,NAVNETEDUL,NBCC,NBVENTURES,NCC,NESCO,NESTLEIND,NETWORK18,NFL,NH,NHPC,NIACL,NIFTY,NIITLTD,NIITTECH,NILKAMAL,NIRMA,NITINFIRE,NITIRAJ,NLCINDIA,NOVARTIND,NUVOCO,NYKAA,OAL,OBEROIRLTY,OCCL,OFSS,OIL,OMAXE,OMFURN,ONEPOINT,ONGC,OPTIEMUS,ORIENTBANK,ORIENTCEM,ORIENTELEC,ORIENTREF,ORISSAMINE,OSWALSEEDS,PAGEIND,PANACHE,PANSARI,PARAGMILK,PARAS,PASHUPATI,PCJEWELLER,PENTAGOLD,PERSISTENT,PETRONET,PFC,PFIZER,PFS,PGHL,PHILIPCARB,PIDILITIND,PIGL,PIRAMALENT,PNBGILTS,PNBHOUSING,PNCINFRA,POLARIS,POLICYBZR,POLYCAB,POLYMED,POONAWALLA,POWERGRID,PRAJIND,PRAKASH,PRESTIGE,PRINCEPIPE,PRISMCEM,PRITI,PRIVISCL,PROLIFE,PSB,PSE,PSPPROJECT,PTC,PTL,PULZ,PUNJLLOYD,PVR,QUESS,QUICKHEAL,RADICO,RADIOCITY,RAIN,RAJESHEXPO,RAJMET,RALLIS,RAMCOCEM,RAMCOSYS,RANBAXY,RANEHOLDIN,RATEGAIN,RATNAMANI,RAYMOND,RBA,RBLBANK,RCF,RCOM,RECLTD,REDINGTON,REL,RELAXO,RELCAPITAL,RELIANCE,RELIGARE,RELINFRA,RENUKA,REPCOHOME,REPL,RESPONIND,RHFL,RIIL,RITES,RKFORGE,RNAM,RNAVAL,ROLEXRINGS,ROLTA,ROSSARI,ROUTE,RPOWER,RTNINDIA,RTNPOWER,RUCHISOYA,RUPA,RVNL,SADBHAV,SADBHIN,SANOFI,SANSERA,SAPPHIRE,SAREGAMA,SATIA,SATYAMCOMP,SBBJ,SBILIFE,SBIN,SBT,SCHAEFFLER,SCHNEIDER,SCI,SEQUENT,SESHAPAPER,SFL,SHANKARA,SHANTIGEAR,SHARDACROP,SHARDAMOTR,SHAREINDIA,SHILPAMED,SHILPI,SHK,SHOPERSTOP,SHRADHA,SHREECEM,SHRIRAMCIT,SHUBHLAXMI,SHYAMMETL,SIEMENS,SIIL,SILVERTUC,SIMPLEXINF,SINTEX,SIRCA,SIS,SITINET,SJVN,SKFINDIA,SKML,SMLISUZU,SMSPHARMA,SMVD,SNOWMAN,SOBHA,SOLEX,SOMANYCERA,SONAMCLOCK,SONATSOFTW,SOUTHBANK,SPANDANA,SPARC,SPICEJET,SPTL,SREINFRA,SRF,SRIRAM,SRPL,STAR,STARCEMENT,STARHEALTH,STCINDIA,STERLITE,STLTECH,STRTECH,SUDARSCHEM,SUMICHEM,SUNCLAYLTD,SUNDARMFIN,SUNDRMFAST,SUNFLAG,SUNPHARMA,SUNTECK,SUNTV,SUPPETRO,SUPRAJIT,SUPRIYA,SURANI,SUREVIN,SUULD,SUVEN,SUVENPHAR,SUZLON,SVLL,SWANENERGY,SWARAJENG,SWSOLAR,SYMPHONY,SYNDIBANK,SYNGENE,TAKE,TANLA,TARSONS,TASTYBITE,TATACHEM,TATACOFFEE,TATACOMM,TATAELXSI,TATAINVEST,TATAMOTORS,TATAMTRDVR,TATAPOWER,TATASPONGE,TATASTEEL,TATASTLLP,TATCOM,TATCONSUM,TATVA,TCI,TCIEXP,TCNSBRANDS,TCS,TEAMLEASE,TECHM,TECHNOE,TEGA,TEXRAIL,THERMAX,THYROCARE,TIDEWATER,TIINDIA,TIMETECHNO,TIMKEN,TNPL,TORNTPHARM,TOTAL,TOUCHWOOD,TRENT,TRIDENT,TRITURBINE,TTKPRESTIG,TTML,TV18BRDCST,TVSMOTOR,TVSSRICHAK,TVTODAY,UBL,UCL,UCOBANK,UFLEX,UFO,UJJIVAN,UJJIVANSFB,UNICHEMLAB,UNIONBANK,UNITECH,UNITEDBNK,UTIAMC,UWCSL,VAIBHAVGBL,VAKRANGEE,VALIANTORG,VARROC,VBL,VCL,VEDL,VENKEYS,VERA,VERTOZ,VESUVIUS,VGUARD,VIDEOIND,VIJAYA,VIJAYABANK,VINATIORGA,VINDHYATEL,VINNY,VIPIND,VMART,VOLTAS,VRLLOG,VSCL,VSTIND,VTL,WABAG,WABCOINDIA,WEALTH,WELCORP,WELSPUNIND,WHEELS,WOCKPHARMA,WONDERLA,ZEELEARN,ZEEMEDIA,ZEETELE,ZENSARTECH,ZODIAC,ZYDUSLIFE,ZYDUSWELL"
2025-09-30,Nifty100,"HINDZINC,MAXHEALTH,MAZDOCK,ENRIN,SOLARINDS","DABUR,HEROMOTOCO,ICICIPRULI,INDUSINDBK,SWIGGY","3MINDIA,8KMILES,AAKASH,AARTIDRUGS,AARTIIND,AARVI,AAVAS,ABAN,ABB,ABBOTINDIA,ABCAPITAL,ABFRL,ABINFRA,ABIRLANUVO,ABSLAMC,ACC,ACCURACY,ACEINTEG,ADANIENT,ADANIGAS,ADANIGREEN,ADANIPOWER,ADANITRANS,ADVENZYMES,AEGISCHEM,AFFLE,AHLUCONT,AIAENG,AISL,AJANTPHARM,AJOONI,AKZOINDIA,ALBK,ALEMBICLTD,ALKEM,ALKYLAMINE,ALLCARGO,ALOKINDS,ALOKTEXT,AMARAJABAT,AMBANIORG,AMBER,AMBUJACEM,AMIORG,AMTEKAUTO,ANANDRATHI,ANANTRAJ,ANDHRABANK,ANGELBRKG,ANGELONE,APARINDS,APLAPOLLO,APLLTD,APOLLOHOSP,APOLLOPIPE,APOLLOTYRE,APTUS,ARICENT,ARTEDZ,ARTNIRMAN,ARVEE,ARVINDFASN,ASAHIINDIA,ASCOM,ASHOKA,ASHOKLEY,ASIANPAINT,ASTERDM,ASTRAL,ASTRAMICRO,ASTRAZEN,ATFL,ATGL,ATUL,AUBANK,AURDIS,AUROPHARMA,AVANTIFEED,AXISBANK,BAJAJ-AUTO,BAJAJCON,BAJAJCORP,BAJAJELEC,BAJAJFINSV,BAJAJHIND,BAJAJHLDNG,BAJFINANCE,BALAJITELE,BALAMINES,BALKRISIND,BALLARPUR,BALRAMCHIN,BANCOINDIA,BANKBARODA,BANKINDIA,BASF,BATAINDIA,BAYERCROP,BBTC,BCG,BCONCEPTS,BEL,BEML,BERGEPAINT,BESTAGRO,BFINVEST,BFUTILITIE,BGRENERGY,BHARATFORG,BHARATRAS,BHARTIARTL,BHEL,BHUSANSTL,BIRLACORPN,BLISSGVS,BLUEDART,BLUESTARCO,BODALCHEM,BOMDYEING,BONGAIGAON,BORORENEW,BOSCHLTD,BPCL,BRFL,BRIGADE,BRIGHT,BRITANNIA,BSE,BSOFT,CADILAHC,CAMS,CANBK,CANFINHOME,CAPACITE,CAPF,CAPLIPOINT,CARBORUNIV,CARERATING,CARTRADE,CASTROLIND,CCL,CDSL,CEATLTD,CENTRALBK,CENTURYTEX,CESC,CGCL,CGPOWER,CHALET,CHAMBLFERT,CHEMPLASTS,CHENNPETRO,CHOLAFIN,CHOLAHLDNG,CIPLA,CKPLEISURE,CKPPRODUCT,CLEAN,CLNINDIA,CMSINFO,COALINDIA,COCHINSHIP,CONCOR,CONTI,COROMANDEL,CORPBANK,COX&KINGS,CREDITACC,CRISIL,CROMPTON,CSBBANK,CUB,CUMMINSIND,CYIENT,DALBHARAT,DALMIABHA,DATAPATTNS,DBCORP,DBL,DBREALTY,DCAL,DCBBANK,DCI,DCMSHRIRAM,DEEPAKFERT,DEEPAKNTR,DELTACORP,DEN,DENABANK,DEVYANI,DHAMPURSUG,DHANI,DHANUKA,DHFL,DISHTV,DIVISLAB,DIXON,DLF,DMART,DODLA,DREDGECORP,DRREDDY,DRSDILIP,DSML,DYNAMATECH,EASEMYTRIP,ECLERX,EDELWEISS,EICHERMOT,EIDPARRY,ELGIEQUIP,EMAMILTD,EMERGE,EMKAYTOOLS,ENDURANCE,ENGINERSIN,ENIL,ENRIN,EQUITAS,ERIS,EROSMEDIA,ESABINDIA,ESCORTS,ESSELPACK,EVEREADY,EXCELCROP,EXCELINDUS,EXIDEIND,FAIRCHEMOR,FCONSUMER,FDC,FEDERALBNK,FELIX,FINCABLES,FINEORG,FINOPB,FIVECORE,FLFL,FLUOROCHEM,FMCG,FMGOETZE,FORTIS,FRETAIL,FSC,FSL,GAIL,GALAXYSURF,GANGAFORGE,GARFIBRES,GATI,GAYAPROJ,GDL,GEPIL,GESHIP,GET&D,GHCL,GICHSGFIN,GICL,GICRE,GILLETTE,GIPCL,GLAXO,GLENMARK,GLOBUSSPR,GLS,GMBREW,GMDCLTD,GMMPFAUDLR,GNFC,GOCOLORS,GODFRYPHLP,GODREJAGRO,GODREJCP,GODREJIND,GODREJPROP,GOLDSTAR,GPPL,GRANULES,GRAPHITE,GRASIM,GREAVESCOT,GREENLAM,GREENPLY,GRETEX,GRINDWELL,GRINFRA,GRSE,GRUH,GSFC,GSKCONS,GTLINFRA,GUJALKALI,GUJFLUORO,GUJGASLTD,GVKPIL,HAL,HAPPSTMNDS,HATHWAY,HAVELLS,HCC,HCL-INSYS,HCLTECH,HDFCAMC,HDFCBANK,HDFCLIFE,HDIL,HECPROJECT,HEG,HEIDELBERG,HEMIPROP,HERITGFOOD,HEROMOTOCOP,HEXAWARE,HFCL,HIMATSEIDE,HINDALCO,HINDCOPPER,HINDPETRO,HINDUNILVR,HINDZINC,HLEGLAS,HMVL,HNDFDS,HONAUT,HSCL,HUDCO,HUHTAMAKI,HUSYSLTD,IBP,IBREALEST,IBULHSGFIN,IBULISL,IBVENTURES,ICEMAKE,ICICIBANK,ICICIGI,ICIL,ICRA,IDBI,IDFC,IDFCBANK,IEX,IFBIND,IFCI,IGARASHI,IGL,IIFL,IIFLWAM,IL&FSTRANS,INDIACEM,INDIAMART,INDIANB,INDIANHUME,INDIGO,INDOCO,INDOSTAR,INFIBEAM,INFY,INGERRAND,INGVYSYABANK,INNOVANA,INOXLEISUR,INOXWIND,INSECTICID,INTELLECT,IOB,IOC,IOLCP,IPAPPM,IPCALAB,IPCL,IPL,IRB,IRCON,IRCTC,IRFC,ISEC,IT,ITC,ITDC,ITDCEM,ITI,J&KBANK,JAGRAN,JAICORPLTD,JAKHARIA,JAMNAAUTO,JBCHEPHARM,JBFIND,JCHAC,JETAIRWAYS,JETKNIT,JINDALPOLY,JINDALSAW,JINDALSTEL,JIOFIN,JISLJALEQS,JKCEMENT,JKIL,JKLAKSHMI,JKPAPER,JKTYRE,JMFINANCIL,JMTAUTOLTD,JPASSOCIAT,JPINFRATEC,JPPOWER,JSL,JSLHISAR,JSWENERGY,JSWHL,JSWSTEEL,JTEKTINDIA,JUMPNET,JUSTDIAL,JYOTHYLAB,KAJARIACER,KALPATPOWR,KANSAINER,KARURVYSYA,KEC,KEI,KENNAMET,KESORAMIND,KIMS,KIOCL,KIRLOSBROS,KIRLOSENG,KITEX,KKVAPOW,KNRCON,KOLTEPATIL,KOTAKBANK,KPIT,KPITTECH,KPRMILL,KRBL,KRL,KRSNAA,KSB,KSBPUMPS,KSCL,KTKBANK,KWALITY,L&TFH,LAKSHVILAS,LALPATHLAB,LAOPALA,LATENTVIEW,LATTEYS,LAURUSLABS,LAXMIMACH,LEMONTREE,LICHSGFIN,LICI,LINDEINDIA,LITL,LT,LTI,LTTS,LUMAXTECH,LUXIND,LXCHEM,M&M,M&MFIN,MAGMA,MAHABANK,MAHINDCIE,MAHLIFE,MAHLOG,MAHSCOOTER,MAHSEAMLES,MANAPPURAM,MANPASAND,MAPMYINDIA,MARICO,MARKSANS,MARUTI,MASFIN,MASTEK,MAXHEALTH,MAXINDIA,MAYURUNIQ,MAZDOCK,MCDOWELL-N,MCLEODRUSS,MCX,MEDPLUS,MERCK,METROBRAND,METROPOLIS,MFL,MFSL,MGEL,MGL,MIDHANI,MILTON,MINDACORP,MINDAIND,MMTC,MNC,MOIL,MOKSH,MOL,MONSANTO,MOSERBAER,MOTHERSON,MOTHERSUMI,MOTILALOFS,MRF,MRPL,MTNL,MYSOREBANK,NAM-INDIA,NARMADA,NATCOPHARM,NATIONALUM,NAUKRI,NAVINFLUOR,NAVKARCORP,NAVNETEDUL,NBCC,NBVENTURES,NCC,NESCO,NESTLEIND,NETWORK18,NFL,NH,NHPC,NIACL,NIFTY,NIITLTD,NIITTECH,NILKAMAL,NIRMA,NITINFIRE,NITIRAJ,NLCINDIA,NOVARTIND,NUVOCO,NYKAA,OAL,OBEROIRLTY,OCCL,OFSS,OIL,OMAXE,OMFURN,ONEPOINT,ONGC,OPTIEMUS,ORIENTBANK,ORIENTCEM,ORIENTELEC,ORIENTREF,ORISSAMINE,OSWALSEEDS,PAGEIND,PANACHE,PANSARI,PARAGMILK,PARAS,PASHUPATI,PCJEWELLER,PENTAGOLD,PERSISTENT,PETRONET,PFC,PFIZER,PFS,PGHL,PHILIPCARB,PIDILITIND,PIGL,PIRAMALENT,PNBGILTS,PNBHOUSING,PNCINFRA,POLARIS,POLICYBZR,POLYCAB,POLYMED,POONAWALLA,POWERGRID,PRAJIND,PRAKASH,PRESTIGE,PRINCEPIPE,PRISMCEM,PRITI,PRIVISCL,PROLIFE,PSB,PSE,PSPPROJECT,PTC,PTL,PULZ,PUNJLLOYD,PVR,QUESS,QUICKHEAL,RADICO,RADIOCITY,RAIN,RAJESHEXPO,RAJMET,RALLIS,RAMCOCEM,RAMCOSYS,RANBAXY,RANEHOLDIN,RATEGAIN,RATNAMANI,RAYMOND,RBA,RBLBANK,RCF,RCOM,RECLTD,REDINGTON,REL,RELAXO,RELCAPITAL,RELIANCE,RELIGARE,RELINFRA,RENUKA,REPCOHOME,REPL,RESPONIND,RHFL,RIIL,RITES,RKFORGE,RNAM,RNAVAL,ROLEXRINGS,ROLTA,ROSSARI,ROUTE,RPOWER,RTNINDIA,RTNPOWER,RUCHISOYA,RUPA,RVNL,SADBHAV,SADBHIN,SANOFI,SANSERA,SAPPHIRE,SAREGAMA,SATIA,SATYAMCOMP,SBBJ,SBILIFE,SBIN,SBT,SCHAEFFLER,SCHNEIDER,SCI,SEQUENT,SESHAPAPER,SFL,SHANKARA,SHANTIGEAR,SHARDACROP,SHARDAMOTR,SHAREINDIA,SHILPAMED,SHILPI,SHK,SHOPERSTOP,SHRADHA,SHREECEM,SHRIRAMCIT,SHUBHLAXMI,SHYAMMETL,SIEMENS,SIIL,SILVERTUC,SIMPLEXINF,SINTEX,SIRCA,SIS,SITINET,SJVN,SKFINDIA,SKML,SMLISUZU,SMSPHARMA,SMVD,SNOWMAN,SOBHA,SOLARINDS,SOLEX,SOMANYCERA,SONAMCLOCK,SONATSOFTW,SOUTHBANK,SPANDANA,SPARC,SPICEJET,SPTL,SREINFRA,SRF,SRIRAM,SRPL,STAR,STARCEMENT,STARHEALTH,STCINDIA,STERLITE,STLTECH,STRTECH,SUDARSCHEM,SUMICHEM,SUNCLAYLTD,SUNDARMFIN,SUNDRMFAST,SUNFLAG,SUNPHARMA,SUNTECK,SUNTV,SUPPETRO,SUPRAJIT,SUPRIYA,SURANI,SUREVIN,SUULD,SUVEN,SUVENPHAR,SUZLON,SVLL,SWANENERGY,SWARAJENG,SWSOLAR,SYMPHONY,SYNDIBANK,SYNGENE,TAKE,TANLA,TARSONS,TASTYBITE,TATACHEM,TATACOFFEE,TATACOMM,TATAELXSI,TATAINVEST,TATAMOTORS,TATAMTRDVR,TATAPOWER,TATASPONGE,TATASTEEL,TATASTLLP,TATCOM,TATCONSUM,TATVA,TCI,TCIEXP,TCNSBRANDS,TCS,TEAMLEASE,TECHM,TECHNOE,TEGA,TEXRAIL,THERMAX,THYROCARE,TIDEWATER,TIINDIA,TIMETECHNO,TIMKEN,TNPL,TORNTPHARM,TOTAL,TOUCHWOOD,TRENT,TRIDENT,TRITURBINE,TTKPRESTIG,TTML,TV18BRDCST,TVSMOTOR,TVSSRICHAK,TVTODAY,UBL,UCL,UCOBANK,UFLEX,UFO,UJJIVAN,UJJIVANSFB,UNICHEMLAB,UNIONBANK,UNITECH,UNITEDBNK,UTIAMC,UWCSL,VAIBHAVGBL,VAKRANGEE,VALIANTORG,VARROC,VBL,VCL,VEDL,VENKEYS,VERA,VERTOZ,VESUVIUS,VGUARD,VIDEOIND,VIJAYA,VIJAYABANK,VINATIORGA,VINDHYATEL,VINNY,VIPIND,VMART,VOLTAS,VRLLOG,VSCL,VSTIND,VTL,WABAG,WABCOINDIA,WEALTH,WELCORP,WELSPUNIND,WHEELS,WOCKPHARMA,WONDERLA,ZEELEARN,ZEEMEDIA,ZEETELE,ZENSARTECH,ZODIAC,ZYDUSLIFE,ZYDUSWELL"
2026-03-30,Nifty100,"CUMMINSIND,HDFCAMC,MUTHOOTFIN,TATACAP,TMCV,UNIONBANK","BAJAJHFL,HAVELLS,ICICIGI,NAUKRI,JSWENERGY,LICI","3MINDIA,8KMILES,AAKASH,AARTIDRUGS,AARTIIND,AARVI,AAVAS,ABAN,ABB,ABBOTINDIA,ABCAPITAL,ABFRL,ABINFRA,ABIRLANUVO,ABSLAMC,ACC,ACCURACY,ACEINTEG,ADANIENT,ADANIGAS,ADANIGREEN,ADANIPOWER,ADANITRANS,ADVENZYMES,AEGISCHEM,AFFLE,AHLUCONT,AIAENG,AISL,AJANTPHARM,AJOONI,AKZOINDIA,ALBK,ALEMBICLTD,ALKEM,ALKYLAMINE,ALLCARGO,ALOKINDS,ALOKTEXT,AMARAJABAT,AMBANIORG,AMBER,AMBUJACEM,AMIORG,AMTEKAUTO,ANANDRATHI,ANANTRAJ,ANDHRABANK,ANGELBRKG,ANGELONE,APARINDS,APLAPOLLO,APLLTD,APOLLOHOSP,APOLLOPIPE,APOLLOTYRE,APTUS,ARICENT,ARTEDZ,ARTNIRMAN,ARVEE,ARVINDFASN,ASAHIINDIA,ASCOM,ASHOKA,ASHOKLEY,ASIANPAINT,ASTERDM,ASTRAL,ASTRAMICRO,ASTRAZEN,ATFL,ATGL,ATUL,AUBANK,AURDIS,AUROPHARMA,AVANTIFEED,AXISBANK,BAJAJ-AUTO,BAJAJCON,BAJAJCORP,BAJAJELEC,BAJAJFINSV,BAJAJHIND,BAJAJHLDNG,BAJFINANCE,BALAJITELE,BALAMINES,BALKRISIND,BALLARPUR,BALRAMCHIN,BANCOINDIA,BANKBARODA,BANKINDIA,BASF,BATAINDIA,BAYERCROP,BBTC,BCG,BCONCEPTS,BEL,BEML,BERGEPAINT,BESTAGRO,BFINVEST,BFUTILITIE,BGRENERGY,BHARATFORG,BHARATRAS,BHARTIARTL,BHEL,BHUSANSTL,BIRLACORPN,BLISSGVS,BLUEDART,BLUESTARCO,BODALCHEM,BOMDYEING,BONGAIGAON,BORORENEW,BOSCHLTD,BPCL,BRFL,BRIGADE,BRIGHT,BRITANNIA,BSE,BSOFT,CADILAHC,CAMS,CANBK,CANFINHOME,CAPACITE,CAPF,CAPLIPOINT,CARBORUNIV,CARERATING,CARTRADE,CASTROLIND,CCL,CDSL,CEATLTD,CENTRALBK,CENTURYTEX,CESC,CGCL,CGPOWER,CHALET,CHAMBLFERT,CHEMPLASTS,CHENNPETRO,CHOLAFIN,CHOLAHLDNG,CIPLA,CKPLEISURE,CKPPRODUCT,CLEAN,CLNINDIA,CMSINFO,COALINDIA,COCHINSHIP,CONCOR,CONTI,COROMANDEL,CORPBANK,COX&KINGS,CREDITACC,CRISIL,CROMPTON,CSBBANK,CUB,CUMMINSIND,CYIENT,DALBHARAT,DALMIABHA,DATAPATTNS,DBCORP,DBL,DBREALTY,DCAL,DCBBANK,DCI,DCMSHRIRAM,DEEPAKFERT,DEEPAKNTR,DELTACORP,DEN,DENABANK,DEVYANI,DHAMPURSUG,DHANI,DHANUKA,DHFL,DISHTV,DIVISLAB,DIXON,DLF,DMART,DODLA,DREDGECORP,DRREDDY,DRSDILIP,DSML,DYNAMATECH,EASEMYTRIP,ECLERX,EDELWEISS,EICHERMOT,EIDPARRY,ELGIEQUIP,EMAMILTD,EMERGE,EMKAYTOOLS,ENDURANCE,ENGINERSIN,ENIL,ENRIN,EQUITAS,ERIS,EROSMEDIA,ESABINDIA,ESCORTS,ESSELPACK,EVEREADY,EXCELCROP,EXCELINDUS,EXIDEIND,FAIRCHEMOR,FCONSUMER,FDC,FEDERALBNK,FELIX,FINCABLES,FINEORG,FINOPB,FIVECORE,FLFL,FLUOROCHEM,FMCG,FMGOETZE,FORTIS,FRETAIL,FSC,FSL,GAIL,GALAXYSURF,GANGAFORGE,GARFIBRES,GATI,GAYAPROJ,GDL,GEPIL,GESHIP,GET&D,GHCL,GICHSGFIN,GICL,GICRE,GILLETTE,GIPCL,GLAXO,GLENMARK,GLOBUSSPR,GLS,GMBREW,GMDCLTD,GMMPFAUDLR,GNFC,GOCOLORS,GODFRYPHLP,GODREJAGRO,GODREJCP,GODREJIND,GODREJPROP,GOLDSTAR,GPPL,GRANULES,GRAPHITE,GRASIM,GREAVESCOT,GREENLAM,GREENPLY,GRETEX,GRINDWELL,GRINFRA,GRSE,GRUH,GSFC,GSKCONS,GTLINFRA,GUJALKALI,GUJFLUORO,GUJGASLTD,GVKPIL,HAL,HAPPSTMNDS,HATHWAY,HCC,HCL-INSYS,HCLTECH,HDFCAMC,HDFCBANK,HDFCLIFE,HDIL,HECPROJECT,HEG,HEIDELBERG,HEMIPROP,HERITGFOOD,HEROMOTOCOP,HEXAWARE,HFCL,HIMATSEIDE,HINDALCO,HINDCOPPER,HINDPETRO,HINDUNILVR,HINDZINC,HLEGLAS,HMVL,HNDFDS,HONAUT,HSCL,HUDCO,HUHTAMAKI,HUSYSLTD,IBP,IBREALEST,IBULHSGFIN,IBULISL,IBVENTURES,ICEMAKE,ICICIBANK,ICIL,ICRA,IDBI,IDFC,IDFCBANK,IEX,IFBIND,IFCI,IGARASHI,IGL,IIFL,IIFLWAM,IL&FSTRANS,INDIACEM,INDIAMART,INDIANB,INDIANHUME,INDIGO,INDOCO,INDOSTAR,INFIBEAM,INFY,INGERRAND,INGVYSYABANK,INNOVANA,INOXLEISUR,INOXWIND,INSECTICID,INTELLECT,IOB,IOC,IOLCP,IPAPPM,IPCALAB,IPCL,IPL,IRB,IRCON,IRCTC,IRFC,ISEC,IT,ITC,ITDC,ITDCEM,ITI,J&KBANK,JAGRAN,JAICORPLTD,JAKHARIA,JAMNAAUTO,JBCHEPHARM,JBFIND,JCHAC,JETAIRWAYS,JETKNIT,JINDALPOLY,JINDALSAW,JINDALSTEL,JIOFIN,JISLJALEQS,JKCEMENT,JKIL,JKLAKSHMI,JKPAPER,JKTYRE,JMFINANCIL,JMTAUTOLTD,JPASSOCIAT,JPINFRATEC,JPPOWER,JSL,JSLHISAR,JSWHL,JSWSTEEL,JTEKTINDIA,JUMPNET,JUSTDIAL,JYOTHYLAB,KAJARIACER,KALPATPOWR,KANSAINER,KARURVYSYA,KEC,KEI,KENNAMET,KESORAMIND,KIMS,KIOCL,KIRLOSBROS,KIRLOSENG,KITEX,KKVAPOW,KNRCON,KOLTEPATIL,KOTAKBANK,KPIT,KPITTECH,KPRMILL,KRBL,KRL,KRSNAA,KSB,KSBPUMPS,KSCL,KTKBANK,KWALITY,L&TFH,LAKSHVILAS,LALPATHLAB,LAOPALA,LATENTVIEW,LATTEYS,LAURUSLABS,LAXMIMACH,LEMONTREE,LICHSGFIN,LINDEINDIA,LITL,LT,LTI,LTTS,LUMAXTECH,LUXIND,LXCHEM,M&M,M&MFIN,MAGMA,MAHABANK,MAHINDCIE,MAHLIFE,MAHLOG,MAHSCOOTER,MAHSEAMLES,MANAPPURAM,MANPASAND,MAPMYINDIA,MARICO,MARKSANS,MARUTI,MASFIN,MASTEK,MAXHEALTH,MAXINDIA,MAYURUNIQ,MAZDOCK,MCDOWELL-N,MCLEODRUSS,MCX,MEDPLUS,MERCK,METROBRAND,METROPOLIS,MFL,MFSL,MGEL,MGL,MIDHANI,MILTON,MINDACORP,MINDAIND,MMTC,MNC,MOIL,MOKSH,MOL,MONSANTO,MOSERBAER,MOTHERSON,MOTHERSUMI,MOTILALOFS,MRF,MRPL,MTNL,MUTHOOTFIN,MYSOREBANK,NAM-INDIA,NARMADA,NATCOPHARM,NATIONALUM,NAVINFLUOR,NAVKARCORP,NAVNETEDUL,NBCC,NBVENTURES,NCC,NESCO,NESTLEIND,NETWORK18,NFL,NH,NHPC,NIACL,NIFTY,NIITLTD,NIITTECH,NILKAMAL,NIRMA,NITINFIRE,NITIRAJ,NLCINDIA,NOVARTIND,NUVOCO,NYKAA,OAL,OBEROIRLTY,OCCL,OFSS,OIL,OMAXE,OMFURN,ONEPOINT,ONGC,OPTIEMUS,ORIENTBANK,ORIENTCEM,ORIENTELEC,ORIENTREF,ORISSAMINE,OSWALSEEDS,PAGEIND,PANACHE,PANSARI,PARAGMILK,PARAS,PASHUPATI,PCJEWELLER,PENTAGOLD,PERSISTENT,PETRONET,PFC,PFIZER,PFS,PGHL,PHILIPCARB,PIDILITIND,PIGL,PIRAMALENT,PNBGILTS,PNBHOUSING,PNCINFRA,POLARIS,POLICYBZR,POLYCAB,POLYMED,POONAWALLA,POWERGRID,PRAJIND,PRAKASH,PRESTIGE,PRINCEPIPE,PRISMCEM,PRITI,PRIVISCL,PROLIFE,PSB,PSE,PSPPROJECT,PTC,PTL,PULZ,PUNJLLOYD,PVR,QUESS,QUICKHEAL,RADICO,RADIOCITY,RAIN,RAJESHEXPO,RAJMET,RALLIS,RAMCOCEM,RAMCOSYS,RANBAXY,RANEHOLDIN,RATEGAIN,RATNAMANI,RAYMOND,RBA,RBLBANK,RCF,RCOM,RECLTD,REDINGTON,REL,RELAXO,RELCAPITAL,RELIANCE,RELIGARE,RELINFRA,RENUKA,REPCOHOME,REPL,RESPONIND,RHFL,RIIL,RITES,RKFORGE,RNAM,RNAVAL,ROLEXRINGS,ROLTA,ROSSARI,ROUTE,RPOWER,RTNINDIA,RTNPOWER,RUCHISOYA,RUPA,RVNL,SADBHAV,SADBHIN,SANOFI,SANSERA,SAPPHIRE,SAREGAMA,SATIA,SATYAMCOMP,SBBJ,SBILIFE,SBIN,SBT,SCHAEFFLER,SCHNEIDER,SCI,SEQUENT,SESHAPAPER,SFL,SHANKARA,SHANTIGEAR,SHARDACROP,SHARDAMOTR,SHAREINDIA,SHILPAMED,SHILPI,SHK,SHOPERSTOP,SHRADHA,SHREECEM,SHRIRAMCIT,SHUBHLAXMI,SHYAMMETL,SIEMENS,SIIL,SILVERTUC,SIMPLEXINF,SINTEX,SIRCA,SIS,SITINET,SJVN,SKFINDIA,SKML,SMLISUZU,SMSPHARMA,SMVD,SNOWMAN,SOBHA,SOLARINDS,SOLEX,SOMANYCERA,SONAMCLOCK,SONATSOFTW,SOUTHBANK,SPANDANA,SPARC,SPICEJET,SPTL,SREINFRA,SRF,SRIRAM,SRPL,STAR,STARCEMENT,STARHEALTH,STCINDIA,STERLITE,STLTECH,STRTECH,SUDARSCHEM,SUMICHEM,SUNCLAYLTD,SUNDARMFIN,SUNDRMFAST,SUNFLAG,SUNPHARMA,SUNTECK,SUNTV,SUPPETRO,SUPRAJIT,SUPRIYA,SURANI,SUREVIN,SUULD,SUVEN,SUVENPHAR,SUZLON,SVLL,SWANENERGY,SWARAJENG,SWSOLAR,SYMPHONY,SYNDIBANK,SYNGENE,TAKE,TANLA,TARSONS,TASTYBITE,TATACAP,TATACHEM,TATACOFFEE,TATACOMM,TATAELXSI,TATAINVEST,TATAMOTORS,TATAMTRDVR,TATAPOWER,TATASPONGE,TATASTEEL,TATASTLLP,TATCOM,TATCONSUM,TATVA,TCI,TCIEXP,TCNSBRANDS,TCS,TEAMLEASE,TECHM,TECHNOE,TEGA,TEXRAIL,THERMAX,THYROCARE,TIDEWATER,TIINDIA,TIMETECHNO,TIMKEN,TMCV,TNPL,TORNTPHARM,TOTAL,TOUCHWOOD,TRENT,TRIDENT,TRITURBINE,TTKPRESTIG,TTML,TV18BRDCST,TVSMOTOR,TVSSRICHAK,TVTODAY,UBL,UCL,UCOBANK,UFLEX,UFO,UJJIVAN,UJJIVANSFB,UNICHEMLAB,UNIONBANK,UNITECH,UNITEDBNK,UTIAMC,UWCSL,VAIBHAVGBL,VAKRANGEE,VALIANTORG,VARROC,VBL,VCL,VEDL,VENKEYS,VERA,VERTOZ,VESUVIUS,VGUARD,VIDEOIND,VIJAYA,VIJAYABANK,VINATIORGA,VINDHYATEL,VINNY,VIPIND,VMART,VOLTAS,VRLLOG,VSCL,VSTIND,VTL,WABAG,WABCOINDIA,WEALTH,WELCORP,WELSPUNIND,WHEELS,WOCKPHARMA,WONDERLA,ZEELEARN,ZEEMEDIA,ZEETELE,ZENSARTECH,ZODIAC,ZYDUSLIFE,ZYDUSWELL"
2026-09-30,Nifty100,"BSE,POWERINDIA,POLYCAB,VAML,IDEA","INDHOTEL,LODHA,RECLTD,SHREECEM,UNITDSPR","3MINDIA,8KMILES,AAKASH,AARTIDRUGS,AARTIIND,AARVI,AAVAS,ABAN,ABB,ABBOTINDIA,ABCAPITAL,ABFRL,ABINFRA,ABIRLANUVO,ABSLAMC,ACC,ACCURACY,ACEINTEG,ADANIENT,ADANIGAS,ADANIGREEN,ADANIPOWER,ADANITRANS,ADVENZYMES,AEGISCHEM,AFFLE,AHLUCONT,AIAENG,AISL,AJANTPHARM,AJOONI,AKZOINDIA,ALBK,ALEMBICLTD,ALKEM,ALKYLAMINE,ALLCARGO,ALOKINDS,ALOKTEXT,AMARAJABAT,AMBANIORG,AMBER,AMBUJACEM,AMIORG,AMTEKAUTO,ANANDRATHI,ANANTRAJ,ANDHRABANK,ANGELBRKG,ANGELONE,APARINDS,APLAPOLLO,APLLTD,APOLLOHOSP,APOLLOPIPE,APOLLOTYRE,APTUS,ARICENT,ARTEDZ,ARTNIRMAN,ARVEE,ARVINDFASN,ASAHIINDIA,ASCOM,ASHOKA,ASHOKLEY,ASIANPAINT,ASTERDM,ASTRAL,ASTRAMICRO,ASTRAZEN,ATFL,ATGL,ATUL,AUBANK,AURDIS,AUROPHARMA,AVANTIFEED,AXISBANK,BAJAJ-AUTO,BAJAJCON,BAJAJCORP,BAJAJELEC,BAJAJFINSV,BAJAJHIND,BAJAJHLDNG,BAJFINANCE,BALAJITELE,BALAMINES,BALKRISIND,BALLARPUR,BALRAMCHIN,BANCOINDIA,BANKBARODA,BANKINDIA,BASF,BATAINDIA,BAYERCROP,BBTC,BCG,BCONCEPTS,BEL,BEML,BERGEPAINT,BESTAGRO,BFINVEST,BFUTILITIE,BGRENERGY,BHARATFORG,BHARATRAS,BHARTIARTL,BHEL,BHUSANSTL,BIRLACORPN,BLISSGVS,BLUEDART,BLUESTARCO,BODALCHEM,BOMDYEING,BONGAIGAON,BORORENEW,BOSCHLTD,BPCL,BRFL,BRIGADE,BRIGHT,BRITANNIA,BSE,BSOFT,CADILAHC,CAMS,CANBK,CANFINHOME,CAPACITE,CAPF,CAPLIPOINT,CARBORUNIV,CARERATING,CARTRADE,CASTROLIND,CCL,CDSL,CEATLTD,CENTRALBK,CENTURYTEX,CESC,CGCL,CGPOWER,CHALET,CHAMBLFERT,CHEMPLASTS,CHENNPETRO,CHOLAFIN,CHOLAHLDNG,CIPLA,CKPLEISURE,CKPPRODUCT,CLEAN,CLNINDIA,CMSINFO,COALINDIA,COCHINSHIP,CONCOR,CONTI,COROMANDEL,CORPBANK,COX&KINGS,CREDITACC,CRISIL,CROMPTON,CSBBANK,CUB,CUMMINSIND,CYIENT,DALBHARAT,DALMIABHA,DATAPATTNS,DBCORP,DBL,DBREALTY,DCAL,DCBBANK,DCI,DCMSHRIRAM,DEEPAKFERT,DEEPAKNTR,DELTACORP,DEN,DENABANK,DEVYANI,DHAMPURSUG,DHANI,DHANUKA,DHFL,DISHTV,DIVISLAB,DIXON,DLF,DMART,DODLA,DREDGECORP,DRREDDY,DRSDILIP,DSML,DYNAMATECH,EASEMYTRIP,ECLERX,EDELWEISS,EICHERMOT,EIDPARRY,ELGIEQUIP,EMAMILTD,EMERGE,EMKAYTOOLS,ENDURANCE,ENGINERSIN,ENIL,ENRIN,EQUITAS,ERIS,EROSMEDIA,ESABINDIA,ESCORTS,ESSELPACK,EVEREADY,EXCELCROP,EXCELINDUS,EXIDEIND,FAIRCHEMOR,FCONSUMER,FDC,FEDERALBNK,FELIX,FINCABLES,FINEORG,FINOPB,FIVECORE,FLFL,FLUOROCHEM,FMCG,FMGOETZE,FORTIS,FRETAIL,FSC,FSL,GAIL,GALAXYSURF,GANGAFORGE,GARFIBRES,GATI,GAYAPROJ,GDL,GEPIL,GESHIP,GET&D,GHCL,GICHSGFIN,GICL,GICRE,GILLETTE,GIPCL,GLAXO,GLENMARK,GLOBUSSPR,GLS,GMBREW,GMDCLTD,GMMPFAUDLR,GNFC,GOCOLORS,GODFRYPHLP,GODREJAGRO,GODREJCP,GODREJIND,GODREJPROP,GOLDSTAR,GPPL,GRANULES,GRAPHITE,GRASIM,GREAVESCOT,GREENLAM,GREENPLY,GRETEX,GRINDWELL,GRINFRA,GRSE,GRUH,GSFC,GSKCONS,GTLINFRA,GUJALKALI,GUJFLUORO,GUJGASLTD,GVKPIL,HAL,HAPPSTMNDS,HATHWAY,HCC,HCL-INSYS,HCLTECH,HDFCAMC,HDFCBANK,HDFCLIFE,HDIL,HECPROJECT,HEG,HEIDELBERG,HEMIPROP,HERITGFOOD,HEROMOTOCOP,HEXAWARE,HFCL,HIMATSEIDE,HINDALCO,HINDCOPPER,HINDPETRO,HINDUNILVR,HINDZINC,HLEGLAS,HMVL,HNDFDS,HONAUT,HSCL,HUDCO,HUHTAMAKI,HUSYSLTD,IBP,IBREALEST,IBULHSGFIN,IBULISL,IBVENTURES,ICEMAKE,ICICIBANK,ICIL,ICRA,IDBI,IDEA,IDFC,IDFCBANK,IEX,IFBIND,IFCI,IGARASHI,IGL,IIFL,IIFLWAM,IL&FSTRANS,INDIACEM,INDIAMART,INDIANB,INDIANHUME,INDIGO,INDOCO,INDOSTAR,INFIBEAM,INFY,INGERRAND,INGVYSYABANK,INNOVANA,INOXLEISUR,INOXWIND,INSECTICID,INTELLECT,IOB,IOC,IOLCP,IPAPPM,IPCALAB,IPCL,IPL,IRB,IRCON,IRCTC,IRFC,ISEC,IT,ITC,ITDC,ITDCEM,ITI,J&KBANK,JAGRAN,JAICORPLTD,JAKHARIA,JAMNAAUTO,JBCHEPHARM,JBFIND,JCHAC,JETAIRWAYS,JETKNIT,JINDALPOLY,JINDALSAW,JINDALSTEL,JIOFIN,JISLJALEQS,JKCEMENT,JKIL,JKLAKSHMI,JKPAPER,JKTYRE,JMFINANCIL,JMTAUTOLTD,JPASSOCIAT,JPINFRATEC,JPPOWER,JSL,JSLHISAR,JSWHL,JSWSTEEL,JTEKTINDIA,JUMPNET,JUSTDIAL,JYOTHYLAB,KAJARIACER,KALPATPOWR,KANSAINER,KARURVYSYA,KEC,KEI,KENNAMET,KESORAMIND,KIMS,KIOCL,KIRLOSBROS,KIRLOSENG,KITEX,KKVAPOW,KNRCON,KOLTEPATIL,KOTAKBANK,KPIT,KPITTECH,KPRMILL,KRBL,KRL,KRSNAA,KSB,KSBPUMPS,KSCL,KTKBANK,KWALITY,L&TFH,LAKSHVILAS,LALPATHLAB,LAOPALA,LATENTVIEW,LATTEYS,LAURUSLABS,LAXMIMACH,LEMONTREE,LICHSGFIN,LINDEINDIA,LITL,LT,LTI,LTTS,LUMAXTECH,LUXIND,LXCHEM,M&M,M&MFIN,MAGMA,MAHABANK,MAHINDCIE,MAHLIFE,MAHLOG,MAHSCOOTER,MAHSEAMLES,MANAPPURAM,MANPASAND,MAPMYINDIA,MARICO,MARKSANS,MARUTI,MASFIN,MASTEK,MAXHEALTH,MAXINDIA,MAYURUNIQ,MAZDOCK,MCDOWELL-N,MCLEODRUSS,MCX,MEDPLUS,MERCK,METROBRAND,METROPOLIS,MFL,MFSL,MGEL,MGL,MIDHANI,MILTON,MINDACORP,MINDAIND,MMTC,MNC,MOIL,MOKSH,MOL,MONSANTO,MOSERBAER,MOTHERSON,MOTHERSUMI,MOTILALOFS,MRF,MRPL,MTNL,MUTHOOTFIN,MYSOREBANK,NAM-INDIA,NARMADA,NATCOPHARM,NATIONALUM,NAVINFLUOR,NAVKARCORP,NAVNETEDUL,NBCC,NBVENTURES,NCC,NESCO,NESTLEIND,NETWORK18,NFL,NH,NHPC,NIACL,NIFTY,NIITLTD,NIITTECH,NILKAMAL,NIRMA,NITINFIRE,NITIRAJ,NLCINDIA,NOVARTIND,NUVOCO,NYKAA,OAL,OBEROIRLTY,OCCL,OFSS,OIL,OMAXE,OMFURN,ONEPOINT,ONGC,OPTIEMUS,ORIENTBANK,ORIENTCEM,ORIENTELEC,ORIENTREF,ORISSAMINE,OSWALSEEDS,PAGEIND,PANACHE,PANSARI,PARAGMILK,PARAS,PASHUPATI,PCJEWELLER,PENTAGOLD,PERSISTENT,PETRONET,PFC,PFIZER,PFS,PGHL,PHILIPCARB,PIDILITIND,PIGL,PIRAMALENT,PNBGILTS,PNBHOUSING,PNCINFRA,POLARIS,POLICYBZR,POLYCAB,POLYMED,POONAWALLA,POWERGRID,POWERINDIA,PRAJIND,PRAKASH,PRESTIGE,PRINCEPIPE,PRISMCEM,PRITI,PRIVISCL,PROLIFE,PSB,PSE,PSPPROJECT,PTC,PTL,PULZ,PUNJLLOYD,PVR,QUESS,QUICKHEAL,RADICO,RADIOCITY,RAIN,RAJESHEXPO,RAJMET,RALLIS,RAMCOCEM,RAMCOSYS,RANBAXY,RANEHOLDIN,RATEGAIN,RATNAMANI,RAYMOND,RBA,RBLBANK,RCF,RCOM,REDINGTON,REL,RELAXO,RELCAPITAL,RELIANCE,RELIGARE,RELINFRA,RENUKA,REPCOHOME,REPL,RESPONIND,RHFL,RIIL,RITES,RKFORGE,RNAM,RNAVAL,ROLEXRINGS,ROLTA,ROSSARI,ROUTE,RPOWER,RTNINDIA,RTNPOWER,RUCHISOYA,RUPA,RVNL,SADBHAV,SADBHIN,SANOFI,SANSERA,SAPPHIRE,SAREGAMA,SATIA,SATYAMCOMP,SBBJ,SBILIFE,SBIN,SBT,SCHAEFFLER,SCHNEIDER,SCI,SEQUENT,SESHAPAPER,SFL,SHANKARA,SHANTIGEAR,SHARDACROP,SHARDAMOTR,SHAREINDIA,SHILPAMED,SHILPI,SHK,SHOPERSTOP,SHRADHA,SHRIRAMCIT,SHUBHLAXMI,SHYAMMETL,SIEMENS,SIIL,SILVERTUC,SIMPLEXINF,SINTEX,SIRCA,SIS,SITINET,SJVN,SKFINDIA,SKML,SMLISUZU,SMSPHARMA,SMVD,SNOWMAN,SOBHA,SOLARINDS,SOLEX,SOMANYCERA,SONAMCLOCK,SONATSOFTW,SOUTHBANK,SPANDANA,SPARC,SPICEJET,SPTL,SREINFRA,SRF,SRIRAM,SRPL,STAR,STARCEMENT,STARHEALTH,STCINDIA,STERLITE,STLTECH,STRTECH,SUDARSCHEM,SUMICHEM,SUNCLAYLTD,SUNDARMFIN,SUNDRMFAST,SUNFLAG,SUNPHARMA,SUNTECK,SUNTV,SUPPETRO,SUPRAJIT,SUPRIYA,SURANI,SUREVIN,SUULD,SUVEN,SUVENPHAR,SUZLON,SVLL,SWANENERGY,SWARAJENG,SWSOLAR,SYMPHONY,SYNDIBANK,SYNGENE,TAKE,TANLA,TARSONS,TASTYBITE,TATACAP,TATACHEM,TATACOFFEE,TATACOMM,TATAELXSI,TATAINVEST,TATAMOTORS,TATAMTRDVR,TATAPOWER,TATASPONGE,TATASTEEL,TATASTLLP,TATCOM,TATCONSUM,TATVA,TCI,TCIEXP,TCNSBRANDS,TCS,TEAMLEASE,TECHM,TECHNOE,TEGA,TEXRAIL,THERMAX,THYROCARE,TIDEWATER,TIINDIA,TIMETECHNO,TIMKEN,TMCV,TNPL,TORNTPHARM,TOTAL,TOUCHWOOD,TRENT,TRIDENT,TRITURBINE,TTKPRESTIG,TTML,TV18BRDCST,TVSMOTOR,TVSSRICHAK,TVTODAY,UBL,UCL,UCOBANK,UFLEX,UFO,UJJIVAN,UJJIVANSFB,UNICHEMLAB,UNIONBANK,UNITECH,UNITEDBNK,UTIAMC,UWCSL,VAIBHAVGBL,VAKRANGEE,VALIANTORG,VAML,VARROC,VBL,VCL,VEDL,VENKEYS,VERA,VERTOZ,VESUVIUS,VGUARD,VIDEOIND,VIJAYA,VIJAYABANK,VINATIORGA,VINDHYATEL,VINNY,VIPIND,VMART,VOLTAS,VRLLOG,VSCL,VSTIND,VTL,WABAG,WABCOINDIA,WEALTH,WELCORP,WELSPUNIND,WHEELS,WOCKPHARMA,WONDERLA,ZEELEARN,ZEEMEDIA,ZEETELE,ZENSARTECH,ZODIAC,ZYDUSLIFE,ZYDUSWELL"
