tag,sigma,noise_seed,arm,profile,cagr,bh_cagr,gap,tax,final_equity,trades,cap_binds,rows,bound_crossings,minutes_total,run_date,script_sha256,perturb_sha256
nifty50,0.0,0,v1,research,20.157216,19.619741,0.537474,566682.11,3895994.88,675,0,252467,0,15.074,2026-09-27 23:42,e54b844c0d551a88,e54b844c0d551a88
nifty50,0.0,0,v2,research,13.148393,19.619741,-6.471349,287526.66,2496398.28,872,0,252467,0,15.074,2026-09-27 23:42,e54b844c0d551a88,e54b844c0d551a88
nifty50,0.0,0,v3,research,23.245224,19.619741,3.625483,692579.44,4701463.13,660,0,252467,0,15.074,2026-09-27 23:42,e54b844c0d551a88,e54b844c0d551a88
nifty50,0.0,0,v4,research,15.79563,19.619741,-3.824112,353708.92,2962763.36,868,0,252467,0,15.074,2026-09-27 23:42,e54b844c0d551a88,e54b844c0d551a88
nifty50,0.0,0,v1,tradeable,20.157216,19.619741,0.537474,566682.11,3895994.88,675,0,252467,0,15.074,2026-09-27 23:42,e54b844c0d551a88,e54b844c0d551a88
nifty50,0.0,0,v2,tradeable,13.148393,19.619741,-6.471349,287526.66,2496398.28,872,0,252467,0,15.074,2026-09-27 23:42,e54b844c0d551a88,e54b844c0d551a88
nifty50,0.0,0,v3,tradeable,23.245224,19.619741,3.625483,692579.44,4701463.13,660,0,252467,0,15.074,2026-09-27 23:42,e54b844c0d551a88,e54b844c0d551a88
nifty50,0.0,0,v4,tradeable,15.79563,19.619741,-3.824112,353708.92,2962763.36,868,0,252467,0,15.074,2026-09-27 23:42,e54b844c0d551a88,e54b844c0d551a88
nifty50,0.0001,101,v1,research,20.788241,19.620011,1.168231,654969.63,4050095.84,662,0,252467,2737,15.269,2026-09-27 23:58,e54b844c0d551a88,e54b844c0d551a88
nifty50,0.0001,101,v2,research,12.88975,19.620011,-6.730261,299953.64,2454445.09,865,0,252467,2737,15.269,2026-09-27 23:58,e54b844c0d551a88,e54b844c0d551a88
nifty50,0.0001,101,v3,research,22.267991,19.620011,2.64798,663110.75,4432293.27,656,0,252467,2737,15.269,2026-09-27 23:58,e54b844c0d551a88,e54b844c0d551a88
nifty50,0.0001,101,v4,research,15.573839,19.620011,-4.046172,350267.38,2920993.59,859,0,252467,2737,15.269,2026-09-27 23:58,e54b844c0d551a88,e54b844c0d551a88
nifty50,0.0001,101,v1,tradeable,20.788241,19.620011,1.168231,654969.63,4050095.84,662,0,252467,2737,15.269,2026-09-27 23:58,e54b844c0d551a88,e54b844c0d551a88
nifty50,0.0001,101,v2,tradeable,12.88975,19.620011,-6.730261,299953.64,2454445.09,865,0,252467,2737,15.269,2026-09-27 23:58,e54b844c0d551a88,e54b844c0d551a88
nifty50,0.0001,101,v3,tradeable,22.267991,19.620011,2.64798,663110.75,4432293.27,656,0,252467,2737,15.269,2026-09-27 23:58,e54b844c0d551a88,e54b844c0d551a88
nifty50,0.0001,101,v4,tradeable,15.573839,19.620011,-4.046172,350267.38,2920993.59,859,0,252467,2737,15.269,2026-09-27 23:58,e54b844c0d551a88,e54b844c0d551a88
nifty50,0.0001,202,v1,research,19.59026,19.620199,-0.029939,568958.01,3761892.2,650,0,252467,2697,15.518,2026-09-28 00:05,e54b844c0d551a88,e54b844c0d551a88
nifty50,0.0001,202,v2,research,13.22373,19.620199,-6.396469,302612.7,2508734.38,843,0,252467,2697,15.518,2026-09-28 00:05,e54b844c0d551a88,e54b844c0d551a88
nifty50,0.0001,202,v3,research,20.060505,19.620199,0.440306,526377.95,3872831.6,616,0,252467,2697,15.518,2026-09-28 00:05,e54b844c0d551a88,e54b844c0d551a88
nifty50,0.0001,202,v4,research,15.762461,19.620199,-3.857738,362089.91,2956484.05,839,0,252467,2697,15.518,2026-09-28 00:05,e54b844c0d551a88,e54b844c0d551a88
nifty50,0.0001,202,v1,tradeable,19.59026,19.620199,-0.029939,568958.01,3761892.2,650,0,252467,2697,15.518,2026-09-28 00:05,e54b844c0d551a88,e54b844c0d551a88
nifty50,0.0001,202,v2,tradeable,13.22373,19.620199,-6.396469,302612.7,2508734.38,843,0,252467,2697,15.518,2026-09-28 00:05,e54b844c0d551a88,e54b844c0d551a88
nifty50,0.0001,202,v3,tradeable,20.060505,19.620199,0.440306,526377.95,3872831.6,616,0,252467,2697,15.518,2026-09-28 00:05,e54b844c0d551a88,e54b844c0d551a88
nifty50,0.0001,202,v4,tradeable,15.762461,19.620199,-3.857738,362089.91,2956484.05,839,0,252467,2697,15.518,2026-09-28 00:05,e54b844c0d551a88,e54b844c0d551a88
nifty50,0.0001,303,v1,research,18.730682,19.619622,-0.88894,616578.12,3566192.88,690,0,252467,2715,15.382,2026-09-28 00:13,e54b844c0d551a88,e54b844c0d551a88
nifty50,0.0001,303,v2,research,11.458401,19.619622,-8.16122,271364.4,2233120.3,876,0,252467,2715,15.382,2026-09-28 00:13,e54b844c0d551a88,e54b844c0d551a88
nifty50,0.0001,303,v3,research,21.149503,19.619622,1.529881,692944.85,4140669.45,670,0,252467,2715,15.382,2026-09-28 00:13,e54b844c0d551a88,e54b844c0d551a88
nifty50,0.0001,303,v4,research,14.704829,19.619622,-4.914793,359274.47,2762201.17,878,0,252467,2715,15.382,2026-09-28 00:13,e54b844c0d551a88,e54b844c0d551a88
nifty50,0.0001,303,v1,tradeable,18.730682,19.619622,-0.88894,616578.12,3566192.88,690,0,252467,2715,15.382,2026-09-28 00:13,e54b844c0d551a88,e54b844c0d551a88
nifty50,0.0001,303,v2,tradeable,11.458401,19.619622,-8.16122,271364.4,2233120.3,876,0,252467,2715,15.382,2026-09-28 00:13,e54b844c0d551a88,e54b844c0d551a88
nifty50,0.0001,303,v3,tradeable,21.149503,19.619622,1.529881,692944.85,4140669.45,670,0,252467,2715,15.382,2026-09-28 00:13,e54b844c0d551a88,e54b844c0d551a88
nifty50,0.0001,303,v4,tradeable,14.704829,19.619622,-4.914793,359274.47,2762201.17,878,0,252467,2715,15.382,2026-09-28 00:13,e54b844c0d551a88,e54b844c0d551a88
nifty50,0.0001,404,v1,research,20.341667,19.62006,0.721606,619183.6,3940505.33,676,0,252467,2692,15.417,2026-09-28 00:21,e54b844c0d551a88,e54b844c0d551a88
nifty50,0.0001,404,v2,research,13.62129,19.62006,-5.99877,331835.97,2574710.24,881,0,252467,2692,15.417,2026-09-28 00:21,e54b844c0d551a88,e54b844c0d551a88
nifty50,0.0001,404,v3,research,21.714723,19.62006,2.094663,643646.59,4285894.0,666,0,252467,2692,15.417,2026-09-28 00:21,e54b844c0d551a88,e54b844c0d551a88
nifty50,0.0001,404,v4,research,14.71219,19.62006,-4.907871,345113.79,2763514.24,877,0,252467,2692,15.417,2026-09-28 00:21,e54b844c0d551a88,e54b844c0d551a88
nifty50,0.0001,404,v1,tradeable,20.341667,19.62006,0.721606,619183.6,3940505.33,676,0,252467,2692,15.417,2026-09-28 00:21,e54b844c0d551a88,e54b844c0d551a88
nifty50,0.0001,404,v2,tradeable,13.62129,19.62006,-5.99877,331835.97,2574710.24,881,0,252467,2692,15.417,2026-09-28 00:21,e54b844c0d551a88,e54b844c0d551a88
nifty50,0.0001,404,v3,tradeable,21.714723,19.62006,2.094663,643646.59,4285894.0,666,0,252467,2692,15.417,2026-09-28 00:21,e54b844c0d551a88,e54b844c0d551a88
nifty50,0.0001,404,v4,tradeable,14.71219,19.62006,-4.907871,345113.79,2763514.24,877,0,252467,2692,15.417,2026-09-28 00:21,e54b844c0d551a88,e54b844c0d551a88
nifty50,0.0001,505,v1,research,18.365387,19.619965,-1.254578,543460.86,3485731.81,676,0,252467,2706,15.177,2026-09-28 00:28,e54b844c0d551a88,e54b844c0d551a88
nifty50,0.0001,505,v2,research,12.071709,19.619965,-7.548256,281659.09,2325743.02,881,0,252467,2706,15.177,2026-09-28 00:28,e54b844c0d551a88,e54b844c0d551a88
nifty50,0.0001,505,v3,research,22.101543,19.619965,2.481577,679918.12,4387801.67,659,0,252467,2706,15.177,2026-09-28 00:28,e54b844c0d551a88,e54b844c0d551a88
nifty50,0.0001,505,v4,research,15.872217,19.619965,-3.747748,381245.78,2977306.57,881,0,252467,2706,15.177,2026-09-28 00:28,e54b844c0d551a88,e54b844c0d551a88
nifty50,0.0001,505,v1,tradeable,18.365387,19.619965,-1.254578,543460.86,3485731.81,676,0,252467,2706,15.177,2026-09-28 00:28,e54b844c0d551a88,e54b844c0d551a88
nifty50,0.0001,505,v2,tradeable,12.071709,19.619965,-7.548256,281659.09,2325743.02,881,0,252467,2706,15.177,2026-09-28 00:28,e54b844c0d551a88,e54b844c0d551a88
nifty50,0.0001,505,v3,tradeable,22.101543,19.619965,2.481577,679918.12,4387801.67,659,0,252467,2706,15.177,2026-09-28 00:28,e54b844c0d551a88,e54b844c0d551a88
nifty50,0.0001,505,v4,tradeable,15.872217,19.619965,-3.747748,381245.78,2977306.57,881,0,252467,2706,15.177,2026-09-28 00:28,e54b844c0d551a88,e54b844c0d551a88
nifty50,0.0001,606,v1,research,18.866366,19.619567,-0.753201,540906.09,3596485.45,656,0,252467,2695,15.336,2026-09-28 00:36,e54b844c0d551a88,e54b844c0d551a88
nifty50,0.0001,606,v2,research,11.70128,19.619567,-7.918287,259763.34,2269411.18,862,0,252467,2695,15.336,2026-09-28 00:36,e54b844c0d551a88,e54b844c0d551a88
nifty50,0.0001,606,v3,research,19.481062,19.619567,-0.138505,494654.8,3736527.34,634,0,252467,2695,15.336,2026-09-28 00:36,e54b844c0d551a88,e54b844c0d551a88
nifty50,0.0001,606,v4,research,15.340738,19.619567,-4.278829,340144.82,2877643.7,862,0,252467,2695,15.336,2026-09-28 00:36,e54b844c0d551a88,e54b844c0d551a88
nifty50,0.0001,606,v1,tradeable,18.866366,19.619567,-0.753201,540906.09,3596485.45,656,0,252467,2695,15.336,2026-09-28 00:36,e54b844c0d551a88,e54b844c0d551a88
nifty50,0.0001,606,v2,tradeable,11.70128,19.619567,-7.918287,259763.34,2269411.18,862,0,252467,2695,15.336,2026-09-28 00:36,e54b844c0d551a88,e54b844c0d551a88
nifty50,0.0001,606,v3,tradeable,19.481062,19.619567,-0.138505,494654.8,3736527.34,634,0,252467,2695,15.336,2026-09-28 00:36,e54b844c0d551a88,e54b844c0d551a88
nifty50,0.0001,606,v4,tradeable,15.340738,19.619567,-4.278829,340144.82,2877643.7,862,0,252467,2695,15.336,2026-09-28 00:36,e54b844c0d551a88,e54b844c0d551a88
nifty50,0.0001,707,v1,research,18.123748,19.619458,-1.49571,497423.73,3433374.77,668,0,252467,2744,15.455,2026-09-28 00:44,e54b844c0d551a88,e54b844c0d551a88
nifty50,0.0001,707,v2,research,12.110844,19.619458,-7.508613,266716.68,2331764.35,861,0,252467,2744,15.455,2026-09-28 00:44,e54b844c0d551a88,e54b844c0d551a88
nifty50,0.0001,707,v3,research,21.406154,19.619458,1.786696,601929.52,4206075.45,659,0,252467,2744,15.455,2026-09-28 00:44,e54b844c0d551a88,e54b844c0d551a88
nifty50,0.0001,707,v4,research,15.077341,19.619458,-4.542117,344017.68,2829330.41,855,0,252467,2744,15.455,2026-09-28 00:44,e54b844c0d551a88,e54b844c0d551a88
nifty50,0.0001,707,v1,tradeable,18.123748,19.619458,-1.49571,497423.73,3433374.77,668,0,252467,2744,15.455,2026-09-28 00:44,e54b844c0d551a88,e54b844c0d551a88
nifty50,0.0001,707,v2,tradeable,12.110844,19.619458,-7.508613,266716.68,2331764.35,861,0,252467,2744,15.455,2026-09-28 00:44,e54b844c0d551a88,e54b844c0d551a88
nifty50,0.0001,707,v3,tradeable,21.406154,19.619458,1.786696,601929.52,4206075.45,659,0,252467,2744,15.455,2026-09-28 00:44,e54b844c0d551a88,e54b844c0d551a88
nifty50,0.0001,707,v4,tradeable,15.077341,19.619458,-4.542117,344017.68,2829330.41,855,0,252467,2744,15.455,2026-09-28 00:44,e54b844c0d551a88,e54b844c0d551a88
nifty50,0.0001,808,v1,research,21.723404,19.626602,2.096802,647356.95,4288158.3,670,0,252467,2710,15.06,2026-09-28 00:51,e54b844c0d551a88,e54b844c0d551a88
nifty50,0.0001,808,v2,research,13.417186,19.626602,-6.209416,320933.53,2540653.8,855,0,252467,2710,15.06,2026-09-28 00:51,e54b844c0d551a88,e54b844c0d551a88
nifty50,0.0001,808,v3,research,21.5618,19.626602,1.935198,622207.28,4246174.64,632,0,252467,2710,15.06,2026-09-28 00:51,e54b844c0d551a88,e54b844c0d551a88
nifty50,0.0001,808,v4,research,15.520137,19.626602,-4.106465,369831.89,2910956.94,853,0,252467,2710,15.06,2026-09-28 00:51,e54b844c0d551a88,e54b844c0d551a88
nifty50,0.0001,808,v1,tradeable,21.723404,19.626602,2.096802,647356.95,4288158.3,670,0,252467,2710,15.06,2026-09-28 00:51,e54b844c0d551a88,e54b844c0d551a88
nifty50,0.0001,808,v2,tradeable,13.417186,19.626602,-6.209416,320933.53,2540653.8,855,0,252467,2710,15.06,2026-09-28 00:51,e54b844c0d551a88,e54b844c0d551a88
nifty50,0.0001,808,v3,tradeable,21.5618,19.626602,1.935198,622207.28,4246174.64,632,0,252467,2710,15.06,2026-09-28 00:51,e54b844c0d551a88,e54b844c0d551a88
nifty50,0.0001,808,v4,tradeable,15.520137,19.626602,-4.106465,369831.89,2910956.94,853,0,252467,2710,15.06,2026-09-28 00:51,e54b844c0d551a88,e54b844c0d551a88
nifty50,0.0001,909,v1,research,16.696597,19.619613,-2.923016,424720.14,3137800.74,692,0,252467,2725,15.001,2026-09-28 00:59,e54b844c0d551a88,e54b844c0d551a88
nifty50,0.0001,909,v2,research,12.720315,19.619613,-6.899298,300684.22,2427293.82,852,0,252467,2725,15.001,2026-09-28 00:59,e54b844c0d551a88,e54b844c0d551a88
nifty50,0.0001,909,v3,research,20.972522,19.619613,1.352909,592052.51,4096081.35,668,0,252467,2725,15.001,2026-09-28 00:59,e54b844c0d551a88,e54b844c0d551a88
nifty50,0.0001,909,v4,research,16.453826,19.619613,-3.165787,418078.05,3089777.7,852,0,252467,2725,15.001,2026-09-28 00:59,e54b844c0d551a88,e54b844c0d551a88
nifty50,0.0001,909,v1,tradeable,16.696597,19.619613,-2.923016,424720.14,3137800.74,692,0,252467,2725,15.001,2026-09-28 00:59,e54b844c0d551a88,e54b844c0d551a88
nifty50,0.0001,909,v2,tradeable,12.720315,19.619613,-6.899298,300684.22,2427293.82,852,0,252467,2725,15.001,2026-09-28 00:59,e54b844c0d551a88,e54b844c0d551a88
nifty50,0.0001,909,v3,tradeable,20.972522,19.619613,1.352909,592052.51,4096081.35,668,0,252467,2725,15.001,2026-09-28 00:59,e54b844c0d551a88,e54b844c0d551a88
nifty50,0.0001,909,v4,tradeable,16.453826,19.619613,-3.165787,418078.05,3089777.7,852,0,252467,2725,15.001,2026-09-28 00:59,e54b844c0d551a88,e54b844c0d551a88
nifty50,0.0001,1010,v1,research,19.300767,19.619476,-0.318709,549475.58,3694971.59,654,0,252467,2731,14.992,2026-09-28 01:06,e54b844c0d551a88,e54b844c0d551a88
nifty50,0.0001,1010,v2,research,12.043188,19.619476,-7.576288,265219.0,2321363.12,835,0,252467,2731,14.992,2026-09-28 01:06,e54b844c0d551a88,e54b844c0d551a88
nifty50,0.0001,1010,v3,research,21.303148,19.619476,1.683672,628693.11,4179718.56,637,0,252467,2731,14.992,2026-09-28 01:06,e54b844c0d551a88,e54b844c0d551a88
nifty50,0.0001,1010,v4,research,15.05855,19.619476,-4.560926,338879.79,2825910.71,829,0,252467,2731,14.992,2026-09-28 01:06,e54b844c0d551a88,e54b844c0d551a88
nifty50,0.0001,1010,v1,tradeable,19.300767,19.619476,-0.318709,549475.58,3694971.59,654,0,252467,2731,14.992,2026-09-28 01:06,e54b844c0d551a88,e54b844c0d551a88
nifty50,0.0001,1010,v2,tradeable,12.043188,19.619476,-7.576288,265219.0,2321363.12,835,0,252467,2731,14.992,2026-09-28 01:06,e54b844c0d551a88,e54b844c0d551a88
nifty50,0.0001,1010,v3,tradeable,21.303148,19.619476,1.683672,628693.11,4179718.56,637,0,252467,2731,14.992,2026-09-28 01:06,e54b844c0d551a88,e54b844c0d551a88
nifty50,0.0001,1010,v4,tradeable,15.05855,19.619476,-4.560926,338879.79,2825910.71,829,0,252467,2731,14.992,2026-09-28 01:06,e54b844c0d551a88,e54b844c0d551a88
midcap50,0.0,0,v1,research,29.115301,25.97387,3.141431,1125179.85,6635724.02,655,0,201371,0,11.243,2026-09-27 23:38,e54b844c0d551a88,e54b844c0d551a88
midcap50,0.0,0,v2,research,19.401398,25.97387,-6.572472,543777.44,3718116.25,845,0,201371,0,11.243,2026-09-27 23:38,e54b844c0d551a88,e54b844c0d551a88
midcap50,0.0,0,v3,research,29.928683,25.97387,3.954813,1225065.62,6951629.05,632,0,201371,0,11.243,2026-09-27 23:38,e54b844c0d551a88,e54b844c0d551a88
midcap50,0.0,0,v4,research,20.212233,25.97387,-5.761637,582332.04,3909225.56,843,0,201371,0,11.243,2026-09-27 23:38,e54b844c0d551a88,e54b844c0d551a88
midcap50,0.0,0,v1,tradeable,29.115301,25.97387,3.141431,1125179.85,6635724.02,655,1,201371,0,11.243,2026-09-27 23:38,e54b844c0d551a88,e54b844c0d551a88
midcap50,0.0,0,v2,tradeable,19.401398,25.97387,-6.572472,543777.44,3718116.25,845,0,201371,0,11.243,2026-09-27 23:38,e54b844c0d551a88,e54b844c0d551a88
midcap50,0.0,0,v3,tradeable,29.928683,25.97387,3.954813,1225065.62,6951629.05,632,1,201371,0,11.243,2026-09-27 23:38,e54b844c0d551a88,e54b844c0d551a88
midcap50,0.0,0,v4,tradeable,20.212233,25.97387,-5.761637,582332.04,3909225.56,843,0,201371,0,11.243,2026-09-27 23:38,e54b844c0d551a88,e54b844c0d551a88
midcap50,0.0001,101,v1,research,27.179976,25.97418,1.205796,1004523.94,5933532.4,638,0,201371,4802,11.269,2026-09-27 23:50,e54b844c0d551a88,e54b844c0d551a88
midcap50,0.0001,101,v2,research,20.957422,25.97418,-5.016757,625725.97,4092296.38,848,0,201371,4802,11.269,2026-09-27 23:50,e54b844c0d551a88,e54b844c0d551a88
midcap50,0.0001,101,v3,research,26.726992,25.97418,0.752812,978383.15,5778791.98,634,0,201371,4802,11.269,2026-09-27 23:50,e54b844c0d551a88,e54b844c0d551a88
midcap50,0.0001,101,v4,research,18.641702,25.97418,-7.332478,505071.7,3546447.28,852,0,201371,4802,11.269,2026-09-27 23:50,e54b844c0d551a88,e54b844c0d551a88
midcap50,0.0001,101,v1,tradeable,27.179976,25.97418,1.205796,1004523.94,5933532.4,638,1,201371,4802,11.269,2026-09-27 23:50,e54b844c0d551a88,e54b844c0d551a88
midcap50,0.0001,101,v2,tradeable,20.957422,25.97418,-5.016757,625725.97,4092296.38,848,0,201371,4802,11.269,2026-09-27 23:50,e54b844c0d551a88,e54b844c0d551a88
midcap50,0.0001,101,v3,tradeable,26.726992,25.97418,0.752812,978383.15,5778791.98,634,1,201371,4802,11.269,2026-09-27 23:50,e54b844c0d551a88,e54b844c0d551a88
midcap50,0.0001,101,v4,tradeable,18.641702,25.97418,-7.332478,505071.7,3546447.28,852,0,201371,4802,11.269,2026-09-27 23:50,e54b844c0d551a88,e54b844c0d551a88
midcap50,0.0001,202,v1,research,21.837832,25.973936,-4.136104,680321.48,4318102.51,645,0,201371,4784,11.031,2026-09-28 01:10,e54b844c0d551a88,e54b844c0d551a88
midcap50,0.0001,202,v2,research,19.83447,25.973936,-6.139466,558555.03,3819157.63,853,0,201371,4784,11.031,2026-09-28 01:10,e54b844c0d551a88,e54b844c0d551a88
midcap50,0.0001,202,v3,research,21.10208,25.973936,-4.871856,670446.34,4128681.03,664,0,201371,4784,11.031,2026-09-28 01:10,e54b844c0d551a88,e54b844c0d551a88
midcap50,0.0001,202,v4,research,17.846643,25.973936,-8.127293,470164.46,3374171.75,857,0,201371,4784,11.031,2026-09-28 01:10,e54b844c0d551a88,e54b844c0d551a88
midcap50,0.0001,202,v1,tradeable,21.837832,25.973936,-4.136104,680321.48,4318102.51,645,0,201371,4784,11.031,2026-09-28 01:10,e54b844c0d551a88,e54b844c0d551a88
midcap50,0.0001,202,v2,tradeable,19.83447,25.973936,-6.139466,558555.03,3819157.63,853,0,201371,4784,11.031,2026-09-28 01:10,e54b844c0d551a88,e54b844c0d551a88
midcap50,0.0001,202,v3,tradeable,21.10208,25.973936,-4.871856,670446.34,4128681.03,664,0,201371,4784,11.031,2026-09-28 01:10,e54b844c0d551a88,e54b844c0d551a88
midcap50,0.0001,202,v4,tradeable,17.846643,25.973936,-8.127293,470164.46,3374171.75,857,0,201371,4784,11.031,2026-09-28 01:10,e54b844c0d551a88,e54b844c0d551a88
midcap50,0.0001,303,v1,research,26.238412,25.974095,0.264317,955790.97,5615816.56,624,0,201371,4751,10.911,2026-09-28 01:17,e54b844c0d551a88,e54b844c0d551a88
midcap50,0.0001,303,v2,research,18.091609,25.974095,-7.882486,475707.52,3426462.68,836,0,201371,4751,10.911,2026-09-28 01:17,e54b844c0d551a88,e54b844c0d551a88
midcap50,0.0001,303,v3,research,27.506255,25.974095,1.53216,1041147.71,6047198.42,632,0,201371,4751,10.911,2026-09-28 01:17,e54b844c0d551a88,e54b844c0d551a88
midcap50,0.0001,303,v4,research,16.212986,25.974095,-9.761109,401763.96,3042766.26,840,0,201371,4751,10.911,2026-09-28 01:17,e54b844c0d551a88,e54b844c0d551a88
midcap50,0.0001,303,v1,tradeable,26.234995,25.974095,0.260901,955569.12,5614691.04,624,1,201371,4751,10.911,2026-09-28 01:17,e54b844c0d551a88,e54b844c0d551a88
midcap50,0.0001,303,v2,tradeable,18.091609,25.974095,-7.882486,475707.52,3426462.68,836,0,201371,4751,10.911,2026-09-28 01:17,e54b844c0d551a88,e54b844c0d551a88
midcap50,0.0001,303,v3,tradeable,27.506255,25.974095,1.53216,1041147.71,6047198.42,632,1,201371,4751,10.911,2026-09-28 01:17,e54b844c0d551a88,e54b844c0d551a88
midcap50,0.0001,303,v4,tradeable,16.212986,25.974095,-9.761109,401763.96,3042766.26,840,0,201371,4751,10.911,2026-09-28 01:17,e54b844c0d551a88,e54b844c0d551a88
midcap50,0.0001,404,v1,research,22.974222,25.974391,-3.000169,720335.26,4625438.27,641,0,201371,4759,10.987,2026-09-28 01:21,e54b844c0d551a88,e54b844c0d551a88
midcap50,0.0001,404,v2,research,19.157627,25.974391,-6.816764,538478.2,3662264.77,853,0,201371,4759,10.987,2026-09-28 01:21,e54b844c0d551a88,e54b844c0d551a88
midcap50,0.0001,404,v3,research,23.229806,25.974391,-2.744585,763626.58,4697108.95,660,0,201371,4759,10.987,2026-09-28 01:21,e54b844c0d551a88,e54b844c0d551a88
midcap50,0.0001,404,v4,research,17.048202,25.974391,-8.926189,448695.26,3208496.24,859,0,201371,4759,10.987,2026-09-28 01:21,e54b844c0d551a88,e54b844c0d551a88
midcap50,0.0001,404,v1,tradeable,22.974222,25.974391,-3.000169,720335.26,4625438.27,641,0,201371,4759,10.987,2026-09-28 01:21,e54b844c0d551a88,e54b844c0d551a88
midcap50,0.0001,404,v2,tradeable,19.157627,25.974391,-6.816764,538478.2,3662264.77,853,0,201371,4759,10.987,2026-09-28 01:21,e54b844c0d551a88,e54b844c0d551a88
midcap50,0.0001,404,v3,tradeable,23.229806,25.974391,-2.744585,763626.58,4697108.95,660,0,201371,4759,10.987,2026-09-28 01:21,e54b844c0d551a88,e54b844c0d551a88
midcap50,0.0001,404,v4,tradeable,17.048202,25.974391,-8.926189,448695.26,3208496.24,859,0,201371,4759,10.987,2026-09-28 01:21,e54b844c0d551a88,e54b844c0d551a88
midcap50,0.0001,505,v1,research,24.696962,25.974216,-1.277253,816390.84,5127406.05,665,0,201371,4807,10.896,2026-09-28 01:28,e54b844c0d551a88,e54b844c0d551a88
midcap50,0.0001,505,v2,research,18.740966,25.974216,-7.23325,500878.95,3568481.09,853,0,201371,4807,10.896,2026-09-28 01:28,e54b844c0d551a88,e54b844c0d551a88
midcap50,0.0001,505,v3,research,25.815988,25.974216,-0.158227,909157.65,5478128.93,682,0,201371,4807,10.896,2026-09-28 01:28,e54b844c0d551a88,e54b844c0d551a88
midcap50,0.0001,505,v4,research,17.130013,25.974216,-8.844202,443526.86,3225141.97,855,0,201371,4807,10.896,2026-09-28 01:28,e54b844c0d551a88,e54b844c0d551a88
midcap50,0.0001,505,v1,tradeable,24.696962,25.974216,-1.277253,816390.84,5127406.05,665,0,201371,4807,10.896,2026-09-28 01:28,e54b844c0d551a88,e54b844c0d551a88
midcap50,0.0001,505,v2,tradeable,18.740966,25.974216,-7.23325,500878.95,3568481.09,853,0,201371,4807,10.896,2026-09-28 01:28,e54b844c0d551a88,e54b844c0d551a88
midcap50,0.0001,505,v3,tradeable,25.815988,25.974216,-0.158227,909157.65,5478128.93,682,0,201371,4807,10.896,2026-09-28 01:28,e54b844c0d551a88,e54b844c0d551a88
midcap50,0.0001,505,v4,tradeable,17.130013,25.974216,-8.844202,443526.86,3225141.97,855,0,201371,4807,10.896,2026-09-28 01:28,e54b844c0d551a88,e54b844c0d551a88
midcap50,0.0001,606,v1,research,26.779925,25.974813,0.805112,981720.59,5796692.14,642,0,201371,4769,10.963,2026-09-28 01:32,e54b844c0d551a88,e54b844c0d551a88
midcap50,0.0001,606,v2,research,21.162919,25.974813,-4.811895,625718.25,4144066.59,848,0,201371,4769,10.963,2026-09-28 01:32,e54b844c0d551a88,e54b844c0d551a88
midcap50,0.0001,606,v3,research,25.174987,25.974813,-0.799826,892341.38,5274774.98,651,0,201371,4769,10.963,2026-09-28 01:32,e54b844c0d551a88,e54b844c0d551a88
midcap50,0.0001,606,v4,research,19.560087,25.974813,-6.414726,557949.33,3754868.72,850,0,201371,4769,10.963,2026-09-28 01:32,e54b844c0d551a88,e54b844c0d551a88
midcap50,0.0001,606,v1,tradeable,26.779925,25.974813,0.805112,981720.59,5796692.14,642,0,201371,4769,10.963,2026-09-28 01:32,e54b844c0d551a88,e54b844c0d551a88
midcap50,0.0001,606,v2,tradeable,21.162919,25.974813,-4.811895,625718.25,4144066.59,848,0,201371,4769,10.963,2026-09-28 01:32,e54b844c0d551a88,e54b844c0d551a88
midcap50,0.0001,606,v3,tradeable,25.174987,25.974813,-0.799826,892341.38,5274774.98,651,0,201371,4769,10.963,2026-09-28 01:32,e54b844c0d551a88,e54b844c0d551a88
midcap50,0.0001,606,v4,tradeable,19.560087,25.974813,-6.414726,557949.33,3754868.72,850,0,201371,4769,10.963,2026-09-28 01:32,e54b844c0d551a88,e54b844c0d551a88
midcap50,0.0001,707,v1,research,22.735017,25.973836,-3.238819,720353.27,4559219.62,626,0,201371,4811,10.9,2026-09-28 01:39,e54b844c0d551a88,e54b844c0d551a88
midcap50,0.0001,707,v2,research,20.698577,25.973836,-5.275259,597546.49,4027882.94,845,0,201371,4811,10.9,2026-09-28 01:39,e54b844c0d551a88,e54b844c0d551a88
midcap50,0.0001,707,v3,research,25.237995,25.973836,-0.735841,879231.55,5294469.92,622,0,201371,4811,10.9,2026-09-28 01:39,e54b844c0d551a88,e54b844c0d551a88
midcap50,0.0001,707,v4,research,18.802526,25.973836,-7.17131,512452.27,3582205.0,849,0,201371,4811,10.9,2026-09-28 01:39,e54b844c0d551a88,e54b844c0d551a88
midcap50,0.0001,707,v1,tradeable,22.735017,25.973836,-3.238819,720353.27,4559219.62,626,0,201371,4811,10.9,2026-09-28 01:39,e54b844c0d551a88,e54b844c0d551a88
midcap50,0.0001,707,v2,tradeable,20.698577,25.973836,-5.275259,597546.49,4027882.94,845,0,201371,4811,10.9,2026-09-28 01:39,e54b844c0d551a88,e54b844c0d551a88
midcap50,0.0001,707,v3,tradeable,25.237995,25.973836,-0.735841,879231.55,5294469.92,622,0,201371,4811,10.9,2026-09-28 01:39,e54b844c0d551a88,e54b844c0d551a88
midcap50,0.0001,707,v4,tradeable,18.802526,25.973836,-7.17131,512452.27,3582205.0,849,0,201371,4811,10.9,2026-09-28 01:39,e54b844c0d551a88,e54b844c0d551a88
midcap50,0.0001,808,v1,research,25.409543,25.973409,-0.563866,866572.59,5348415.55,669,0,201371,4790,10.95,2026-09-28 01:43,e54b844c0d551a88,e54b844c0d551a88
midcap50,0.0001,808,v2,research,20.589411,25.973409,-5.383998,588021.93,4000981.13,874,0,201371,4790,10.95,2026-09-28 01:43,e54b844c0d551a88,e54b844c0d551a88
midcap50,0.0001,808,v3,research,24.730669,25.973409,-1.24274,829831.95,5137679.31,662,0,201371,4790,10.95,2026-09-28 01:43,e54b844c0d551a88,e54b844c0d551a88
midcap50,0.0001,808,v4,research,19.4712,25.973409,-6.502209,538271.0,3734243.79,876,0,201371,4790,10.95,2026-09-28 01:43,e54b844c0d551a88,e54b844c0d551a88
midcap50,0.0001,808,v1,tradeable,25.409543,25.973409,-0.563866,866572.59,5348415.55,669,0,201371,4790,10.95,2026-09-28 01:43,e54b844c0d551a88,e54b844c0d551a88
midcap50,0.0001,808,v2,tradeable,20.589411,25.973409,-5.383998,588021.93,4000981.13,874,0,201371,4790,10.95,2026-09-28 01:43,e54b844c0d551a88,e54b844c0d551a88
midcap50,0.0001,808,v3,tradeable,24.730669,25.973409,-1.24274,829831.95,5137679.31,662,0,201371,4790,10.95,2026-09-28 01:43,e54b844c0d551a88,e54b844c0d551a88
midcap50,0.0001,808,v4,tradeable,19.4712,25.973409,-6.502209,538271.0,3734243.79,876,0,201371,4790,10.95,2026-09-28 01:43,e54b844c0d551a88,e54b844c0d551a88
midcap50,0.0001,909,v1,research,26.120258,25.973994,0.146264,890504.03,5577006.56,622,0,201371,4820,10.959,2026-09-28 01:50,e54b844c0d551a88,e54b844c0d551a88
midcap50,0.0001,909,v2,research,20.514499,25.973994,-5.459495,577077.15,3982610.68,847,0,201371,4820,10.959,2026-09-28 01:50,e54b844c0d551a88,e54b844c0d551a88
midcap50,0.0001,909,v3,research,23.644869,25.973994,-2.329125,782041.56,4815548.06,632,0,201371,4820,10.959,2026-09-28 01:50,e54b844c0d551a88,e54b844c0d551a88
midcap50,0.0001,909,v4,research,18.509054,25.973994,-7.46494,481411.86,3517187.04,843,0,201371,4820,10.959,2026-09-28 01:50,e54b844c0d551a88,e54b844c0d551a88
midcap50,0.0001,909,v1,tradeable,26.120258,25.973994,0.146264,890504.03,5577006.56,622,0,201371,4820,10.959,2026-09-28 01:50,e54b844c0d551a88,e54b844c0d551a88
midcap50,0.0001,909,v2,tradeable,20.514499,25.973994,-5.459495,577077.15,3982610.68,847,0,201371,4820,10.959,2026-09-28 01:50,e54b844c0d551a88,e54b844c0d551a88
midcap50,0.0001,909,v3,tradeable,23.644869,25.973994,-2.329125,782041.56,4815548.06,632,0,201371,4820,10.959,2026-09-28 01:50,e54b844c0d551a88,e54b844c0d551a88
midcap50,0.0001,909,v4,tradeable,18.509054,25.973994,-7.46494,481411.86,3517187.04,843,0,201371,4820,10.959,2026-09-28 01:50,e54b844c0d551a88,e54b844c0d551a88
midcap50,0.0001,1010,v1,research,23.761917,25.973741,-2.211824,756046.66,4849411.27,657,0,201371,4738,10.951,2026-09-28 01:54,e54b844c0d551a88,e54b844c0d551a88
midcap50,0.0001,1010,v2,research,20.357871,25.973741,-5.61587,576543.44,3944436.68,872,0,201371,4738,10.951,2026-09-28 01:54,e54b844c0d551a88,e54b844c0d551a88
midcap50,0.0001,1010,v3,research,25.954546,25.973741,-0.019195,933979.32,5522965.96,664,0,201371,4738,10.951,2026-09-28 01:54,e54b844c0d551a88,e54b844c0d551a88
midcap50,0.0001,1010,v4,research,19.479672,25.973741,-6.494069,541896.31,3736205.43,874,0,201371,4738,10.951,2026-09-28 01:54,e54b844c0d551a88,e54b844c0d551a88
midcap50,0.0001,1010,v1,tradeable,23.761917,25.973741,-2.211824,756046.66,4849411.27,657,0,201371,4738,10.951,2026-09-28 01:54,e54b844c0d551a88,e54b844c0d551a88
midcap50,0.0001,1010,v2,tradeable,20.357871,25.973741,-5.61587,576543.44,3944436.68,872,0,201371,4738,10.951,2026-09-28 01:54,e54b844c0d551a88,e54b844c0d551a88
midcap50,0.0001,1010,v3,tradeable,25.954546,25.973741,-0.019195,933979.32,5522965.96,664,0,201371,4738,10.951,2026-09-28 01:54,e54b844c0d551a88,e54b844c0d551a88
midcap50,0.0001,1010,v4,tradeable,19.479672,25.973741,-6.494069,541896.31,3736205.43,874,0,201371,4738,10.951,2026-09-28 01:54,e54b844c0d551a88,e54b844c0d551a88
midcap100,0.0,0,v1,research,27.323603,24.476183,2.84742,1071628.33,5983338.03,709,0,389157,0,21.033,2026-09-28 02:11,e54b844c0d551a88,e54b844c0d551a88
midcap100,0.0,0,v2,research,22.189526,24.476183,-2.286657,701522.54,4411271.17,900,0,389157,0,21.033,2026-09-28 02:11,e54b844c0d551a88,e54b844c0d551a88
midcap100,0.0,0,v3,research,26.547081,24.476183,2.070899,1044530.18,5718309.82,706,0,389157,0,21.033,2026-09-28 02:11,e54b844c0d551a88,e54b844c0d551a88
midcap100,0.0,0,v4,research,22.139605,24.476183,-2.336578,697484.38,4397941.43,904,0,389157,0,21.033,2026-09-28 02:11,e54b844c0d551a88,e54b844c0d551a88
midcap100,0.0,0,v1,tradeable,27.754324,24.476183,3.278142,1103617.66,6134874.43,707,1,389157,0,21.033,2026-09-28 02:11,e54b844c0d551a88,e54b844c0d551a88
midcap100,0.0,0,v2,tradeable,22.189526,24.476183,-2.286657,701522.54,4411271.17,900,0,389157,0,21.033,2026-09-28 02:11,e54b844c0d551a88,e54b844c0d551a88
midcap100,0.0,0,v3,tradeable,26.499315,24.476183,2.023132,1041185.74,5702344.08,706,1,389157,0,21.033,2026-09-28 02:11,e54b844c0d551a88,e54b844c0d551a88
midcap100,0.0,0,v4,tradeable,22.139605,24.476183,-2.336578,697484.38,4397941.43,904,0,389157,0,21.033,2026-09-28 02:11,e54b844c0d551a88,e54b844c0d551a88
midcap100,0.0001,101,v1,research,26.748974,24.476167,2.272808,1013843.59,5786219.85,713,0,389157,9750,21.104,2026-09-28 02:32,e54b844c0d551a88,e54b844c0d551a88
midcap100,0.0001,101,v2,research,21.449886,24.476167,-3.02628,683238.91,4217309.04,905,0,389157,9750,21.104,2026-09-28 02:32,e54b844c0d551a88,e54b844c0d551a88
midcap100,0.0001,101,v3,research,27.777111,24.476167,3.300944,1098243.3,6142982.87,704,0,389157,9750,21.104,2026-09-28 02:32,e54b844c0d551a88,e54b844c0d551a88
midcap100,0.0001,101,v4,research,20.989839,24.476167,-3.486328,670977.1,4100425.68,907,0,389157,9750,21.104,2026-09-28 02:32,e54b844c0d551a88,e54b844c0d551a88
midcap100,0.0001,101,v1,tradeable,26.724519,24.476167,2.248352,1012260.28,5777956.9,713,1,389157,9750,21.104,2026-09-28 02:32,e54b844c0d551a88,e54b844c0d551a88
midcap100,0.0001,101,v2,tradeable,21.449886,24.476167,-3.02628,683238.91,4217309.04,905,0,389157,9750,21.104,2026-09-28 02:32,e54b844c0d551a88,e54b844c0d551a88
midcap100,0.0001,101,v3,tradeable,27.504275,24.476167,3.028108,1078300.49,6046503.15,702,1,389157,9750,21.104,2026-09-28 02:32,e54b844c0d551a88,e54b844c0d551a88
midcap100,0.0001,101,v4,tradeable,20.989839,24.476167,-3.486328,670977.1,4100425.68,907,0,389157,9750,21.104,2026-09-28 02:32,e54b844c0d551a88,e54b844c0d551a88
midcap100,0.0001,202,v1,research,28.772081,24.476277,4.295805,1175248.18,6506196.02,727,0,389157,9750,21.354,2026-09-28 02:43,e54b844c0d551a88,e54b844c0d551a88
midcap100,0.0001,202,v2,research,22.990885,24.476277,-1.485392,751371.58,4630082.0,923,0,389157,9750,21.354,2026-09-28 02:43,e54b844c0d551a88,e54b844c0d551a88
midcap100,0.0001,202,v3,research,27.68496,24.476277,3.208683,1121719.0,6110248.57,724,0,389157,9750,21.354,2026-09-28 02:43,e54b844c0d551a88,e54b844c0d551a88
midcap100,0.0001,202,v4,research,22.237987,24.476277,-2.238289,728117.75,4424244.69,927,0,389157,9750,21.354,2026-09-28 02:43,e54b844c0d551a88,e54b844c0d551a88
midcap100,0.0001,202,v1,tradeable,28.679549,24.476277,4.203272,1168512.07,6471651.69,729,1,389157,9750,21.354,2026-09-28 02:43,e54b844c0d551a88,e54b844c0d551a88
midcap100,0.0001,202,v2,tradeable,22.990885,24.476277,-1.485392,751371.58,4630082.0,923,0,389157,9750,21.354,2026-09-28 02:43,e54b844c0d551a88,e54b844c0d551a88
midcap100,0.0001,202,v3,tradeable,26.659923,24.476277,2.183646,1078505.14,5756180.37,720,1,389157,9750,21.354,2026-09-28 02:43,e54b844c0d551a88,e54b844c0d551a88
midcap100,0.0001,202,v4,tradeable,22.237987,24.476277,-2.238289,728117.75,4424244.69,927,0,389157,9750,21.354,2026-09-28 02:43,e54b844c0d551a88,e54b844c0d551a88
midcap100,0.0001,303,v1,research,25.113108,24.476479,0.636628,938067.59,5255494.26,731,0,389157,9742,21.083,2026-09-28 02:54,e54b844c0d551a88,e54b844c0d551a88
midcap100,0.0001,303,v2,research,21.15054,24.476479,-3.325939,659123.5,4140932.08,938,0,389157,9742,21.083,2026-09-28 02:54,e54b844c0d551a88,e54b844c0d551a88
midcap100,0.0001,303,v3,research,30.045181,24.476479,5.568701,1314181.83,6997922.76,720,0,389157,9742,21.083,2026-09-28 02:54,e54b844c0d551a88,e54b844c0d551a88
midcap100,0.0001,303,v4,research,23.378144,24.476479,-1.098336,784489.6,4739144.75,938,0,389157,9742,21.083,2026-09-28 02:54,e54b844c0d551a88,e54b844c0d551a88
midcap100,0.0001,303,v1,tradeable,25.112861,24.476479,0.636382,938069.94,5255417.5,731,1,389157,9742,21.083,2026-09-28 02:54,e54b844c0d551a88,e54b844c0d551a88
midcap100,0.0001,303,v2,tradeable,21.15054,24.476479,-3.325939,659123.5,4140932.08,938,0,389157,9742,21.083,2026-09-28 02:54,e54b844c0d551a88,e54b844c0d551a88
midcap100,0.0001,303,v3,tradeable,29.993419,24.476479,5.516939,1309780.43,6977320.8,720,1,389157,9742,21.083,2026-09-28 02:54,e54b844c0d551a88,e54b844c0d551a88
midcap100,0.0001,303,v4,tradeable,23.378144,24.476479,-1.098336,784489.6,4739144.75,938,0,389157,9742,21.083,2026-09-28 02:54,e54b844c0d551a88,e54b844c0d551a88
midcap100,0.0001,404,v1,research,29.534027,24.476241,5.057786,1254107.1,6796763.44,721,0,389157,9719,21.2,2026-09-28 03:04,e54b844c0d551a88,e54b844c0d551a88
midcap100,0.0001,404,v2,research,23.512482,24.476241,-0.963759,771530.32,4777493.64,934,0,389157,9719,21.2,2026-09-28 03:04,e54b844c0d551a88,e54b844c0d551a88
midcap100,0.0001,404,v3,research,30.850636,24.476241,6.374395,1383627.26,7325353.38,690,0,389157,9719,21.2,2026-09-28 03:04,e54b844c0d551a88,e54b844c0d551a88
midcap100,0.0001,404,v4,research,24.132537,24.476241,-0.343704,820207.76,4957997.54,932,0,389157,9719,21.2,2026-09-28 03:04,e54b844c0d551a88,e54b844c0d551a88
midcap100,0.0001,404,v1,tradeable,29.533464,24.476241,5.057224,1254093.73,6796544.79,721,1,389157,9719,21.2,2026-09-28 03:04,e54b844c0d551a88,e54b844c0d551a88
midcap100,0.0001,404,v2,tradeable,23.512482,24.476241,-0.963759,771530.32,4777493.64,934,0,389157,9719,21.2,2026-09-28 03:04,e54b844c0d551a88,e54b844c0d551a88
midcap100,0.0001,404,v3,tradeable,31.178299,24.476241,6.702058,1412438.07,7462297.29,692,1,389157,9719,21.2,2026-09-28 03:04,e54b844c0d551a88,e54b844c0d551a88
midcap100,0.0001,404,v4,tradeable,24.132537,24.476241,-0.343704,820207.76,4957997.54,932,0,389157,9719,21.2,2026-09-28 03:04,e54b844c0d551a88,e54b844c0d551a88
midcap100,0.0001,505,v1,research,31.085584,24.476693,6.608891,1405666.0,7423324.87,723,0,389157,9775,21.051,2026-09-28 03:15,e54b844c0d551a88,e54b844c0d551a88
midcap100,0.0001,505,v2,research,21.940111,24.476693,-2.536582,700613.42,4345020.46,925,0,389157,9775,21.051,2026-09-28 03:15,e54b844c0d551a88,e54b844c0d551a88
midcap100,0.0001,505,v3,research,29.76015,24.476693,5.283458,1287131.95,6885126.31,686,0,389157,9775,21.051,2026-09-28 03:15,e54b844c0d551a88,e54b844c0d551a88
midcap100,0.0001,505,v4,research,22.361409,24.476693,-2.115284,734669.12,4457434.62,925,0,389157,9775,21.051,2026-09-28 03:15,e54b844c0d551a88,e54b844c0d551a88
midcap100,0.0001,505,v1,tradeable,30.892512,24.476693,6.41582,1386660.01,7342733.31,727,1,389157,9775,21.051,2026-09-28 03:15,e54b844c0d551a88,e54b844c0d551a88
midcap100,0.0001,505,v2,tradeable,21.940111,24.476693,-2.536582,700613.42,4345020.46,925,0,389157,9775,21.051,2026-09-28 03:15,e54b844c0d551a88,e54b844c0d551a88
midcap100,0.0001,505,v3,tradeable,29.688649,24.476693,5.211956,1280986.59,6857078.78,686,1,389157,9775,21.051,2026-09-28 03:15,e54b844c0d551a88,e54b844c0d551a88
midcap100,0.0001,505,v4,tradeable,22.361409,24.476693,-2.115284,734669.12,4457434.62,925,0,389157,9775,21.051,2026-09-28 03:15,e54b844c0d551a88,e54b844c0d551a88
midcap100,0.0001,606,v1,research,26.083949,24.476426,1.607522,1009916.81,5565126.65,731,0,389157,9715,21.319,2026-09-28 03:26,e54b844c0d551a88,e54b844c0d551a88
midcap100,0.0001,606,v2,research,22.178724,24.476426,-2.297703,709111.69,4408383.9,935,0,389157,9715,21.319,2026-09-28 03:26,e54b844c0d551a88,e54b844c0d551a88
midcap100,0.0001,606,v3,research,27.893272,24.476426,3.416846,1143992.81,6184461.92,720,0,389157,9715,21.319,2026-09-28 03:26,e54b844c0d551a88,e54b844c0d551a88
midcap100,0.0001,606,v4,research,23.138177,24.476426,-1.33825,770676.05,4671304.84,931,0,389157,9715,21.319,2026-09-28 03:26,e54b844c0d551a88,e54b844c0d551a88
midcap100,0.0001,606,v1,tradeable,26.083949,24.476426,1.607522,1009916.81,5565126.65,731,0,389157,9715,21.319,2026-09-28 03:26,e54b844c0d551a88,e54b844c0d551a88
midcap100,0.0001,606,v2,tradeable,22.178724,24.476426,-2.297703,709111.69,4408383.9,935,0,389157,9715,21.319,2026-09-28 03:26,e54b844c0d551a88,e54b844c0d551a88
midcap100,0.0001,606,v3,tradeable,28.178451,24.476426,3.702024,1171833.85,6287323.06,724,1,389157,9715,21.319,2026-09-28 03:26,e54b844c0d551a88,e54b844c0d551a88
midcap100,0.0001,606,v4,tradeable,23.138177,24.476426,-1.33825,770676.05,4671304.84,931,0,389157,9715,21.319,2026-09-28 03:26,e54b844c0d551a88,e54b844c0d551a88
midcap100,0.0001,707,v1,research,29.076241,24.476316,4.599925,1230693.24,6620871.79,742,0,389157,9661,21.401,2026-09-28 03:36,e54b844c0d551a88,e54b844c0d551a88
midcap100,0.0001,707,v2,research,24.511612,24.476316,0.035296,845187.59,5071230.69,937,0,389157,9661,21.401,2026-09-28 03:36,e54b844c0d551a88,e54b844c0d551a88
midcap100,0.0001,707,v3,research,31.323215,24.476316,6.846899,1467898.75,7523566.4,726,0,389157,9661,21.401,2026-09-28 03:36,e54b844c0d551a88,e54b844c0d551a88
midcap100,0.0001,707,v4,research,24.111944,24.476316,-0.364372,839367.1,4951909.47,935,0,389157,9661,21.401,2026-09-28 03:36,e54b844c0d551a88,e54b844c0d551a88
midcap100,0.0001,707,v1,tradeable,29.064223,24.476316,4.587907,1229838.85,6616307.77,742,1,389157,9661,21.401,2026-09-28 03:36,e54b844c0d551a88,e54b844c0d551a88
midcap100,0.0001,707,v2,tradeable,24.511612,24.476316,0.035296,845187.59,5071230.69,937,0,389157,9661,21.401,2026-09-28 03:36,e54b844c0d551a88,e54b844c0d551a88
midcap100,0.0001,707,v3,tradeable,31.270621,24.476316,6.794305,1463053.7,7501279.89,726,1,389157,9661,21.401,2026-09-28 03:36,e54b844c0d551a88,e54b844c0d551a88
midcap100,0.0001,707,v4,tradeable,24.111944,24.476316,-0.364372,839367.1,4951909.47,935,0,389157,9661,21.401,2026-09-28 03:36,e54b844c0d551a88,e54b844c0d551a88
midcap100,0.0001,808,v1,research,30.590668,24.476285,6.114383,1378092.56,7218254.07,722,0,389157,9716,21.308,2026-09-28 03:47,e54b844c0d551a88,e54b844c0d551a88
midcap100,0.0001,808,v2,research,22.634172,24.476285,-1.842113,746822.83,4531549.39,919,0,389157,9716,21.308,2026-09-28 03:47,e54b844c0d551a88,e54b844c0d551a88
midcap100,0.0001,808,v3,research,30.00278,24.476285,5.526496,1361552.37,6981042.86,724,0,389157,9716,21.308,2026-09-28 03:47,e54b844c0d551a88,e54b844c0d551a88
midcap100,0.0001,808,v4,research,23.337725,24.476285,-1.138559,782276.4,4727659.02,923,0,389157,9716,21.308,2026-09-28 03:47,e54b844c0d551a88,e54b844c0d551a88
midcap100,0.0001,808,v1,tradeable,30.579575,24.476285,6.10329,1377244.69,7213714.33,722,1,389157,9716,21.308,2026-09-28 03:47,e54b844c0d551a88,e54b844c0d551a88
midcap100,0.0001,808,v2,tradeable,22.634172,24.476285,-1.842113,746822.83,4531549.39,919,0,389157,9716,21.308,2026-09-28 03:47,e54b844c0d551a88,e54b844c0d551a88
midcap100,0.0001,808,v3,tradeable,30.073233,24.476285,5.596948,1367419.06,7009109.92,726,1,389157,9716,21.308,2026-09-28 03:47,e54b844c0d551a88,e54b844c0d551a88
midcap100,0.0001,808,v4,tradeable,23.337725,24.476285,-1.138559,782276.4,4727659.02,923,0,389157,9716,21.308,2026-09-28 03:47,e54b844c0d551a88,e54b844c0d551a88
midcap100,0.0001,909,v1,research,26.982537,24.476086,2.506451,1072817.75,5865651.66,711,0,389157,9763,21.227,2026-09-28 03:58,e54b844c0d551a88,e54b844c0d551a88
midcap100,0.0001,909,v2,research,21.152309,24.476086,-3.323777,658990.57,4141379.81,908,0,389157,9763,21.227,2026-09-28 03:58,e54b844c0d551a88,e54b844c0d551a88
midcap100,0.0001,909,v3,research,29.305169,24.476086,4.829083,1241300.29,6708332.26,704,0,389157,9763,21.227,2026-09-28 03:58,e54b844c0d551a88,e54b844c0d551a88
midcap100,0.0001,909,v4,research,22.169369,24.476086,-2.306717,719079.3,4405884.8,914,0,389157,9763,21.227,2026-09-28 03:58,e54b844c0d551a88,e54b844c0d551a88
midcap100,0.0001,909,v1,tradeable,26.982537,24.476086,2.506451,1072817.75,5865651.66,711,0,389157,9763,21.227,2026-09-28 03:58,e54b844c0d551a88,e54b844c0d551a88
midcap100,0.0001,909,v2,tradeable,21.152309,24.476086,-3.323777,658990.57,4141379.81,908,0,389157,9763,21.227,2026-09-28 03:58,e54b844c0d551a88,e54b844c0d551a88
midcap100,0.0001,909,v3,tradeable,29.171629,24.476086,4.695543,1230668.99,6657193.65,704,1,389157,9763,21.227,2026-09-28 03:58,e54b844c0d551a88,e54b844c0d551a88
midcap100,0.0001,909,v4,tradeable,22.169369,24.476086,-2.306717,719079.3,4405884.8,914,0,389157,9763,21.227,2026-09-28 03:58,e54b844c0d551a88,e54b844c0d551a88
midcap100,0.0001,1010,v1,research,25.657319,24.476592,1.180727,976849.75,5427170.8,718,0,389157,9716,21.256,2026-09-28 04:08,e54b844c0d551a88,e54b844c0d551a88
midcap100,0.0001,1010,v2,research,20.88116,24.476592,-3.595432,638122.87,4073226.59,919,0,389157,9716,21.256,2026-09-28 04:08,e54b844c0d551a88,e54b844c0d551a88
midcap100,0.0001,1010,v3,research,32.01965,24.476592,7.543058,1468113.64,7824121.71,708,0,389157,9716,21.256,2026-09-28 04:08,e54b844c0d551a88,e54b844c0d551a88
midcap100,0.0001,1010,v4,research,19.095761,24.476592,-5.380832,585117.89,3648206.32,917,0,389157,9716,21.256,2026-09-28 04:08,e54b844c0d551a88,e54b844c0d551a88
midcap100,0.0001,1010,v1,tradeable,25.56638,24.476592,1.089788,971477.99,5398150.28,720,1,389157,9716,21.256,2026-09-28 04:08,e54b844c0d551a88,e54b844c0d551a88
midcap100,0.0001,1010,v2,tradeable,20.88116,24.476592,-3.595432,638122.87,4073226.59,919,0,389157,9716,21.256,2026-09-28 04:08,e54b844c0d551a88,e54b844c0d551a88
midcap100,0.0001,1010,v3,tradeable,31.330425,24.476592,6.853833,1408622.93,7526625.94,712,1,389157,9716,21.256,2026-09-28 04:08,e54b844c0d551a88,e54b844c0d551a88
midcap100,0.0001,1010,v4,tradeable,19.095761,24.476592,-5.380832,585117.89,3648206.32,917,0,389157,9716,21.256,2026-09-28 04:08,e54b844c0d551a88,e54b844c0d551a88
nifty100,0.0,0,v1,research,23.697934,23.380285,0.317649,793392.89,4830874.82,769,0,473311,0,27.701,2026-09-28 02:22,e54b844c0d551a88,e54b844c0d551a88
nifty100,0.0,0,v2,research,17.238395,23.380285,-6.14189,464918.69,3247308.63,949,0,473311,0,27.701,2026-09-28 02:22,e54b844c0d551a88,e54b844c0d551a88
nifty100,0.0,0,v3,research,26.151348,23.380285,2.771063,933099.71,5587196.19,762,0,473311,0,27.701,2026-09-28 02:22,e54b844c0d551a88,e54b844c0d551a88
nifty100,0.0,0,v4,research,18.365976,23.380285,-5.014309,505694.88,3485860.26,947,0,473311,0,27.701,2026-09-28 02:22,e54b844c0d551a88,e54b844c0d551a88
nifty100,0.0,0,v1,tradeable,23.697934,23.380285,0.317649,793392.89,4830874.82,769,1,473311,0,27.701,2026-09-28 02:22,e54b844c0d551a88,e54b844c0d551a88
nifty100,0.0,0,v2,tradeable,17.238395,23.380285,-6.14189,464918.69,3247308.63,949,0,473311,0,27.701,2026-09-28 02:22,e54b844c0d551a88,e54b844c0d551a88
nifty100,0.0,0,v3,tradeable,26.151348,23.380285,2.771063,933099.71,5587196.19,762,0,473311,0,27.701,2026-09-28 02:22,e54b844c0d551a88,e54b844c0d551a88
nifty100,0.0,0,v4,tradeable,18.365976,23.380285,-5.014309,505694.88,3485860.26,947,0,473311,0,27.701,2026-09-28 02:22,e54b844c0d551a88,e54b844c0d551a88
nifty100,0.0001,101,v1,research,22.016813,23.380372,-1.363559,697801.14,4365302.2,742,0,473311,6152,28.2,2026-09-28 04:26,e54b844c0d551a88,e54b844c0d551a88
nifty100,0.0001,101,v2,research,17.576008,23.380372,-5.804365,477683.49,3317205.45,928,0,473311,6152,28.2,2026-09-28 04:26,e54b844c0d551a88,e54b844c0d551a88
nifty100,0.0001,101,v3,research,19.840151,23.380372,-3.540222,596459.25,3820498.59,696,0,473311,6152,28.2,2026-09-28 04:26,e54b844c0d551a88,e54b844c0d551a88
nifty100,0.0001,101,v4,research,17.551268,23.380372,-5.829104,469554.0,3312039.67,922,0,473311,6152,28.2,2026-09-28 04:26,e54b844c0d551a88,e54b844c0d551a88
nifty100,0.0001,101,v1,tradeable,22.016813,23.380372,-1.363559,697801.14,4365302.2,742,1,473311,6152,28.2,2026-09-28 04:26,e54b844c0d551a88,e54b844c0d551a88
nifty100,0.0001,101,v2,tradeable,17.576008,23.380372,-5.804365,477683.49,3317205.45,928,0,473311,6152,28.2,2026-09-28 04:26,e54b844c0d551a88,e54b844c0d551a88
nifty100,0.0001,101,v3,tradeable,19.840151,23.380372,-3.540222,596459.25,3820498.59,696,0,473311,6152,28.2,2026-09-28 04:26,e54b844c0d551a88,e54b844c0d551a88
nifty100,0.0001,101,v4,tradeable,17.551268,23.380372,-5.829104,469554.0,3312039.67,922,0,473311,6152,28.2,2026-09-28 04:26,e54b844c0d551a88,e54b844c0d551a88
nifty100,0.0001,202,v1,research,22.167632,23.381257,-1.213625,708347.48,4405420.8,725,0,473311,6104,27.916,2026-09-28 04:36,e54b844c0d551a88,e54b844c0d551a88
nifty100,0.0001,202,v2,research,18.266336,23.381257,-5.114921,496705.73,3464187.06,896,0,473311,6104,27.916,2026-09-28 04:36,e54b844c0d551a88,e54b844c0d551a88
nifty100,0.0001,202,v3,research,20.734877,23.381257,-2.64638,630110.09,4036863.03,702,0,473311,6104,27.916,2026-09-28 04:36,e54b844c0d551a88,e54b844c0d551a88
nifty100,0.0001,202,v4,research,15.346456,23.381257,-8.034801,369696.28,2878700.43,896,0,473311,6104,27.916,2026-09-28 04:36,e54b844c0d551a88,e54b844c0d551a88
nifty100,0.0001,202,v1,tradeable,22.262735,23.381257,-1.118522,711770.28,4430882.51,727,1,473311,6104,27.916,2026-09-28 04:36,e54b844c0d551a88,e54b844c0d551a88
nifty100,0.0001,202,v2,tradeable,18.266336,23.381257,-5.114921,496705.73,3464187.06,896,0,473311,6104,27.916,2026-09-28 04:36,e54b844c0d551a88,e54b844c0d551a88
nifty100,0.0001,202,v3,tradeable,20.734877,23.381257,-2.64638,630110.09,4036863.03,702,0,473311,6104,27.916,2026-09-28 04:36,e54b844c0d551a88,e54b844c0d551a88
nifty100,0.0001,202,v4,tradeable,15.346456,23.381257,-8.034801,369696.28,2878700.43,896,0,473311,6104,27.916,2026-09-28 04:36,e54b844c0d551a88,e54b844c0d551a88
nifty100,0.0001,303,v1,research,25.203284,23.3803,1.822984,894450.8,5283612.12,743,0,473311,6181,27.831,2026-09-28 04:54,e54b844c0d551a88,e54b844c0d551a88
nifty100,0.0001,303,v2,research,19.65658,23.3803,-3.723721,565488.03,3777369.66,922,0,473311,6181,27.831,2026-09-28 04:54,e54b844c0d551a88,e54b844c0d551a88
nifty100,0.0001,303,v3,research,23.951198,23.3803,0.570898,789501.3,4904607.97,700,0,473311,6181,27.831,2026-09-28 04:54,e54b844c0d551a88,e54b844c0d551a88
nifty100,0.0001,303,v4,research,20.990744,23.3803,-2.389556,615967.91,4100652.84,926,0,473311,6181,27.831,2026-09-28 04:54,e54b844c0d551a88,e54b844c0d551a88
nifty100,0.0001,303,v1,tradeable,25.203284,23.3803,1.822984,894450.8,5283612.12,743,1,473311,6181,27.831,2026-09-28 04:54,e54b844c0d551a88,e54b844c0d551a88
nifty100,0.0001,303,v2,tradeable,19.65658,23.3803,-3.723721,565488.03,3777369.66,922,0,473311,6181,27.831,2026-09-28 04:54,e54b844c0d551a88,e54b844c0d551a88
nifty100,0.0001,303,v3,tradeable,23.951198,23.3803,0.570898,789501.3,4904607.97,700,0,473311,6181,27.831,2026-09-28 04:54,e54b844c0d551a88,e54b844c0d551a88
nifty100,0.0001,303,v4,tradeable,20.990744,23.3803,-2.389556,615967.91,4100652.84,926,0,473311,6181,27.831,2026-09-28 04:54,e54b844c0d551a88,e54b844c0d551a88
nifty100,0.0001,404,v1,research,23.457771,23.379007,0.078764,782666.88,4761843.35,733,0,473311,6196,28.103,2026-09-28 05:05,e54b844c0d551a88,e54b844c0d551a88
nifty100,0.0001,404,v2,research,17.821349,23.379007,-5.557657,474477.0,3368812.14,900,0,473311,6196,28.103,2026-09-28 05:05,e54b844c0d551a88,e54b844c0d551a88
nifty100,0.0001,404,v3,research,24.873314,23.379007,1.494308,843984.18,5181353.0,686,0,473311,6196,28.103,2026-09-28 05:05,e54b844c0d551a88,e54b844c0d551a88
nifty100,0.0001,404,v4,research,19.207821,23.379007,-4.171185,514485.3,3673705.25,896,0,473311,6196,28.103,2026-09-28 05:05,e54b844c0d551a88,e54b844c0d551a88
nifty100,0.0001,404,v1,tradeable,23.457771,23.379007,0.078764,782666.88,4761843.35,733,1,473311,6196,28.103,2026-09-28 05:05,e54b844c0d551a88,e54b844c0d551a88
nifty100,0.0001,404,v2,tradeable,17.821349,23.379007,-5.557657,474477.0,3368812.14,900,0,473311,6196,28.103,2026-09-28 05:05,e54b844c0d551a88,e54b844c0d551a88
nifty100,0.0001,404,v3,tradeable,24.873314,23.379007,1.494308,843984.18,5181353.0,686,0,473311,6196,28.103,2026-09-28 05:05,e54b844c0d551a88,e54b844c0d551a88
nifty100,0.0001,404,v4,tradeable,19.207821,23.379007,-4.171185,514485.3,3673705.25,896,0,473311,6196,28.103,2026-09-28 05:05,e54b844c0d551a88,e54b844c0d551a88
nifty100,0.0001,505,v1,research,24.516137,23.380683,1.135454,867912.66,5072595.81,755,0,473311,6114,28.013,2026-09-28 05:22,e54b844c0d551a88,e54b844c0d551a88
nifty100,0.0001,505,v2,research,18.75905,23.380683,-4.621633,530849.22,3572507.87,920,0,473311,6114,28.013,2026-09-28 05:22,e54b844c0d551a88,e54b844c0d551a88
nifty100,0.0001,505,v3,research,25.747829,23.380683,2.367146,907355.62,5456188.55,710,0,473311,6114,28.013,2026-09-28 05:22,e54b844c0d551a88,e54b844c0d551a88
nifty100,0.0001,505,v4,research,19.855464,23.380683,-3.525219,567835.67,3824115.5,922,0,473311,6114,28.013,2026-09-28 05:22,e54b844c0d551a88,e54b844c0d551a88
nifty100,0.0001,505,v1,tradeable,24.516137,23.380683,1.135454,867912.66,5072595.81,755,1,473311,6114,28.013,2026-09-28 05:22,e54b844c0d551a88,e54b844c0d551a88
nifty100,0.0001,505,v2,tradeable,18.75905,23.380683,-4.621633,530849.22,3572507.87,920,0,473311,6114,28.013,2026-09-28 05:22,e54b844c0d551a88,e54b844c0d551a88
nifty100,0.0001,505,v3,tradeable,25.747829,23.380683,2.367146,907355.62,5456188.55,710,0,473311,6114,28.013,2026-09-28 05:22,e54b844c0d551a88,e54b844c0d551a88
nifty100,0.0001,505,v4,tradeable,19.855464,23.380683,-3.525219,567835.67,3824115.5,922,0,473311,6114,28.013,2026-09-28 05:22,e54b844c0d551a88,e54b844c0d551a88
nifty100,0.0001,606,v1,research,26.516781,23.380296,3.136485,973296.67,5708177.55,728,0,473311,6091,27.921,2026-09-28 05:33,e54b844c0d551a88,e54b844c0d551a88
nifty100,0.0001,606,v2,research,16.713146,23.380296,-6.66715,433792.86,3141097.63,907,0,473311,6091,27.921,2026-09-28 05:33,e54b844c0d551a88,e54b844c0d551a88
nifty100,0.0001,606,v3,research,25.306335,23.380296,1.926038,872521.69,5315903.7,692,0,473311,6091,27.921,2026-09-28 05:33,e54b844c0d551a88,e54b844c0d551a88
nifty100,0.0001,606,v4,research,16.675743,23.380296,-6.704553,428476.97,3133650.37,905,0,473311,6091,27.921,2026-09-28 05:33,e54b844c0d551a88,e54b844c0d551a88
nifty100,0.0001,606,v1,tradeable,26.492501,23.380296,3.112204,971704.38,5700069.48,728,1,473311,6091,27.921,2026-09-28 05:33,e54b844c0d551a88,e54b844c0d551a88
nifty100,0.0001,606,v2,tradeable,16.713146,23.380296,-6.66715,433792.86,3141097.63,907,0,473311,6091,27.921,2026-09-28 05:33,e54b844c0d551a88,e54b844c0d551a88
nifty100,0.0001,606,v3,tradeable,25.306335,23.380296,1.926038,872521.69,5315903.7,692,0,473311,6091,27.921,2026-09-28 05:33,e54b844c0d551a88,e54b844c0d551a88
nifty100,0.0001,606,v4,tradeable,16.675743,23.380296,-6.704553,428476.97,3133650.37,905,0,473311,6091,27.921,2026-09-28 05:33,e54b844c0d551a88,e54b844c0d551a88
nifty100,0.0001,707,v1,research,24.118127,23.379318,0.738809,840139.17,4953736.92,740,0,473311,6126,28.279,2026-09-28 05:50,e54b844c0d551a88,e54b844c0d551a88
nifty100,0.0001,707,v2,research,18.113207,23.379318,-5.266111,497038.61,3431106.54,915,0,473311,6126,28.279,2026-09-28 05:50,e54b844c0d551a88,e54b844c0d551a88
nifty100,0.0001,707,v3,research,22.094131,23.379318,-1.285187,690847.73,4385829.48,696,0,473311,6126,28.279,2026-09-28 05:50,e54b844c0d551a88,e54b844c0d551a88
nifty100,0.0001,707,v4,research,16.928863,23.379318,-6.450455,433223.71,3184348.58,907,0,473311,6126,28.279,2026-09-28 05:50,e54b844c0d551a88,e54b844c0d551a88
nifty100,0.0001,707,v1,tradeable,24.118127,23.379318,0.738809,840139.17,4953736.92,740,1,473311,6126,28.279,2026-09-28 05:50,e54b844c0d551a88,e54b844c0d551a88
nifty100,0.0001,707,v2,tradeable,18.113207,23.379318,-5.266111,497038.61,3431106.54,915,0,473311,6126,28.279,2026-09-28 05:50,e54b844c0d551a88,e54b844c0d551a88
nifty100,0.0001,707,v3,tradeable,22.094131,23.379318,-1.285187,690847.73,4385829.48,696,0,473311,6126,28.279,2026-09-28 05:50,e54b844c0d551a88,e54b844c0d551a88
nifty100,0.0001,707,v4,tradeable,16.928863,23.379318,-6.450455,433223.71,3184348.58,907,0,473311,6126,28.279,2026-09-28 05:50,e54b844c0d551a88,e54b844c0d551a88
nifty100,0.0001,808,v1,research,25.676514,23.380535,2.295979,893448.72,5433313.77,719,0,473311,6113,27.95,2026-09-28 06:01,e54b844c0d551a88,e54b844c0d551a88
nifty100,0.0001,808,v2,research,20.13939,23.380535,-3.241145,574856.7,3891716.39,917,0,473311,6113,27.95,2026-09-28 06:01,e54b844c0d551a88,e54b844c0d551a88
nifty100,0.0001,808,v3,research,24.589894,23.380535,1.209359,713186.43,5094891.0,684,0,473311,6113,27.95,2026-09-28 06:01,e54b844c0d551a88,e54b844c0d551a88
nifty100,0.0001,808,v4,research,18.288402,23.380535,-5.092134,468048.54,3468976.65,919,0,473311,6113,27.95,2026-09-28 06:01,e54b844c0d551a88,e54b844c0d551a88
nifty100,0.0001,808,v1,tradeable,25.919216,23.380535,2.538681,907545.88,5511503.16,723,1,473311,6113,27.95,2026-09-28 06:01,e54b844c0d551a88,e54b844c0d551a88
nifty100,0.0001,808,v2,tradeable,20.13939,23.380535,-3.241145,574856.7,3891716.39,917,0,473311,6113,27.95,2026-09-28 06:01,e54b844c0d551a88,e54b844c0d551a88
nifty100,0.0001,808,v3,tradeable,24.589894,23.380535,1.209359,713186.43,5094891.0,684,0,473311,6113,27.95,2026-09-28 06:01,e54b844c0d551a88,e54b844c0d551a88
nifty100,0.0001,808,v4,tradeable,18.288402,23.380535,-5.092134,468048.54,3468976.65,919,0,473311,6113,27.95,2026-09-28 06:01,e54b844c0d551a88,e54b844c0d551a88
nifty100,0.0001,909,v1,research,22.148886,23.380618,-1.231732,731131.39,4400417.22,755,0,473311,6131,28.025,2026-09-28 06:18,e54b844c0d551a88,e54b844c0d551a88
nifty100,0.0001,909,v2,research,18.517652,23.380618,-4.862966,513891.45,3519077.33,932,0,473311,6131,28.025,2026-09-28 06:18,e54b844c0d551a88,e54b844c0d551a88
nifty100,0.0001,909,v3,research,23.838408,23.380618,0.45779,819725.75,4871652.03,730,0,473311,6131,28.025,2026-09-28 06:18,e54b844c0d551a88,e54b844c0d551a88
nifty100,0.0001,909,v4,research,17.20065,23.380618,-6.179969,440883.28,3239573.87,926,0,473311,6131,28.025,2026-09-28 06:18,e54b844c0d551a88,e54b844c0d551a88
nifty100,0.0001,909,v1,tradeable,22.148886,23.380618,-1.231732,731131.39,4400417.22,755,1,473311,6131,28.025,2026-09-28 06:18,e54b844c0d551a88,e54b844c0d551a88
nifty100,0.0001,909,v2,tradeable,18.517652,23.380618,-4.862966,513891.45,3519077.33,932,0,473311,6131,28.025,2026-09-28 06:18,e54b844c0d551a88,e54b844c0d551a88
nifty100,0.0001,909,v3,tradeable,23.838408,23.380618,0.45779,819725.75,4871652.03,730,0,473311,6131,28.025,2026-09-28 06:18,e54b844c0d551a88,e54b844c0d551a88
nifty100,0.0001,909,v4,tradeable,17.20065,23.380618,-6.179969,440883.28,3239573.87,926,0,473311,6131,28.025,2026-09-28 06:18,e54b844c0d551a88,e54b844c0d551a88
nifty100,0.0001,1010,v1,research,23.638483,23.380659,0.257824,804903.43,4813706.38,737,0,473311,6121,24.771,2026-09-28 06:25,e54b844c0d551a88,e54b844c0d551a88
nifty100,0.0001,1010,v2,research,17.27123,23.380659,-6.109429,461351.29,3254050.16,912,0,473311,6121,24.771,2026-09-28 06:25,e54b844c0d551a88,e54b844c0d551a88
nifty100,0.0001,1010,v3,research,23.364454,23.380659,-0.016205,754909.13,4735251.94,696,0,473311,6121,24.771,2026-09-28 06:25,e54b844c0d551a88,e54b844c0d551a88
nifty100,0.0001,1010,v4,research,16.270059,23.380659,-7.110601,411392.05,3053850.45,908,0,473311,6121,24.771,2026-09-28 06:25,e54b844c0d551a88,e54b844c0d551a88
nifty100,0.0001,1010,v1,tradeable,23.638483,23.380659,0.257824,804903.43,4813706.38,737,1,473311,6121,24.771,2026-09-28 06:25,e54b844c0d551a88,e54b844c0d551a88
nifty100,0.0001,1010,v2,tradeable,17.27123,23.380659,-6.109429,461351.29,3254050.16,912,0,473311,6121,24.771,2026-09-28 06:25,e54b844c0d551a88,e54b844c0d551a88
nifty100,0.0001,1010,v3,tradeable,23.364454,23.380659,-0.016205,754909.13,4735251.94,696,0,473311,6121,24.771,2026-09-28 06:25,e54b844c0d551a88,e54b844c0d551a88
nifty100,0.0001,1010,v4,tradeable,16.270059,23.380659,-7.110601,411392.05,3053850.45,908,0,473311,6121,24.771,2026-09-28 06:25,e54b844c0d551a88,e54b844c0d551a88
midcap150,0.0,0,v1,research,33.890346,23.55409,10.336255,1693965.85,8683416.6,824,0,572399,0,31.231,2026-09-28 06:57,e54b844c0d551a88,e54b844c0d551a88
midcap150,0.0,0,v2,research,24.038697,23.55409,0.484607,809103.85,4930306.95,1019,0,572399,0,31.231,2026-09-28 06:57,e54b844c0d551a88,e54b844c0d551a88
midcap150,0.0,0,v3,research,37.08659,23.55409,13.5325,1978266.09,10341158.84,818,0,572399,0,31.231,2026-09-28 06:57,e54b844c0d551a88,e54b844c0d551a88
midcap150,0.0,0,v4,research,27.922822,23.55409,4.368732,1020548.97,6195052.07,1011,0,572399,0,31.231,2026-09-28 06:57,e54b844c0d551a88,e54b844c0d551a88
midcap150,0.0,0,v1,tradeable,33.890346,23.55409,10.336255,1693965.85,8683416.6,824,0,572399,0,31.231,2026-09-28 06:57,e54b844c0d551a88,e54b844c0d551a88
midcap150,0.0,0,v2,tradeable,24.038697,23.55409,0.484607,809103.85,4930306.95,1019,0,572399,0,31.231,2026-09-28 06:57,e54b844c0d551a88,e54b844c0d551a88
midcap150,0.0,0,v3,tradeable,37.08659,23.55409,13.5325,1978266.09,10341158.84,818,0,572399,0,31.231,2026-09-28 06:57,e54b844c0d551a88,e54b844c0d551a88
midcap150,0.0,0,v4,tradeable,27.922822,23.55409,4.368732,1020548.97,6195052.07,1011,0,572399,0,31.231,2026-09-28 06:57,e54b844c0d551a88,e54b844c0d551a88
midcap150,0.0001,101,v1,research,25.659379,23.554068,2.105311,946763.61,5427829.86,826,0,572399,13102,31.35,2026-09-28 07:28,e54b844c0d551a88,e54b844c0d551a88
midcap150,0.0001,101,v2,research,23.988751,23.554068,0.434683,803743.53,4915623.24,1016,0,572399,13102,31.35,2026-09-28 07:28,e54b844c0d551a88,e54b844c0d551a88
midcap150,0.0001,101,v3,research,28.184017,23.554068,4.629949,1105728.53,6289345.28,826,0,572399,13102,31.35,2026-09-28 07:28,e54b844c0d551a88,e54b844c0d551a88
midcap150,0.0001,101,v4,research,26.97042,23.554068,3.416352,975167.55,5861507.67,1014,0,572399,13102,31.35,2026-09-28 07:28,e54b844c0d551a88,e54b844c0d551a88
midcap150,0.0001,101,v1,tradeable,25.659379,23.554068,2.105311,946763.61,5427829.86,826,0,572399,13102,31.35,2026-09-28 07:28,e54b844c0d551a88,e54b844c0d551a88
midcap150,0.0001,101,v2,tradeable,23.988751,23.554068,0.434683,803743.53,4915623.24,1016,0,572399,13102,31.35,2026-09-28 07:28,e54b844c0d551a88,e54b844c0d551a88
midcap150,0.0001,101,v3,tradeable,28.184017,23.554068,4.629949,1105728.53,6289345.28,826,0,572399,13102,31.35,2026-09-28 07:28,e54b844c0d551a88,e54b844c0d551a88
midcap150,0.0001,101,v4,tradeable,26.97042,23.554068,3.416352,975167.55,5861507.67,1014,0,572399,13102,31.35,2026-09-28 07:28,e54b844c0d551a88,e54b844c0d551a88
midcap150,0.0001,202,v1,research,32.451721,23.554015,8.897706,1510902.7,8015760.82,848,0,572399,13120,30.971,2026-09-28 07:39,e54b844c0d551a88,e54b844c0d551a88
midcap150,0.0001,202,v2,research,22.189276,23.554015,-1.364739,711545.83,4411204.56,1002,0,572399,13120,30.971,2026-09-28 07:39,e54b844c0d551a88,e54b844c0d551a88
midcap150,0.0001,202,v3,research,30.365442,23.554015,6.811427,1278142.4,7126565.11,806,0,572399,13120,30.971,2026-09-28 07:39,e54b844c0d551a88,e54b844c0d551a88
midcap150,0.0001,202,v4,research,25.940834,23.554015,2.386819,905500.37,5518514.63,1000,0,572399,13120,30.971,2026-09-28 07:39,e54b844c0d551a88,e54b844c0d551a88
midcap150,0.0001,202,v1,tradeable,32.451721,23.554015,8.897706,1510902.7,8015760.82,848,0,572399,13120,30.971,2026-09-28 07:39,e54b844c0d551a88,e54b844c0d551a88
midcap150,0.0001,202,v2,tradeable,22.189276,23.554015,-1.364739,711545.83,4411204.56,1002,0,572399,13120,30.971,2026-09-28 07:39,e54b844c0d551a88,e54b844c0d551a88
midcap150,0.0001,202,v3,tradeable,30.365442,23.554015,6.811427,1278142.4,7126565.11,806,0,572399,13120,30.971,2026-09-28 07:39,e54b844c0d551a88,e54b844c0d551a88
midcap150,0.0001,202,v4,tradeable,25.940834,23.554015,2.386819,905500.37,5518514.63,1000,0,572399,13120,30.971,2026-09-28 07:39,e54b844c0d551a88,e54b844c0d551a88
midcap150,0.0001,303,v1,research,32.588013,23.55243,9.035583,1459838.48,8077047.71,848,0,572399,13183,31.288,2026-09-28 07:59,e54b844c0d551a88,e54b844c0d551a88
midcap150,0.0001,303,v2,research,22.393646,23.55243,-1.158784,703343.94,4466139.01,1026,0,572399,13183,31.288,2026-09-28 07:59,e54b844c0d551a88,e54b844c0d551a88
midcap150,0.0001,303,v3,research,33.514779,23.55243,9.962349,1490553.58,8504641.99,796,0,572399,13183,31.288,2026-09-28 07:59,e54b844c0d551a88,e54b844c0d551a88
midcap150,0.0001,303,v4,research,26.246237,23.55243,2.693807,917366.88,5618395.26,1022,0,572399,13183,31.288,2026-09-28 07:59,e54b844c0d551a88,e54b844c0d551a88
midcap150,0.0001,303,v1,tradeable,32.588013,23.55243,9.035583,1459838.48,8077047.71,848,0,572399,13183,31.288,2026-09-28 07:59,e54b844c0d551a88,e54b844c0d551a88
midcap150,0.0001,303,v2,tradeable,22.393646,23.55243,-1.158784,703343.94,4466139.01,1026,0,572399,13183,31.288,2026-09-28 07:59,e54b844c0d551a88,e54b844c0d551a88
midcap150,0.0001,303,v3,tradeable,33.514779,23.55243,9.962349,1490553.58,8504641.99,796,0,572399,13183,31.288,2026-09-28 07:59,e54b844c0d551a88,e54b844c0d551a88
midcap150,0.0001,303,v4,tradeable,26.246237,23.55243,2.693807,917366.88,5618395.26,1022,0,572399,13183,31.288,2026-09-28 07:59,e54b844c0d551a88,e54b844c0d551a88
midcap150,0.0001,404,v1,research,33.802607,23.55416,10.248447,1653247.88,8641363.37,848,0,572399,13131,30.998,2026-09-28 08:10,e54b844c0d551a88,e54b844c0d551a88
midcap150,0.0001,404,v2,research,24.157065,23.55416,0.602905,822023.37,4965257.54,1018,0,572399,13131,30.998,2026-09-28 08:10,e54b844c0d551a88,e54b844c0d551a88
midcap150,0.0001,404,v3,research,28.894403,23.55416,5.340244,1189105.14,6552106.11,802,0,572399,13131,30.998,2026-09-28 08:10,e54b844c0d551a88,e54b844c0d551a88
midcap150,0.0001,404,v4,research,27.794994,23.55416,4.240835,1034441.29,6149352.89,1020,0,572399,13131,30.998,2026-09-28 08:10,e54b844c0d551a88,e54b844c0d551a88
midcap150,0.0001,404,v1,tradeable,33.801684,23.55416,10.247524,1653256.63,8640922.1,848,1,572399,13131,30.998,2026-09-28 08:10,e54b844c0d551a88,e54b844c0d551a88
midcap150,0.0001,404,v2,tradeable,24.157065,23.55416,0.602905,822023.37,4965257.54,1018,0,572399,13131,30.998,2026-09-28 08:10,e54b844c0d551a88,e54b844c0d551a88
midcap150,0.0001,404,v3,tradeable,28.813791,23.55416,5.259631,1183244.64,6521819.19,802,1,572399,13131,30.998,2026-09-28 08:10,e54b844c0d551a88,e54b844c0d551a88
midcap150,0.0001,404,v4,tradeable,27.794994,23.55416,4.240835,1034441.29,6149352.89,1020,0,572399,13131,30.998,2026-09-28 08:10,e54b844c0d551a88,e54b844c0d551a88
midcap150,0.0001,505,v1,research,32.325437,23.553602,8.771835,1496245.02,7959334.01,822,0,572399,13155,31.029,2026-09-28 08:31,e54b844c0d551a88,e54b844c0d551a88
midcap150,0.0001,505,v2,research,25.225942,23.553602,1.67234,881662.11,5290697.71,1006,0,572399,13155,31.029,2026-09-28 08:31,e54b844c0d551a88,e54b844c0d551a88
midcap150,0.0001,505,v3,research,34.323946,23.553602,10.770344,1633730.36,8893850.68,804,0,572399,13155,31.029,2026-09-28 08:31,e54b844c0d551a88,e54b844c0d551a88
midcap150,0.0001,505,v4,research,27.72172,23.553602,4.168118,1019337.75,6123288.67,1000,0,572399,13155,31.029,2026-09-28 08:31,e54b844c0d551a88,e54b844c0d551a88
midcap150,0.0001,505,v1,tradeable,32.325437,23.553602,8.771835,1496245.02,7959334.01,822,0,572399,13155,31.029,2026-09-28 08:31,e54b844c0d551a88,e54b844c0d551a88
midcap150,0.0001,505,v2,tradeable,25.225942,23.553602,1.67234,881662.11,5290697.71,1006,0,572399,13155,31.029,2026-09-28 08:31,e54b844c0d551a88,e54b844c0d551a88
midcap150,0.0001,505,v3,tradeable,34.323946,23.553602,10.770344,1633730.36,8893850.68,804,0,572399,13155,31.029,2026-09-28 08:31,e54b844c0d551a88,e54b844c0d551a88
midcap150,0.0001,505,v4,tradeable,27.72172,23.553602,4.168118,1019337.75,6123288.67,1000,0,572399,13155,31.029,2026-09-28 08:31,e54b844c0d551a88,e54b844c0d551a88
midcap150,0.0001,606,v1,research,35.460362,23.554203,11.906159,1743953.5,9466433.97,854,0,572399,13173,31.102,2026-09-28 08:41,e54b844c0d551a88,e54b844c0d551a88
midcap150,0.0001,606,v2,research,23.157573,23.554203,-0.39663,730085.09,4676756.81,1012,0,572399,13173,31.102,2026-09-28 08:41,e54b844c0d551a88,e54b844c0d551a88
midcap150,0.0001,606,v3,research,33.318626,23.554203,9.764423,1502719.97,8412542.94,832,0,572399,13173,31.102,2026-09-28 08:41,e54b844c0d551a88,e54b844c0d551a88
midcap150,0.0001,606,v4,research,26.234874,23.554203,2.680671,897576.82,5614651.21,1014,0,572399,13173,31.102,2026-09-28 08:41,e54b844c0d551a88,e54b844c0d551a88
midcap150,0.0001,606,v1,tradeable,35.460362,23.554203,11.906159,1743953.5,9466433.97,854,0,572399,13173,31.102,2026-09-28 08:41,e54b844c0d551a88,e54b844c0d551a88
midcap150,0.0001,606,v2,tradeable,23.157573,23.554203,-0.39663,730085.09,4676756.81,1012,0,572399,13173,31.102,2026-09-28 08:41,e54b844c0d551a88,e54b844c0d551a88
midcap150,0.0001,606,v3,tradeable,33.318626,23.554203,9.764423,1502719.97,8412542.94,832,0,572399,13173,31.102,2026-09-28 08:41,e54b844c0d551a88,e54b844c0d551a88
midcap150,0.0001,606,v4,tradeable,26.234874,23.554203,2.680671,897576.82,5614651.21,1014,0,572399,13173,31.102,2026-09-28 08:41,e54b844c0d551a88,e54b844c0d551a88
midcap150,0.0001,707,v1,research,35.051003,23.55404,11.496963,1801721.58,9256610.14,838,0,572399,13132,32.066,2026-09-28 09:03,e54b844c0d551a88,e54b844c0d551a88
midcap150,0.0001,707,v2,research,25.343702,23.55404,1.789662,887587.17,5327655.0,1011,0,572399,13132,32.066,2026-09-28 09:03,e54b844c0d551a88,e54b844c0d551a88
midcap150,0.0001,707,v3,research,36.636419,23.55404,13.082379,1874314.6,10092293.57,792,0,572399,13132,32.066,2026-09-28 09:03,e54b844c0d551a88,e54b844c0d551a88
midcap150,0.0001,707,v4,research,29.719221,23.55404,6.165181,1149498.58,6869058.8,1009,0,572399,13132,32.066,2026-09-28 09:03,e54b844c0d551a88,e54b844c0d551a88
midcap150,0.0001,707,v1,tradeable,35.051003,23.55404,11.496963,1801721.58,9256610.14,838,0,572399,13132,32.066,2026-09-28 09:03,e54b844c0d551a88,e54b844c0d551a88
midcap150,0.0001,707,v2,tradeable,25.343702,23.55404,1.789662,887587.17,5327655.0,1011,0,572399,13132,32.066,2026-09-28 09:03,e54b844c0d551a88,e54b844c0d551a88
midcap150,0.0001,707,v3,tradeable,36.636419,23.55404,13.082379,1874314.6,10092293.57,792,0,572399,13132,32.066,2026-09-28 09:03,e54b844c0d551a88,e54b844c0d551a88
midcap150,0.0001,707,v4,tradeable,29.719221,23.55404,6.165181,1149498.58,6869058.8,1009,0,572399,13132,32.066,2026-09-28 09:03,e54b844c0d551a88,e54b844c0d551a88
midcap150,0.0001,808,v1,research,33.359329,23.55399,9.805339,1519359.68,8431582.68,860,0,572399,13097,32.228,2026-09-28 09:14,e54b844c0d551a88,e54b844c0d551a88
midcap150,0.0001,808,v2,research,24.219864,23.55399,0.665874,803631.34,4983887.39,1032,0,572399,13097,32.228,2026-09-28 09:14,e54b844c0d551a88,e54b844c0d551a88
midcap150,0.0001,808,v3,research,34.587437,23.55399,11.033447,1626853.26,9023869.97,812,0,572399,13097,32.228,2026-09-28 09:14,e54b844c0d551a88,e54b844c0d551a88
midcap150,0.0001,808,v4,research,27.054485,23.55399,3.500495,955747.37,5890309.76,1024,0,572399,13097,32.228,2026-09-28 09:14,e54b844c0d551a88,e54b844c0d551a88
midcap150,0.0001,808,v1,tradeable,33.359329,23.55399,9.805339,1519359.68,8431582.68,860,0,572399,13097,32.228,2026-09-28 09:14,e54b844c0d551a88,e54b844c0d551a88
midcap150,0.0001,808,v2,tradeable,24.219864,23.55399,0.665874,803631.34,4983887.39,1032,0,572399,13097,32.228,2026-09-28 09:14,e54b844c0d551a88,e54b844c0d551a88
midcap150,0.0001,808,v3,tradeable,34.587437,23.55399,11.033447,1626853.26,9023869.97,812,0,572399,13097,32.228,2026-09-28 09:14,e54b844c0d551a88,e54b844c0d551a88
midcap150,0.0001,808,v4,tradeable,27.054485,23.55399,3.500495,955747.37,5890309.76,1024,0,572399,13097,32.228,2026-09-28 09:14,e54b844c0d551a88,e54b844c0d551a88
midcap150,0.0001,909,v1,research,26.713476,23.554249,3.159227,989911.02,5774229.1,852,0,572399,13171,32.944,2026-09-28 09:36,e54b844c0d551a88,e54b844c0d551a88
midcap150,0.0001,909,v2,research,21.806424,23.554249,-1.747824,666253.26,4309865.59,1028,0,572399,13171,32.944,2026-09-28 09:36,e54b844c0d551a88,e54b844c0d551a88
midcap150,0.0001,909,v3,research,26.651043,23.554249,3.096794,1000842.43,5753192.36,814,0,572399,13171,32.944,2026-09-28 09:36,e54b844c0d551a88,e54b844c0d551a88
midcap150,0.0001,909,v4,research,24.59131,23.554249,1.037062,795665.4,5095319.88,1028,0,572399,13171,32.944,2026-09-28 09:36,e54b844c0d551a88,e54b844c0d551a88
midcap150,0.0001,909,v1,tradeable,26.713476,23.554249,3.159227,989911.02,5774229.1,852,0,572399,13171,32.944,2026-09-28 09:36,e54b844c0d551a88,e54b844c0d551a88
midcap150,0.0001,909,v2,tradeable,21.806424,23.554249,-1.747824,666253.26,4309865.59,1028,0,572399,13171,32.944,2026-09-28 09:36,e54b844c0d551a88,e54b844c0d551a88
midcap150,0.0001,909,v3,tradeable,26.651043,23.554249,3.096794,1000842.43,5753192.36,814,0,572399,13171,32.944,2026-09-28 09:36,e54b844c0d551a88,e54b844c0d551a88
midcap150,0.0001,909,v4,tradeable,24.59131,23.554249,1.037062,795665.4,5095319.88,1028,0,572399,13171,32.944,2026-09-28 09:36,e54b844c0d551a88,e54b844c0d551a88
midcap150,0.0001,1010,v1,research,32.064456,23.553904,8.510553,1432303.05,7843808.9,852,0,572399,13166,32.926,2026-09-28 09:47,e54b844c0d551a88,e54b844c0d551a88
midcap150,0.0001,1010,v2,research,23.009692,23.553904,-0.544211,741898.45,4635328.0,1026,0,572399,13166,32.926,2026-09-28 09:47,e54b844c0d551a88,e54b844c0d551a88
midcap150,0.0001,1010,v3,research,30.691474,23.553904,7.13757,1294938.69,7259621.38,806,0,572399,13166,32.926,2026-09-28 09:47,e54b844c0d551a88,e54b844c0d551a88
midcap150,0.0001,1010,v4,research,25.436132,23.553904,1.882229,866315.36,5356819.32,1024,0,572399,13166,32.926,2026-09-28 09:47,e54b844c0d551a88,e54b844c0d551a88
midcap150,0.0001,1010,v1,tradeable,32.064456,23.553904,8.510553,1432303.05,7843808.9,852,0,572399,13166,32.926,2026-09-28 09:47,e54b844c0d551a88,e54b844c0d551a88
midcap150,0.0001,1010,v2,tradeable,23.009692,23.553904,-0.544211,741898.45,4635328.0,1026,0,572399,13166,32.926,2026-09-28 09:47,e54b844c0d551a88,e54b844c0d551a88
midcap150,0.0001,1010,v3,tradeable,30.691474,23.553904,7.13757,1294938.69,7259621.38,806,0,572399,13166,32.926,2026-09-28 09:47,e54b844c0d551a88,e54b844c0d551a88
midcap150,0.0001,1010,v4,tradeable,25.436132,23.553904,1.882229,866315.36,5356819.32,1024,0,572399,13166,32.926,2026-09-28 09:47,e54b844c0d551a88,e54b844c0d551a88
smallcap250,0.0,0,v1,research,42.287933,26.597975,15.689958,2651120.29,13625276.28,897,0,811789,0,42.684,2026-09-28 07:08,e54b844c0d551a88,e54b844c0d551a88
smallcap250,0.0,0,v2,research,24.208673,26.597975,-2.389302,843456.36,4980562.98,1086,0,811789,0,42.684,2026-09-28 07:08,e54b844c0d551a88,e54b844c0d551a88
smallcap250,0.0,0,v3,research,41.549756,26.597975,14.951782,2697925.45,13110396.94,907,0,811789,0,42.684,2026-09-28 07:08,e54b844c0d551a88,e54b844c0d551a88
smallcap250,0.0,0,v4,research,25.872245,26.597975,-0.725729,973233.34,5496295.53,1092,0,811789,0,42.684,2026-09-28 07:08,e54b844c0d551a88,e54b844c0d551a88
smallcap250,0.0,0,v1,tradeable,41.32864,26.597975,14.730665,2526814.84,12959481.89,901,5,811789,0,42.684,2026-09-28 07:08,e54b844c0d551a88,e54b844c0d551a88
smallcap250,0.0,0,v2,tradeable,24.208673,26.597975,-2.389302,843456.36,4980562.98,1086,0,811789,0,42.684,2026-09-28 07:08,e54b844c0d551a88,e54b844c0d551a88
smallcap250,0.0,0,v3,tradeable,39.679661,26.597975,13.081687,2431780.79,11880638.71,914,4,811789,0,42.684,2026-09-28 07:08,e54b844c0d551a88,e54b844c0d551a88
smallcap250,0.0,0,v4,tradeable,25.872245,26.597975,-0.725729,973233.34,5496295.53,1092,0,811789,0,42.684,2026-09-28 07:08,e54b844c0d551a88,e54b844c0d551a88
smallcap250,0.0001,101,v1,research,39.586422,26.597514,12.988908,2317987.01,11822031.07,874,0,811789,26128,45.118,2026-09-28 10:21,e54b844c0d551a88,e54b844c0d551a88
smallcap250,0.0001,101,v2,research,26.764654,26.597514,0.16714,987844.46,5791522.96,1044,0,811789,26128,45.118,2026-09-28 10:21,e54b844c0d551a88,e54b844c0d551a88
smallcap250,0.0001,101,v3,research,45.298914,26.597514,18.701401,3226830.18,15910970.46,878,0,811789,26128,45.118,2026-09-28 10:21,e54b844c0d551a88,e54b844c0d551a88
smallcap250,0.0001,101,v4,research,27.652159,26.597514,1.054646,1098951.35,6098633.69,1046,0,811789,26128,45.118,2026-09-28 10:21,e54b844c0d551a88,e54b844c0d551a88
smallcap250,0.0001,101,v1,tradeable,38.799785,26.597514,12.202271,2218845.56,11337445.79,878,3,811789,26128,45.118,2026-09-28 10:21,e54b844c0d551a88,e54b844c0d551a88
smallcap250,0.0001,101,v2,tradeable,26.764654,26.597514,0.16714,987844.46,5791522.96,1044,0,811789,26128,45.118,2026-09-28 10:21,e54b844c0d551a88,e54b844c0d551a88
smallcap250,0.0001,101,v3,tradeable,44.556643,26.597514,17.959129,3110013.88,15318760.94,875,4,811789,26128,45.118,2026-09-28 10:21,e54b844c0d551a88,e54b844c0d551a88
smallcap250,0.0001,101,v4,tradeable,27.652159,26.597514,1.054646,1098951.35,6098633.69,1046,0,811789,26128,45.118,2026-09-28 10:21,e54b844c0d551a88,e54b844c0d551a88
smallcap250,0.0001,202,v1,research,36.74962,26.598078,10.151542,1933391.55,10154381.04,880,0,811789,26019,45.333,2026-09-28 10:32,e54b844c0d551a88,e54b844c0d551a88
smallcap250,0.0001,202,v2,research,23.485965,26.598078,-3.112113,787128.94,4769902.76,1045,0,811789,26019,45.333,2026-09-28 10:32,e54b844c0d551a88,e54b844c0d551a88
smallcap250,0.0001,202,v3,research,35.811926,26.598078,9.213848,1901485.42,9649905.14,856,0,811789,26019,45.333,2026-09-28 10:32,e54b844c0d551a88,e54b844c0d551a88
smallcap250,0.0001,202,v4,research,23.021725,26.598078,-3.576353,809063.89,4638687.1,1045,0,811789,26019,45.333,2026-09-28 10:32,e54b844c0d551a88,e54b844c0d551a88
smallcap250,0.0001,202,v1,tradeable,36.519735,26.598078,9.921657,1908969.37,10028640.03,882,3,811789,26019,45.333,2026-09-28 10:32,e54b844c0d551a88,e54b844c0d551a88
smallcap250,0.0001,202,v2,tradeable,23.485965,26.598078,-3.112113,787128.94,4769902.76,1045,0,811789,26019,45.333,2026-09-28 10:32,e54b844c0d551a88,e54b844c0d551a88
smallcap250,0.0001,202,v3,tradeable,35.74328,26.598078,9.145202,1893893.92,9613841.19,856,3,811789,26019,45.333,2026-09-28 10:32,e54b844c0d551a88,e54b844c0d551a88
smallcap250,0.0001,202,v4,tradeable,23.021725,26.598078,-3.576353,809063.89,4638687.1,1045,0,811789,26019,45.333,2026-09-28 10:32,e54b844c0d551a88,e54b844c0d551a88
smallcap250,0.0001,303,v1,research,35.720158,26.597801,9.122357,1805291.14,9601719.82,858,0,811789,26201,45.529,2026-09-28 11:07,e54b844c0d551a88,e54b844c0d551a88
smallcap250,0.0001,303,v2,research,23.258962,26.597801,-3.338839,789229.84,4705345.8,1053,0,811789,26201,45.529,2026-09-28 11:07,e54b844c0d551a88,e54b844c0d551a88
smallcap250,0.0001,303,v3,research,41.452773,26.597801,14.854972,2637654.11,13044018.61,872,0,811789,26201,45.529,2026-09-28 11:07,e54b844c0d551a88,e54b844c0d551a88
smallcap250,0.0001,303,v4,research,27.191166,26.597801,0.593365,1083971.35,5937399.87,1057,0,811789,26201,45.529,2026-09-28 11:07,e54b844c0d551a88,e54b844c0d551a88
smallcap250,0.0001,303,v1,tradeable,35.094995,26.597801,8.497194,1743359.68,9278964.27,860,3,811789,26201,45.529,2026-09-28 11:07,e54b844c0d551a88,e54b844c0d551a88
smallcap250,0.0001,303,v2,tradeable,23.258962,26.597801,-3.338839,789229.84,4705345.8,1053,0,811789,26201,45.529,2026-09-28 11:07,e54b844c0d551a88,e54b844c0d551a88
smallcap250,0.0001,303,v3,tradeable,40.146018,26.597801,13.548217,2454844.51,12177565.49,870,3,811789,26201,45.529,2026-09-28 11:07,e54b844c0d551a88,e54b844c0d551a88
smallcap250,0.0001,303,v4,tradeable,27.191166,26.597801,0.593365,1083971.35,5937399.87,1057,0,811789,26201,45.529,2026-09-28 11:07,e54b844c0d551a88,e54b844c0d551a88
smallcap250,0.0001,404,v1,research,39.072304,26.594736,12.477568,2257578.96,11503340.54,892,0,811789,26245,46.767,2026-09-28 11:19,e54b844c0d551a88,e54b844c0d551a88
smallcap250,0.0001,404,v2,research,26.25243,26.594736,-0.342305,975183.88,5620436.67,1070,0,811789,26245,46.767,2026-09-28 11:19,e54b844c0d551a88,e54b844c0d551a88
smallcap250,0.0001,404,v3,research,45.59259,26.594736,18.997854,3411874.43,16150683.75,864,0,811789,26245,46.767,2026-09-28 11:19,e54b844c0d551a88,e54b844c0d551a88
smallcap250,0.0001,404,v4,research,28.961979,26.594736,2.367243,1226971.66,6577588.81,1078,0,811789,26245,46.767,2026-09-28 11:19,e54b844c0d551a88,e54b844c0d551a88
smallcap250,0.0001,404,v1,tradeable,37.896217,26.594736,11.301482,2116994.48,10802116.79,894,4,811789,26245,46.767,2026-09-28 11:19,e54b844c0d551a88,e54b844c0d551a88
smallcap250,0.0001,404,v2,tradeable,26.25243,26.594736,-0.342305,975183.88,5620436.67,1070,0,811789,26245,46.767,2026-09-28 11:19,e54b844c0d551a88,e54b844c0d551a88
smallcap250,0.0001,404,v3,tradeable,44.926319,26.594736,18.331583,3294477.04,15611272.38,870,3,811789,26245,46.767,2026-09-28 11:19,e54b844c0d551a88,e54b844c0d551a88
smallcap250,0.0001,404,v4,tradeable,28.961979,26.594736,2.367243,1226971.66,6577588.81,1078,0,811789,26245,46.767,2026-09-28 11:19,e54b844c0d551a88,e54b844c0d551a88
smallcap250,0.0001,505,v1,research,33.378965,26.598042,6.780923,1595943.83,8440781.43,842,0,811789,26155,48.34,2026-09-28 11:55,e54b844c0d551a88,e54b844c0d551a88
smallcap250,0.0001,505,v2,research,24.649198,26.598042,-1.948845,844194.59,5112878.49,1048,0,811789,26155,48.34,2026-09-28 11:55,e54b844c0d551a88,e54b844c0d551a88
smallcap250,0.0001,505,v3,research,38.225556,26.598042,11.627513,2213744.74,10994647.37,836,0,811789,26155,48.34,2026-09-28 11:55,e54b844c0d551a88,e54b844c0d551a88
smallcap250,0.0001,505,v4,research,26.540825,26.598042,-0.057217,1004626.54,5716216.52,1048,0,811789,26155,48.34,2026-09-28 11:55,e54b844c0d551a88,e54b844c0d551a88
smallcap250,0.0001,505,v1,tradeable,32.677084,26.598042,6.079041,1531323.52,8117318.86,850,4,811789,26155,48.34,2026-09-28 11:55,e54b844c0d551a88,e54b844c0d551a88
smallcap250,0.0001,505,v2,tradeable,24.649198,26.598042,-1.948845,844194.59,5112878.49,1048,0,811789,26155,48.34,2026-09-28 11:55,e54b844c0d551a88,e54b844c0d551a88
smallcap250,0.0001,505,v3,tradeable,37.811852,26.598042,11.21381,2162493.23,10753268.96,838,3,811789,26155,48.34,2026-09-28 11:55,e54b844c0d551a88,e54b844c0d551a88
smallcap250,0.0001,505,v4,tradeable,26.540825,26.598042,-0.057217,1004626.54,5716216.52,1048,0,811789,26155,48.34,2026-09-28 11:55,e54b844c0d551a88,e54b844c0d551a88
smallcap250,0.0001,606,v1,research,32.118908,26.59794,5.520968,1481633.12,7867791.88,888,0,811789,26279,46.763,2026-09-28 12:06,e54b844c0d551a88,e54b844c0d551a88
smallcap250,0.0001,606,v2,research,23.69315,26.59794,-2.90479,797819.45,4829491.23,1048,0,811789,26279,46.763,2026-09-28 12:06,e54b844c0d551a88,e54b844c0d551a88
smallcap250,0.0001,606,v3,research,37.801387,26.59794,11.203447,2165085.44,10747222.73,874,0,811789,26279,46.763,2026-09-28 12:06,e54b844c0d551a88,e54b844c0d551a88
smallcap250,0.0001,606,v4,research,24.292784,26.59794,-2.305156,882000.0,5005595.03,1054,0,811789,26279,46.763,2026-09-28 12:06,e54b844c0d551a88,e54b844c0d551a88
smallcap250,0.0001,606,v1,tradeable,31.907543,26.59794,5.309604,1463320.05,7775050.75,888,4,811789,26279,46.763,2026-09-28 12:06,e54b844c0d551a88,e54b844c0d551a88
smallcap250,0.0001,606,v2,tradeable,23.69315,26.59794,-2.90479,797819.45,4829491.23,1048,0,811789,26279,46.763,2026-09-28 12:06,e54b844c0d551a88,e54b844c0d551a88
smallcap250,0.0001,606,v3,tradeable,37.471868,26.59794,10.873928,2124546.21,10558347.52,879,4,811789,26279,46.763,2026-09-28 12:06,e54b844c0d551a88,e54b844c0d551a88
smallcap250,0.0001,606,v4,tradeable,24.292784,26.59794,-2.305156,882000.0,5005595.03,1054,0,811789,26279,46.763,2026-09-28 12:06,e54b844c0d551a88,e54b844c0d551a88
smallcap250,0.0001,707,v1,research,36.741893,26.598186,10.143707,1944938.98,10150132.51,874,0,811789,26098,43.788,2026-09-28 12:39,e54b844c0d551a88,e54b844c0d551a88
smallcap250,0.0001,707,v2,research,26.88861,26.598186,0.290424,1038750.66,5833595.48,1061,0,811789,26098,43.788,2026-09-28 12:39,e54b844c0d551a88,e54b844c0d551a88
smallcap250,0.0001,707,v3,research,48.118729,26.598186,21.520544,3733239.58,18345016.78,864,0,811789,26098,43.788,2026-09-28 12:39,e54b844c0d551a88,e54b844c0d551a88
smallcap250,0.0001,707,v4,research,28.617631,26.598186,2.019445,1215342.07,6448624.95,1061,0,811789,26098,43.788,2026-09-28 12:39,e54b844c0d551a88,e54b844c0d551a88
smallcap250,0.0001,707,v1,tradeable,36.619734,26.598186,10.021548,1932057.88,10083170.24,874,5,811789,26098,43.788,2026-09-28 12:39,e54b844c0d551a88,e54b844c0d551a88
smallcap250,0.0001,707,v2,tradeable,26.88861,26.598186,0.290424,1038750.66,5833595.48,1061,0,811789,26098,43.788,2026-09-28 12:39,e54b844c0d551a88,e54b844c0d551a88
smallcap250,0.0001,707,v3,tradeable,47.443292,26.598186,20.845106,3616167.83,17734450.19,868,5,811789,26098,43.788,2026-09-28 12:39,e54b844c0d551a88,e54b844c0d551a88
smallcap250,0.0001,707,v4,tradeable,28.617631,26.598186,2.019445,1215342.07,6448624.95,1061,0,811789,26098,43.788,2026-09-28 12:39,e54b844c0d551a88,e54b844c0d551a88
smallcap250,0.0001,808,v1,research,34.371116,26.598193,7.772922,1639197.13,8917006.66,878,0,811789,26205,44.224,2026-09-28 12:50,e54b844c0d551a88,e54b844c0d551a88
smallcap250,0.0001,808,v2,research,23.679645,26.598193,-2.918548,774349.67,4825587.69,1072,0,811789,26205,44.224,2026-09-28 12:50,e54b844c0d551a88,e54b844c0d551a88
smallcap250,0.0001,808,v3,research,44.435223,26.598193,17.837029,3014984.2,15223725.62,862,0,811789,26205,44.224,2026-09-28 12:50,e54b844c0d551a88,e54b844c0d551a88
smallcap250,0.0001,808,v4,research,25.410589,26.598193,-1.187604,917397.01,5348746.05,1072,0,811789,26205,44.224,2026-09-28 12:50,e54b844c0d551a88,e54b844c0d551a88
smallcap250,0.0001,808,v1,tradeable,33.731293,26.598193,7.1331,1575499.59,8607312.84,874,4,811789,26205,44.224,2026-09-28 12:50,e54b844c0d551a88,e54b844c0d551a88
smallcap250,0.0001,808,v2,tradeable,23.679645,26.598193,-2.918548,774349.67,4825587.69,1072,0,811789,26205,44.224,2026-09-28 12:50,e54b844c0d551a88,e54b844c0d551a88
smallcap250,0.0001,808,v3,tradeable,43.970047,26.598193,17.371854,2941117.61,14864337.0,871,7,811789,26205,44.224,2026-09-28 12:50,e54b844c0d551a88,e54b844c0d551a88
smallcap250,0.0001,808,v4,tradeable,25.410589,26.598193,-1.187604,917397.01,5348746.05,1072,0,811789,26205,44.224,2026-09-28 12:50,e54b844c0d551a88,e54b844c0d551a88
smallcap250,0.0001,909,v1,research,37.359844,26.596783,10.763061,2074002.87,10494794.48,894,0,811789,26138,43.547,2026-09-28 13:22,e54b844c0d551a88,e54b844c0d551a88
smallcap250,0.0001,909,v2,research,25.406379,26.596783,-1.190405,948396.65,5347416.26,1066,0,811789,26138,43.547,2026-09-28 13:22,e54b844c0d551a88,e54b844c0d551a88
smallcap250,0.0001,909,v3,research,47.376315,26.596783,20.779531,3687166.17,17674875.11,854,0,811789,26138,43.547,2026-09-28 13:22,e54b844c0d551a88,e54b844c0d551a88
smallcap250,0.0001,909,v4,research,28.403236,26.596783,1.806453,1206342.13,6369440.74,1066,0,811789,26138,43.547,2026-09-28 13:22,e54b844c0d551a88,e54b844c0d551a88
smallcap250,0.0001,909,v1,tradeable,37.148458,26.596783,10.551674,2050092.35,10375772.25,896,3,811789,26138,43.547,2026-09-28 13:22,e54b844c0d551a88,e54b844c0d551a88
smallcap250,0.0001,909,v2,tradeable,25.406379,26.596783,-1.190405,948396.65,5347416.26,1066,0,811789,26138,43.547,2026-09-28 13:22,e54b844c0d551a88,e54b844c0d551a88
smallcap250,0.0001,909,v3,tradeable,46.241582,26.596783,19.644799,3489722.7,16691530.73,859,4,811789,26138,43.547,2026-09-28 13:22,e54b844c0d551a88,e54b844c0d551a88
smallcap250,0.0001,909,v4,tradeable,28.403236,26.596783,1.806453,1206342.13,6369440.74,1066,0,811789,26138,43.547,2026-09-28 13:22,e54b844c0d551a88,e54b844c0d551a88
smallcap250,0.0001,1010,v1,research,34.662396,26.59774,8.064656,1665039.64,9061157.9,884,0,811789,26129,43.429,2026-09-28 13:34,e54b844c0d551a88,e54b844c0d551a88
smallcap250,0.0001,1010,v2,research,21.906109,26.59774,-4.691631,689876.39,4336055.68,1054,0,811789,26129,43.429,2026-09-28 13:34,e54b844c0d551a88,e54b844c0d551a88
smallcap250,0.0001,1010,v3,research,35.764309,26.59774,9.166569,1834631.09,9624876.29,858,0,811789,26129,43.429,2026-09-28 13:34,e54b844c0d551a88,e54b844c0d551a88
smallcap250,0.0001,1010,v4,research,21.845693,26.59774,-4.752046,704862.14,4320166.38,1054,0,811789,26129,43.429,2026-09-28 13:34,e54b844c0d551a88,e54b844c0d551a88
smallcap250,0.0001,1010,v1,tradeable,34.350306,26.59774,7.752566,1634986.49,8906784.55,886,4,811789,26129,43.429,2026-09-28 13:34,e54b844c0d551a88,e54b844c0d551a88
smallcap250,0.0001,1010,v2,tradeable,21.906109,26.59774,-4.691631,689876.39,4336055.68,1054,0,811789,26129,43.429,2026-09-28 13:34,e54b844c0d551a88,e54b844c0d551a88
smallcap250,0.0001,1010,v3,tradeable,35.541853,26.59774,8.944113,1811073.26,9508691.12,866,2,811789,26129,43.429,2026-09-28 13:34,e54b844c0d551a88,e54b844c0d551a88
smallcap250,0.0001,1010,v4,tradeable,21.845693,26.59774,-4.752046,704862.14,4320166.38,1054,0,811789,26129,43.429,2026-09-28 13:34,e54b844c0d551a88,e54b844c0d551a88
nifty200,0.0,0,v1,research,40.424124,23.686263,16.737861,2295603.52,12357671.87,822,0,862468,0,36.278,2026-09-28 13:59,e54b844c0d551a88,e54b844c0d551a88
nifty200,0.0,0,v2,research,27.637069,23.686263,3.950805,1013644.96,6093296.31,991,0,862468,0,36.278,2026-09-28 13:59,e54b844c0d551a88,e54b844c0d551a88
nifty200,0.0,0,v3,research,41.879545,23.686263,18.193281,2469320.86,13338305.83,788,0,862468,0,36.278,2026-09-28 13:59,e54b844c0d551a88,e54b844c0d551a88
nifty200,0.0,0,v4,research,31.149716,23.686263,7.463452,1282963.5,7450263.7,989,0,862468,0,36.278,2026-09-28 13:59,e54b844c0d551a88,e54b844c0d551a88
nifty200,0.0,0,v1,tradeable,40.424124,23.686263,16.737861,2295603.52,12357671.87,822,0,862468,0,36.278,2026-09-28 13:59,e54b844c0d551a88,e54b844c0d551a88
nifty200,0.0,0,v2,tradeable,27.637069,23.686263,3.950805,1013644.96,6093296.31,991,0,862468,0,36.278,2026-09-28 13:59,e54b844c0d551a88,e54b844c0d551a88
nifty200,0.0,0,v3,tradeable,41.879545,23.686263,18.193281,2469320.86,13338305.83,788,0,862468,0,36.278,2026-09-28 13:59,e54b844c0d551a88,e54b844c0d551a88
nifty200,0.0,0,v4,tradeable,31.149716,23.686263,7.463452,1282963.5,7450263.7,989,0,862468,0,36.278,2026-09-28 13:59,e54b844c0d551a88,e54b844c0d551a88
nifty200,0.0001,101,v1,research,30.726948,23.686506,7.040442,1268890.15,7274227.56,807,0,862468,15845,49.824,2026-09-28 14:49,e54b844c0d551a88,e54b844c0d551a88
nifty200,0.0001,101,v2,research,23.557312,23.686506,-0.129194,755177.08,4790350.86,977,0,862468,15845,49.824,2026-09-28 14:49,e54b844c0d551a88,e54b844c0d551a88
nifty200,0.0001,101,v3,research,34.821185,23.686506,11.134679,1683841.05,9140586.02,763,0,862468,15845,49.824,2026-09-28 14:49,e54b844c0d551a88,e54b844c0d551a88
nifty200,0.0001,101,v4,research,25.905979,23.686506,2.219473,899215.46,5507213.85,969,0,862468,15845,49.824,2026-09-28 14:49,e54b844c0d551a88,e54b844c0d551a88
nifty200,0.0001,101,v1,tradeable,30.726948,23.686506,7.040442,1268890.15,7274227.56,807,0,862468,15845,49.824,2026-09-28 14:49,e54b844c0d551a88,e54b844c0d551a88
nifty200,0.0001,101,v2,tradeable,23.557312,23.686506,-0.129194,755177.08,4790350.86,977,0,862468,15845,49.824,2026-09-28 14:49,e54b844c0d551a88,e54b844c0d551a88
nifty200,0.0001,101,v3,tradeable,34.821185,23.686506,11.134679,1683841.05,9140586.02,763,0,862468,15845,49.824,2026-09-28 14:49,e54b844c0d551a88,e54b844c0d551a88
nifty200,0.0001,101,v4,tradeable,25.905979,23.686506,2.219473,899215.46,5507213.85,969,0,862468,15845,49.824,2026-09-28 14:49,e54b844c0d551a88,e54b844c0d551a88
nifty200,0.0001,202,v1,research,35.028318,23.686773,11.341545,1649859.38,9245101.21,822,0,862468,15902,49.717,2026-09-28 14:49,e54b844c0d551a88,e54b844c0d551a88
nifty200,0.0001,202,v2,research,25.820112,23.686773,2.133339,885208.32,5479458.73,1000,0,862468,15902,49.717,2026-09-28 14:49,e54b844c0d551a88,e54b844c0d551a88
nifty200,0.0001,202,v3,research,39.279052,23.686773,15.592279,2100442.37,11630594.19,794,0,862468,15902,49.717,2026-09-28 14:49,e54b844c0d551a88,e54b844c0d551a88
nifty200,0.0001,202,v4,research,29.082942,23.686773,5.39617,1117594.67,6623417.79,1002,0,862468,15902,49.717,2026-09-28 14:49,e54b844c0d551a88,e54b844c0d551a88
nifty200,0.0001,202,v1,tradeable,35.028318,23.686773,11.341545,1649859.38,9245101.21,822,0,862468,15902,49.717,2026-09-28 14:49,e54b844c0d551a88,e54b844c0d551a88
nifty200,0.0001,202,v2,tradeable,25.820112,23.686773,2.133339,885208.32,5479458.73,1000,0,862468,15902,49.717,2026-09-28 14:49,e54b844c0d551a88,e54b844c0d551a88
nifty200,0.0001,202,v3,tradeable,39.279052,23.686773,15.592279,2100442.37,11630594.19,794,0,862468,15902,49.717,2026-09-28 14:49,e54b844c0d551a88,e54b844c0d551a88
nifty200,0.0001,202,v4,tradeable,29.082942,23.686773,5.39617,1117594.67,6623417.79,1002,0,862468,15902,49.717,2026-09-28 14:49,e54b844c0d551a88,e54b844c0d551a88
nifty200,0.0001,303,v1,research,33.890823,23.686276,10.204547,1571626.17,8683645.9,828,0,862468,15877,49.992,2026-09-28 15:39,e54b844c0d551a88,e54b844c0d551a88
nifty200,0.0001,303,v2,research,26.91271,23.686276,3.226434,971455.32,5841806.31,1003,0,862468,15877,49.992,2026-09-28 15:39,e54b844c0d551a88,e54b844c0d551a88
nifty200,0.0001,303,v3,research,31.206702,23.686276,7.520426,1361804.04,7474271.65,794,0,862468,15877,49.992,2026-09-28 15:39,e54b844c0d551a88,e54b844c0d551a88
nifty200,0.0001,303,v4,research,28.584837,23.686276,4.898561,1097473.64,6436458.27,991,0,862468,15877,49.992,2026-09-28 15:39,e54b844c0d551a88,e54b844c0d551a88
nifty200,0.0001,303,v1,tradeable,33.890823,23.686276,10.204547,1571626.17,8683645.9,828,0,862468,15877,49.992,2026-09-28 15:39,e54b844c0d551a88,e54b844c0d551a88
nifty200,0.0001,303,v2,tradeable,26.91271,23.686276,3.226434,971455.32,5841806.31,1003,0,862468,15877,49.992,2026-09-28 15:39,e54b844c0d551a88,e54b844c0d551a88
nifty200,0.0001,303,v3,tradeable,31.206702,23.686276,7.520426,1361804.04,7474271.65,794,0,862468,15877,49.992,2026-09-28 15:39,e54b844c0d551a88,e54b844c0d551a88
nifty200,0.0001,303,v4,tradeable,28.584837,23.686276,4.898561,1097473.64,6436458.27,991,0,862468,15877,49.992,2026-09-28 15:39,e54b844c0d551a88,e54b844c0d551a88
nifty200,0.0001,404,v1,research,33.96723,23.68638,10.28085,1691253.35,8720412.82,807,0,862468,15786,49.926,2026-09-28 15:39,e54b844c0d551a88,e54b844c0d551a88
nifty200,0.0001,404,v2,research,22.141088,23.68638,-1.545292,735487.21,4398336.99,970,0,862468,15786,49.926,2026-09-28 15:39,e54b844c0d551a88,e54b844c0d551a88
nifty200,0.0001,404,v3,research,29.585683,23.68638,5.899303,1337605.47,6816862.22,788,0,862468,15786,49.926,2026-09-28 15:39,e54b844c0d551a88,e54b844c0d551a88
nifty200,0.0001,404,v4,research,23.766217,23.68638,0.079837,834883.41,4850659.1,970,0,862468,15786,49.926,2026-09-28 15:39,e54b844c0d551a88,e54b844c0d551a88
nifty200,0.0001,404,v1,tradeable,33.96723,23.68638,10.28085,1691253.35,8720412.82,807,0,862468,15786,49.926,2026-09-28 15:39,e54b844c0d551a88,e54b844c0d551a88
nifty200,0.0001,404,v2,tradeable,22.141088,23.68638,-1.545292,735487.21,4398336.99,970,0,862468,15786,49.926,2026-09-28 15:39,e54b844c0d551a88,e54b844c0d551a88
nifty200,0.0001,404,v3,tradeable,29.585683,23.68638,5.899303,1337605.47,6816862.22,788,0,862468,15786,49.926,2026-09-28 15:39,e54b844c0d551a88,e54b844c0d551a88
nifty200,0.0001,404,v4,tradeable,23.766217,23.68638,0.079837,834883.41,4850659.1,970,0,862468,15786,49.926,2026-09-28 15:39,e54b844c0d551a88,e54b844c0d551a88
nifty200,0.0001,505,v1,research,33.652149,23.686546,9.965603,1626337.95,8569658.83,830,0,862468,15837,49.712,2026-09-28 16:28,e54b844c0d551a88,e54b844c0d551a88
nifty200,0.0001,505,v2,research,21.418875,23.686546,-2.267671,692350.43,4209340.45,999,0,862468,15837,49.712,2026-09-28 16:28,e54b844c0d551a88,e54b844c0d551a88
nifty200,0.0001,505,v3,research,30.20701,23.686546,6.520464,1377460.05,7062672.97,791,0,862468,15837,49.712,2026-09-28 16:28,e54b844c0d551a88,e54b844c0d551a88
nifty200,0.0001,505,v4,research,24.283573,23.686546,0.597027,877712.22,5002848.53,995,0,862468,15837,49.712,2026-09-28 16:28,e54b844c0d551a88,e54b844c0d551a88
nifty200,0.0001,505,v1,tradeable,33.652149,23.686546,9.965603,1626337.95,8569658.83,830,0,862468,15837,49.712,2026-09-28 16:28,e54b844c0d551a88,e54b844c0d551a88
nifty200,0.0001,505,v2,tradeable,21.418875,23.686546,-2.267671,692350.43,4209340.45,999,0,862468,15837,49.712,2026-09-28 16:28,e54b844c0d551a88,e54b844c0d551a88
nifty200,0.0001,505,v3,tradeable,30.20701,23.686546,6.520464,1377460.05,7062672.97,791,0,862468,15837,49.712,2026-09-28 16:28,e54b844c0d551a88,e54b844c0d551a88
nifty200,0.0001,505,v4,tradeable,24.283573,23.686546,0.597027,877712.22,5002848.53,995,0,862468,15837,49.712,2026-09-28 16:28,e54b844c0d551a88,e54b844c0d551a88
nifty200,0.0001,606,v1,research,29.736493,23.686078,6.050416,1169701.09,6875835.45,780,0,862468,15800,49.543,2026-09-28 16:28,e54b844c0d551a88,e54b844c0d551a88
nifty200,0.0001,606,v2,research,22.913014,23.686078,-0.773064,727453.89,4608415.47,978,0,862468,15800,49.543,2026-09-28 16:28,e54b844c0d551a88,e54b844c0d551a88
nifty200,0.0001,606,v3,research,34.826605,23.686078,11.140528,1670791.99,9143307.92,784,0,862468,15800,49.543,2026-09-28 16:28,e54b844c0d551a88,e54b844c0d551a88
nifty200,0.0001,606,v4,research,24.606164,23.686078,0.920086,841429.83,5099820.29,978,0,862468,15800,49.543,2026-09-28 16:28,e54b844c0d551a88,e54b844c0d551a88
nifty200,0.0001,606,v1,tradeable,29.736493,23.686078,6.050416,1169701.09,6875835.45,780,0,862468,15800,49.543,2026-09-28 16:28,e54b844c0d551a88,e54b844c0d551a88
nifty200,0.0001,606,v2,tradeable,22.913014,23.686078,-0.773064,727453.89,4608415.47,978,0,862468,15800,49.543,2026-09-28 16:28,e54b844c0d551a88,e54b844c0d551a88
nifty200,0.0001,606,v3,tradeable,34.826605,23.686078,11.140528,1670791.99,9143307.92,784,0,862468,15800,49.543,2026-09-28 16:28,e54b844c0d551a88,e54b844c0d551a88
nifty200,0.0001,606,v4,tradeable,24.606164,23.686078,0.920086,841429.83,5099820.29,978,0,862468,15800,49.543,2026-09-28 16:28,e54b844c0d551a88,e54b844c0d551a88
nifty200,0.0001,707,v1,research,31.528394,23.686407,7.841987,1439572.24,7611057.92,842,0,862468,15869,49.091,2026-09-28 17:17,e54b844c0d551a88,e54b844c0d551a88
nifty200,0.0001,707,v2,research,23.973711,23.686407,0.287304,854373.64,4911209.14,1000,0,862468,15869,49.091,2026-09-28 17:17,e54b844c0d551a88,e54b844c0d551a88
nifty200,0.0001,707,v3,research,36.13185,23.686407,12.445443,1941762.07,9819529.05,802,0,862468,15869,49.091,2026-09-28 17:17,e54b844c0d551a88,e54b844c0d551a88
nifty200,0.0001,707,v4,research,23.235215,23.686407,-0.451192,838877.6,4698636.14,996,0,862468,15869,49.091,2026-09-28 17:17,e54b844c0d551a88,e54b844c0d551a88
nifty200,0.0001,707,v1,tradeable,31.528394,23.686407,7.841987,1439572.24,7611057.92,842,0,862468,15869,49.091,2026-09-28 17:17,e54b844c0d551a88,e54b844c0d551a88
nifty200,0.0001,707,v2,tradeable,23.973711,23.686407,0.287304,854373.64,4911209.14,1000,0,862468,15869,49.091,2026-09-28 17:17,e54b844c0d551a88,e54b844c0d551a88
nifty200,0.0001,707,v3,tradeable,36.13185,23.686407,12.445443,1941762.07,9819529.05,802,0,862468,15869,49.091,2026-09-28 17:17,e54b844c0d551a88,e54b844c0d551a88
nifty200,0.0001,707,v4,tradeable,23.235215,23.686407,-0.451192,838877.6,4698636.14,996,0,862468,15869,49.091,2026-09-28 17:17,e54b844c0d551a88,e54b844c0d551a88
nifty200,0.0001,808,v1,research,30.470442,23.68625,6.784192,1359405.2,7169184.11,818,0,862468,15838,49.683,2026-09-28 17:18,e54b844c0d551a88,e54b844c0d551a88
nifty200,0.0001,808,v2,research,23.410295,23.68625,-0.275955,812774.7,4748298.53,982,0,862468,15838,49.683,2026-09-28 17:18,e54b844c0d551a88,e54b844c0d551a88
nifty200,0.0001,808,v3,research,31.343809,23.68625,7.657559,1480966.02,7532308.34,804,0,862468,15838,49.683,2026-09-28 17:18,e54b844c0d551a88,e54b844c0d551a88
nifty200,0.0001,808,v4,research,25.981823,23.68625,2.295573,981567.23,5531829.89,980,0,862468,15838,49.683,2026-09-28 17:18,e54b844c0d551a88,e54b844c0d551a88
nifty200,0.0001,808,v1,tradeable,30.470442,23.68625,6.784192,1359405.2,7169184.11,818,0,862468,15838,49.683,2026-09-28 17:18,e54b844c0d551a88,e54b844c0d551a88
nifty200,0.0001,808,v2,tradeable,23.410295,23.68625,-0.275955,812774.7,4748298.53,982,0,862468,15838,49.683,2026-09-28 17:18,e54b844c0d551a88,e54b844c0d551a88
nifty200,0.0001,808,v3,tradeable,31.343809,23.68625,7.657559,1480966.02,7532308.34,804,0,862468,15838,49.683,2026-09-28 17:18,e54b844c0d551a88,e54b844c0d551a88
nifty200,0.0001,808,v4,tradeable,25.981823,23.68625,2.295573,981567.23,5531829.89,980,0,862468,15838,49.683,2026-09-28 17:18,e54b844c0d551a88,e54b844c0d551a88
nifty200,0.0001,909,v1,research,34.171819,23.686049,10.48577,1544170.13,8819523.92,816,0,862468,15818,51.949,2026-09-28 18:09,e54b844c0d551a88,e54b844c0d551a88
nifty200,0.0001,909,v2,research,25.587954,23.686049,1.901905,870692.98,5405022.75,992,0,862468,15818,51.949,2026-09-28 18:09,e54b844c0d551a88,e54b844c0d551a88
nifty200,0.0001,909,v3,research,30.519677,23.686049,6.833628,1255449.48,7189244.25,778,0,862468,15818,51.949,2026-09-28 18:09,e54b844c0d551a88,e54b844c0d551a88
nifty200,0.0001,909,v4,research,26.801835,23.686049,3.115786,950969.49,5804115.06,988,0,862468,15818,51.949,2026-09-28 18:09,e54b844c0d551a88,e54b844c0d551a88
nifty200,0.0001,909,v1,tradeable,34.171819,23.686049,10.48577,1544170.13,8819523.92,816,0,862468,15818,51.949,2026-09-28 18:09,e54b844c0d551a88,e54b844c0d551a88
nifty200,0.0001,909,v2,tradeable,25.587954,23.686049,1.901905,870692.98,5405022.75,992,0,862468,15818,51.949,2026-09-28 18:09,e54b844c0d551a88,e54b844c0d551a88
nifty200,0.0001,909,v3,tradeable,30.519677,23.686049,6.833628,1255449.48,7189244.25,778,0,862468,15818,51.949,2026-09-28 18:09,e54b844c0d551a88,e54b844c0d551a88
nifty200,0.0001,909,v4,tradeable,26.801835,23.686049,3.115786,950969.49,5804115.06,988,0,862468,15818,51.949,2026-09-28 18:09,e54b844c0d551a88,e54b844c0d551a88
nifty200,0.0001,1010,v1,research,30.469787,23.686397,6.783389,1380970.35,7168917.46,824,0,862468,15844,52.157,2026-09-28 18:10,e54b844c0d551a88,e54b844c0d551a88
nifty200,0.0001,1010,v2,research,24.390602,23.686397,0.704205,882594.31,5034843.52,1009,0,862468,15844,52.157,2026-09-28 18:10,e54b844c0d551a88,e54b844c0d551a88
nifty200,0.0001,1010,v3,research,31.403265,23.686397,7.716868,1479183.78,7557596.71,796,0,862468,15844,52.157,2026-09-28 18:10,e54b844c0d551a88,e54b844c0d551a88
nifty200,0.0001,1010,v4,research,27.40517,23.686397,3.718773,1096176.52,6011783.84,1005,0,862468,15844,52.157,2026-09-28 18:10,e54b844c0d551a88,e54b844c0d551a88
nifty200,0.0001,1010,v1,tradeable,30.469787,23.686397,6.783389,1380970.35,7168917.46,824,0,862468,15844,52.157,2026-09-28 18:10,e54b844c0d551a88,e54b844c0d551a88
nifty200,0.0001,1010,v2,tradeable,24.390602,23.686397,0.704205,882594.31,5034843.52,1009,0,862468,15844,52.157,2026-09-28 18:10,e54b844c0d551a88,e54b844c0d551a88
nifty200,0.0001,1010,v3,tradeable,31.403265,23.686397,7.716868,1479183.78,7557596.71,796,0,862468,15844,52.157,2026-09-28 18:10,e54b844c0d551a88,e54b844c0d551a88
nifty200,0.0001,1010,v4,tradeable,27.40517,23.686397,3.718773,1096176.52,6011783.84,1005,0,862468,15844,52.157,2026-09-28 18:10,e54b844c0d551a88,e54b844c0d551a88
nifty500,0.0,0,v1,research,29.609249,24.429267,5.179982,1270838.1,6826048.61,946,0,1857499,0,70.666,2026-09-28 19:21,e54b844c0d551a88,e54b844c0d551a88
nifty500,0.0,0,v2,research,23.10382,24.429267,-1.325447,772466.07,4661661.07,1116,0,1857499,0,70.666,2026-09-28 19:21,e54b844c0d551a88,e54b844c0d551a88
nifty500,0.0,0,v3,research,36.89971,24.429267,12.470443,2045871.89,10237210.49,937,0,1857499,0,70.666,2026-09-28 19:21,e54b844c0d551a88,e54b844c0d551a88
nifty500,0.0,0,v4,research,26.425911,24.429267,1.996644,967224.28,5677884.26,1118,0,1857499,0,70.666,2026-09-28 19:21,e54b844c0d551a88,e54b844c0d551a88
nifty500,0.0,0,v1,tradeable,28.631375,24.429267,4.202107,1199959.51,6453730.04,949,3,1857499,0,70.666,2026-09-28 19:21,e54b844c0d551a88,e54b844c0d551a88
nifty500,0.0,0,v2,tradeable,23.066254,24.429267,-1.363013,770613.71,4651136.31,1117,1,1857499,0,70.666,2026-09-28 19:21,e54b844c0d551a88,e54b844c0d551a88
nifty500,0.0,0,v3,tradeable,36.870982,24.429267,12.441715,2042574.97,10221311.14,939,1,1857499,0,70.666,2026-09-28 19:21,e54b844c0d551a88,e54b844c0d551a88
nifty500,0.0,0,v4,tradeable,26.425911,24.429267,1.996644,967224.28,5677884.26,1118,0,1857499,0,70.666,2026-09-28 19:21,e54b844c0d551a88,e54b844c0d551a88
nifty500,0.0001,101,v1,research,38.373947,24.429312,13.944636,2196086.19,11082362.09,910,0,1857499,45487,104.169,2026-09-28 21:05,e54b844c0d551a88,e54b844c0d551a88
nifty500,0.0001,101,v2,research,27.391518,24.429312,2.962207,1043897.58,6007014.69,1073,0,1857499,45487,104.169,2026-09-28 21:05,e54b844c0d551a88,e54b844c0d551a88
nifty500,0.0001,101,v3,research,45.455856,24.429312,21.026544,3056187.91,16038688.46,888,0,1857499,45487,104.169,2026-09-28 21:05,e54b844c0d551a88,e54b844c0d551a88
nifty500,0.0001,101,v4,research,31.817618,24.429312,7.388306,1418679.83,7735881.34,1069,0,1857499,45487,104.169,2026-09-28 21:05,e54b844c0d551a88,e54b844c0d551a88
nifty500,0.0001,101,v1,tradeable,38.367834,24.429312,13.938522,2195826.81,11078736.73,908,3,1857499,45487,104.169,2026-09-28 21:05,e54b844c0d551a88,e54b844c0d551a88
nifty500,0.0001,101,v2,tradeable,27.391518,24.429312,2.962207,1043897.58,6007014.69,1073,0,1857499,45487,104.169,2026-09-28 21:05,e54b844c0d551a88,e54b844c0d551a88
nifty500,0.0001,101,v3,tradeable,45.190045,24.429312,20.760734,3013305.76,15822891.22,890,5,1857499,45487,104.169,2026-09-28 21:05,e54b844c0d551a88,e54b844c0d551a88
nifty500,0.0001,101,v4,tradeable,31.817618,24.429312,7.388306,1418679.83,7735881.34,1069,0,1857499,45487,104.169,2026-09-28 21:05,e54b844c0d551a88,e54b844c0d551a88
nifty500,0.0001,202,v1,research,35.318339,24.429307,10.889031,1773062.0,9393176.32,912,0,1857499,45503,105.614,2026-09-28 21:07,e54b844c0d551a88,e54b844c0d551a88
nifty500,0.0001,202,v2,research,26.888289,24.429307,2.458982,1007260.05,5833486.31,1107,0,1857499,45503,105.614,2026-09-28 21:07,e54b844c0d551a88,e54b844c0d551a88
nifty500,0.0001,202,v3,research,44.135434,24.429307,19.706126,2932312.4,14991262.38,901,0,1857499,45503,105.614,2026-09-28 21:07,e54b844c0d551a88,e54b844c0d551a88
nifty500,0.0001,202,v4,research,31.763628,24.429307,7.33432,1339292.56,7712446.86,1103,0,1857499,45503,105.614,2026-09-28 21:07,e54b844c0d551a88,e54b844c0d551a88
nifty500,0.0001,202,v1,tradeable,34.936651,24.429307,10.507344,1734730.14,9198721.14,913,5,1857499,45503,105.614,2026-09-28 21:07,e54b844c0d551a88,e54b844c0d551a88
nifty500,0.0001,202,v2,tradeable,26.888289,24.429307,2.458982,1007260.05,5833486.31,1107,0,1857499,45503,105.614,2026-09-28 21:07,e54b844c0d551a88,e54b844c0d551a88
nifty500,0.0001,202,v3,tradeable,45.984619,24.429307,21.555311,3234522.69,16475542.07,907,10,1857499,45503,105.614,2026-09-28 21:07,e54b844c0d551a88,e54b844c0d551a88
nifty500,0.0001,202,v4,tradeable,31.763628,24.429307,7.33432,1339292.56,7712446.86,1103,0,1857499,45503,105.614,2026-09-28 21:07,e54b844c0d551a88,e54b844c0d551a88
nifty500,0.0001,303,v1,research,31.878848,24.429267,7.449581,1481865.03,7762533.21,938,0,1857499,45495,110.147,2026-09-28 22:55,e54b844c0d551a88,e54b844c0d551a88
nifty500,0.0001,303,v2,research,24.23841,24.429267,-0.190857,855522.56,4989400.61,1109,0,1857499,45495,110.147,2026-09-28 22:55,e54b844c0d551a88,e54b844c0d551a88
nifty500,0.0001,303,v3,research,40.232251,24.429267,15.802984,2439650.38,12233166.86,932,0,1857499,45495,110.147,2026-09-28 22:55,e54b844c0d551a88,e54b844c0d551a88
nifty500,0.0001,303,v4,research,27.647698,24.429267,3.218431,1114376.99,6097055.36,1105,0,1857499,45495,110.147,2026-09-28 22:55,e54b844c0d551a88,e54b844c0d551a88
nifty500,0.0001,303,v1,tradeable,31.554082,24.429267,7.124815,1454858.81,7622073.31,935,4,1857499,45495,110.147,2026-09-28 22:55,e54b844c0d551a88,e54b844c0d551a88
nifty500,0.0001,303,v2,tradeable,24.23841,24.429267,-0.190857,855522.56,4989400.61,1109,0,1857499,45495,110.147,2026-09-28 22:55,e54b844c0d551a88,e54b844c0d551a88
nifty500,0.0001,303,v3,tradeable,39.71197,24.429267,15.282703,2369001.32,11901005.4,930,3,1857499,45495,110.147,2026-09-28 22:55,e54b844c0d551a88,e54b844c0d551a88
nifty500,0.0001,303,v4,tradeable,27.647698,24.429267,3.218431,1114376.99,6097055.36,1105,0,1857499,45495,110.147,2026-09-28 22:55,e54b844c0d551a88,e54b844c0d551a88
nifty500,0.0001,404,v1,research,37.485984,24.429397,13.056586,2226130.55,10566379.06,916,0,1857499,45432,109.702,2026-09-28 22:56,e54b844c0d551a88,e54b844c0d551a88
nifty500,0.0001,404,v2,research,28.827531,24.429397,4.398133,1190105.82,6526972.77,1093,0,1857499,45432,109.702,2026-09-28 22:56,e54b844c0d551a88,e54b844c0d551a88
nifty500,0.0001,404,v3,research,36.751001,24.429397,12.321604,2137452.4,10155140.9,879,0,1857499,45432,109.702,2026-09-28 22:56,e54b844c0d551a88,e54b844c0d551a88
nifty500,0.0001,404,v4,research,30.451815,24.429397,6.022417,1360226.9,7161607.29,1085,0,1857499,45432,109.702,2026-09-28 22:56,e54b844c0d551a88,e54b844c0d551a88
nifty500,0.0001,404,v1,tradeable,36.552071,24.429397,12.122673,2111089.19,10046245.04,911,4,1857499,45432,109.702,2026-09-28 22:56,e54b844c0d551a88,e54b844c0d551a88
nifty500,0.0001,404,v2,tradeable,28.827531,24.429397,4.398133,1190105.82,6526972.77,1093,0,1857499,45432,109.702,2026-09-28 22:56,e54b844c0d551a88,e54b844c0d551a88
nifty500,0.0001,404,v3,tradeable,36.762321,24.429397,12.332923,2138939.25,10161367.68,880,2,1857499,45432,109.702,2026-09-28 22:56,e54b844c0d551a88,e54b844c0d551a88
nifty500,0.0001,404,v4,tradeable,30.451815,24.429397,6.022417,1360226.9,7161607.29,1085,0,1857499,45432,109.702,2026-09-28 22:56,e54b844c0d551a88,e54b844c0d551a88
nifty500,0.0001,505,v1,research,37.307584,24.429167,12.878418,2122372.15,10465259.89,930,0,1857499,45356,115.913,2026-09-29 00:51,e54b844c0d551a88,e54b844c0d551a88
nifty500,0.0001,505,v2,research,28.996529,24.429167,4.567362,1184810.63,6590650.43,1108,0,1857499,45356,115.913,2026-09-29 00:51,e54b844c0d551a88,e54b844c0d551a88
nifty500,0.0001,505,v3,research,44.78733,24.429167,20.358164,3291235.93,15500734.06,910,0,1857499,45356,115.913,2026-09-29 00:51,e54b844c0d551a88,e54b844c0d551a88
nifty500,0.0001,505,v4,research,31.705323,24.429167,7.276156,1451495.01,7687208.45,1106,0,1857499,45356,115.913,2026-09-29 00:51,e54b844c0d551a88,e54b844c0d551a88
nifty500,0.0001,505,v1,tradeable,37.36958,24.429167,12.940414,2131009.56,10500304.87,928,3,1857499,45356,115.913,2026-09-29 00:51,e54b844c0d551a88,e54b844c0d551a88
nifty500,0.0001,505,v2,tradeable,28.996529,24.429167,4.567362,1184810.63,6590650.43,1108,0,1857499,45356,115.913,2026-09-29 00:51,e54b844c0d551a88,e54b844c0d551a88
nifty500,0.0001,505,v3,tradeable,44.36238,24.429167,19.933213,3217431.53,15166956.74,908,3,1857499,45356,115.913,2026-09-29 00:51,e54b844c0d551a88,e54b844c0d551a88
nifty500,0.0001,505,v4,tradeable,31.705323,24.429167,7.276156,1451495.01,7687208.45,1106,0,1857499,45356,115.913,2026-09-29 00:51,e54b844c0d551a88,e54b844c0d551a88
nifty500,0.0001,606,v1,research,37.082819,24.429382,12.653437,2047068.68,10339052.19,926,0,1857499,45400,114.781,2026-09-29 00:51,e54b844c0d551a88,e54b844c0d551a88
nifty500,0.0001,606,v2,research,29.377714,24.429382,4.948333,1123867.29,6736255.59,1110,0,1857499,45400,114.781,2026-09-29 00:51,e54b844c0d551a88,e54b844c0d551a88
nifty500,0.0001,606,v3,research,40.846664,24.429382,16.417282,2454547.77,12635724.78,898,0,1857499,45400,114.781,2026-09-29 00:51,e54b844c0d551a88,e54b844c0d551a88
nifty500,0.0001,606,v4,research,31.239701,24.429382,6.810319,1302721.12,7488204.42,1108,0,1857499,45400,114.781,2026-09-29 00:51,e54b844c0d551a88,e54b844c0d551a88
nifty500,0.0001,606,v1,tradeable,37.589817,24.429382,13.160435,2088221.07,10625621.38,924,4,1857499,45400,114.781,2026-09-29 00:51,e54b844c0d551a88,e54b844c0d551a88
nifty500,0.0001,606,v2,tradeable,29.377714,24.429382,4.948333,1123867.29,6736255.59,1110,0,1857499,45400,114.781,2026-09-29 00:51,e54b844c0d551a88,e54b844c0d551a88
nifty500,0.0001,606,v3,tradeable,40.630609,24.429382,16.201227,2424929.79,12492880.58,898,4,1857499,45400,114.781,2026-09-29 00:51,e54b844c0d551a88,e54b844c0d551a88
nifty500,0.0001,606,v4,tradeable,31.239701,24.429382,6.810319,1302721.12,7488204.42,1108,0,1857499,45400,114.781,2026-09-29 00:51,e54b844c0d551a88,e54b844c0d551a88
nifty500,0.0001,707,v1,research,37.223862,24.431446,12.792416,1950373.07,10418094.33,912,0,1857499,45355,112.398,2026-09-29 02:44,e54b844c0d551a88,e54b844c0d551a88
nifty500,0.0001,707,v2,research,25.8165,24.431446,1.385054,904747.1,5478293.93,1086,0,1857499,45355,112.398,2026-09-29 02:44,e54b844c0d551a88,e54b844c0d551a88
nifty500,0.0001,707,v3,research,40.68082,24.431446,16.249374,2377681.41,12525952.39,872,0,1857499,45355,112.398,2026-09-29 02:44,e54b844c0d551a88,e54b844c0d551a88
nifty500,0.0001,707,v4,research,32.945313,24.431446,8.513868,1439426.65,8239643.48,1082,0,1857499,45355,112.398,2026-09-29 02:44,e54b844c0d551a88,e54b844c0d551a88
nifty500,0.0001,707,v1,tradeable,37.101074,24.431446,12.669628,1934779.67,10349253.31,910,4,1857499,45355,112.398,2026-09-29 02:44,e54b844c0d551a88,e54b844c0d551a88
nifty500,0.0001,707,v2,tradeable,25.8165,24.431446,1.385054,904747.1,5478293.93,1086,0,1857499,45355,112.398,2026-09-29 02:44,e54b844c0d551a88,e54b844c0d551a88
nifty500,0.0001,707,v3,tradeable,40.366683,24.431446,15.935237,2331659.95,12320284.13,872,3,1857499,45355,112.398,2026-09-29 02:44,e54b844c0d551a88,e54b844c0d551a88
nifty500,0.0001,707,v4,tradeable,32.945866,24.431446,8.514421,1439467.86,8239897.39,1082,1,1857499,45355,112.398,2026-09-29 02:44,e54b844c0d551a88,e54b844c0d551a88
nifty500,0.0001,808,v1,research,36.493256,24.424879,12.068377,1995147.31,10014243.58,890,0,1857499,45481,112.341,2026-09-29 02:44,e54b844c0d551a88,e54b844c0d551a88
nifty500,0.0001,808,v2,research,25.644721,24.424879,1.219841,937975.98,5423142.5,1075,0,1857499,45481,112.341,2026-09-29 02:44,e54b844c0d551a88,e54b844c0d551a88
nifty500,0.0001,808,v3,research,45.097412,24.424879,20.672533,2916097.86,15748279.77,866,0,1857499,45481,112.341,2026-09-29 02:44,e54b844c0d551a88,e54b844c0d551a88
nifty500,0.0001,808,v4,research,30.819981,24.424879,6.395102,1331002.99,7312653.49,1077,0,1857499,45481,112.341,2026-09-29 02:44,e54b844c0d551a88,e54b844c0d551a88
nifty500,0.0001,808,v1,tradeable,36.305826,24.424879,11.880947,1975029.7,9912849.2,890,2,1857499,45481,112.341,2026-09-29 02:44,e54b844c0d551a88,e54b844c0d551a88
nifty500,0.0001,808,v2,tradeable,25.644721,24.424879,1.219841,937975.98,5423142.5,1075,0,1857499,45481,112.341,2026-09-29 02:44,e54b844c0d551a88,e54b844c0d551a88
nifty500,0.0001,808,v3,tradeable,44.695687,24.424879,20.270808,2854523.57,15428220.71,867,3,1857499,45481,112.341,2026-09-29 02:44,e54b844c0d551a88,e54b844c0d551a88
nifty500,0.0001,808,v4,tradeable,30.819981,24.424879,6.395102,1331002.99,7312653.49,1077,0,1857499,45481,112.341,2026-09-29 02:44,e54b844c0d551a88,e54b844c0d551a88
nifty500,0.0001,909,v1,research,36.452902,24.431713,12.021189,1902450.34,9992337.94,926,0,1857499,45409,105.55,2026-09-29 04:29,e54b844c0d551a88,e54b844c0d551a88
nifty500,0.0001,909,v2,research,26.983538,24.431713,2.551825,1026641.48,5865994.08,1094,0,1857499,45409,105.55,2026-09-29 04:29,e54b844c0d551a88,e54b844c0d551a88
nifty500,0.0001,909,v3,research,48.836532,24.431713,24.404819,3888929.67,19013726.86,900,0,1857499,45409,105.55,2026-09-29 04:29,e54b844c0d551a88,e54b844c0d551a88
nifty500,0.0001,909,v4,research,34.363209,24.431713,9.931496,1673698.44,8913121.65,1092,0,1857499,45409,105.55,2026-09-29 04:29,e54b844c0d551a88,e54b844c0d551a88
nifty500,0.0001,909,v1,tradeable,35.996101,24.431713,11.564388,1854422.2,9747242.37,928,4,1857499,45409,105.55,2026-09-29 04:29,e54b844c0d551a88,e54b844c0d551a88
nifty500,0.0001,909,v2,tradeable,26.983538,24.431713,2.551825,1026641.48,5865994.08,1094,0,1857499,45409,105.55,2026-09-29 04:29,e54b844c0d551a88,e54b844c0d551a88
nifty500,0.0001,909,v3,tradeable,50.12605,24.431713,25.694337,4151057.91,20268122.09,901,7,1857499,45409,105.55,2026-09-29 04:29,e54b844c0d551a88,e54b844c0d551a88
nifty500,0.0001,909,v4,tradeable,34.363209,24.431713,9.931496,1673698.44,8913121.65,1092,0,1857499,45409,105.55,2026-09-29 04:29,e54b844c0d551a88,e54b844c0d551a88
nifty500,0.0001,1010,v1,research,36.668379,24.429257,12.239122,1987159.94,10109789.57,946,0,1857499,45467,105.393,2026-09-29 04:29,e54b844c0d551a88,e54b844c0d551a88
nifty500,0.0001,1010,v2,research,27.601391,24.429257,3.172135,1086721.37,6080693.88,1125,0,1857499,45467,105.393,2026-09-29 04:29,e54b844c0d551a88,e54b844c0d551a88
nifty500,0.0001,1010,v3,research,40.208229,24.429257,15.778972,2527893.21,12217655.79,949,0,1857499,45467,105.393,2026-09-29 04:29,e54b844c0d551a88,e54b844c0d551a88
nifty500,0.0001,1010,v4,research,30.603772,24.429257,6.174516,1364311.26,7223620.13,1121,0,1857499,45467,105.393,2026-09-29 04:29,e54b844c0d551a88,e54b844c0d551a88
nifty500,0.0001,1010,v1,tradeable,36.508039,24.429257,12.078783,1970546.72,10022278.99,948,4,1857499,45467,105.393,2026-09-29 04:29,e54b844c0d551a88,e54b844c0d551a88
nifty500,0.0001,1010,v2,tradeable,27.601391,24.429257,3.172135,1086721.37,6080693.88,1125,0,1857499,45467,105.393,2026-09-29 04:29,e54b844c0d551a88,e54b844c0d551a88
nifty500,0.0001,1010,v3,tradeable,40.092967,24.429257,15.66371,2511943.61,12143467.58,949,4,1857499,45467,105.393,2026-09-29 04:29,e54b844c0d551a88,e54b844c0d551a88
nifty500,0.0001,1010,v4,tradeable,30.603772,24.429257,6.174516,1364311.26,7223620.13,1121,0,1857499,45467,105.393,2026-09-29 04:29,e54b844c0d551a88,e54b844c0d551a88
