bucket,path,size,mtime
A,config.py,7908,2026-08-13 23:32
A,config74.py,874,2026-08-13 11:31
A,config_mid.py,3460,2026-08-13 11:10
A,config_n100.py,4336,2026-08-20 14:42
A,nautilus/nt_export_scores.py,4369,2026-08-20 14:47
A,results/build_scores.py,1268,2026-08-13 21:13
A,results/build_scores74.py,1590,2026-08-13 21:13
A,results/build_scores_mid.py,2396,2026-08-13 21:13
A,results/build_scores_n100.py,2613,2026-08-20 14:43
A,results/diagnose_decay.py,10413,2026-08-07 17:40
A,results/engine_core.py,36595,2026-08-17 01:12
A,results/engine_v2_final.py,11758,2026-08-13 13:22
A,results/engine_v2_final74.py,11835,2026-08-13 13:22
A,results/engine_v2_final_mid.py,13589,2026-08-13 13:22
A,results/engine_v2_final_n100.py,10817,2026-08-20 14:44
A,results/export_feature_docs.py,3578,2026-08-07 17:40
A,results/features_v2.py,9544,2026-08-13 17:28
A,results/make_cash_series.py,4243,2026-08-07 17:40
A,results/make_charts.py,2210,2026-08-07 17:40
A,results/make_combined_all.py,3972,2026-08-07 17:40
A,results/make_combined_n100_mid.py,7702,2026-08-20 23:39
A,results/make_combined_portfolio.py,2230,2026-08-07 17:40
A,results/make_daily_audit.py,4513,2026-08-07 17:40
A,results/make_daily_log.py,22930,2026-08-20 14:45
A,results/make_final_chart_fair.py,19316,2026-08-17 01:12
A,results/make_final_summary.py,2523,2026-08-13 01:40
A,results/make_final_table.py,2209,2026-08-07 17:40
A,results/make_mid_audit.py,4749,2026-08-13 11:15
A,results/make_mid_chart.py,13620,2026-08-20 18:34
A,results/make_n100_audit.py,4757,2026-08-20 14:45
A,results/make_n100_chart.py,8691,2026-08-20 18:34
A,results/make_per_stock_charts.py,4964,2026-08-07 17:40
A,results/make_stats_both.py,5398,2026-08-07 17:40
A,results/make_stock_chart.py,3779,2026-08-07 17:40
A,results/make_trading_calendar.py,4987,2026-08-14 00:17
A,results/qbeast_in_charges.py,22463,2026-08-07 17:40
A,results/reality_check.py,11498,2026-08-07 17:40
A,results/test_exposure.py,18105,2026-08-17 01:12
A,results/validate_breadth.py,7176,2026-08-07 17:40
A,run_all.py,9820,2026-08-20 14:48
A/D1,results/survivorship.py,30035,2026-08-19 09:00
B,data/nse_trading_calendar.csv,72853,2026-08-20 18:22
B,data/raw/.DS_Store,10244,2026-08-21 18:09
B,data/raw/.gitkeep,0,2026-06-21 23:10
B,data/raw/Development_data_files/ADANIENSOL.csv,128072,2026-07-14 03:58
B,data/raw/Development_data_files/ADANIPORTS.csv,130744,2026-07-14 03:58
B,data/raw/Development_data_files/ADANIPOWER.csv,119588,2026-07-14 03:58
B,data/raw/Development_data_files/AMBUJACEM.csv,128596,2026-07-14 03:58
B,data/raw/Development_data_files/APOLLOHOSP.csv,137754,2026-07-14 03:58
B,data/raw/Development_data_files/ASIANPAINT.csv,138073,2026-07-14 03:58
B,data/raw/Development_data_files/AXISBANK.csv,131741,2026-07-14 03:58
B,data/raw/Development_data_files/BAJAJAUTO.csv,138086,2026-07-14 03:58
B,data/raw/Development_data_files/BAJAJFINSV.csv,135094,2026-07-14 03:58
B,data/raw/Development_data_files/BAJAJHLDNG.csv,136916,2026-07-14 03:58
B,data/raw/Development_data_files/BAJFINANCE.csv,129246,2026-07-14 03:58
B,data/raw/Development_data_files/BANKBARODA.csv,127970,2026-07-14 03:58
B,data/raw/Development_data_files/BEL.csv,125713,2026-07-14 03:58
B,data/raw/Development_data_files/BHARTIARTL.csv,134674,2026-07-14 03:58
B,data/raw/Development_data_files/BOSCHLTD.csv,147103,2026-07-14 03:58
B,data/raw/Development_data_files/BRITANNIA.csv,138367,2026-07-14 03:58
B,data/raw/Development_data_files/CGPOWER.csv,120866,2026-07-14 03:58
B,data/raw/Development_data_files/CHOLAFIN.csv,131430,2026-07-14 03:58
B,data/raw/Development_data_files/CIPLA.csv,131605,2026-07-14 03:58
B,data/raw/Development_data_files/COALINDIA.csv,129483,2026-07-14 03:58
B,data/raw/Development_data_files/CUMMINSIND.csv,130831,2026-07-14 03:58
B,data/raw/Development_data_files/DIVISLAB.csv,136870,2026-07-14 03:58
B,data/raw/Development_data_files/DLF.csv,129031,2026-07-14 03:58
B,data/raw/Development_data_files/DRREDDY.csv,130659,2026-07-14 03:58
B,data/raw/Development_data_files/EICHERMOT.csv,139616,2026-07-14 03:58
B,data/raw/Development_data_files/GODREJCP.csv,131175,2026-07-14 03:58
B,data/raw/Development_data_files/GRASIM.csv,139159,2026-07-14 03:58
B,data/raw/Development_data_files/HCLTECH.csv,134217,2026-07-14 03:58
B,data/raw/Development_data_files/HDFCBANK.csv,132478,2026-07-14 03:58
B,data/raw/Development_data_files/HINDALCO.csv,129035,2026-07-14 03:58
B,data/raw/Development_data_files/HINDUNILVR.csv,144614,2026-07-14 03:58
B,data/raw/Development_data_files/HINDZINC.csv,127557,2026-07-14 03:58
B,data/raw/Development_data_files/ICICIBANK.csv,133616,2026-07-14 03:58
B,data/raw/Development_data_files/INDHOTEL.csv,127651,2026-07-14 03:58
B,data/raw/Development_data_files/INDIGO.csv,136807,2026-07-14 03:58
B,data/raw/Development_data_files/INFY.csv,135732,2026-07-14 03:58
B,data/raw/Development_data_files/JINDALSTEL.csv,128113,2026-07-14 03:58
B,data/raw/Development_data_files/JSWSTEEL.csv,129808,2026-07-14 03:58
B,data/raw/Development_data_files/KOTAKBANK.csv,132176,2026-07-14 03:58
B,data/raw/Development_data_files/LT.csv,138705,2026-07-14 03:58
B,data/raw/Development_data_files/MARUTI.csv,140604,2026-07-14 03:58
B,data/raw/Development_data_files/MM.csv,132857,2026-07-14 03:58
B,data/raw/Development_data_files/MOTHERSON.csv,123052,2026-07-14 03:58
B,data/raw/Development_data_files/MUTHOOTFIN.csv,132814,2026-07-14 03:58
B,data/raw/Development_data_files/NESTLEIND.csv,131295,2026-07-14 03:58
B,data/raw/Development_data_files/NTPC.csv,131031,2026-07-14 03:58
B,data/raw/Development_data_files/ONGC.csv,129454,2026-07-14 03:58
B,data/raw/Development_data_files/PFC.csv,125743,2026-07-14 03:58
B,data/raw/Development_data_files/PIDILITIND.csv,134129,2026-07-14 03:58
B,data/raw/Development_data_files/PNB.csv,123814,2026-07-14 03:58
B,data/raw/Development_data_files/POWERGRID.csv,132728,2026-07-14 03:58
B,data/raw/Development_data_files/RECLTD.csv,128504,2026-07-14 03:58
B,data/raw/Development_data_files/RELIANCE.csv,139306,2026-07-14 03:58
B,data/raw/Development_data_files/SBIN.csv,130719,2026-07-14 03:58
B,data/raw/Development_data_files/SHREECEM.csv,147306,2026-07-14 03:58
B,data/raw/Development_data_files/SHRIRAMFIN.csv,131883,2026-07-14 03:58
B,data/raw/Development_data_files/SOLARINDS.csv,133863,2026-07-14 03:58
B,data/raw/Development_data_files/SUNPHARMA.csv,131705,2026-07-14 03:58
B,data/raw/Development_data_files/TATACONSUM.csv,135152,2026-07-14 03:58
B,data/raw/Development_data_files/TATAPOWER.csv,123521,2026-07-14 03:58
B,data/raw/Development_data_files/TATASTEEL.csv,128464,2026-07-14 03:58
B,data/raw/Development_data_files/TCS.csv,140469,2026-07-14 03:58
B,data/raw/Development_data_files/TECHM.csv,133649,2026-07-14 03:58
B,data/raw/Development_data_files/TITAN.csv,135148,2026-07-14 03:58
B,data/raw/Development_data_files/TMPV.csv,134751,2026-07-14 03:58
B,data/raw/Development_data_files/TORNTPHARM.csv,134679,2026-07-14 03:58
B,data/raw/Development_data_files/TRENT.csv,130729,2026-07-14 03:58
B,data/raw/Development_data_files/TVSMOTOR.csv,131118,2026-07-14 03:58
B,data/raw/Development_data_files/ULTRACEMCO.csv,139663,2026-07-14 03:58
B,data/raw/Development_data_files/UNIONBANK.csv,123446,2026-07-14 03:58
B,data/raw/Development_data_files/UNITDSPR.csv,131045,2026-07-14 03:58
B,data/raw/Development_data_files/VEDL.csv,129342,2026-07-14 03:58
B,data/raw/Development_data_files/WIPRO.csv,131243,2026-07-14 03:58
B,data/raw/Development_data_files/ZYDUSLIFE.csv,128311,2026-07-14 03:58
B,data/raw/MidCap150/.DS_Store,6148,2026-08-21 18:09
B,data/raw/MidCap150/clean/360ONE.csv,329506,2026-08-11 11:38
B,data/raw/MidCap150/clean/3MINDIA.csv,979576,2026-08-11 11:38
B,data/raw/MidCap150/clean/ABBOTINDIA.csv,1031770,2026-08-11 11:39
B,data/raw/MidCap150/clean/ABCAPITAL.csv,380309,2026-08-11 11:39
B,data/raw/MidCap150/clean/ACC.csv,951525,2026-08-11 11:39
B,data/raw/MidCap150/clean/AIAENG.csv,837311,2026-08-11 11:39
B,data/raw/MidCap150/clean/AIIL.csv,364481,2026-08-11 11:39
B,data/raw/MidCap150/clean/AJANTPHARM.csv,1005539,2026-08-11 11:40
B,data/raw/MidCap150/clean/ALKEM.csv,454589,2026-08-11 11:40
B,data/raw/MidCap150/clean/ANTHEM.csv,37960,2026-08-11 11:40
B,data/raw/MidCap150/clean/APARINDS.csv,934024,2026-08-11 11:40
B,data/raw/MidCap150/clean/APLAPOLLO.csv,849411,2026-08-11 11:40
B,data/raw/MidCap150/clean/APOLLOTYRE.csv,964576,2026-08-11 11:40
B,data/raw/MidCap150/clean/ASHOKLEY.csv,944040,2026-08-11 11:40
B,data/raw/MidCap150/clean/ASTRAL.csv,776120,2026-08-11 11:41
B,data/raw/MidCap150/clean/ATGL.csv,323012,2026-08-11 11:41
B,data/raw/MidCap150/clean/AUBANK.csv,382590,2026-08-11 11:41
B,data/raw/MidCap150/clean/AUROPHARMA.csv,969658,2026-08-11 11:41
B,data/raw/MidCap150/clean/AWL.csv,182953,2026-08-11 11:41
B,data/raw/MidCap150/clean/BAJAJHFL.csv,75415,2026-08-11 11:41
B,data/raw/MidCap150/clean/BALKRISIND.csv,948112,2026-08-11 11:41
B,data/raw/MidCap150/clean/BANKINDIA.csv,967696,2026-08-11 11:42
B,data/raw/MidCap150/clean/BDL.csv,347012,2026-08-11 11:42
B,data/raw/MidCap150/clean/BERGEPAINT.csv,960552,2026-08-11 11:42
B,data/raw/MidCap150/clean/BHARATFORG.csv,978108,2026-08-11 11:42
B,data/raw/MidCap150/clean/BHARTIHEXA.csv,96331,2026-08-11 11:42
B,data/raw/MidCap150/clean/BHEL.csv,938965,2026-08-11 11:42
B,data/raw/MidCap150/clean/BIOCON.csv,894560,2026-08-11 11:43
B,data/raw/MidCap150/clean/BLUESTARCO.csv,1005632,2026-08-11 11:43
B,data/raw/MidCap150/clean/COCHINSHIP.csv,388386,2026-08-11 11:43
B,data/raw/MidCap150/clean/COFORGE.csv,874785,2026-08-11 11:43
B,data/raw/MidCap150/clean/COLPAL.csv,959804,2026-08-11 11:43
B,data/raw/MidCap150/clean/CONCOR.csv,970639,2026-08-11 11:44
B,data/raw/MidCap150/clean/COROMANDEL.csv,981194,2026-08-11 11:44
B,data/raw/MidCap150/clean/CRISIL.csv,954308,2026-08-11 11:44
B,data/raw/MidCap150/clean/DABUR.csv,940241,2026-08-11 11:44
B,data/raw/MidCap150/clean/DALBHARAT.csv,330686,2026-08-11 11:44
B,data/raw/MidCap150/clean/DIXON.csv,379332,2026-08-11 11:44
B,data/raw/MidCap150/clean/ENDURANCE.csv,429867,2026-08-11 11:44
B,data/raw/MidCap150/clean/ESCORTS.csv,954613,2026-08-11 11:45
B,data/raw/MidCap150/clean/EXIDEIND.csv,959005,2026-08-11 11:45
B,data/raw/MidCap150/clean/FEDERALBNK.csv,1093633,2026-08-11 11:45
B,data/raw/MidCap150/clean/FLUOROCHEM.csv,295227,2026-08-11 11:45
B,data/raw/MidCap150/clean/FORTIS.csv,772836,2026-08-11 11:45
B,data/raw/MidCap150/clean/GICRE.csv,366939,2026-08-11 11:45
B,data/raw/MidCap150/clean/GLAXO.csv,959271,2026-08-11 11:46
B,data/raw/MidCap150/clean/GLENMARK.csv,963321,2026-08-11 11:46
B,data/raw/MidCap150/clean/GMRAIRPORT.csv,821933,2026-08-11 11:46
B,data/raw/MidCap150/clean/GODFRYPHLP.csv,965178,2026-08-11 11:46
B,data/raw/MidCap150/clean/GODREJIND.csv,966698,2026-08-11 11:46
B,data/raw/MidCap150/clean/GODREJPROP.csv,723801,2026-08-11 11:46
B,data/raw/MidCap150/clean/GROWW.csv,24981,2026-08-11 11:46
B,data/raw/MidCap150/clean/GVT&D.csv,719748,2026-08-11 11:46
B,data/raw/MidCap150/clean/HAVELLS.csv,953792,2026-08-11 11:47
B,data/raw/MidCap150/clean/HDBFS.csv,39893,2026-08-11 11:47
B,data/raw/MidCap150/clean/HEROMOTOCO.csv,1044659,2026-08-11 11:47
B,data/raw/MidCap150/clean/HEXT.csv,476543,2026-08-11 11:47
B,data/raw/MidCap150/clean/HINDPETRO.csv,1000600,2026-08-11 11:47
B,data/raw/MidCap150/clean/HONAUT.csv,972638,2026-08-11 11:47
B,data/raw/MidCap150/clean/HUDCO.csv,378652,2026-08-11 11:48
B,data/raw/MidCap150/clean/ICICIGI.csv,382078,2026-08-11 11:48
B,data/raw/MidCap150/clean/ICICIPRULI.csv,424569,2026-08-11 11:48
B,data/raw/MidCap150/clean/IDEA.csv,758883,2026-08-11 11:48
B,data/raw/MidCap150/clean/IDFCFIRSTB.csv,454474,2026-08-11 11:48
B,data/raw/MidCap150/clean/INDIANB.csv,788167,2026-08-11 11:48
B,data/raw/MidCap150/clean/INDUSINDBK.csv,976433,2026-08-11 11:48
B,data/raw/MidCap150/clean/INDUSTOWER.csv,589543,2026-08-11 11:48
B,data/raw/MidCap150/clean/IPCALAB.csv,1014287,2026-08-11 11:49
B,data/raw/MidCap150/clean/IRCTC.csv,284978,2026-08-11 11:49
B,data/raw/MidCap150/clean/IREDA.csv,109347,2026-08-11 11:49
B,data/raw/MidCap150/clean/ITCHOTELS.csv,59974,2026-08-11 11:49
B,data/raw/MidCap150/clean/JKCEMENT.csv,863089,2026-08-11 11:49
B,data/raw/MidCap150/clean/JSL.csv,888580,2026-08-11 11:49
B,data/raw/MidCap150/clean/JSWENERGY.csv,703251,2026-08-11 11:49
B,data/raw/MidCap150/clean/JSWINFRA.csv,117091,2026-08-11 11:49
B,data/raw/MidCap150/clean/JUBLFOOD.csv,706792,2026-08-11 11:49
B,data/raw/MidCap150/clean/KALYANKJIL.csv,226639,2026-08-11 11:49
B,data/raw/MidCap150/clean/KEI.csv,895139,2026-08-11 11:50
B,data/raw/MidCap150/clean/KPITTECH.csv,310259,2026-08-11 11:50
B,data/raw/MidCap150/clean/KPRMILL.csv,753674,2026-08-11 11:50
B,data/raw/MidCap150/clean/LAURUSLABS.csv,413140,2026-08-11 11:50
B,data/raw/MidCap150/clean/LENSKART.csv,25323,2026-08-11 11:50
B,data/raw/MidCap150/clean/LGEINDIA.csv,28855,2026-08-11 11:50
B,data/raw/MidCap150/clean/LICHSGFIN.csv,987883,2026-08-11 11:50
B,data/raw/MidCap150/clean/LICI.csv,183473,2026-08-11 11:50
B,data/raw/MidCap150/clean/LINDEINDIA.csv,970183,2026-08-11 11:50
B,data/raw/MidCap150/clean/LLOYDSME.csv,943963,2026-08-11 11:50
B,data/raw/MidCap150/clean/LTF.csv,619095,2026-08-11 11:50
B,data/raw/MidCap150/clean/LTTS.csv,418364,2026-08-11 11:50
B,data/raw/MidCap150/clean/LUPIN.csv,952547,2026-08-11 11:50
B,data/raw/MidCap150/clean/M&MFIN.csv,871248,2026-08-11 11:51
B,data/raw/MidCap150/clean/MAHABANK.csv,887139,2026-08-11 11:51
B,data/raw/MidCap150/clean/MANKIND.csv,136454,2026-08-11 11:51
B,data/raw/MidCap150/clean/MARICO.csv,951409,2026-08-11 11:51
B,data/raw/MidCap150/clean/MCX.csv,597111,2026-08-11 11:51
B,data/raw/MidCap150/clean/MEDANTA.csv,156979,2026-08-11 11:51
B,data/raw/MidCap150/clean/MFSL.csv,1057356,2026-08-11 11:51
B,data/raw/MidCap150/clean/MOTILALOFS.csv,767948,2026-08-11 11:51
B,data/raw/MidCap150/clean/MPHASIS.csv,969480,2026-08-11 11:51
B,data/raw/MidCap150/clean/MRF.csv,972175,2026-08-11 11:52
B,data/raw/MidCap150/clean/NAM-INDIA.csv,373585,2026-08-11 11:52
B,data/raw/MidCap150/clean/NATIONALUM.csv,966118,2026-08-11 11:52
B,data/raw/MidCap150/clean/NAUKRI.csv,784486,2026-08-11 11:52
B,data/raw/MidCap150/clean/NHPC.csv,692901,2026-08-11 11:52
B,data/raw/MidCap150/clean/NIACL.csv,363847,2026-08-11 11:52
B,data/raw/MidCap150/clean/NIFTYMIDCAP150.csv,296601,2026-08-07 14:38
B,data/raw/MidCap150/clean/NLCINDIA.csv,945269,2026-08-11 11:52
B,data/raw/MidCap150/clean/NMDC.csv,919760,2026-08-11 11:52
B,data/raw/MidCap150/clean/NTPCGREEN.csv,66985,2026-08-11 11:52
B,data/raw/MidCap150/clean/NYKAA.csv,196762,2026-08-11 11:52
B,data/raw/MidCap150/clean/OBEROIRLTY.csv,684971,2026-08-11 11:53
B,data/raw/MidCap150/clean/OFSS.csv,1016409,2026-08-11 11:53
B,data/raw/MidCap150/clean/OIL.csv,704857,2026-08-11 11:53
B,data/raw/MidCap150/clean/PAGEIND.csv,809570,2026-08-11 11:53
B,data/raw/MidCap150/clean/PATANJALI.csv,741537,2026-08-11 11:53
B,data/raw/MidCap150/clean/PAYTM.csv,195690,2026-08-11 11:53
B,data/raw/MidCap150/clean/PERSISTENT.csv,707814,2026-08-11 11:53
B,data/raw/MidCap150/clean/PETRONET.csv,956072,2026-08-11 11:53
B,data/raw/MidCap150/clean/PHOENIXLTD.csv,935119,2026-08-11 11:54
B,data/raw/MidCap150/clean/PIIND.csv,725074,2026-08-11 11:54
B,data/raw/MidCap150/clean/POLICYBZR.csv,201799,2026-08-11 11:54
B,data/raw/MidCap150/clean/POLYCAB.csv,313826,2026-08-11 11:54
B,data/raw/MidCap150/clean/POWERINDIA.csv,278585,2026-08-11 11:54
B,data/raw/MidCap150/clean/PREMIERENE.csv,78393,2026-08-11 11:54
B,data/raw/MidCap150/clean/PRESTIGE.csv,675443,2026-08-11 11:54
B,data/raw/MidCap150/clean/RADICO.csv,947718,2026-08-11 11:54
B,data/raw/MidCap150/clean/RVNL.csv,299645,2026-08-11 11:54
B,data/raw/MidCap150/clean/SAIL.csv,931590,2026-08-11 11:54
B,data/raw/MidCap150/clean/SBICARD.csv,272670,2026-08-11 11:54
B,data/raw/MidCap150/clean/SCHAEFFLER.csv,1032601,2026-08-11 11:54
B,data/raw/MidCap150/clean/SJVN.csv,661151,2026-08-11 11:55
B,data/raw/MidCap150/clean/SRF.csv,968288,2026-08-11 11:55
B,data/raw/MidCap150/clean/SUNDARMFIN.csv,975844,2026-08-11 11:55
B,data/raw/MidCap150/clean/SUPREMEIND.csv,987411,2026-08-11 11:55
B,data/raw/MidCap150/clean/SUZLON.csv,863173,2026-08-11 11:56
B,data/raw/MidCap150/clean/SWIGGY.csv,67564,2026-08-11 11:56
B,data/raw/MidCap150/clean/TATACOMM.csv,968156,2026-08-11 11:56
B,data/raw/MidCap150/clean/TATAELXSI.csv,972944,2026-08-11 11:56
B,data/raw/MidCap150/clean/TATAINVEST.csv,968286,2026-08-11 11:56
B,data/raw/MidCap150/clean/THERMAX.csv,959703,2026-08-11 11:56
B,data/raw/MidCap150/clean/TIINDIA.csv,375179,2026-08-11 11:56
B,data/raw/MidCap150/clean/TORNTPOWER.csv,811522,2026-08-11 11:56
B,data/raw/MidCap150/clean/UBL.csv,911698,2026-08-11 11:57
B,data/raw/MidCap150/clean/UNOMINDA.csv,882429,2026-08-11 11:57
B,data/raw/MidCap150/clean/UPL.csv,906922,2026-08-11 11:57
B,data/raw/MidCap150/clean/VMM.csv,63052,2026-08-11 11:57
B,data/raw/MidCap150/clean/VOLTAS.csv,952429,2026-08-11 11:57
B,data/raw/MidCap150/clean/WAAREEENER.csv,72446,2026-08-11 11:57
B,data/raw/MidCap150/clean/YESBANK.csv,847589,2026-08-11 11:58
B,data/raw/MidCap150/constituents/360ONE.csv,329506,2026-08-11 11:38
B,data/raw/MidCap150/constituents/3MINDIA.csv,979576,2026-08-11 11:38
B,data/raw/MidCap150/constituents/ABBOTINDIA.csv,1031770,2026-08-11 11:39
B,data/raw/MidCap150/constituents/ABCAPITAL.csv,380309,2026-08-11 11:39
B,data/raw/MidCap150/constituents/ACC.csv,951525,2026-08-11 11:39
B,data/raw/MidCap150/constituents/AIAENG.csv,837311,2026-08-11 11:39
B,data/raw/MidCap150/constituents/AIIL.csv,364481,2026-08-11 11:39
B,data/raw/MidCap150/constituents/AJANTPHARM.csv,1005539,2026-08-11 11:40
B,data/raw/MidCap150/constituents/ALKEM.csv,454589,2026-08-11 11:40
B,data/raw/MidCap150/constituents/ANTHEM.csv,37960,2026-08-11 11:40
B,data/raw/MidCap150/constituents/APARINDS.csv,934024,2026-08-11 11:40
B,data/raw/MidCap150/constituents/APLAPOLLO.csv,849411,2026-08-11 11:40
B,data/raw/MidCap150/constituents/APOLLOTYRE.csv,964576,2026-08-11 11:40
B,data/raw/MidCap150/constituents/ASHOKLEY.csv,944040,2026-08-11 11:40
B,data/raw/MidCap150/constituents/ASTRAL.csv,776120,2026-08-11 11:41
B,data/raw/MidCap150/constituents/ATGL.csv,323012,2026-08-11 11:41
B,data/raw/MidCap150/constituents/AUBANK.csv,382590,2026-08-11 11:41
B,data/raw/MidCap150/constituents/AUROPHARMA.csv,969658,2026-08-11 11:41
B,data/raw/MidCap150/constituents/AWL.csv,182953,2026-08-11 11:41
B,data/raw/MidCap150/constituents/BAJAJHFL.csv,75415,2026-08-11 11:41
B,data/raw/MidCap150/constituents/BALKRISIND.csv,948112,2026-08-11 11:41
B,data/raw/MidCap150/constituents/BANKINDIA.csv,967696,2026-08-11 11:42
B,data/raw/MidCap150/constituents/BDL.csv,347012,2026-08-11 11:42
B,data/raw/MidCap150/constituents/BERGEPAINT.csv,960552,2026-08-11 11:42
B,data/raw/MidCap150/constituents/BHARATFORG.csv,978108,2026-08-11 11:42
B,data/raw/MidCap150/constituents/BHARTIHEXA.csv,96331,2026-08-11 11:42
B,data/raw/MidCap150/constituents/BHEL.csv,938965,2026-08-11 11:42
B,data/raw/MidCap150/constituents/BIOCON.csv,894560,2026-08-11 11:43
B,data/raw/MidCap150/constituents/BLUESTARCO.csv,1005632,2026-08-11 11:43
B,data/raw/MidCap150/constituents/COCHINSHIP.csv,388386,2026-08-11 11:43
B,data/raw/MidCap150/constituents/COFORGE.csv,874785,2026-08-11 11:43
B,data/raw/MidCap150/constituents/COLPAL.csv,959804,2026-08-11 11:43
B,data/raw/MidCap150/constituents/CONCOR.csv,970639,2026-08-11 11:44
B,data/raw/MidCap150/constituents/COROMANDEL.csv,981194,2026-08-11 11:44
B,data/raw/MidCap150/constituents/CRISIL.csv,954308,2026-08-11 11:44
B,data/raw/MidCap150/constituents/DABUR.csv,940241,2026-08-11 11:44
B,data/raw/MidCap150/constituents/DALBHARAT.csv,330686,2026-08-11 11:44
B,data/raw/MidCap150/constituents/DIXON.csv,379332,2026-08-11 11:44
B,data/raw/MidCap150/constituents/ENDURANCE.csv,429867,2026-08-11 11:44
B,data/raw/MidCap150/constituents/ESCORTS.csv,954613,2026-08-11 11:45
B,data/raw/MidCap150/constituents/EXIDEIND.csv,959005,2026-08-11 11:45
B,data/raw/MidCap150/constituents/FEDERALBNK.csv,1093633,2026-08-11 11:45
B,data/raw/MidCap150/constituents/FLUOROCHEM.csv,295227,2026-08-11 11:45
B,data/raw/MidCap150/constituents/FORTIS.csv,772836,2026-08-11 11:45
B,data/raw/MidCap150/constituents/GICRE.csv,366939,2026-08-11 11:45
B,data/raw/MidCap150/constituents/GLAXO.csv,959271,2026-08-11 11:46
B,data/raw/MidCap150/constituents/GLENMARK.csv,963321,2026-08-11 11:46
B,data/raw/MidCap150/constituents/GMRAIRPORT.csv,821933,2026-08-11 11:46
B,data/raw/MidCap150/constituents/GODFRYPHLP.csv,965178,2026-08-11 11:46
B,data/raw/MidCap150/constituents/GODREJIND.csv,966698,2026-08-11 11:46
B,data/raw/MidCap150/constituents/GODREJPROP.csv,723801,2026-08-11 11:46
B,data/raw/MidCap150/constituents/GROWW.csv,24981,2026-08-11 11:46
B,data/raw/MidCap150/constituents/GVT&D.csv,719748,2026-08-11 11:46
B,data/raw/MidCap150/constituents/HAVELLS.csv,953792,2026-08-11 11:47
B,data/raw/MidCap150/constituents/HDBFS.csv,39893,2026-08-11 11:47
B,data/raw/MidCap150/constituents/HEROMOTOCO.csv,1044659,2026-08-11 11:47
B,data/raw/MidCap150/constituents/HEXT.csv,476543,2026-08-11 11:47
B,data/raw/MidCap150/constituents/HINDPETRO.csv,1000600,2026-08-11 11:47
B,data/raw/MidCap150/constituents/HONAUT.csv,972638,2026-08-11 11:47
B,data/raw/MidCap150/constituents/HUDCO.csv,378652,2026-08-11 11:48
B,data/raw/MidCap150/constituents/ICICIGI.csv,382078,2026-08-11 11:48
B,data/raw/MidCap150/constituents/ICICIPRULI.csv,424569,2026-08-11 11:48
B,data/raw/MidCap150/constituents/IDEA.csv,758883,2026-08-11 11:48
B,data/raw/MidCap150/constituents/IDFCFIRSTB.csv,454474,2026-08-11 11:48
B,data/raw/MidCap150/constituents/INDIANB.csv,788167,2026-08-11 11:48
B,data/raw/MidCap150/constituents/INDUSINDBK.csv,976433,2026-08-11 11:48
B,data/raw/MidCap150/constituents/INDUSTOWER.csv,589543,2026-08-11 11:48
B,data/raw/MidCap150/constituents/IPCALAB.csv,1014287,2026-08-11 11:49
B,data/raw/MidCap150/constituents/IRCTC.csv,284978,2026-08-11 11:49
B,data/raw/MidCap150/constituents/IREDA.csv,109347,2026-08-11 11:49
B,data/raw/MidCap150/constituents/ITCHOTELS.csv,59974,2026-08-11 11:49
B,data/raw/MidCap150/constituents/JKCEMENT.csv,863089,2026-08-11 11:49
B,data/raw/MidCap150/constituents/JSL.csv,888580,2026-08-11 11:49
B,data/raw/MidCap150/constituents/JSWENERGY.csv,703251,2026-08-11 11:49
B,data/raw/MidCap150/constituents/JSWINFRA.csv,117091,2026-08-11 11:49
B,data/raw/MidCap150/constituents/JUBLFOOD.csv,706792,2026-08-11 11:49
B,data/raw/MidCap150/constituents/KALYANKJIL.csv,226639,2026-08-11 11:49
B,data/raw/MidCap150/constituents/KEI.csv,895139,2026-08-11 11:50
B,data/raw/MidCap150/constituents/KPITTECH.csv,310259,2026-08-11 11:50
B,data/raw/MidCap150/constituents/KPRMILL.csv,753674,2026-08-11 11:50
B,data/raw/MidCap150/constituents/LAURUSLABS.csv,413140,2026-08-11 11:50
B,data/raw/MidCap150/constituents/LENSKART.csv,25323,2026-08-11 11:50
B,data/raw/MidCap150/constituents/LGEINDIA.csv,28855,2026-08-11 11:50
B,data/raw/MidCap150/constituents/LICHSGFIN.csv,987883,2026-08-11 11:50
B,data/raw/MidCap150/constituents/LICI.csv,183473,2026-08-11 11:50
B,data/raw/MidCap150/constituents/LINDEINDIA.csv,970183,2026-08-11 11:50
B,data/raw/MidCap150/constituents/LLOYDSME.csv,943963,2026-08-11 11:50
B,data/raw/MidCap150/constituents/LTF.csv,619095,2026-08-11 11:50
B,data/raw/MidCap150/constituents/LTTS.csv,418364,2026-08-11 11:50
B,data/raw/MidCap150/constituents/LUPIN.csv,952547,2026-08-11 11:50
B,data/raw/MidCap150/constituents/M&MFIN.csv,871248,2026-08-11 11:51
B,data/raw/MidCap150/constituents/MAHABANK.csv,887139,2026-08-11 11:51
B,data/raw/MidCap150/constituents/MANKIND.csv,136454,2026-08-11 11:51
B,data/raw/MidCap150/constituents/MARICO.csv,951409,2026-08-11 11:51
B,data/raw/MidCap150/constituents/MCX.csv,597111,2026-08-11 11:51
B,data/raw/MidCap150/constituents/MEDANTA.csv,156979,2026-08-11 11:51
B,data/raw/MidCap150/constituents/MFSL.csv,1057356,2026-08-11 11:51
B,data/raw/MidCap150/constituents/MOTILALOFS.csv,767948,2026-08-11 11:51
B,data/raw/MidCap150/constituents/MPHASIS.csv,969480,2026-08-11 11:51
B,data/raw/MidCap150/constituents/MRF.csv,972175,2026-08-11 11:52
B,data/raw/MidCap150/constituents/NAM-INDIA.csv,373585,2026-08-11 11:52
B,data/raw/MidCap150/constituents/NATIONALUM.csv,966118,2026-08-11 11:52
B,data/raw/MidCap150/constituents/NAUKRI.csv,784486,2026-08-11 11:52
B,data/raw/MidCap150/constituents/NHPC.csv,692901,2026-08-11 11:52
B,data/raw/MidCap150/constituents/NIACL.csv,363847,2026-08-11 11:52
B,data/raw/MidCap150/constituents/NLCINDIA.csv,945269,2026-08-11 11:52
B,data/raw/MidCap150/constituents/NMDC.csv,919760,2026-08-11 11:52
B,data/raw/MidCap150/constituents/NTPCGREEN.csv,66985,2026-08-11 11:52
B,data/raw/MidCap150/constituents/NYKAA.csv,196762,2026-08-11 11:52
B,data/raw/MidCap150/constituents/OBEROIRLTY.csv,684971,2026-08-11 11:53
B,data/raw/MidCap150/constituents/OFSS.csv,1016409,2026-08-11 11:53
B,data/raw/MidCap150/constituents/OIL.csv,704857,2026-08-11 11:53
B,data/raw/MidCap150/constituents/PAGEIND.csv,809570,2026-08-11 11:53
B,data/raw/MidCap150/constituents/PATANJALI.csv,741537,2026-08-11 11:53
B,data/raw/MidCap150/constituents/PAYTM.csv,195690,2026-08-11 11:53
B,data/raw/MidCap150/constituents/PERSISTENT.csv,707814,2026-08-11 11:53
B,data/raw/MidCap150/constituents/PETRONET.csv,956072,2026-08-11 11:53
B,data/raw/MidCap150/constituents/PHOENIXLTD.csv,935119,2026-08-11 11:54
B,data/raw/MidCap150/constituents/PIIND.csv,725074,2026-08-11 11:54
B,data/raw/MidCap150/constituents/POLICYBZR.csv,201799,2026-08-11 11:54
B,data/raw/MidCap150/constituents/POLYCAB.csv,313826,2026-08-11 11:54
B,data/raw/MidCap150/constituents/POWERINDIA.csv,278585,2026-08-11 11:54
B,data/raw/MidCap150/constituents/PREMIERENE.csv,78393,2026-08-11 11:54
B,data/raw/MidCap150/constituents/PRESTIGE.csv,675443,2026-08-11 11:54
B,data/raw/MidCap150/constituents/RADICO.csv,947718,2026-08-11 11:54
B,data/raw/MidCap150/constituents/RVNL.csv,299645,2026-08-11 11:54
B,data/raw/MidCap150/constituents/SAIL.csv,931590,2026-08-11 11:54
B,data/raw/MidCap150/constituents/SBICARD.csv,272670,2026-08-11 11:54
B,data/raw/MidCap150/constituents/SCHAEFFLER.csv,1032601,2026-08-11 11:54
B,data/raw/MidCap150/constituents/SJVN.csv,661151,2026-08-11 11:55
B,data/raw/MidCap150/constituents/SRF.csv,968288,2026-08-11 11:55
B,data/raw/MidCap150/constituents/SUNDARMFIN.csv,975844,2026-08-11 11:55
B,data/raw/MidCap150/constituents/SUPREMEIND.csv,987411,2026-08-11 11:55
B,data/raw/MidCap150/constituents/SUZLON.csv,863173,2026-08-11 11:56
B,data/raw/MidCap150/constituents/SWIGGY.csv,67564,2026-08-11 11:56
B,data/raw/MidCap150/constituents/TATACOMM.csv,968156,2026-08-11 11:56
B,data/raw/MidCap150/constituents/TATAELXSI.csv,972944,2026-08-11 11:56
B,data/raw/MidCap150/constituents/TATAINVEST.csv,968286,2026-08-11 11:56
B,data/raw/MidCap150/constituents/THERMAX.csv,959703,2026-08-11 11:56
B,data/raw/MidCap150/constituents/TIINDIA.csv,375179,2026-08-11 11:56
B,data/raw/MidCap150/constituents/TORNTPOWER.csv,811522,2026-08-11 11:56
B,data/raw/MidCap150/constituents/UBL.csv,911698,2026-08-11 11:57
B,data/raw/MidCap150/constituents/UNOMINDA.csv,882429,2026-08-11 11:57
B,data/raw/MidCap150/constituents/UPL.csv,906922,2026-08-11 11:57
B,data/raw/MidCap150/constituents/VMM.csv,63052,2026-08-11 11:57
B,data/raw/MidCap150/constituents/VOLTAS.csv,952429,2026-08-11 11:57
B,data/raw/MidCap150/constituents/WAAREEENER.csv,72446,2026-08-11 11:57
B,data/raw/MidCap150/constituents/YESBANK.csv,847589,2026-08-11 11:58
B,data/raw/N100_Survivorship/.DS_Store,6148,2026-08-20 23:49
B,data/raw/N100_Survivorship/clean/AARTIIND.csv,1037645,2026-07-30 18:48
B,data/raw/N100_Survivorship/clean/ABB.csv,939581,2026-07-23 11:08
B,data/raw/N100_Survivorship/clean/ABBOTINDIA.csv,1031770,2026-07-30 18:48
B,data/raw/N100_Survivorship/clean/ABCAPITAL.csv,380309,2026-07-30 18:48
B,data/raw/N100_Survivorship/clean/ABREL.csv,1113392,2026-07-30 18:48
B,data/raw/N100_Survivorship/clean/ACC.csv,951525,2026-07-30 18:48
B,data/raw/N100_Survivorship/clean/ACCELYA.csv,955409,2026-07-30 18:49
B,data/raw/N100_Survivorship/clean/ADANIENSOL.csv,475434,2026-07-23 11:08
B,data/raw/N100_Survivorship/clean/ADANIENT.csv,1009830,2026-07-23 11:08
B,data/raw/N100_Survivorship/clean/ADANIGREEN.csv,352421,2026-07-23 11:08
B,data/raw/N100_Survivorship/clean/ADANIPORTS.csv,776354,2026-07-23 11:08
B,data/raw/N100_Survivorship/clean/ADANIPOWER.csv,713641,2026-07-23 11:08
B,data/raw/N100_Survivorship/clean/AKZOINDIA.csv,983215,2026-07-30 18:49
B,data/raw/N100_Survivorship/clean/AMBUJACEM.csv,967576,2026-07-23 11:08
B,data/raw/N100_Survivorship/clean/APARINDS.csv,934024,2026-07-30 18:49
B,data/raw/N100_Survivorship/clean/APOLLOHOSP.csv,984627,2026-07-23 11:08
B,data/raw/N100_Survivorship/clean/APOLLOTYRE.csv,964576,2026-07-30 18:49
B,data/raw/N100_Survivorship/clean/ARVIND.csv,933504,2026-07-30 18:49
B,data/raw/N100_Survivorship/clean/ASAHIINDIA.csv,985418,2026-07-30 18:49
B,data/raw/N100_Survivorship/clean/ASHOKLEY.csv,944040,2026-07-30 18:49
B,data/raw/N100_Survivorship/clean/ASIANPAINT.csv,979603,2026-07-23 11:08
B,data/raw/N100_Survivorship/clean/ATUL.csv,938349,2026-07-30 18:50
B,data/raw/N100_Survivorship/clean/AUROPHARMA.csv,969658,2026-07-30 18:50
B,data/raw/N100_Survivorship/clean/AXISBANK.csv,1045020,2026-07-23 11:09
B,data/raw/N100_Survivorship/clean/BAJAJ-AUTO.csv,772689,2026-07-23 11:09
B,data/raw/N100_Survivorship/clean/BAJAJFINSV.csv,757743,2026-07-23 11:09
B,data/raw/N100_Survivorship/clean/BAJAJHLDNG.csv,999763,2026-07-23 11:09
B,data/raw/N100_Survivorship/clean/BAJFINANCE.csv,970368,2026-07-23 11:09
B,data/raw/N100_Survivorship/clean/BALMLAWRIE.csv,967738,2026-07-30 18:50
B,data/raw/N100_Survivorship/clean/BALRAMCHIN.csv,960947,2026-07-30 18:50
B,data/raw/N100_Survivorship/clean/BANKBARODA.csv,979842,2026-07-23 11:09
B,data/raw/N100_Survivorship/clean/BANKINDIA.csv,967696,2026-07-30 18:50
B,data/raw/N100_Survivorship/clean/BASF.csv,942291,2026-07-30 18:50
B,data/raw/N100_Survivorship/clean/BATAINDIA.csv,972529,2026-07-30 18:50
B,data/raw/N100_Survivorship/clean/BEL.csv,955069,2026-07-23 11:09
B,data/raw/N100_Survivorship/clean/BERGEPAINT.csv,960552,2026-07-30 18:51
B,data/raw/N100_Survivorship/clean/BHARATFORG.csv,978108,2026-07-30 18:51
B,data/raw/N100_Survivorship/clean/BHARTIARTL.csv,1020824,2026-07-23 11:10
B,data/raw/N100_Survivorship/clean/BHEL.csv,938965,2026-07-30 18:51
B,data/raw/N100_Survivorship/clean/BIRLACORPN.csv,970206,2026-07-30 18:51
B,data/raw/N100_Survivorship/clean/BOSCHLTD.csv,995731,2026-07-23 11:10
B,data/raw/N100_Survivorship/clean/BPCL.csv,971122,2026-07-23 11:10
B,data/raw/N100_Survivorship/clean/BRITANNIA.csv,975934,2026-07-23 11:10
B,data/raw/N100_Survivorship/clean/BSOFT.csv,923922,2026-07-30 18:51
B,data/raw/N100_Survivorship/clean/CANBK.csv,978514,2026-07-23 11:10
B,data/raw/N100_Survivorship/clean/CASTROLIND.csv,951952,2026-07-30 18:51
B,data/raw/N100_Survivorship/clean/CGPOWER.csv,979205,2026-07-23 11:10
B,data/raw/N100_Survivorship/clean/CHENNPETRO.csv,967446,2026-07-30 18:52
B,data/raw/N100_Survivorship/clean/CHOLAFIN.csv,949079,2026-07-23 11:10
B,data/raw/N100_Survivorship/clean/CIPLA.csv,950299,2026-07-23 11:11
B,data/raw/N100_Survivorship/clean/COALINDIA.csv,718463,2026-07-23 11:11
B,data/raw/N100_Survivorship/clean/COLPAL.csv,959804,2026-07-30 18:52
B,data/raw/N100_Survivorship/clean/CONCOR.csv,970639,2026-07-30 18:52
B,data/raw/N100_Survivorship/clean/CUMMINSIND.csv,979663,2026-07-23 11:11
B,data/raw/N100_Survivorship/clean/DABUR.csv,940241,2026-07-30 18:52
B,data/raw/N100_Survivorship/clean/DIVISLAB.csv,966007,2026-07-23 11:11
B,data/raw/N100_Survivorship/clean/DLF.csv,759350,2026-07-23 11:11
B,data/raw/N100_Survivorship/clean/DMART.csv,401372,2026-07-23 11:11
B,data/raw/N100_Survivorship/clean/DRREDDY.csv,1049139,2026-07-23 11:11
B,data/raw/N100_Survivorship/clean/EICHERMOT.csv,972302,2026-07-23 11:11
B,data/raw/N100_Survivorship/clean/EMAMILTD.csv,927849,2026-07-30 18:52
B,data/raw/N100_Survivorship/clean/ENRIN.csv,42184,2026-07-23 11:11
B,data/raw/N100_Survivorship/clean/ESCORTS.csv,954613,2026-07-30 18:52
B,data/raw/N100_Survivorship/clean/ETERNAL.csv,210548,2026-07-23 11:11
B,data/raw/N100_Survivorship/clean/FEDERALBNK.csv,1093633,2026-07-30 18:52
B,data/raw/N100_Survivorship/clean/FINCABLES.csv,953841,2026-07-30 18:53
B,data/raw/N100_Survivorship/clean/GAIL.csv,1012575,2026-07-23 11:12
B,data/raw/N100_Survivorship/clean/GESHIP.csv,949432,2026-07-30 18:53
B,data/raw/N100_Survivorship/clean/GICRE.csv,366939,2026-07-30 18:53
B,data/raw/N100_Survivorship/clean/GILLETTE.csv,977112,2026-07-30 18:53
B,data/raw/N100_Survivorship/clean/GLAXO.csv,959271,2026-07-30 18:53
B,data/raw/N100_Survivorship/clean/GLENMARK.csv,963321,2026-07-30 18:53
B,data/raw/N100_Survivorship/clean/GMRAIRPORT.csv,821933,2026-07-30 18:53
B,data/raw/N100_Survivorship/clean/GODREJCP.csv,964990,2026-07-23 11:12
B,data/raw/N100_Survivorship/clean/GODREJPROP.csv,723801,2026-07-30 18:53
B,data/raw/N100_Survivorship/clean/GRASIM.csv,961048,2026-07-23 11:12
B,data/raw/N100_Survivorship/clean/GUJGASLTD.csv,958634,2026-07-30 18:54
B,data/raw/N100_Survivorship/clean/HAL.csv,349153,2026-07-23 11:12
B,data/raw/N100_Survivorship/clean/HAVELLS.csv,953792,2026-07-30 18:54
B,data/raw/N100_Survivorship/clean/HCLTECH.csv,953289,2026-07-23 11:12
B,data/raw/N100_Survivorship/clean/HDBFS.csv,39893,2026-07-30 18:54
B,data/raw/N100_Survivorship/clean/HDFCAMC.csv,346251,2026-07-23 11:12
B,data/raw/N100_Survivorship/clean/HDFCBANK.csv,960932,2026-07-23 11:12
B,data/raw/N100_Survivorship/clean/HDFCLIFE.csv,371353,2026-07-23 11:12
B,data/raw/N100_Survivorship/clean/HEROMOTOCO.csv,1044659,2026-07-30 18:54
B,data/raw/N100_Survivorship/clean/HFCL.csv,915693,2026-07-30 18:54
B,data/raw/N100_Survivorship/clean/HINDALCO.csv,968055,2026-07-23 11:12
B,data/raw/N100_Survivorship/clean/HINDOILEXP.csv,965050,2026-07-30 18:54
B,data/raw/N100_Survivorship/clean/HINDPETRO.csv,1000600,2026-07-30 18:54
B,data/raw/N100_Survivorship/clean/HINDUNILVR.csv,986751,2026-07-23 11:13
B,data/raw/N100_Survivorship/clean/HINDZINC.csv,995096,2026-07-23 11:13
B,data/raw/N100_Survivorship/clean/HYUNDAI.csv,71858,2026-07-23 11:13
B,data/raw/N100_Survivorship/clean/ICICIBANK.csv,985217,2026-07-23 11:13
B,data/raw/N100_Survivorship/clean/ICICIGI.csv,382078,2026-07-30 18:54
B,data/raw/N100_Survivorship/clean/ICICIPRULI.csv,424569,2026-07-30 18:54
B,data/raw/N100_Survivorship/clean/IDBI.csv,922727,2026-07-30 18:55
B,data/raw/N100_Survivorship/clean/IDEA.csv,758883,2026-07-30 18:55
B,data/raw/N100_Survivorship/clean/IDFCFIRSTB.csv,454474,2026-07-30 18:55
B,data/raw/N100_Survivorship/clean/IFCI.csv,915649,2026-07-30 18:55
B,data/raw/N100_Survivorship/clean/IGL.csv,883805,2026-07-30 18:55
B,data/raw/N100_Survivorship/clean/INDHOTEL.csv,1022758,2026-07-23 11:13
B,data/raw/N100_Survivorship/clean/INDIACEM.csv,954798,2026-07-30 18:55
B,data/raw/N100_Survivorship/clean/INDIGO.csv,462904,2026-07-23 11:13
B,data/raw/N100_Survivorship/clean/INDUSINDBK.csv,976433,2026-07-30 18:55
B,data/raw/N100_Survivorship/clean/INDUSTOWER.csv,589543,2026-07-30 18:55
B,data/raw/N100_Survivorship/clean/INFY.csv,957780,2026-07-23 11:13
B,data/raw/N100_Survivorship/clean/INGERRAND.csv,963109,2026-07-30 18:56
B,data/raw/N100_Survivorship/clean/IOB.csv,912040,2026-07-30 18:56
B,data/raw/N100_Survivorship/clean/IOC.csv,961212,2026-07-23 11:13
B,data/raw/N100_Survivorship/clean/IRFC.csv,225522,2026-07-23 11:13
B,data/raw/N100_Survivorship/clean/ITC.csv,980278,2026-07-23 11:14
B,data/raw/N100_Survivorship/clean/J&KBANK.csv,940158,2026-07-30 18:56
B,data/raw/N100_Survivorship/clean/JGCHEM.csv,95474,2026-07-30 18:56
B,data/raw/N100_Survivorship/clean/JINDALSTEL.csv,975328,2026-07-23 11:14
B,data/raw/N100_Survivorship/clean/JIOFIN.csv,121561,2026-07-23 11:14
B,data/raw/N100_Survivorship/clean/JSWSTEEL.csv,944077,2026-07-23 11:14
B,data/raw/N100_Survivorship/clean/KOTAKBANK.csv,969615,2026-07-23 11:14
B,data/raw/N100_Survivorship/clean/LICHSGFIN.csv,987883,2026-07-30 18:56
B,data/raw/N100_Survivorship/clean/LODHA.csv,221536,2026-07-23 11:14
B,data/raw/N100_Survivorship/clean/LT.csv,951290,2026-07-23 11:14
B,data/raw/N100_Survivorship/clean/LUPIN.csv,952547,2026-07-30 18:56
B,data/raw/N100_Survivorship/clean/M&M.csv,946075,2026-07-23 11:14
B,data/raw/N100_Survivorship/clean/MARICO.csv,951409,2026-07-30 18:56
B,data/raw/N100_Survivorship/clean/MARUTI.csv,954938,2026-07-23 11:14
B,data/raw/N100_Survivorship/clean/MAXHEALTH.csv,254375,2026-07-23 11:14
B,data/raw/N100_Survivorship/clean/MAZDOCK.csv,247916,2026-07-23 11:15
B,data/raw/N100_Survivorship/clean/MOREPENLAB.csv,940415,2026-07-30 18:56
B,data/raw/N100_Survivorship/clean/MOTHERSON.csv,1035779,2026-07-23 11:15
B,data/raw/N100_Survivorship/clean/MRF.csv,972175,2026-07-30 18:57
B,data/raw/N100_Survivorship/clean/MRPL.csv,920804,2026-07-30 18:57
B,data/raw/N100_Survivorship/clean/MTNL.csv,921802,2026-07-30 18:57
B,data/raw/N100_Survivorship/clean/MUTHOOTFIN.csv,665479,2026-07-23 11:15
B,data/raw/N100_Survivorship/clean/NATIONALUM.csv,966118,2026-07-30 18:57
B,data/raw/N100_Survivorship/clean/NAUKRI.csv,784486,2026-07-30 18:57
B,data/raw/N100_Survivorship/clean/NESTLEIND.csv,978087,2026-07-23 11:15
B,data/raw/N100_Survivorship/clean/NH.csv,435927,2026-07-30 18:57
B,data/raw/N100_Survivorship/clean/NIACL.csv,363847,2026-07-30 18:57
B,data/raw/N100_Survivorship/clean/NIFTY100.csv,322935,2026-08-07 14:38
B,data/raw/N100_Survivorship/clean/NMDC.csv,919760,2026-07-30 18:57
B,data/raw/N100_Survivorship/clean/NOVARTIND.csv,930843,2026-07-30 18:57
B,data/raw/N100_Survivorship/clean/NTPC.csv,882306,2026-07-23 11:15
B,data/raw/N100_Survivorship/clean/NYKAA.csv,196762,2026-07-30 18:58
B,data/raw/N100_Survivorship/clean/OFSS.csv,1016409,2026-07-30 18:58
B,data/raw/N100_Survivorship/clean/ONGC.csv,996548,2026-07-23 11:15
B,data/raw/N100_Survivorship/clean/PAYTM.csv,195690,2026-07-30 18:58
B,data/raw/N100_Survivorship/clean/PETRONET.csv,956072,2026-07-30 18:58
B,data/raw/N100_Survivorship/clean/PFC.csv,761451,2026-07-23 11:15
B,data/raw/N100_Survivorship/clean/PFIZER.csv,975968,2026-07-30 18:58
B,data/raw/N100_Survivorship/clean/PGHL.csv,946212,2026-07-30 18:58
B,data/raw/N100_Survivorship/clean/PIDILITIND.csv,964911,2026-07-23 11:15
B,data/raw/N100_Survivorship/clean/PNB.csv,940949,2026-07-23 11:16
B,data/raw/N100_Survivorship/clean/POLYCAB.csv,313826,2026-07-30 18:58
B,data/raw/N100_Survivorship/clean/POWERGRID.csv,766279,2026-07-23 11:16
B,data/raw/N100_Survivorship/clean/RAYMOND.csv,1005597,2026-07-30 18:58
B,data/raw/N100_Survivorship/clean/RECLTD.csv,738450,2026-07-23 11:16
B,data/raw/N100_Survivorship/clean/RELIANCE.csv,1094407,2026-07-23 11:16
B,data/raw/N100_Survivorship/clean/RELINFRA.csv,959048,2026-07-30 18:58
B,data/raw/N100_Survivorship/clean/RPOWER.csv,730722,2026-07-30 18:59
B,data/raw/N100_Survivorship/clean/SAIL.csv,931590,2026-07-30 18:59
B,data/raw/N100_Survivorship/clean/SBICARD.csv,272670,2026-07-30 18:59
B,data/raw/N100_Survivorship/clean/SBILIFE.csv,379376,2026-07-23 11:16
B,data/raw/N100_Survivorship/clean/SBIN.csv,950554,2026-07-23 11:16
B,data/raw/N100_Survivorship/clean/SCILAL.csv,762965,2026-07-30 18:59
B,data/raw/N100_Survivorship/clean/SHREECEM.csv,990866,2026-07-23 11:16
B,data/raw/N100_Survivorship/clean/SHRIRAMFIN.csv,965550,2026-07-23 11:17
B,data/raw/N100_Survivorship/clean/SIEMENS.csv,1027805,2026-07-23 11:17
B,data/raw/N100_Survivorship/clean/SIS.csv,369034,2026-07-30 18:59
B,data/raw/N100_Survivorship/clean/SOLARINDS.csv,859018,2026-07-23 11:17
B,data/raw/N100_Survivorship/clean/SUNDARMFIN.csv,975844,2026-07-30 18:59
B,data/raw/N100_Survivorship/clean/SUNPHARMA.csv,974985,2026-07-23 11:17
B,data/raw/N100_Survivorship/clean/SUNTV.csv,813491,2026-07-30 18:59
B,data/raw/N100_Survivorship/clean/SUZLON.csv,863173,2026-07-30 18:59
B,data/raw/N100_Survivorship/clean/TATACAP.csv,28479,2026-07-23 11:17
B,data/raw/N100_Survivorship/clean/TATACHEM.csv,965483,2026-07-30 18:59
B,data/raw/N100_Survivorship/clean/TATACOMM.csv,968156,2026-07-30 19:00
B,data/raw/N100_Survivorship/clean/TATACONSUM.csv,976035,2026-07-23 11:17
B,data/raw/N100_Survivorship/clean/TATAPOWER.csv,990068,2026-07-23 11:17
B,data/raw/N100_Survivorship/clean/TATASTEEL.csv,982907,2026-07-23 11:17
B,data/raw/N100_Survivorship/clean/TCS.csv,886838,2026-07-23 11:18
B,data/raw/N100_Survivorship/clean/TECHM.csv,815753,2026-07-23 11:18
B,data/raw/N100_Survivorship/clean/THOMASCOOK.csv,955592,2026-07-30 19:00
B,data/raw/N100_Survivorship/clean/TIINDIA.csv,375179,2026-07-30 19:00
B,data/raw/N100_Survivorship/clean/TITAN.csv,949514,2026-07-23 11:18
B,data/raw/N100_Survivorship/clean/TMCV.csv,24546,2026-07-23 11:18
B,data/raw/N100_Survivorship/clean/TMPV.csv,1133557,2026-07-23 11:18
B,data/raw/N100_Survivorship/clean/TORNTPHARM.csv,1018841,2026-07-23 11:18
B,data/raw/N100_Survivorship/clean/TORNTPOWER.csv,811522,2026-07-30 19:00
B,data/raw/N100_Survivorship/clean/TRENT.csv,1009405,2026-07-23 11:18
B,data/raw/N100_Survivorship/clean/TTML.csv,924154,2026-07-30 19:00
B,data/raw/N100_Survivorship/clean/TVSMOTOR.csv,959514,2026-07-23 11:18
B,data/raw/N100_Survivorship/clean/UBL.csv,911698,2026-07-30 19:00
B,data/raw/N100_Survivorship/clean/ULTRACEMCO.csv,925732,2026-07-23 11:19
B,data/raw/N100_Survivorship/clean/UNIONBANK.csv,972293,2026-07-23 11:19
B,data/raw/N100_Survivorship/clean/UNITDSPR.csv,971389,2026-07-23 11:19
B,data/raw/N100_Survivorship/clean/UPL.csv,906922,2026-07-30 19:00
B,data/raw/N100_Survivorship/clean/VBL.csv,398276,2026-07-23 11:19
B,data/raw/N100_Survivorship/clean/VEDL.csv,995863,2026-07-23 11:19
B,data/raw/N100_Survivorship/clean/VIJAYA.csv,202882,2026-07-30 19:00
B,data/raw/N100_Survivorship/clean/WIPRO.csv,975737,2026-07-23 11:19
B,data/raw/N100_Survivorship/clean/WOCKPHARMA.csv,1029375,2026-07-30 19:00
B,data/raw/N100_Survivorship/clean/YESBANK.csv,847589,2026-07-30 19:01
B,data/raw/N100_Survivorship/clean/ZEEL.csv,950153,2026-07-30 19:01
B,data/raw/N100_Survivorship/clean/ZYDUSLIFE.csv,975403,2026-07-23 11:19
B,data/raw/N100_Survivorship/index_membership_nifty100.csv,159080,2026-08-18 17:58
B,data/raw/N100_constituents/ABB.csv,942814,2026-07-20 11:20
B,data/raw/N100_constituents/ADANIENSOL.csv,475599,2026-07-20 11:20
B,data/raw/N100_constituents/ADANIENT.csv,1009823,2026-07-20 11:20
B,data/raw/N100_constituents/ADANIGREEN.csv,352421,2026-07-20 11:21
B,data/raw/N100_constituents/ADANIPORTS.csv,776531,2026-07-20 11:21
B,data/raw/N100_constituents/ADANIPOWER.csv,715472,2026-07-20 11:21
B,data/raw/N100_constituents/AMBUJACEM.csv,967753,2026-07-20 11:21
B,data/raw/N100_constituents/APOLLOHOSP.csv,984808,2026-07-20 11:21
B,data/raw/N100_constituents/ASIANPAINT.csv,979781,2026-07-20 11:21
B,data/raw/N100_constituents/AXISBANK.csv,1045197,2026-07-20 11:21
B,data/raw/N100_constituents/BAJAJ-AUTO.csv,773037,2026-07-20 11:21
B,data/raw/N100_constituents/BAJAJFINSV.csv,758786,2026-07-20 11:22
B,data/raw/N100_constituents/BAJAJHLDNG.csv,1001378,2026-07-20 11:22
B,data/raw/N100_constituents/BAJFINANCE.csv,973316,2026-07-20 11:22
B,data/raw/N100_constituents/BANKBARODA.csv,980675,2026-07-20 11:22
B,data/raw/N100_constituents/BEL.csv,958251,2026-07-20 11:22
B,data/raw/N100_constituents/BHARTIARTL.csv,1024370,2026-07-20 11:22
B,data/raw/N100_constituents/BOSCHLTD.csv,995917,2026-07-20 11:22
B,data/raw/N100_constituents/BPCL.csv,971229,2026-07-20 11:23
B,data/raw/N100_constituents/BRITANNIA.csv,987766,2026-07-20 11:23
B,data/raw/N100_constituents/CANBK.csv,978680,2026-07-20 11:23
B,data/raw/N100_constituents/CGPOWER.csv,942740,2026-07-20 11:23
B,data/raw/N100_constituents/CHOLAFIN.csv,950252,2026-07-20 11:23
B,data/raw/N100_constituents/CIPLA.csv,950474,2026-07-20 11:23
B,data/raw/N100_constituents/COALINDIA.csv,718463,2026-07-20 11:23
B,data/raw/N100_constituents/CUMMINSIND.csv,979830,2026-07-20 11:24
B,data/raw/N100_constituents/DIVISLAB.csv,966177,2026-07-20 11:24
B,data/raw/N100_constituents/DLF.csv,759671,2026-07-20 11:24
B,data/raw/N100_constituents/DMART.csv,401896,2026-07-20 11:24
B,data/raw/N100_constituents/DRREDDY.csv,1050784,2026-07-20 11:24
B,data/raw/N100_constituents/EICHERMOT.csv,972652,2026-07-20 11:24
B,data/raw/N100_constituents/ENRIN.csv,42184,2026-07-20 11:24
B,data/raw/N100_constituents/ETERNAL.csv,210548,2026-07-20 11:24
B,data/raw/N100_constituents/GAIL.csv,1012575,2026-07-20 11:24
B,data/raw/N100_constituents/GODREJCP.csv,966859,2026-07-20 11:24
B,data/raw/N100_constituents/GRASIM.csv,964530,2026-07-20 11:25
B,data/raw/N100_constituents/HAL.csv,349153,2026-07-20 11:25
B,data/raw/N100_constituents/HCLTECH.csv,956332,2026-07-20 11:25
B,data/raw/N100_constituents/HDFCAMC.csv,346251,2026-07-20 11:25
B,data/raw/N100_constituents/HDFCBANK.csv,961933,2026-07-20 11:25
B,data/raw/N100_constituents/HDFCLIFE.csv,371353,2026-07-20 11:25
B,data/raw/N100_constituents/HINDALCO.csv,968232,2026-07-20 11:25
B,data/raw/N100_constituents/HINDUNILVR.csv,988163,2026-07-20 11:25
B,data/raw/N100_constituents/HINDZINC.csv,995272,2026-07-20 11:25
B,data/raw/N100_constituents/HYUNDAI.csv,71858,2026-07-20 11:25
B,data/raw/N100_constituents/ICICIBANK.csv,985395,2026-07-20 11:26
B,data/raw/N100_constituents/INDHOTEL.csv,1026196,2026-07-20 11:26
B,data/raw/N100_constituents/INDIGO.csv,463066,2026-07-20 11:26
B,data/raw/N100_constituents/INFY.csv,957951,2026-07-20 11:26
B,data/raw/N100_constituents/IOC.csv,961482,2026-07-20 11:26
B,data/raw/N100_constituents/IRFC.csv,225522,2026-07-20 11:26
B,data/raw/N100_constituents/ITC.csv,980278,2026-07-20 11:26
B,data/raw/N100_constituents/JINDALSTEL.csv,975328,2026-07-20 11:26
B,data/raw/N100_constituents/JIOFIN.csv,121561,2026-07-20 11:26
B,data/raw/N100_constituents/JSWSTEEL.csv,942395,2026-07-20 11:27
B,data/raw/N100_constituents/KOTAKBANK.csv,973572,2026-07-20 11:27
B,data/raw/N100_constituents/LODHA.csv,221536,2026-07-20 11:27
B,data/raw/N100_constituents/LT.csv,951963,2026-07-20 11:27
B,data/raw/N100_constituents/M&M.csv,946246,2026-07-20 11:27
B,data/raw/N100_constituents/MARUTI.csv,955285,2026-07-20 11:27
B,data/raw/N100_constituents/MAXHEALTH.csv,254375,2026-07-20 11:27
B,data/raw/N100_constituents/MAZDOCK.csv,247916,2026-07-20 11:27
B,data/raw/N100_constituents/MOTHERSON.csv,1037301,2026-07-20 11:27
B,data/raw/N100_constituents/MUTHOOTFIN.csv,665978,2026-07-20 11:27
B,data/raw/N100_constituents/NESTLEIND.csv,971430,2026-07-20 11:28
B,data/raw/N100_constituents/NTPC.csv,884789,2026-07-20 11:28
B,data/raw/N100_constituents/ONGC.csv,996548,2026-07-20 11:28
B,data/raw/N100_constituents/PFC.csv,761620,2026-07-20 11:28
B,data/raw/N100_constituents/PIDILITIND.csv,965891,2026-07-20 11:28
B,data/raw/N100_constituents/PNB.csv,941431,2026-07-20 11:28
B,data/raw/N100_constituents/POWERGRID.csv,768000,2026-07-20 11:28
B,data/raw/N100_constituents/RECLTD.csv,738797,2026-07-20 11:28
B,data/raw/N100_constituents/RELIANCE.csv,1093448,2026-07-20 11:28
B,data/raw/N100_constituents/SBILIFE.csv,379602,2026-07-20 11:29
B,data/raw/N100_constituents/SBIN.csv,950730,2026-07-20 11:29
B,data/raw/N100_constituents/SHREECEM.csv,993991,2026-07-20 11:29
B,data/raw/N100_constituents/SHRIRAMFIN.csv,968397,2026-07-20 11:29
B,data/raw/N100_constituents/SIEMENS.csv,1029261,2026-07-20 11:29
B,data/raw/N100_constituents/SOLARINDS.csv,859018,2026-07-20 11:29
B,data/raw/N100_constituents/SUNPHARMA.csv,976698,2026-07-20 11:29
B,data/raw/N100_constituents/TATACAP.csv,28479,2026-07-20 11:29
B,data/raw/N100_constituents/TATACONSUM.csv,976216,2026-07-20 11:30
B,data/raw/N100_constituents/TATAPOWER.csv,991822,2026-07-20 11:30
B,data/raw/N100_constituents/TATASTEEL.csv,983077,2026-07-20 11:30
B,data/raw/N100_constituents/TCS.csv,889668,2026-07-20 11:30
B,data/raw/N100_constituents/TECHM.csv,815926,2026-07-20 11:30
B,data/raw/N100_constituents/TITAN.csv,950507,2026-07-20 11:30
B,data/raw/N100_constituents/TMCV.csv,24546,2026-07-20 11:30
B,data/raw/N100_constituents/TMPV.csv,1140651,2026-07-20 11:30
B,data/raw/N100_constituents/TORNTPHARM.csv,1019018,2026-07-20 11:31
B,data/raw/N100_constituents/TRENT.csv,942129,2026-07-20 11:31
B,data/raw/N100_constituents/TVSMOTOR.csv,959678,2026-07-20 11:31
B,data/raw/N100_constituents/ULTRACEMCO.csv,926087,2026-07-20 11:31
B,data/raw/N100_constituents/UNIONBANK.csv,972631,2026-07-20 11:31
B,data/raw/N100_constituents/UNITDSPR.csv,999336,2026-07-20 11:31
B,data/raw/N100_constituents/VBL.csv,398162,2026-07-20 11:31
B,data/raw/N100_constituents/VEDL.csv,992118,2026-07-20 11:31
B,data/raw/N100_constituents/WIPRO.csv,975771,2026-07-20 11:32
B,data/raw/N100_constituents/ZYDUSLIFE.csv,977006,2026-07-20 11:32
B,data/raw/nifty100_benchmark/ABB.csv,942814,2026-07-20 11:20
B,data/raw/nifty100_benchmark/ADANIENSOL.csv,475599,2026-07-20 11:20
B,data/raw/nifty100_benchmark/ADANIENT.csv,1009823,2026-07-20 11:20
B,data/raw/nifty100_benchmark/ADANIGREEN.csv,352421,2026-07-20 11:21
B,data/raw/nifty100_benchmark/ADANIPORTS.csv,776531,2026-07-20 11:21
B,data/raw/nifty100_benchmark/ADANIPOWER.csv,715472,2026-07-20 11:21
B,data/raw/nifty100_benchmark/AMBUJACEM.csv,967753,2026-07-20 11:21
B,data/raw/nifty100_benchmark/APOLLOHOSP.csv,984808,2026-07-20 11:21
B,data/raw/nifty100_benchmark/ASIANPAINT.csv,979781,2026-07-20 11:21
B,data/raw/nifty100_benchmark/AXISBANK.csv,1045197,2026-07-20 11:21
B,data/raw/nifty100_benchmark/BAJAJ-AUTO.csv,773037,2026-07-20 11:21
B,data/raw/nifty100_benchmark/BAJAJFINSV.csv,758786,2026-07-20 11:22
B,data/raw/nifty100_benchmark/BAJAJHLDNG.csv,1001378,2026-07-20 11:22
B,data/raw/nifty100_benchmark/BAJFINANCE.csv,973316,2026-07-20 11:22
B,data/raw/nifty100_benchmark/BANKBARODA.csv,980675,2026-07-20 11:22
B,data/raw/nifty100_benchmark/BEL.csv,958251,2026-07-20 11:22
B,data/raw/nifty100_benchmark/BHARTIARTL.csv,1024370,2026-07-20 11:22
B,data/raw/nifty100_benchmark/BOSCHLTD.csv,995917,2026-07-20 11:22
B,data/raw/nifty100_benchmark/BPCL.csv,971229,2026-07-20 11:23
B,data/raw/nifty100_benchmark/BRITANNIA.csv,987766,2026-07-20 11:23
B,data/raw/nifty100_benchmark/CANBK.csv,978680,2026-07-20 11:23
B,data/raw/nifty100_benchmark/CGPOWER.csv,942740,2026-07-20 11:23
B,data/raw/nifty100_benchmark/CHOLAFIN.csv,950252,2026-07-20 11:23
B,data/raw/nifty100_benchmark/CIPLA.csv,950474,2026-07-20 11:23
B,data/raw/nifty100_benchmark/COALINDIA.csv,718463,2026-07-20 11:23
B,data/raw/nifty100_benchmark/CUMMINSIND.csv,979830,2026-07-20 11:24
B,data/raw/nifty100_benchmark/DIVISLAB.csv,966177,2026-07-20 11:24
B,data/raw/nifty100_benchmark/DLF.csv,759671,2026-07-20 11:24
B,data/raw/nifty100_benchmark/DMART.csv,401896,2026-07-20 11:24
B,data/raw/nifty100_benchmark/DRREDDY.csv,1050784,2026-07-20 11:24
B,data/raw/nifty100_benchmark/EICHERMOT.csv,972652,2026-07-20 11:24
B,data/raw/nifty100_benchmark/ENRIN.csv,42184,2026-07-20 11:24
B,data/raw/nifty100_benchmark/ETERNAL.csv,210548,2026-07-20 11:24
B,data/raw/nifty100_benchmark/GAIL.csv,1012575,2026-07-20 11:24
B,data/raw/nifty100_benchmark/GODREJCP.csv,966859,2026-07-20 11:24
B,data/raw/nifty100_benchmark/GRASIM.csv,964530,2026-07-20 11:25
B,data/raw/nifty100_benchmark/HAL.csv,349153,2026-07-20 11:25
B,data/raw/nifty100_benchmark/HCLTECH.csv,956332,2026-07-20 11:25
B,data/raw/nifty100_benchmark/HDFCAMC.csv,346251,2026-07-20 11:25
B,data/raw/nifty100_benchmark/HDFCBANK.csv,961933,2026-07-20 11:25
B,data/raw/nifty100_benchmark/HDFCLIFE.csv,371353,2026-07-20 11:25
B,data/raw/nifty100_benchmark/HINDALCO.csv,968232,2026-07-20 11:25
B,data/raw/nifty100_benchmark/HINDUNILVR.csv,988163,2026-07-20 11:25
B,data/raw/nifty100_benchmark/HINDZINC.csv,995272,2026-07-20 11:25
B,data/raw/nifty100_benchmark/HYUNDAI.csv,71858,2026-07-20 11:25
B,data/raw/nifty100_benchmark/ICICIBANK.csv,985395,2026-07-20 11:26
B,data/raw/nifty100_benchmark/INDHOTEL.csv,1026196,2026-07-20 11:26
B,data/raw/nifty100_benchmark/INDIGO.csv,463066,2026-07-20 11:26
B,data/raw/nifty100_benchmark/INFY.csv,957951,2026-07-20 11:26
B,data/raw/nifty100_benchmark/IOC.csv,961482,2026-07-20 11:26
B,data/raw/nifty100_benchmark/IRFC.csv,225522,2026-07-20 11:26
B,data/raw/nifty100_benchmark/ITC.csv,980278,2026-07-20 11:26
B,data/raw/nifty100_benchmark/JINDALSTEL.csv,975328,2026-07-20 11:26
B,data/raw/nifty100_benchmark/JIOFIN.csv,121561,2026-07-20 11:26
B,data/raw/nifty100_benchmark/JSWSTEEL.csv,942395,2026-07-20 11:27
B,data/raw/nifty100_benchmark/KOTAKBANK.csv,973572,2026-07-20 11:27
B,data/raw/nifty100_benchmark/LODHA.csv,221536,2026-07-20 11:27
B,data/raw/nifty100_benchmark/LT.csv,951963,2026-07-20 11:27
B,data/raw/nifty100_benchmark/M&M.csv,946246,2026-07-20 11:27
B,data/raw/nifty100_benchmark/MARUTI.csv,955285,2026-07-20 11:27
B,data/raw/nifty100_benchmark/MAXHEALTH.csv,254375,2026-07-20 11:27
B,data/raw/nifty100_benchmark/MAZDOCK.csv,247916,2026-07-20 11:27
B,data/raw/nifty100_benchmark/MOTHERSON.csv,1037301,2026-07-20 11:27
B,data/raw/nifty100_benchmark/MUTHOOTFIN.csv,665978,2026-07-20 11:27
B,data/raw/nifty100_benchmark/NESTLEIND.csv,971430,2026-07-20 11:28
B,data/raw/nifty100_benchmark/NIFTY100.csv,321056,2026-06-23 15:25
B,data/raw/nifty100_benchmark/NTPC.csv,884789,2026-07-20 11:28
B,data/raw/nifty100_benchmark/ONGC.csv,996548,2026-07-20 11:28
B,data/raw/nifty100_benchmark/PFC.csv,761620,2026-07-20 11:28
B,data/raw/nifty100_benchmark/PIDILITIND.csv,965891,2026-07-20 11:28
B,data/raw/nifty100_benchmark/PNB.csv,941431,2026-07-20 11:28
B,data/raw/nifty100_benchmark/POWERGRID.csv,768000,2026-07-20 11:28
B,data/raw/nifty100_benchmark/RECLTD.csv,738797,2026-07-20 11:28
B,data/raw/nifty100_benchmark/RELIANCE.csv,1093448,2026-07-20 11:28
B,data/raw/nifty100_benchmark/SBILIFE.csv,379602,2026-07-20 11:29
B,data/raw/nifty100_benchmark/SBIN.csv,950730,2026-07-20 11:29
B,data/raw/nifty100_benchmark/SHREECEM.csv,993991,2026-07-20 11:29
B,data/raw/nifty100_benchmark/SHRIRAMFIN.csv,968397,2026-07-20 11:29
B,data/raw/nifty100_benchmark/SIEMENS.csv,1029261,2026-07-20 11:29
B,data/raw/nifty100_benchmark/SOLARINDS.csv,859018,2026-07-20 11:29
B,data/raw/nifty100_benchmark/SUNPHARMA.csv,976698,2026-07-20 11:29
B,data/raw/nifty100_benchmark/TATACAP.csv,28479,2026-07-20 11:29
B,data/raw/nifty100_benchmark/TATACONSUM.csv,976216,2026-07-20 11:30
B,data/raw/nifty100_benchmark/TATAPOWER.csv,991822,2026-07-20 11:30
B,data/raw/nifty100_benchmark/TATASTEEL.csv,983077,2026-07-20 11:30
B,data/raw/nifty100_benchmark/TCS.csv,889668,2026-07-20 11:30
B,data/raw/nifty100_benchmark/TECHM.csv,815926,2026-07-20 11:30
B,data/raw/nifty100_benchmark/TITAN.csv,950507,2026-07-20 11:30
B,data/raw/nifty100_benchmark/TMCV.csv,24546,2026-07-20 11:30
B,data/raw/nifty100_benchmark/TMPV.csv,1140651,2026-07-20 11:30
B,data/raw/nifty100_benchmark/TORNTPHARM.csv,1019018,2026-07-20 11:31
B,data/raw/nifty100_benchmark/TRENT.csv,942129,2026-07-20 11:31
B,data/raw/nifty100_benchmark/TVSMOTOR.csv,959678,2026-07-20 11:31
B,data/raw/nifty100_benchmark/ULTRACEMCO.csv,926087,2026-07-20 11:31
B,data/raw/nifty100_benchmark/UNIONBANK.csv,972631,2026-07-20 11:31
B,data/raw/nifty100_benchmark/UNITDSPR.csv,999336,2026-07-20 11:31
B,data/raw/nifty100_benchmark/VBL.csv,398162,2026-07-20 11:31
B,data/raw/nifty100_benchmark/VEDL.csv,992118,2026-07-20 11:31
B,data/raw/nifty100_benchmark/WIPRO.csv,975771,2026-07-20 11:32
B,data/raw/nifty100_benchmark/ZYDUSLIFE.csv,977006,2026-07-20 11:32
B,data/raw/nifty50/ADANIENT.csv,955471,2026-06-12 10:26
B,data/raw/nifty50/ADANIPORTS.csv,762201,2026-06-12 10:26
B,data/raw/nifty50/APOLLOHOSP.csv,965992,2026-06-12 10:26
B,data/raw/nifty50/ASIANPAINT.csv,961187,2026-06-12 10:26
B,data/raw/nifty50/AXISBANK.csv,990021,2026-06-12 10:26
B,data/raw/nifty50/BAJAJ-AUTO.csv,758577,2026-06-12 10:26
B,data/raw/nifty50/BAJAJFINSV.csv,736407,2026-06-12 10:26
B,data/raw/nifty50/BAJFINANCE.csv,927665,2026-06-12 10:26
B,data/raw/nifty50/BEL.csv,933158,2026-06-12 10:26
B,data/raw/nifty50/BELRISE.csv,41969,2026-06-12 10:26
B,data/raw/nifty50/BHARTIARTL.csv,996885,2026-06-12 10:26
B,data/raw/nifty50/BPCL.csv,916838,2026-06-12 10:26
B,data/raw/nifty50/BRITANNIA.csv,953593,2026-06-12 10:26
B,data/raw/nifty50/CIPLA.csv,931647,2026-06-12 10:26
B,data/raw/nifty50/COALINDIA.csv,637560,2026-06-12 10:26
B,data/raw/nifty50/DRREDDY.csv,946909,2026-06-12 10:26
B,data/raw/nifty50/EICHERMOT.csv,953564,2026-06-12 10:26
B,data/raw/nifty50/ETERNAL.csv,196671,2026-06-12 10:26
B,data/raw/nifty50/GRASIM.csv,939798,2026-06-12 10:26
B,data/raw/nifty50/HCLTECH.csv,928365,2026-06-12 10:26
B,data/raw/nifty50/HDFCBANK.csv,939103,2026-06-12 10:26
B,data/raw/nifty50/HDFCLIFE.csv,346986,2026-06-12 10:26
B,data/raw/nifty50/HEROMOTOCO.csv,972460,2026-06-12 10:26
B,data/raw/nifty50/HINDALCO.csv,949358,2026-06-12 10:26
B,data/raw/nifty50/HINDUNILVR.csv,968550,2026-06-12 10:26
B,data/raw/nifty50/ICICIBANK.csv,966533,2026-06-12 10:26
B,data/raw/nifty50/INDUSINDBK.csv,957784,2026-06-12 10:25
B,data/raw/nifty50/INFY.csv,939313,2026-06-12 10:25
B,data/raw/nifty50/ITC.csv,925160,2026-06-12 10:25
B,data/raw/nifty50/ITCHOTELS.csv,55770,2026-06-12 10:25
B,data/raw/nifty50/JSWSTEEL.csv,911157,2026-06-12 10:25
B,data/raw/nifty50/KOTAKBANK.csv,942163,2026-06-12 10:25
B,data/raw/nifty50/LICI.csv,161227,2026-06-12 10:25
B,data/raw/nifty50/LT.csv,930217,2026-06-12 10:25
B,data/raw/nifty50/LTF.csv,577210,2026-06-12 10:25
B,data/raw/nifty50/LTFOODS.csv,756799,2026-06-12 10:25
B,data/raw/nifty50/LTIM.csv,397832,2026-06-12 10:25
B,data/raw/nifty50/LTTS.csv,390703,2026-06-12 10:25
B,data/raw/nifty50/M&M.csv,927705,2026-06-12 10:25
B,data/raw/nifty50/M&MFIN.csv,808444,2026-06-12 10:25
B,data/raw/nifty50/MARUTI.csv,936956,2026-06-12 10:25
B,data/raw/nifty50/NESTLEIND.csv,921044,2026-06-12 10:25
B,data/raw/nifty50/NTPC.csv,854934,2026-06-12 10:25
B,data/raw/nifty50/NTPCGREEN.csv,62521,2026-06-12 10:25
B,data/raw/nifty50/ONGC.csv,930033,2026-06-12 10:25
B,data/raw/nifty50/POWERGRID.csv,752389,2026-06-12 10:25
B,data/raw/nifty50/RELIANCE.csv,1073693,2026-06-12 10:25
B,data/raw/nifty50/SBILIFE.csv,354540,2026-06-12 10:25
B,data/raw/nifty50/SBIN.csv,932264,2026-06-12 10:25
B,data/raw/nifty50/SHRIRAMFIN.csv,943466,2026-06-12 10:25
B,data/raw/nifty50/SUNPHARMA.csv,953445,2026-06-12 10:25
B,data/raw/nifty50/TATACONSUM.csv,958463,2026-06-12 10:25
B,data/raw/nifty50/TATASTEEL.csv,956483,2026-06-12 10:25
B,data/raw/nifty50/TCS.csv,867283,2026-06-12 10:25
B,data/raw/nifty50/TECHM.csv,800175,2026-06-12 10:25
B,data/raw/nifty50/TITAN.csv,928415,2026-06-12 10:25
B,data/raw/nifty50/ULTRACEMCO.csv,908997,2026-06-12 10:25
B,data/raw/nifty50/WIPRO.csv,932237,2026-06-12 10:25
C,nautilus/data/scores_58.parquet,1022743,2026-08-20 18:23
C,nautilus/data/scores_74.parquet,1317059,2026-08-20 18:23
C,nautilus/data/scores_mid.parquet,2177922,2026-08-20 18:23
C,nautilus/data/scores_n100.parquet,1662948,2026-08-20 18:23
C,nautilus/reports/58/fills.csv,289085,2026-08-19 11:04
C,nautilus/reports/58/orders.csv,335884,2026-08-19 11:04
C,nautilus/reports/58/positions.csv,175314,2026-08-19 11:04
C,nautilus/reports/74/fills.csv,276227,2026-08-19 11:04
C,nautilus/reports/74/orders.csv,320676,2026-08-19 11:04
C,nautilus/reports/74/positions.csv,166777,2026-08-19 11:04
C,nautilus/reports/mid/fills.csv,303431,2026-08-21 15:22
C,nautilus/reports/mid/orders.csv,346431,2026-08-21 15:22
C,nautilus/reports/mid/positions.csv,178368,2026-08-21 15:22
C,nautilus/reports/mid__exp20_FILTERED/fills.csv,312427,2026-08-20 23:18
C,nautilus/reports/mid__exp20_FILTERED/orders.csv,358638,2026-08-20 23:18
C,nautilus/reports/mid__exp20_FILTERED/positions.csv,184428,2026-08-20 23:18
C,nautilus/reports/mid__exp20_unfiltered/fills.csv,315401,2026-08-20 23:18
C,nautilus/reports/mid__exp20_unfiltered/orders.csv,357302,2026-08-20 23:18
C,nautilus/reports/mid__exp20_unfiltered/positions.csv,183786,2026-08-20 23:18
C,nautilus/reports/mid__gd_FILTERED/fills.csv,312427,2026-08-20 23:21
C,nautilus/reports/mid__gd_FILTERED/orders.csv,358638,2026-08-20 23:21
C,nautilus/reports/mid__gd_FILTERED/positions.csv,184428,2026-08-20 23:21
C,nautilus/reports/mid__gd_unfiltered/fills.csv,315401,2026-08-20 23:20
C,nautilus/reports/mid__gd_unfiltered/orders.csv,357302,2026-08-20 23:20
C,nautilus/reports/mid__gd_unfiltered/positions.csv,183786,2026-08-20 23:20
C,nautilus/reports/mid__pf_FILTERED/fills.csv,312427,2026-08-20 23:24
C,nautilus/reports/mid__pf_FILTERED/orders.csv,358638,2026-08-20 23:24
C,nautilus/reports/mid__pf_FILTERED/positions.csv,184428,2026-08-20 23:24
C,nautilus/reports/mid__pf_unfiltered/fills.csv,315401,2026-08-20 23:23
C,nautilus/reports/mid__pf_unfiltered/orders.csv,357302,2026-08-20 23:23
C,nautilus/reports/mid__pf_unfiltered/positions.csv,183786,2026-08-20 23:23
C,nautilus/reports/n100/fills.csv,296855,2026-08-21 15:23
C,nautilus/reports/n100/orders.csv,345383,2026-08-21 15:23
C,nautilus/reports/n100/positions.csv,179139,2026-08-21 15:23
C,nautilus/reports/n100__exp20_FILTERED/fills.csv,313235,2026-08-20 23:19
C,nautilus/reports/n100__exp20_FILTERED/orders.csv,362774,2026-08-20 23:19
C,nautilus/reports/n100__exp20_FILTERED/positions.csv,187943,2026-08-20 23:19
C,nautilus/reports/n100__exp20_unfiltered/fills.csv,312887,2026-08-20 23:19
C,nautilus/reports/n100__exp20_unfiltered/orders.csv,361335,2026-08-20 23:19
C,nautilus/reports/n100__exp20_unfiltered/positions.csv,187187,2026-08-20 23:19
C,nautilus/reports/n100__gd_FILTERED/fills.csv,313235,2026-08-20 23:22
C,nautilus/reports/n100__gd_FILTERED/orders.csv,362774,2026-08-20 23:22
C,nautilus/reports/n100__gd_FILTERED/positions.csv,187943,2026-08-20 23:22
C,nautilus/reports/n100__gd_unfiltered/fills.csv,312887,2026-08-20 23:21
C,nautilus/reports/n100__gd_unfiltered/orders.csv,361335,2026-08-20 23:21
C,nautilus/reports/n100__gd_unfiltered/positions.csv,187187,2026-08-20 23:21
C,nautilus/reports/n100__pf_FILTERED/fills.csv,313235,2026-08-20 23:25
C,nautilus/reports/n100__pf_FILTERED/orders.csv,362774,2026-08-20 23:25
C,nautilus/reports/n100__pf_FILTERED/positions.csv,187943,2026-08-20 23:25
C,nautilus/reports/n100__pf_unfiltered/fills.csv,312887,2026-08-20 23:24
C,nautilus/reports/n100__pf_unfiltered/orders.csv,361335,2026-08-20 23:24
C,nautilus/reports/n100__pf_unfiltered/positions.csv,187187,2026-08-20 23:24
C,results/metrics/.DS_Store,6148,2026-08-21 18:09
C,results/metrics/DAILY_LOG_58.txt,5250347,2026-08-20 18:23
C,results/metrics/FINAL_SUMMARY_TABLE.csv,560,2026-08-20 18:23
C,results/metrics/FINAL_comparison.csv,283,2026-08-20 18:22
C,results/metrics/FINAL_equity.csv,119803,2026-08-20 18:22
C,results/metrics/FINAL_params.json,658,2026-08-20 18:22
C,results/metrics/FINAL_trades.csv,29519,2026-08-20 18:22
C,results/metrics/FINAL_val_periods.csv,189,2026-08-20 18:22
C,results/metrics/FINAL_val_seeds.csv,143,2026-08-20 18:22
C,results/metrics/FINAL_val_volwin.csv,261,2026-08-20 18:22
C,results/metrics/FINAL_yearly.csv,169,2026-08-20 18:22
C,results/metrics/breadth_val_periods.csv,159,2026-08-20 18:22
C,results/metrics/breadth_val_seeds.csv,240,2026-08-20 18:22
C,results/metrics/cash_series_58.csv,147434,2026-08-20 18:23
C,results/metrics/chart_FINAL.png,335400,2026-08-20 18:22
C,results/metrics/chart_FINAL_58_74_N100.png,749960,2026-08-20 18:23
C,results/metrics/chart_FINAL_58_74_N100_matched.png,778567,2026-08-20 18:23
C,results/metrics/chart_FINAL_table.png,122484,2026-08-20 18:23
C,results/metrics/chart_all_stocks.png,468079,2026-08-20 18:23
C,results/metrics/chart_decay.png,148257,2026-08-20 18:22
C,results/metrics/chart_equity.png,322446,2026-08-20 18:23
C,results/metrics/chart_v2FINAL.png,329354,2026-08-20 18:22
C,results/metrics/combined_PORTFOLIO.png,314800,2026-08-20 18:23
C,results/metrics/combined_charts/ADANIENT.png,199901,2026-08-20 18:22
C,results/metrics/combined_charts/ADANIPORTS.png,212316,2026-08-20 18:22
C,results/metrics/combined_charts/APOLLOHOSP.png,220928,2026-08-20 18:22
C,results/metrics/combined_charts/ASIANPAINT.png,230456,2026-08-20 18:22
C,results/metrics/combined_charts/AXISBANK.png,199959,2026-08-20 18:22
C,results/metrics/combined_charts/BAJAJ-AUTO.png,184578,2026-08-20 18:22
C,results/metrics/combined_charts/BAJAJFINSV.png,201708,2026-08-20 18:22
C,results/metrics/combined_charts/BAJFINANCE.png,198694,2026-08-20 18:22
C,results/metrics/combined_charts/BEL.png,208404,2026-08-20 18:22
C,results/metrics/combined_charts/BELRISE.png,58592,2026-08-20 18:22
C,results/metrics/combined_charts/BHARTIARTL.png,209267,2026-08-20 18:22
C,results/metrics/combined_charts/BPCL.png,237668,2026-08-20 18:22
C,results/metrics/combined_charts/BRITANNIA.png,218851,2026-08-20 18:22
C,results/metrics/combined_charts/CIPLA.png,217034,2026-08-20 18:22
C,results/metrics/combined_charts/COALINDIA.png,208120,2026-08-20 18:22
C,results/metrics/combined_charts/DRREDDY.png,240655,2026-08-20 18:22
C,results/metrics/combined_charts/EICHERMOT.png,195829,2026-08-20 18:22
C,results/metrics/combined_charts/ETERNAL.png,99017,2026-08-20 18:22
C,results/metrics/combined_charts/GRASIM.png,185762,2026-08-20 18:22
C,results/metrics/combined_charts/HCLTECH.png,195886,2026-08-20 18:22
C,results/metrics/combined_charts/HDFCBANK.png,212647,2026-08-20 18:22
C,results/metrics/combined_charts/HDFCLIFE.png,225661,2026-08-20 18:22
C,results/metrics/combined_charts/HEROMOTOCO.png,207400,2026-08-20 18:22
C,results/metrics/combined_charts/HINDALCO.png,190929,2026-08-20 18:22
C,results/metrics/combined_charts/HINDUNILVR.png,243843,2026-08-20 18:22
C,results/metrics/combined_charts/ICICIBANK.png,189598,2026-08-20 18:22
C,results/metrics/combined_charts/INDUSINDBK.png,177817,2026-08-20 18:22
C,results/metrics/combined_charts/INFY.png,209424,2026-08-20 18:22
C,results/metrics/combined_charts/ITC.png,189659,2026-08-20 18:22
C,results/metrics/combined_charts/ITCHOTELS.png,67076,2026-08-20 18:22
C,results/metrics/combined_charts/JSWSTEEL.png,191694,2026-08-20 18:22
C,results/metrics/combined_charts/KOTAKBANK.png,240112,2026-08-20 18:22
C,results/metrics/combined_charts/LICI.png,85683,2026-08-20 18:22
C,results/metrics/combined_charts/LT.png,180673,2026-08-20 18:22
C,results/metrics/combined_charts/LTF.png,234707,2026-08-20 18:22
C,results/metrics/combined_charts/LTFOODS.png,211577,2026-08-20 18:22
C,results/metrics/combined_charts/LTIM.png,219009,2026-08-20 18:22
C,results/metrics/combined_charts/LTTS.png,243886,2026-08-20 18:22
C,results/metrics/combined_charts/M&M.png,164901,2026-08-20 18:22
C,results/metrics/combined_charts/M&MFIN.png,220388,2026-08-20 18:22
C,results/metrics/combined_charts/MARUTI.png,190594,2026-08-20 18:22
C,results/metrics/combined_charts/NESTLEIND.png,245162,2026-08-20 18:22
C,results/metrics/combined_charts/NTPC.png,185594,2026-08-20 18:22
C,results/metrics/combined_charts/NTPCGREEN.png,78924,2026-08-20 18:22
C,results/metrics/combined_charts/ONGC.png,205651,2026-08-20 18:22
C,results/metrics/combined_charts/POWERGRID.png,214292,2026-08-20 18:22
C,results/metrics/combined_charts/RELIANCE.png,204099,2026-08-20 18:22
C,results/metrics/combined_charts/SBILIFE.png,190178,2026-08-20 18:22
C,results/metrics/combined_charts/SBIN.png,183218,2026-08-20 18:23
C,results/metrics/combined_charts/SHRIRAMFIN.png,222051,2026-08-20 18:23
C,results/metrics/combined_charts/SUNPHARMA.png,204330,2026-08-20 18:23
C,results/metrics/combined_charts/TATACONSUM.png,205098,2026-08-20 18:23
C,results/metrics/combined_charts/TATASTEEL.png,212718,2026-08-20 18:23
C,results/metrics/combined_charts/TCS.png,195836,2026-08-20 18:23
C,results/metrics/combined_charts/TECHM.png,221492,2026-08-20 18:23
C,results/metrics/combined_charts/TITAN.png,200359,2026-08-20 18:23
C,results/metrics/combined_charts/ULTRACEMCO.png,208169,2026-08-20 18:23
C,results/metrics/combined_charts/WIPRO.png,198798,2026-08-20 18:23
C,results/metrics/daily_decisions_58.csv,6476,2026-08-20 18:23
C,results/metrics/daily_holdings_58.csv,787908,2026-08-20 18:23
C,results/metrics/daily_ranking_58.csv,137504,2026-08-20 18:23
C,results/metrics/daily_skipped_58.csv,694,2026-08-20 18:23
C,results/metrics/daily_summary_58.csv,128323,2026-08-20 18:23
C,results/metrics/daily_trades_58.csv,47094,2026-08-20 18:23
C,results/metrics/daily_trades_v1_58.csv,38079,2026-08-20 18:22
C,results/metrics/decay_factor_ic.csv,224,2026-08-20 18:22
C,results/metrics/ewma_vs_rolling_REPORT.txt,4056,2026-07-29 14:40
C,results/metrics/ewma_vs_rolling_metrics.csv,910,2026-07-29 14:40
C,results/metrics/ewma_vs_rolling_validation.csv,208,2026-07-29 14:40
C,results/metrics/fair_comparison_table.csv,604,2026-08-20 18:23
C,results/metrics/feature_dictionary.csv,1944,2026-08-20 18:23
C,results/metrics/panel_sample.csv,149837,2026-08-20 18:23
C,results/metrics/panel_summary.csv,1428,2026-08-20 18:23
C,results/metrics/per_stock_charts/ADANIENT.png,113252,2026-08-20 18:22
C,results/metrics/per_stock_charts/ADANIPORTS.png,114439,2026-08-20 18:22
C,results/metrics/per_stock_charts/APOLLOHOSP.png,110944,2026-08-20 18:22
C,results/metrics/per_stock_charts/ASIANPAINT.png,133848,2026-08-20 18:22
C,results/metrics/per_stock_charts/AXISBANK.png,119695,2026-08-20 18:22
C,results/metrics/per_stock_charts/BAJAJ-AUTO.png,102571,2026-08-20 18:22
C,results/metrics/per_stock_charts/BAJAJFINSV.png,118138,2026-08-20 18:22
C,results/metrics/per_stock_charts/BAJFINANCE.png,119907,2026-08-20 18:22
C,results/metrics/per_stock_charts/BEL.png,100648,2026-08-20 18:22
C,results/metrics/per_stock_charts/BELRISE.png,68100,2026-08-20 18:22
C,results/metrics/per_stock_charts/BHARTIARTL.png,100403,2026-08-20 18:22
C,results/metrics/per_stock_charts/BPCL.png,143799,2026-08-20 18:22
C,results/metrics/per_stock_charts/BRITANNIA.png,119889,2026-08-20 18:22
C,results/metrics/per_stock_charts/CIPLA.png,111480,2026-08-20 18:22
C,results/metrics/per_stock_charts/COALINDIA.png,118470,2026-08-20 18:22
C,results/metrics/per_stock_charts/DRREDDY.png,135208,2026-08-20 18:22
C,results/metrics/per_stock_charts/EICHERMOT.png,102674,2026-08-20 18:22
C,results/metrics/per_stock_charts/ETERNAL.png,101349,2026-08-20 18:22
C,results/metrics/per_stock_charts/GRASIM.png,107211,2026-08-20 18:22
C,results/metrics/per_stock_charts/HCLTECH.png,111464,2026-08-20 18:22
C,results/metrics/per_stock_charts/HDFCBANK.png,128306,2026-08-20 18:22
C,results/metrics/per_stock_charts/HDFCLIFE.png,136106,2026-08-20 18:22
C,results/metrics/per_stock_charts/HEROMOTOCO.png,125533,2026-08-20 18:22
C,results/metrics/per_stock_charts/HINDALCO.png,104151,2026-08-20 18:22
C,results/metrics/per_stock_charts/HINDUNILVR.png,146118,2026-08-20 18:22
C,results/metrics/per_stock_charts/ICICIBANK.png,108920,2026-08-20 18:22
C,results/metrics/per_stock_charts/INDUSINDBK.png,116139,2026-08-20 18:22
C,results/metrics/per_stock_charts/INFY.png,125010,2026-08-20 18:22
C,results/metrics/per_stock_charts/ITC.png,113141,2026-08-20 18:22
C,results/metrics/per_stock_charts/ITCHOTELS.png,76321,2026-08-20 18:22
C,results/metrics/per_stock_charts/JSWSTEEL.png,109025,2026-08-20 18:22
C,results/metrics/per_stock_charts/KOTAKBANK.png,140377,2026-08-20 18:22
C,results/metrics/per_stock_charts/LICI.png,94515,2026-08-20 18:22
C,results/metrics/per_stock_charts/LT.png,103652,2026-08-20 18:22
C,results/metrics/per_stock_charts/LTF.png,138332,2026-08-20 18:22
C,results/metrics/per_stock_charts/LTFOODS.png,110647,2026-08-20 18:22
C,results/metrics/per_stock_charts/LTIM.png,126860,2026-08-20 18:22
C,results/metrics/per_stock_charts/LTTS.png,139761,2026-08-20 18:22
C,results/metrics/per_stock_charts/M&M.png,92776,2026-08-20 18:22
C,results/metrics/per_stock_charts/M&MFIN.png,125838,2026-08-20 18:22
C,results/metrics/per_stock_charts/MARUTI.png,109325,2026-08-20 18:22
C,results/metrics/per_stock_charts/NESTLEIND.png,127660,2026-08-20 18:22
C,results/metrics/per_stock_charts/NTPC.png,104176,2026-08-20 18:22
C,results/metrics/per_stock_charts/NTPCGREEN.png,83783,2026-08-20 18:22
C,results/metrics/per_stock_charts/ONGC.png,122987,2026-08-20 18:22
C,results/metrics/per_stock_charts/POWERGRID.png,107597,2026-08-20 18:22
C,results/metrics/per_stock_charts/RELIANCE.png,120011,2026-08-20 18:22
C,results/metrics/per_stock_charts/SBILIFE.png,111839,2026-08-20 18:22
C,results/metrics/per_stock_charts/SBIN.png,104015,2026-08-20 18:22
C,results/metrics/per_stock_charts/SHRIRAMFIN.png,115741,2026-08-20 18:22
C,results/metrics/per_stock_charts/SUNPHARMA.png,103710,2026-08-20 18:22
C,results/metrics/per_stock_charts/TATACONSUM.png,113223,2026-08-20 18:22
C,results/metrics/per_stock_charts/TATASTEEL.png,115108,2026-08-20 18:22
C,results/metrics/per_stock_charts/TCS.png,123755,2026-08-20 18:22
C,results/metrics/per_stock_charts/TECHM.png,130572,2026-08-20 18:22
C,results/metrics/per_stock_charts/TITAN.png,111329,2026-08-20 18:22
C,results/metrics/per_stock_charts/ULTRACEMCO.png,108859,2026-08-20 18:22
C,results/metrics/per_stock_charts/WIPRO.png,119729,2026-08-20 18:22
C,results/metrics/per_stock_charts_summary.csv,1267,2026-08-20 18:22
C,results/metrics/per_stock_returns.csv,1154,2026-08-20 18:23
C,results/metrics/raw_panel_cache.csv,105182094,2026-08-20 18:23
C,results/metrics/reality_per_stock_pnl.csv,1729,2026-08-20 18:22
C,results/metrics/rejected_experiments_REPORT.txt,4326,2026-08-13 12:28
C,results/metrics/v2FINAL_comparison.csv,268,2026-08-20 18:22
C,results/metrics/v2FINAL_equity.csv,120267,2026-08-20 18:22
C,results/metrics/v2FINAL_params.json,1211,2026-08-20 18:22
C,results/metrics/v2FINAL_yearly.csv,167,2026-08-20 18:22
C,results/metrics/v5_expanding_cache.csv,13292650,2026-08-20 18:23
C,results74/metrics/DAILY_LOG_74.txt,4855258,2026-08-20 18:23
C,results74/metrics/cash_series_74.csv,138388,2026-08-20 18:23
C,results74/metrics/chart_v2FINAL.png,350870,2026-08-20 18:23
C,results74/metrics/daily_decisions_74.csv,6042,2026-08-20 18:23
C,results74/metrics/daily_holdings_74.csv,726588,2026-08-20 18:23
C,results74/metrics/daily_ranking_74.csv,131917,2026-08-20 18:23
C,results74/metrics/daily_skipped_74.csv,632,2026-08-20 18:23
C,results74/metrics/daily_summary_74.csv,119751,2026-08-20 18:23
C,results74/metrics/daily_trades_74.csv,45266,2026-08-20 18:23
C,results74/metrics/daily_trades_v1_74.csv,36985,2026-08-20 18:23
C,results74/metrics/raw_panel74_cache.csv,65712563,2026-08-20 18:23
C,results74/metrics/trade_stats_74.csv,151,2026-08-20 18:23
C,results74/metrics/v2FINAL_comparison.csv,268,2026-08-20 18:23
C,results74/metrics/v2FINAL_equity.csv,112400,2026-08-20 18:23
C,results74/metrics/v2FINAL_params.json,1211,2026-08-20 18:23
C,results74/metrics/v2FINAL_yearly.csv,150,2026-08-20 18:23
C,results74/metrics/v2_per_stock_signals.csv,1220,2026-08-20 18:23
C,results74/metrics/v2_trades.csv,56520,2026-08-20 18:23
C,results74/metrics/v74_expanding_cache.csv,9980775,2026-08-20 18:23
C,results_mid/metrics/DAILY_LOG_mid.txt,5144671,2026-08-20 18:23
C,results_mid/metrics/chart_mid_FINAL.png,555038,2026-08-20 18:35
C,results_mid/metrics/chart_v2FINAL.png,324651,2026-08-20 18:23
C,results_mid/metrics/daily_decisions_mid.csv,6579,2026-08-20 18:23
C,results_mid/metrics/daily_holdings_mid.csv,748023,2026-08-20 18:23
C,results_mid/metrics/daily_ranking_mid.csv,141061,2026-08-20 18:23
C,results_mid/metrics/daily_skipped_mid.csv,115,2026-08-20 18:23
C,results_mid/metrics/daily_summary_mid.csv,128356,2026-08-20 18:23
C,results_mid/metrics/daily_trades_mid.csv,50144,2026-08-20 18:23
C,results_mid/metrics/daily_trades_v1_mid.csv,44839,2026-08-20 18:23
C,results_mid/metrics/raw_panel_mid_cache.csv,216905133,2026-08-20 18:23
C,results_mid/metrics/v2FINAL_comparison.csv,273,2026-08-20 18:23
C,results_mid/metrics/v2FINAL_equity.csv,120168,2026-08-20 18:23
C,results_mid/metrics/v2FINAL_params.json,1209,2026-08-20 18:23
C,results_mid/metrics/v2FINAL_yearly.csv,165,2026-08-20 18:23
C,results_mid/metrics/v_mid_expanding_cache.csv,28165176,2026-08-20 18:23
C,results_n100/metrics/DAILY_LOG_n100.txt,5211447,2026-08-20 18:23
C,results_n100/metrics/chart_COMBINED_n100_mid.png,888395,2026-08-20 23:39
C,results_n100/metrics/chart_n100.png,591096,2026-08-20 18:35
C,results_n100/metrics/chart_v2FINAL.png,334653,2026-08-20 18:23
C,results_n100/metrics/daily_decisions_n100.csv,6499,2026-08-20 18:23
C,results_n100/metrics/daily_holdings_n100.csv,773808,2026-08-20 18:23
C,results_n100/metrics/daily_ranking_n100.csv,140782,2026-08-20 18:23
C,results_n100/metrics/daily_skipped_n100.csv,1031,2026-08-20 18:23
C,results_n100/metrics/daily_summary_n100.csv,128807,2026-08-20 18:23
C,results_n100/metrics/daily_trades_n100.csv,51197,2026-08-20 18:23
C,results_n100/metrics/daily_trades_v1_n100.csv,43220,2026-08-20 18:23
C,results_n100/metrics/raw_panel_n100_cache.csv,178115404,2026-08-20 18:23
C,results_n100/metrics/v2FINAL_comparison.csv,286,2026-08-20 18:23
C,results_n100/metrics/v2FINAL_equity.csv,120823,2026-08-20 18:23
C,results_n100/metrics/v2FINAL_params.json,837,2026-08-20 18:23
C,results_n100/metrics/v2FINAL_yearly.csv,166,2026-08-20 18:23
C,results_n100/metrics/v_n100_expanding_cache.csv,22740859,2026-08-20 18:23
D1,SURVIVORSHIP_README.md,10425,2026-08-19 09:01
D1,results/test_survivorship.py,34606,2026-08-19 09:01
D2,data/raw/membership_workbooks/MidCap100.xlsx,31316,2026-08-21 16:28
D2,data/raw/membership_workbooks/MidCap50.xlsx,34600,2026-08-21 16:28
D2,data/raw/membership_workbooks/Midcap150.xlsx,41223,2026-08-21 16:28
D2,data/raw/membership_workbooks/verified_reference_cases.csv,1121,2026-08-21 16:28
D2,data/raw/nse_circulars/CML39902.pdf,275716,2026-08-22 22:07
D2,data/raw/nse_circulars/CML39933.pdf,398892,2026-08-22 22:07
D2,data/raw/nse_circulars/CML40271.pdf,371529,2026-08-22 22:07
D2,data/raw/nse_circulars/CML40635.pdf,273633,2026-08-22 22:07
D2,data/raw/nse_circulars/CML40641.pdf,378595,2026-08-22 22:07
D2,data/raw/nse_circulars/CML40825.pdf,276111,2026-08-22 22:06
D2,data/raw/nse_circulars/CML40838.pdf,403122,2026-08-22 22:06
D2,data/raw/nse_circulars/CML41073.pdf,461352,2026-08-22 22:06
D2,data/raw/nse_circulars/CML41219.pdf,270458,2026-08-22 22:06
D2,data/raw/nse_circulars/CML41647.pdf,393537,2026-08-22 22:06
D2,data/raw/nse_circulars/CML41695.pdf,273547,2026-08-22 22:06
D2,data/raw/nse_circulars/CML41938.pdf,464306,2026-08-22 22:06
D2,data/raw/nse_circulars/CML41978.pdf,462007,2026-08-22 22:06
D2,data/raw/nse_circulars/CML42042.pdf,375969,2026-08-22 22:06
D2,data/raw/nse_circulars/CML42510.pdf,389336,2026-08-22 22:06
D2,data/raw/nse_circulars/CML42610.pdf,379358,2026-08-22 22:06
D2,data/raw/nse_circulars/CML43100.pdf,373670,2026-08-22 22:08
D2,data/raw/nse_circulars/CML43237.pdf,373111,2026-08-22 22:08
D2,data/raw/nse_circulars/CML43292.pdf,252811,2026-08-22 22:08
D2,data/raw/nse_circulars/CML43547.pdf,452421,2026-08-22 22:08
D2,data/raw/nse_circulars/CML43619.pdf,452987,2026-08-22 22:08
D2,data/raw/nse_circulars/CML43707.pdf,449594,2026-08-22 22:08
D2,data/raw/nse_circulars/CML43889.pdf,454682,2026-08-22 22:08
D2,data/raw/nse_circulars/CML44065.pdf,135372,2026-08-22 22:08
D2,data/raw/nse_circulars/CML44140.pdf,446839,2026-08-22 22:08
D2,data/raw/nse_circulars/CML44786.pdf,218443,2026-08-22 22:08
D2,data/raw/nse_circulars/CML45241.pdf,72229,2026-08-22 22:08
D2,data/raw/nse_circulars/CML45329.pdf,40997,2026-08-22 22:07
D2,data/raw/nse_circulars/CML45340.pdf,40855,2026-08-22 22:07
D2,data/raw/nse_circulars/CML45674.pdf,133827,2026-08-22 22:07
D2,data/raw/nse_circulars/CML45805.pdf,135690,2026-08-22 22:07
D2,data/raw/nse_circulars/CML45957.pdf,137455,2026-08-22 22:07
D2,data/raw/nse_circulars/CML45983.pdf,135617,2026-08-22 22:07
D2,data/raw/nse_circulars/CML46024.pdf,136079,2026-08-22 22:07
D2,data/raw/nse_circulars/CML46118.pdf,135955,2026-08-22 22:07
D2,data/raw/nse_circulars/CML46146.pdf,138633,2026-08-22 22:07
D2,data/raw/nse_circulars/CML46402.pdf,133455,2026-08-22 22:07
D2,data/raw/nse_circulars/CML46532.pdf,133561,2026-08-22 22:07
D2,data/raw/nse_circulars/CML46631.pdf,136425,2026-08-22 22:07
D2,data/raw/nse_circulars/CML46937.pdf,136931,2026-08-22 22:09
D2,data/raw/nse_circulars/CML47017.pdf,137312,2026-08-22 22:09
D2,data/raw/nse_circulars/CML47113.pdf,134788,2026-08-22 22:09
D2,data/raw/nse_circulars/CML47217.pdf,48456,2026-08-22 22:09
D2,data/raw/nse_circulars/CML47847.pdf,412232,2026-08-22 22:09
D2,data/raw/nse_circulars/CML48152.pdf,65792,2026-08-22 22:09
D2,data/raw/nse_circulars/CML48553.pdf,175332,2026-08-22 22:09
D2,data/raw/nse_circulars/CML48947.pdf,416049,2026-08-22 22:09
D2,data/raw/nse_circulars/CML49079.pdf,49981,2026-08-22 22:09
D2,data/raw/nse_circulars/CML49146.pdf,413052,2026-08-22 22:09
D2,data/raw/nse_circulars/CML50211.pdf,426778,2026-08-22 22:09
D2,data/raw/nse_circulars/CML50399.pdf,427854,2026-08-22 22:09
D2,data/raw/nse_circulars/CML50436.pdf,429200,2026-08-22 22:09
D2,data/raw/nse_circulars/CML50541.pdf,410274,2026-08-22 22:08
D2,data/raw/nse_circulars/CML50569.pdf,427784,2026-08-22 22:08
D2,data/raw/nse_circulars/CML50595.pdf,425955,2026-08-22 22:08
D2,data/raw/nse_circulars/CML50600.pdf,425098,2026-08-22 22:08
D2,data/raw/nse_circulars/CML50640.pdf,428502,2026-08-22 22:08
D2,data/raw/nse_circulars/CML50948.pdf,419859,2026-08-22 22:11
D2,data/raw/nse_circulars/CML50952.pdf,428408,2026-08-22 22:11
D2,data/raw/nse_circulars/CML51294.pdf,424418,2026-08-22 22:11
D2,data/raw/nse_circulars/CML51298.pdf,420902,2026-08-22 22:11
D2,data/raw/nse_circulars/CML51409.pdf,425152,2026-08-22 22:11
D2,data/raw/nse_circulars/CML51455.pdf,419608,2026-08-22 22:11
D2,data/raw/nse_circulars/CML51480.pdf,425997,2026-08-22 22:11
D2,data/raw/nse_circulars/CML51580.pdf,425887,2026-08-22 22:11
D2,data/raw/nse_circulars/CML51782.pdf,423004,2026-08-22 22:11
D2,data/raw/nse_circulars/CML51842.pdf,428675,2026-08-22 22:11
D2,data/raw/nse_circulars/CML52068.pdf,427859,2026-08-22 22:11
D2,data/raw/nse_circulars/CML52187.pdf,144918,2026-08-22 22:11
D2,data/raw/nse_circulars/CML52200.pdf,424006,2026-08-22 22:11
D2,data/raw/nse_circulars/CML52507.pdf,419071,2026-08-22 22:10
D2,data/raw/nse_circulars/CML52616.pdf,426788,2026-08-22 22:10
D2,data/raw/nse_circulars/CML52630.pdf,420806,2026-08-22 22:10
D2,data/raw/nse_circulars/CML52756.pdf,421159,2026-08-22 22:10
D2,data/raw/nse_circulars/CML52890.pdf,428781,2026-08-22 22:10
D2,data/raw/nse_circulars/CML52946.pdf,428146,2026-08-22 22:10
D2,data/raw/nse_circulars/CML53014.pdf,419685,2026-08-22 22:10
D2,data/raw/nse_circulars/CML53058.pdf,428015,2026-08-22 22:10
D2,data/raw/nse_circulars/CML53163.pdf,418006,2026-08-22 22:10
D2,data/raw/nse_circulars/CML53242.pdf,467889,2026-08-22 22:10
D2,data/raw/nse_circulars/CML53251.pdf,422144,2026-08-22 22:10
D2,data/raw/nse_circulars/CML53469.pdf,441405,2026-08-22 22:10
D2,data/raw/nse_circulars/CML54206.pdf,42843,2026-08-22 22:10
D2,data/raw/nse_circulars/CML54419.pdf,48647,2026-08-22 22:10
D2,data/raw/nse_circulars/CML54444.pdf,50435,2026-08-22 22:10
D2,data/raw/nse_circulars/CML54485.pdf,42731,2026-08-22 22:10
D2,data/raw/nse_circulars/CML54604.pdf,42777,2026-08-22 22:09
D2,data/raw/nse_circulars/CML54812.pdf,42808,2026-08-22 22:09
D2,data/raw/nse_circulars/CML55020.pdf,42747,2026-08-22 22:09
D2,data/raw/nse_circulars/CML55068.pdf,75558,2026-08-22 22:09
D2,data/raw/nse_circulars/CML55256.pdf,42852,2026-08-22 22:13
D2,data/raw/nse_circulars/CML55278.pdf,42841,2026-08-22 22:13
D2,data/raw/nse_circulars/CML55860.pdf,74355,2026-08-22 22:13
D2,data/raw/nse_circulars/CML56580.pdf,74191,2026-08-22 22:13
D2,data/raw/nse_circulars/CML56638.pdf,72309,2026-08-22 22:13
D2,data/raw/nse_circulars/CML56714.pdf,75475,2026-08-22 22:13
D2,data/raw/nse_circulars/CML56896.pdf,445135,2026-08-22 22:13
D2,data/raw/nse_circulars/CML57090.pdf,72805,2026-08-22 22:13
D2,data/raw/nse_circulars/CML57273.pdf,440720,2026-08-22 22:13
D2,data/raw/nse_circulars/CML57282.pdf,72453,2026-08-22 22:13
D2,data/raw/nse_circulars/CML57501.pdf,77003,2026-08-22 22:13
D2,data/raw/nse_circulars/CML57522.pdf,77056,2026-08-22 22:13
D2,data/raw/nse_circulars/CML57638.pdf,76981,2026-08-22 22:13
D2,data/raw/nse_circulars/CML57688.pdf,74245,2026-08-22 22:13
D2,data/raw/nse_circulars/CML57692.pdf,74357,2026-08-22 22:12
D2,data/raw/nse_circulars/CML57775.pdf,74259,2026-08-22 22:12
D2,data/raw/nse_circulars/CML57795.pdf,117798,2026-08-22 22:12
D2,data/raw/nse_circulars/CML57861.pdf,103977,2026-08-22 22:12
D2,data/raw/nse_circulars/CML58006.pdf,50670,2026-08-22 22:12
D2,data/raw/nse_circulars/CML58016.pdf,56976,2026-08-22 22:12
D2,data/raw/nse_circulars/CML58122.pdf,118472,2026-08-22 22:12
D2,data/raw/nse_circulars/CML58238.pdf,80354,2026-08-22 22:12
D2,data/raw/nse_circulars/CML58268.pdf,80559,2026-08-22 22:12
D2,data/raw/nse_circulars/CML58395.pdf,95635,2026-08-22 22:12
D2,data/raw/nse_circulars/CML58835.pdf,80510,2026-08-22 22:12
D2,data/raw/nse_circulars/CML58953.pdf,83563,2026-08-22 22:12
D2,data/raw/nse_circulars/CML59037.pdf,80506,2026-08-22 22:12
D2,data/raw/nse_circulars/CML59161.pdf,80871,2026-08-22 22:12
D2,data/raw/nse_circulars/CML59300.pdf,80453,2026-08-22 22:12
D2,data/raw/nse_circulars/CML59502.pdf,80519,2026-08-22 22:12
D2,data/raw/nse_circulars/CML59508.pdf,80501,2026-08-22 22:12
D2,data/raw/nse_circulars/CML59625.pdf,158871,2026-08-22 22:11
D2,data/raw/nse_circulars/CML59697.pdf,80390,2026-08-22 22:11
D2,data/raw/nse_circulars/CML59760.pdf,193918,2026-08-22 22:11
D2,data/raw/nse_circulars/CML60631.pdf,80978,2026-08-22 22:16
D2,data/raw/nse_circulars/CML60977.pdf,50300,2026-08-22 22:16
D2,data/raw/nse_circulars/CML61135.pdf,176794,2026-08-22 22:15
D2,data/raw/nse_circulars/CML61534.pdf,159933,2026-08-22 22:15
D2,data/raw/nse_circulars/CML61613.pdf,163574,2026-08-22 22:15
D2,data/raw/nse_circulars/CML62353.pdf,89284,2026-08-22 22:15
D2,data/raw/nse_circulars/CML62716.pdf,163406,2026-08-22 22:15
D2,data/raw/nse_circulars/CML63024.pdf,80853,2026-08-22 22:15
D2,data/raw/nse_circulars/CML63090.pdf,164374,2026-08-22 22:15
D2,data/raw/nse_circulars/CML63450.pdf,152667,2026-08-22 22:15
D2,data/raw/nse_circulars/CML63470.pdf,114880,2026-08-22 22:15
D2,data/raw/nse_circulars/CML63630.pdf,80699,2026-08-22 22:15
D2,data/raw/nse_circulars/CML64086.pdf,162569,2026-08-22 22:14
D2,data/raw/nse_circulars/CML64103.pdf,164289,2026-08-22 22:14
D2,data/raw/nse_circulars/CML64320.pdf,166146,2026-08-22 22:14
D2,data/raw/nse_circulars/CML64324.pdf,166310,2026-08-22 22:14
D2,data/raw/nse_circulars/CML64357.pdf,165853,2026-08-22 22:14
D2,data/raw/nse_circulars/CML64383.pdf,162551,2026-08-22 22:14
D2,data/raw/nse_circulars/CML64607.pdf,79596,2026-08-22 22:14
D2,data/raw/nse_circulars/CML64913.pdf,148899,2026-08-22 22:14
D2,data/raw/nse_circulars/CML65117.pdf,166292,2026-08-22 22:14
D2,data/raw/nse_circulars/CML65252.pdf,183673,2026-08-22 22:14
D2,data/raw/nse_circulars/CML65380.pdf,79974,2026-08-22 22:14
D2,data/raw/nse_circulars/CML65429.pdf,163088,2026-08-22 22:14
D2,data/raw/nse_circulars/CML65496.pdf,155726,2026-08-22 22:14
D2,data/raw/nse_circulars/CML65633.pdf,185733,2026-08-22 22:13
D2,data/raw/nse_circulars/CML66029.pdf,87222,2026-08-22 22:19
D2,data/raw/nse_circulars/CML66084.pdf,80059,2026-08-22 22:19
D2,data/raw/nse_circulars/CML66114.pdf,163328,2026-08-22 22:19
D2,data/raw/nse_circulars/CML66138.pdf,172828,2026-08-22 22:19
D2,data/raw/nse_circulars/CML66177.pdf,147419,2026-08-22 22:19
D2,data/raw/nse_circulars/CML66461.pdf,87324,2026-08-22 22:18
D2,data/raw/nse_circulars/CML66954.pdf,163221,2026-08-22 22:18
D2,data/raw/nse_circulars/CML67110.pdf,161629,2026-08-22 22:18
D2,data/raw/nse_circulars/CML67261.pdf,164099,2026-08-22 22:18
D2,data/raw/nse_circulars/CML67413.pdf,162527,2026-08-22 22:18
D2,data/raw/nse_circulars/CML67473.pdf,165343,2026-08-22 22:18
D2,data/raw/nse_circulars/CML67967.pdf,164316,2026-08-22 22:18
D2,data/raw/nse_circulars/CML68201.pdf,162964,2026-08-22 22:18
D2,data/raw/nse_circulars/CML68578.pdf,166591,2026-08-22 22:18
D2,data/raw/nse_circulars/CML68627.pdf,162433,2026-08-22 22:18
D2,data/raw/nse_circulars/CML68648.pdf,165853,2026-08-22 22:18
D2,data/raw/nse_circulars/CML69007.pdf,163573,2026-08-22 22:18
D2,data/raw/nse_circulars/CML69142.pdf,158837,2026-08-22 22:18
D2,data/raw/nse_circulars/CML69550.pdf,216877,2026-08-22 22:18
D2,data/raw/nse_circulars/CML69699.pdf,163820,2026-08-22 22:17
D2,data/raw/nse_circulars/CML69775.pdf,219015,2026-08-22 22:17
D2,data/raw/nse_circulars/CML69880.pdf,165188,2026-08-22 22:17
D2,data/raw/nse_circulars/CML69907.pdf,164837,2026-08-22 22:17
D2,data/raw/nse_circulars/CML70100.pdf,150905,2026-08-22 22:17
D2,data/raw/nse_circulars/CML70105.pdf,163339,2026-08-22 22:17
D2,data/raw/nse_circulars/CML70147.pdf,162681,2026-08-22 22:17
D2,data/raw/nse_circulars/CML70219.pdf,216682,2026-08-22 22:17
D2,data/raw/nse_circulars/CML70638.pdf,166360,2026-08-22 22:17
D2,data/raw/nse_circulars/CML70664.pdf,656653,2026-08-22 22:17
D2,data/raw/nse_circulars/CML70756.pdf,163123,2026-08-22 22:17
D2,data/raw/nse_circulars/CML70780.pdf,219247,2026-08-22 22:17
D2,data/raw/nse_circulars/CML70875.pdf,216459,2026-08-22 22:17
D2,data/raw/nse_circulars/CML71055.pdf,163896,2026-08-22 22:16
D2,data/raw/nse_circulars/CML71094.pdf,217603,2026-08-22 22:16
D2,data/raw/nse_circulars/CML71248.pdf,164504,2026-08-22 22:16
D2,data/raw/nse_circulars/CML71379.pdf,163193,2026-08-22 22:16
D2,data/raw/nse_circulars/CML71686.pdf,163864,2026-08-22 22:16
D2,data/raw/nse_circulars/CML71704.pdf,174242,2026-08-22 22:16
D2,data/raw/nse_circulars/CML71744.pdf,165454,2026-08-22 22:16
D2,data/raw/nse_circulars/CML71871.pdf,164976,2026-08-22 22:16
D2,data/raw/nse_circulars/CML71881.pdf,180369,2026-08-22 22:16
D2,data/raw/nse_circulars/CML72032.pdf,161527,2026-08-22 22:16
D2,data/raw/nse_circulars/CML72266.pdf,158900,2026-08-22 22:21
D2,data/raw/nse_circulars/CML72287.pdf,218985,2026-08-22 22:20
D2,data/raw/nse_circulars/CML72374.pdf,161936,2026-08-22 22:20
D2,data/raw/nse_circulars/CML72395.pdf,166116,2026-08-22 22:20
D2,data/raw/nse_circulars/CML72519.pdf,161040,2026-08-22 22:20
D2,data/raw/nse_circulars/CML72592.pdf,162073,2026-08-22 22:20
D2,data/raw/nse_circulars/CML72598.pdf,164156,2026-08-22 22:20
D2,data/raw/nse_circulars/CML72650.pdf,164571,2026-08-22 22:20
D2,data/raw/nse_circulars/CML72948.pdf,217264,2026-08-22 22:20
D2,data/raw/nse_circulars/CML73456.pdf,163961,2026-08-22 22:20
D2,data/raw/nse_circulars/CML73652.pdf,164700,2026-08-22 22:20
D2,data/raw/nse_circulars/CML73885.pdf,162329,2026-08-22 22:20
D2,data/raw/nse_circulars/CML74213.pdf,162975,2026-08-22 22:19
D2,data/raw/nse_circulars/CML74394.pdf,147212,2026-08-22 22:19
D2,data/raw/nse_circulars/CML74716.pdf,145119,2026-08-22 22:19
D2,data/raw/nse_circulars/CML74850.pdf,148132,2026-08-22 22:19
D2,data/raw/nse_circulars/CML74923.pdf,220153,2026-08-22 22:19
D2,data/raw/nse_circulars/CML75101.pdf,166719,2026-08-22 22:19
D2,data/raw/nse_circulars/CML75196.pdf,199484,2026-08-22 22:19
D2,data/raw/nse_circulars/CML75304.pdf,167341,2026-08-22 22:19
D2,data/raw/nse_circulars/CML75507.pdf,145963,2026-08-22 22:19
D2,data/raw/nse_circulars/CMPT64450.pdf,86031,2026-08-22 22:14
D2,data/raw/nse_circulars/CMPT64472.pdf,108715,2026-08-22 22:14
D2,data/raw/nse_circulars/CMPT65356.pdf,108338,2026-08-22 22:14
D2,data/raw/nse_circulars/CMPT65521.pdf,86533,2026-08-22 22:13
D2,data/raw/nse_circulars/CMPT65727.pdf,86596,2026-08-22 22:13
D2,data/raw/nse_circulars/CMPT66179.pdf,99684,2026-08-22 22:19
D2,data/raw/nse_circulars/CMPT67495.pdf,81914,2026-08-22 22:18
D2,data/raw/nse_circulars/CMPT68042.pdf,99660,2026-08-22 22:18
D2,data/raw/nse_circulars/CMPT68302.pdf,82003,2026-08-22 22:18
D2,data/raw/nse_circulars/CMPT70007.pdf,100790,2026-08-22 22:17
D2,data/raw/nse_circulars/CMPT70170.pdf,158844,2026-08-22 22:17
D2,data/raw/nse_circulars/CMPT70242.pdf,100820,2026-08-22 22:17
D2,data/raw/nse_circulars/CMPT70934.pdf,159544,2026-08-22 22:16
D2,data/raw/nse_circulars/CMPT71179.pdf,100994,2026-08-22 22:16
D2,data/raw/nse_circulars/CMPT71790.pdf,164468,2026-08-22 22:16
D2,data/raw/nse_circulars/CMPT71957.pdf,101104,2026-08-22 22:16
D2,data/raw/nse_circulars/CMPT71958.pdf,164127,2026-08-22 22:16
D2,data/raw/nse_circulars/CMPT72442.pdf,101089,2026-08-22 22:20
D2,data/raw/nse_circulars/CMPT72587.pdf,101093,2026-08-22 22:20
D2,data/raw/nse_circulars/CMPT72983.pdf,117262,2026-08-22 22:20
D2,data/raw/nse_circulars/CMPT73010.pdf,101024,2026-08-22 22:20
D2,data/raw/nse_circulars/CMPT73717.pdf,100941,2026-08-22 22:20
D2,data/raw/nse_circulars/CMPT74957.pdf,201907,2026-08-22 22:19
D2,data/raw/nse_circulars/CMPT75021.pdf,205393,2026-08-22 22:19
D2,data/raw/nse_circulars/COM53162.pdf,199420,2026-08-22 22:10
D2,data/raw/nse_circulars/COM62471.pdf,74162,2026-08-22 22:15
D2,data/raw/nse_circulars/FAOP62365.pdf,68785,2026-08-22 22:15
D2,data/raw/nse_circulars/FAOP72935.pdf,124737,2026-08-22 22:20
D2,data/raw/press_releases/ind_prs01012025.pdf,161968,2026-08-22 22:17
D2,data/raw/press_releases/ind_prs01022006_1.pdf,71002,2026-08-21 16:49
D2,data/raw/press_releases/ind_prs01022022.pdf,171915,2026-08-22 22:27
D2,data/raw/press_releases/ind_prs01042016.pdf,155848,2026-08-22 22:35
D2,data/raw/press_releases/ind_prs01042026.pdf,325491,2026-08-22 22:07
D2,data/raw/press_releases/ind_prs01082018.pdf,167864,2026-08-21 18:26
D2,data/raw/press_releases/ind_prs01082025.pdf,249954,2026-08-22 22:13
D2,data/raw/press_releases/ind_prs01092022.pdf,525961,2026-08-21 16:49
D2,data/raw/press_releases/ind_prs01092022_1.pdf,165243,2026-08-22 22:25
D2,data/raw/press_releases/ind_prs01092025.pdf,250187,2026-08-22 22:12
D2,data/raw/press_releases/ind_prs01092025_1.pdf,230633,2026-08-22 22:12
D2,data/raw/press_releases/ind_prs01102010.pdf,27463,2026-08-21 16:49
D2,data/raw/press_releases/ind_prs01102018.pdf,195323,2026-08-22 22:33
D2,data/raw/press_releases/ind_prs01102021.pdf,165067,2026-08-22 22:28
D2,data/raw/press_releases/ind_prs01102024.pdf,161966,2026-08-22 22:19
D2,data/raw/press_releases/ind_prs01102025.pdf,252704,2026-08-22 22:11
D2,data/raw/press_releases/ind_prs01112022.pdf,148053,2026-08-22 22:25
D2,data/raw/press_releases/ind_prs01122011.pdf,22576,2026-08-21 16:49
D2,data/raw/press_releases/ind_prs01122025.pdf,366611,2026-08-21 18:20
D2,data/raw/press_releases/ind_prs01122025_1.pdf,248754,2026-08-22 22:09
D2,data/raw/press_releases/ind_prs02012023.pdf,164931,2026-08-22 22:24
D2,data/raw/press_releases/ind_prs02022022.pdf,190286,2026-08-22 22:27
D2,data/raw/press_releases/ind_prs02032026.pdf,229838,2026-08-22 22:07
D2,data/raw/press_releases/ind_prs02032026_1.pdf,249140,2026-08-22 22:07
D2,data/raw/press_releases/ind_prs02032026_2.pdf,341351,2026-08-21 18:19
D2,data/raw/press_releases/ind_prs02042025.pdf,230204,2026-08-22 22:15
D2,data/raw/press_releases/ind_prs02042025_1.pdf,158523,2026-08-22 22:15
D2,data/raw/press_releases/ind_prs02052025.pdf,280116,2026-08-22 22:15
D2,data/raw/press_releases/ind_prs02052025_1.pdf,138568,2026-08-22 22:15
D2,data/raw/press_releases/ind_prs02072020_1.pdf,498688,2026-08-21 18:26
D2,data/raw/press_releases/ind_prs02072025.pdf,253021,2026-08-22 22:13
D2,data/raw/press_releases/ind_prs02072026.pdf,330134,2026-08-22 22:05
D2,data/raw/press_releases/ind_prs02112018.pdf,248334,2026-08-22 22:33
D2,data/raw/press_releases/ind_prs02112021.pdf,165699,2026-08-22 22:27
D2,data/raw/press_releases/ind_prs02122020.pdf,140887,2026-08-22 22:29
D2,data/raw/press_releases/ind_prs02122024.pdf,162041,2026-08-22 22:18
D2,data/raw/press_releases/ind_prs02122024_1.pdf,219938,2026-08-22 22:18
D2,data/raw/press_releases/ind_prs03012017.pdf,242018,2026-08-21 18:41
D2,data/raw/press_releases/ind_prs03042019.pdf,246794,2026-08-22 22:33
D2,data/raw/press_releases/ind_prs03062025.pdf,194131,2026-08-22 22:14
D2,data/raw/press_releases/ind_prs03062025_1.pdf,162591,2026-08-22 22:14
D2,data/raw/press_releases/ind_prs03072025.pdf,250538,2026-08-22 22:13
D2,data/raw/press_releases/ind_prs03072025_1.pdf,252662,2026-08-22 22:13
D2,data/raw/press_releases/ind_prs03072026.pdf,328041,2026-08-22 22:05
D2,data/raw/press_releases/ind_prs03082022.pdf,166093,2026-08-22 22:25
D2,data/raw/press_releases/ind_prs03082026.pdf,321954,2026-08-22 22:04
D2,data/raw/press_releases/ind_prs03092012.pdf,13576,2026-08-21 16:36
D2,data/raw/press_releases/ind_prs03102025.pdf,252796,2026-08-22 22:11
D2,data/raw/press_releases/ind_prs03112006.pdf,72369,2026-08-21 16:36
D2,data/raw/press_releases/ind_prs03112017.pdf,156034,2026-08-21 16:36
D2,data/raw/press_releases/ind_prs03122018.pdf,914741,2026-08-22 22:33
D2,data/raw/press_releases/ind_prs04022026.pdf,228754,2026-08-22 22:08
D2,data/raw/press_releases/ind_prs04032010.pdf,28315,2026-08-21 16:49
D2,data/raw/press_releases/ind_prs04032026.pdf,247975,2026-08-22 22:07
D2,data/raw/press_releases/ind_prs04042025.pdf,196529,2026-08-22 22:15
D2,data/raw/press_releases/ind_prs04042025_2.pdf,177744,2026-08-21 18:21
D2,data/raw/press_releases/ind_prs04052017.pdf,150931,2026-08-22 22:34
D2,data/raw/press_releases/ind_prs04052022.pdf,163076,2026-08-22 22:26
D2,data/raw/press_releases/ind_prs04052023.pdf,141040,2026-08-22 22:23
D2,data/raw/press_releases/ind_prs04052026.pdf,385708,2026-08-21 18:19
D2,data/raw/press_releases/ind_prs04062024.pdf,195217,2026-08-22 22:21
D2,data/raw/press_releases/ind_prs04062025.pdf,162034,2026-08-22 22:14
D2,data/raw/press_releases/ind_prs04062026.pdf,290382,2026-08-22 22:06
D2,data/raw/press_releases/ind_prs04072023.pdf,148713,2026-08-21 16:37
D2,data/raw/press_releases/ind_prs04072025.pdf,247952,2026-08-22 22:13
D2,data/raw/press_releases/ind_prs04082025.pdf,248648,2026-08-22 22:13
D2,data/raw/press_releases/ind_prs04082026_2.pdf,274357,2026-08-22 22:04
D2,data/raw/press_releases/ind_prs04082026_3.pdf,328748,2026-08-21 18:18
D2,data/raw/press_releases/ind_prs04092009.pdf,84158,2026-08-21 16:37
D2,data/raw/press_releases/ind_prs04092024.pdf,197620,2026-08-22 22:20
D2,data/raw/press_releases/ind_prs04092024_1.pdf,157588,2026-08-22 22:20
D2,data/raw/press_releases/ind_prs04092025.pdf,250368,2026-08-22 22:11
D2,data/raw/press_releases/ind_prs04102022.pdf,147929,2026-08-22 22:25
D2,data/raw/press_releases/ind_prs04102024.pdf,193724,2026-08-21 18:22
D2,data/raw/press_releases/ind_prs04102024_1.pdf,162010,2026-08-22 22:19
D2,data/raw/press_releases/ind_prs04122020.pdf,138667,2026-08-22 22:29
D2,data/raw/press_releases/ind_prs05012016.pdf,46386,2026-08-22 22:35
D2,data/raw/press_releases/ind_prs05012018.pdf,161169,2026-08-22 22:34
D2,data/raw/press_releases/ind_prs05012022.pdf,172057,2026-08-22 22:27
D2,data/raw/press_releases/ind_prs05022025.pdf,161797,2026-08-22 22:16
D2,data/raw/press_releases/ind_prs05022025_1.pdf,216641,2026-08-21 18:21
D2,data/raw/press_releases/ind_prs05032020.pdf,362659,2026-08-22 22:31
D2,data/raw/press_releases/ind_prs05032026.pdf,249549,2026-08-22 22:07
D2,data/raw/press_releases/ind_prs05042022.pdf,193433,2026-08-21 16:37
D2,data/raw/press_releases/ind_prs05042022_1.pdf,189356,2026-08-21 18:24
D2,data/raw/press_releases/ind_prs05052025.pdf,196732,2026-08-22 22:15
D2,data/raw/press_releases/ind_prs05062025.pdf,248425,2026-08-22 22:14
D2,data/raw/press_releases/ind_prs05072024.pdf,224838,2026-08-22 22:21
D2,data/raw/press_releases/ind_prs05082020.pdf,408148,2026-08-21 18:26
D2,data/raw/press_releases/ind_prs05092023.pdf,112102,2026-08-21 18:23
D2,data/raw/press_releases/ind_prs05092024.pdf,157583,2026-08-22 22:20
D2,data/raw/press_releases/ind_prs05112019.pdf,141937,2026-08-22 22:32
D2,data/raw/press_releases/ind_prs05112024.pdf,161982,2026-08-22 22:18
D2,data/raw/press_releases/ind_prs05112024_1.pdf,215527,2026-08-22 22:18
D2,data/raw/press_releases/ind_prs05122023.pdf,182228,2026-08-22 22:22
D2,data/raw/press_releases/ind_prs06012020.pdf,76069,2026-08-22 22:31
D2,data/raw/press_releases/ind_prs06022025.pdf,198729,2026-08-22 22:16
D2,data/raw/press_releases/ind_prs06022025_1.pdf,228456,2026-08-21 18:21
D2,data/raw/press_releases/ind_prs06032017_1.pdf,120935,2026-08-22 22:34
D2,data/raw/press_releases/ind_prs06032018.pdf,206745,2026-08-21 18:27
D2,data/raw/press_releases/ind_prs06032019.pdf,235008,2026-08-22 22:33
D2,data/raw/press_releases/ind_prs06032023.pdf,226998,2026-08-21 18:23
D2,data/raw/press_releases/ind_prs06032024.pdf,142655,2026-08-22 22:22
D2,data/raw/press_releases/ind_prs06032025.pdf,167095,2026-08-21 18:21
D2,data/raw/press_releases/ind_prs06032025_1.pdf,215403,2026-08-22 22:16
D2,data/raw/press_releases/ind_prs06032026.pdf,246582,2026-08-22 22:07
D2,data/raw/press_releases/ind_prs06042016.pdf,103290,2026-08-22 22:35
D2,data/raw/press_releases/ind_prs06042022.pdf,180107,2026-08-21 18:24
D2,data/raw/press_releases/ind_prs06042026.pdf,329838,2026-08-22 22:06
D2,data/raw/press_releases/ind_prs06062025.pdf,489609,2026-08-21 18:21
D2,data/raw/press_releases/ind_prs06062025_1.pdf,160321,2026-08-22 22:14
D2,data/raw/press_releases/ind_prs06072023.pdf,141621,2026-08-22 22:23
D2,data/raw/press_releases/ind_prs06082019_1.pdf,149350,2026-08-22 22:32
D2,data/raw/press_releases/ind_prs06082025.pdf,233324,2026-08-22 22:12
D2,data/raw/press_releases/ind_prs06082025_1.pdf,247431,2026-08-22 22:12
D2,data/raw/press_releases/ind_prs06082025_2.pdf,248949,2026-08-22 22:12
D2,data/raw/press_releases/ind_prs06082026_1.pdf,276511,2026-08-22 22:04
D2,data/raw/press_releases/ind_prs06082026_2.pdf,336596,2026-08-22 22:04
D2,data/raw/press_releases/ind_prs06092024.pdf,215458,2026-08-22 22:20
D2,data/raw/press_releases/ind_prs06102025.pdf,249459,2026-08-22 22:11
D2,data/raw/press_releases/ind_prs06102025_1.pdf,251361,2026-08-22 22:11
D2,data/raw/press_releases/ind_prs06122019.pdf,135648,2026-08-22 22:31
D2,data/raw/press_releases/ind_prs06122022.pdf,247337,2026-08-21 18:24
D2,data/raw/press_releases/ind_prs07012016.pdf,54726,2026-08-21 18:41
D2,data/raw/press_releases/ind_prs07032017.pdf,187910,2026-08-21 18:27
D2,data/raw/press_releases/ind_prs07032024.pdf,218116,2026-08-22 22:22
D2,data/raw/press_releases/ind_prs07042017.pdf,143315,2026-08-21 18:41
D2,data/raw/press_releases/ind_prs07052025.pdf,161926,2026-08-22 22:15
D2,data/raw/press_releases/ind_prs07062024.pdf,448814,2026-08-21 18:22
D2,data/raw/press_releases/ind_prs07062024_1.pdf,195674,2026-08-22 22:21
D2,data/raw/press_releases/ind_prs07062024_2.pdf,220057,2026-08-22 22:21
D2,data/raw/press_releases/ind_prs07072026.pdf,328111,2026-08-22 22:05
D2,data/raw/press_releases/ind_prs07082024.pdf,161994,2026-08-22 22:21
D2,data/raw/press_releases/ind_prs07082025.pdf,249838,2026-08-22 22:12
D2,data/raw/press_releases/ind_prs07082026.pdf,338424,2026-08-22 22:04
D2,data/raw/press_releases/ind_prs07092020.pdf,227075,2026-08-21 18:25
D2,data/raw/press_releases/ind_prs07092021.pdf,172509,2026-08-22 22:28
D2,data/raw/press_releases/ind_prs07102020.pdf,358688,2026-08-22 22:30
D2,data/raw/press_releases/ind_prs07102021.pdf,163149,2026-08-22 22:28
D2,data/raw/press_releases/ind_prs07102024.pdf,161991,2026-08-22 22:19
D2,data/raw/press_releases/ind_prs07102025.pdf,269163,2026-08-22 22:10
D2,data/raw/press_releases/ind_prs07102025_1.pdf,247655,2026-08-22 22:10
D2,data/raw/press_releases/ind_prs07112025.pdf,252912,2026-08-22 22:10
D2,data/raw/press_releases/ind_prs07112025_1.pdf,248083,2026-08-22 22:10
D2,data/raw/press_releases/ind_prs07122021.pdf,186725,2026-08-22 22:27
D2,data/raw/press_releases/ind_prs07122023.pdf,293102,2026-08-21 18:23
D2,data/raw/press_releases/ind_prs08012018.pdf,276399,2026-08-21 16:38
D2,data/raw/press_releases/ind_prs08012025.pdf,161790,2026-08-22 22:17
D2,data/raw/press_releases/ind_prs08022024.pdf,145784,2026-08-22 22:22
D2,data/raw/press_releases/ind_prs08032018.pdf,242325,2026-08-22 22:34
D2,data/raw/press_releases/ind_prs08032022.pdf,267552,2026-08-21 18:24
D2,data/raw/press_releases/ind_prs08032022_1.pdf,164317,2026-08-22 22:26
D2,data/raw/press_releases/ind_prs08042019.pdf,142412,2026-08-21 18:40
D2,data/raw/press_releases/ind_prs08042025.pdf,192293,2026-08-22 22:15
D2,data/raw/press_releases/ind_prs08052019.pdf,123285,2026-08-22 22:33
D2,data/raw/press_releases/ind_prs08052026.pdf,354319,2026-08-21 18:19
D2,data/raw/press_releases/ind_prs08072016.pdf,160991,2026-08-22 22:35
D2,data/raw/press_releases/ind_prs08072019.pdf,159723,2026-08-22 22:32
D2,data/raw/press_releases/ind_prs08072025.pdf,255466,2026-08-21 18:20
D2,data/raw/press_releases/ind_prs08092006_1.pdf,72452,2026-08-21 16:38
D2,data/raw/press_releases/ind_prs08102021.pdf,177873,2026-08-21 18:25
D2,data/raw/press_releases/ind_prs08102021_1.pdf,165590,2026-08-22 22:28
D2,data/raw/press_releases/ind_prs08102025.pdf,248901,2026-08-22 22:10
D2,data/raw/press_releases/ind_prs08112007.pdf,17084,2026-08-21 16:39
D2,data/raw/press_releases/ind_prs08122021.pdf,976206,2026-08-21 18:25
D2,data/raw/press_releases/ind_prs09012020.pdf,75585,2026-08-21 18:26
D2,data/raw/press_releases/ind_prs09022021.pdf,140947,2026-08-22 22:29
D2,data/raw/press_releases/ind_prs09022023.pdf,131442,2026-08-22 22:24
D2,data/raw/press_releases/ind_prs09022023_1.pdf,183345,2026-08-21 18:24
D2,data/raw/press_releases/ind_prs09032018.pdf,225474,2026-08-22 22:34
D2,data/raw/press_releases/ind_prs09032026_1.pdf,252370,2026-08-22 22:07
D2,data/raw/press_releases/ind_prs09052017.pdf,171569,2026-08-21 18:41
D2,data/raw/press_releases/ind_prs09052025.pdf,225940,2026-08-22 22:15
D2,data/raw/press_releases/ind_prs09062023.pdf,257113,2026-08-21 18:23
D2,data/raw/press_releases/ind_prs09072019.pdf,135295,2026-08-22 22:32
D2,data/raw/press_releases/ind_prs09072026.pdf,329073,2026-08-22 22:05
D2,data/raw/press_releases/ind_prs09082023.pdf,87611,2026-08-22 22:23
D2,data/raw/press_releases/ind_prs09082024.pdf,157561,2026-08-22 22:20
D2,data/raw/press_releases/ind_prs09092009.pdf,86299,2026-08-21 16:49
D2,data/raw/press_releases/ind_prs09092024.pdf,196884,2026-08-22 22:20
D2,data/raw/press_releases/ind_prs09092024_1.pdf,157601,2026-08-22 22:20
D2,data/raw/press_releases/ind_prs09102025.pdf,248152,2026-08-22 22:10
D2,data/raw/press_releases/ind_prs09112016.pdf,77538,2026-08-21 18:41
D2,data/raw/press_releases/ind_prs09112023.pdf,106602,2026-08-21 18:23
D2,data/raw/press_releases/ind_prs09122024.pdf,161793,2026-08-22 22:17
D2,data/raw/press_releases/ind_prs09122025.pdf,251779,2026-08-22 22:09
D2,data/raw/press_releases/ind_prs10012024.pdf,112659,2026-08-21 18:23
D2,data/raw/press_releases/ind_prs10022009.pdf,26691,2026-08-21 16:49
D2,data/raw/press_releases/ind_prs10022011.pdf,65700,2026-08-21 16:49
D2,data/raw/press_releases/ind_prs10032021.pdf,181433,2026-08-21 18:25
D2,data/raw/press_releases/ind_prs10032022.pdf,171698,2026-08-22 22:26
D2,data/raw/press_releases/ind_prs10032026.pdf,253910,2026-08-22 22:07
D2,data/raw/press_releases/ind_prs10052021.pdf,447500,2026-08-22 22:28
D2,data/raw/press_releases/ind_prs10062020.pdf,782320,2026-08-21 16:49
D2,data/raw/press_releases/ind_prs10062026.pdf,786506,2026-08-21 18:19
D2,data/raw/press_releases/ind_prs10062026_1.pdf,340180,2026-08-22 22:06
D2,data/raw/press_releases/ind_prs10072020.pdf,369314,2026-08-22 22:30
D2,data/raw/press_releases/ind_prs10072025.pdf,249048,2026-08-22 22:13
D2,data/raw/press_releases/ind_prs10072026_1.pdf,236066,2026-08-22 22:05
D2,data/raw/press_releases/ind_prs10082007.pdf,27707,2026-08-21 16:49
D2,data/raw/press_releases/ind_prs10082009.pdf,14488,2026-08-21 16:49
D2,data/raw/press_releases/ind_prs10082026.pdf,983307,2026-08-21 16:49
D2,data/raw/press_releases/ind_prs10082026_1.pdf,331135,2026-08-22 22:04
D2,data/raw/press_releases/ind_prs10082026_2.pdf,330497,2026-08-22 22:04
D2,data/raw/press_releases/ind_prs10082026_3.pdf,353442,2026-08-21 18:18
D2,data/raw/press_releases/ind_prs10092018.pdf,837838,2026-08-22 22:33
D2,data/raw/press_releases/ind_prs10092020.pdf,358770,2026-08-22 22:30
D2,data/raw/press_releases/ind_prs10092024.pdf,162013,2026-08-22 22:20
D2,data/raw/press_releases/ind_prs10102024.pdf,175944,2026-08-21 18:21
D2,data/raw/press_releases/ind_prs10102024_1.pdf,173130,2026-08-21 18:22
D2,data/raw/press_releases/ind_prs10102025.pdf,262564,2026-08-22 22:10
D2,data/raw/press_releases/ind_prs10112017.pdf,145998,2026-08-21 18:40
D2,data/raw/press_releases/ind_prs10112022.pdf,164890,2026-08-22 22:25
D2,data/raw/press_releases/ind_prs10112025.pdf,248051,2026-08-22 22:10
D2,data/raw/press_releases/ind_prs11012016.pdf,89094,2026-08-21 18:41
D2,data/raw/press_releases/ind_prs11022022.pdf,173720,2026-08-22 22:26
D2,data/raw/press_releases/ind_prs11032025.pdf,194887,2026-08-22 22:15
D2,data/raw/press_releases/ind_prs11042013.pdf,23318,2026-08-21 16:50
D2,data/raw/press_releases/ind_prs11042023.pdf,192784,2026-08-22 22:24
D2,data/raw/press_releases/ind_prs11052026.pdf,326572,2026-08-22 22:06
D2,data/raw/press_releases/ind_prs11062026.pdf,336633,2026-08-22 22:06
D2,data/raw/press_releases/ind_prs11072019.pdf,135294,2026-08-22 22:32
D2,data/raw/press_releases/ind_prs11072022.pdf,245851,2026-08-21 16:50
D2,data/raw/press_releases/ind_prs11072022_1.pdf,166595,2026-08-22 22:25
D2,data/raw/press_releases/ind_prs11102022.pdf,167293,2026-08-22 22:25
D2,data/raw/press_releases/ind_prs11112025.pdf,249373,2026-08-22 22:09
D2,data/raw/press_releases/ind_prs11122020.pdf,228314,2026-08-21 18:25
D2,data/raw/press_releases/ind_prs11122020_1.pdf,183086,2026-08-22 22:29
D2,data/raw/press_releases/ind_prs11122024.pdf,587185,2026-08-21 18:21
D2,data/raw/press_releases/ind_prs11122025.pdf,702491,2026-08-21 18:19
D2,data/raw/press_releases/ind_prs11122025_1.pdf,256430,2026-08-21 18:19
D2,data/raw/press_releases/ind_prs11122025_2.pdf,252132,2026-08-22 22:08
D2,data/raw/press_releases/ind_prs12032020.pdf,671579,2026-08-21 18:26
D2,data/raw/press_releases/ind_prs12032026.pdf,368757,2026-08-21 18:19
D2,data/raw/press_releases/ind_prs12032026_1.pdf,247911,2026-08-22 22:07
D2,data/raw/press_releases/ind_prs12052021.pdf,137786,2026-08-22 22:28
D2,data/raw/press_releases/ind_prs12052023.pdf,145095,2026-08-22 22:23
D2,data/raw/press_releases/ind_prs12062024.pdf,219263,2026-08-22 22:21
D2,data/raw/press_releases/ind_prs12082016.pdf,286768,2026-08-21 16:50
D2,data/raw/press_releases/ind_prs12082020.pdf,358157,2026-08-22 22:30
D2,data/raw/press_releases/ind_prs12082024.pdf,161975,2026-08-22 22:20
D2,data/raw/press_releases/ind_prs12092025.pdf,250779,2026-08-22 22:11
D2,data/raw/press_releases/ind_prs12112021.pdf,171706,2026-08-22 22:27
D2,data/raw/press_releases/ind_prs12112024.pdf,212995,2026-08-22 22:18
D2,data/raw/press_releases/ind_prs12112025.pdf,251192,2026-08-22 22:09
D2,data/raw/press_releases/ind_prs12122011.pdf,15069,2026-08-21 16:50
D2,data/raw/press_releases/ind_prs13012016.pdf,45793,2026-08-21 18:41
D2,data/raw/press_releases/ind_prs13012020.pdf,247635,2026-08-22 22:31
D2,data/raw/press_releases/ind_prs13022013.pdf,109438,2026-08-21 16:50
D2,data/raw/press_releases/ind_prs13032019.pdf,322696,2026-08-21 18:26
D2,data/raw/press_releases/ind_prs13032025.pdf,250659,2026-08-21 18:21
D2,data/raw/press_releases/ind_prs13042021.pdf,357919,2026-08-22 22:29
D2,data/raw/press_releases/ind_prs13042023.pdf,163962,2026-08-22 22:24
D2,data/raw/press_releases/ind_prs13052016.pdf,104329,2026-08-22 22:35
D2,data/raw/press_releases/ind_prs13052020.pdf,334047,2026-08-22 22:31
D2,data/raw/press_releases/ind_prs13062019.pdf,255072,2026-08-21 16:50
D2,data/raw/press_releases/ind_prs13062019_1.pdf,141553,2026-08-22 22:32
D2,data/raw/press_releases/ind_prs13072017.pdf,227957,2026-08-22 22:34
D2,data/raw/press_releases/ind_prs13072026.pdf,327351,2026-08-21 18:18
D2,data/raw/press_releases/ind_prs13072026_1.pdf,400091,2026-08-21 18:18
D2,data/raw/press_releases/ind_prs13082019.pdf,141784,2026-08-22 22:32
D2,data/raw/press_releases/ind_prs13082025.pdf,249956,2026-08-22 22:12
D2,data/raw/press_releases/ind_prs13082026.pdf,326203,2026-08-22 22:04
D2,data/raw/press_releases/ind_prs13092017.pdf,163717,2026-08-22 22:34
D2,data/raw/press_releases/ind_prs13092024.pdf,162495,2026-08-21 18:22
D2,data/raw/press_releases/ind_prs13092024_1.pdf,157622,2026-08-22 22:19
D2,data/raw/press_releases/ind_prs13102021.pdf,642457,2026-08-22 22:28
D2,data/raw/press_releases/ind_prs13102025.pdf,248992,2026-08-22 22:10
D2,data/raw/press_releases/ind_prs13112024.pdf,161990,2026-08-22 22:18
D2,data/raw/press_releases/ind_prs13112025.pdf,267658,2026-08-21 18:20
D2,data/raw/press_releases/ind_prs13112025_1.pdf,250604,2026-08-22 22:09
D2,data/raw/press_releases/ind_prs14012025.pdf,161795,2026-08-22 22:17
D2,data/raw/press_releases/ind_prs14022025.pdf,157088,2026-08-22 22:16
D2,data/raw/press_releases/ind_prs14032012.pdf,65092,2026-08-21 16:50
D2,data/raw/press_releases/ind_prs14032022.pdf,189296,2026-08-22 22:26
D2,data/raw/press_releases/ind_prs14032024.pdf,208576,2026-08-21 18:23
D2,data/raw/press_releases/ind_prs14052018.pdf,220345,2026-08-22 22:33
D2,data/raw/press_releases/ind_prs14082024.pdf,158112,2026-08-22 22:20
D2,data/raw/press_releases/ind_prs14082025.pdf,241958,2026-08-22 22:12
D2,data/raw/press_releases/ind_prs14092021.pdf,179133,2026-08-22 22:28
D2,data/raw/press_releases/ind_prs14102021.pdf,171412,2026-08-22 22:28
D2,data/raw/press_releases/ind_prs14102025.pdf,247889,2026-08-22 22:10
D2,data/raw/press_releases/ind_prs14112024.pdf,162523,2026-08-22 22:18
D2,data/raw/press_releases/ind_prs14122018.pdf,799868,2026-08-21 16:50
D2,data/raw/press_releases/ind_prs14122021.pdf,188980,2026-08-22 22:27
D2,data/raw/press_releases/ind_prs15012020.pdf,537786,2026-08-22 22:31
D2,data/raw/press_releases/ind_prs15012025.pdf,161976,2026-08-22 22:17
D2,data/raw/press_releases/ind_prs15022022.pdf,187003,2026-08-22 22:26
D2,data/raw/press_releases/ind_prs15022024.pdf,110364,2026-08-22 22:22
D2,data/raw/press_releases/ind_prs15032013.pdf,19738,2026-08-21 16:50
D2,data/raw/press_releases/ind_prs15032018.pdf,288351,2026-08-22 22:34
D2,data/raw/press_releases/ind_prs15032023_1.pdf,147578,2026-08-22 22:24
D2,data/raw/press_releases/ind_prs15052020.pdf,369561,2026-08-22 22:31
D2,data/raw/press_releases/ind_prs15052026.pdf,325106,2026-08-21 18:19
D2,data/raw/press_releases/ind_prs15062017.pdf,156064,2026-08-21 16:50
D2,data/raw/press_releases/ind_prs15062018.pdf,326021,2026-08-21 18:27
D2,data/raw/press_releases/ind_prs15062018_1.pdf,260856,2026-08-21 18:27
D2,data/raw/press_releases/ind_prs15062020.pdf,459072,2026-08-22 22:30
D2,data/raw/press_releases/ind_prs15062021.pdf,270118,2026-08-21 18:25
D2,data/raw/press_releases/ind_prs15062022.pdf,334131,2026-08-21 18:24
D2,data/raw/press_releases/ind_prs15062026.pdf,288988,2026-08-22 22:06
D2,data/raw/press_releases/ind_prs15062026_1,78421,2026-08-22 22:06
D2,data/raw/press_releases/ind_prs15072025.pdf,284662,2026-08-22 22:13
D2,data/raw/press_releases/ind_prs15092021.pdf,416990,2026-08-21 16:50
D2,data/raw/press_releases/ind_prs15092023.pdf,165417,2026-08-21 17:59
D2,data/raw/press_releases/ind_prs15092025.pdf,370791,2026-08-21 18:20
D2,data/raw/press_releases/ind_prs15092025_1.pdf,337212,2026-08-21 18:20
D2,data/raw/press_releases/ind_prs15102020.pdf,358702,2026-08-22 22:30
D2,data/raw/press_releases/ind_prs15102024.pdf,212730,2026-08-22 22:19
D2,data/raw/press_releases/ind_prs15102025.pdf,246994,2026-08-22 22:10
D2,data/raw/press_releases/ind_prs16012017.pdf,176015,2026-08-21 16:50
D2,data/raw/press_releases/ind_prs16022017.pdf,615299,2026-08-21 16:50
D2,data/raw/press_releases/ind_prs16022026.pdf,242882,2026-08-22 22:07
D2,data/raw/press_releases/ind_prs16022026_1.pdf,229031,2026-08-22 22:08
D2,data/raw/press_releases/ind_prs16022026_2.pdf,251635,2026-08-22 22:08
D2,data/raw/press_releases/ind_prs16032020.pdf,686103,2026-08-21 16:50
D2,data/raw/press_releases/ind_prs16052023.pdf,303759,2026-08-22 22:23
D2,data/raw/press_releases/ind_prs16062016.pdf,84362,2026-08-22 22:35
D2,data/raw/press_releases/ind_prs16062018.pdf,134524,2026-08-22 22:33
D2,data/raw/press_releases/ind_prs16062025.pdf,253002,2026-08-22 22:14
D2,data/raw/press_releases/ind_prs16072025.pdf,250978,2026-08-22 22:13
D2,data/raw/press_releases/ind_prs16072026.pdf,328899,2026-08-22 22:05
D2,data/raw/press_releases/ind_prs16082012.pdf,68566,2026-08-21 16:51
D2,data/raw/press_releases/ind_prs16082021.pdf,199896,2026-08-22 22:28
D2,data/raw/press_releases/ind_prs16082022.pdf,166223,2026-08-22 22:25
D2,data/raw/press_releases/ind_prs16082024.pdf,141012,2026-08-22 22:20
D2,data/raw/press_releases/ind_prs16082025.pdf,228826,2026-08-22 22:12
D2,data/raw/press_releases/ind_prs16092010.pdf,8361,2026-08-21 16:51
D2,data/raw/press_releases/ind_prs16092022.pdf,270391,2026-08-21 18:24
D2,data/raw/press_releases/ind_prs16092022_1.pdf,165162,2026-08-22 22:25
D2,data/raw/press_releases/ind_prs16092025.pdf,249680,2026-08-22 22:11
D2,data/raw/press_releases/ind_prs16102017.pdf,154686,2026-08-21 16:51
D2,data/raw/press_releases/ind_prs16102024.pdf,162006,2026-08-22 22:19
D2,data/raw/press_releases/ind_prs16122019.pdf,560203,2026-08-21 16:51
D2,data/raw/press_releases/ind_prs16122025.pdf,250971,2026-08-22 22:08
D2,data/raw/press_releases/ind_prs17012020.pdf,266941,2026-08-22 22:31
D2,data/raw/press_releases/ind_prs17022023_1.pdf,546885,2026-08-21 16:51
D2,data/raw/press_releases/ind_prs17022026.pdf,249539,2026-08-22 22:07
D2,data/raw/press_releases/ind_prs17032022.pdf,148506,2026-08-22 22:26
D2,data/raw/press_releases/ind_prs17032025.pdf,199021,2026-08-21 18:21
D2,data/raw/press_releases/ind_prs17032025_1.pdf,218271,2026-08-21 18:21
D2,data/raw/press_releases/ind_prs17042018.pdf,229095,2026-08-22 22:34
D2,data/raw/press_releases/ind_prs17062026.pdf,342807,2026-08-21 18:18
D2,data/raw/press_releases/ind_prs17062026_1.pdf,288067,2026-08-22 22:05
D2,data/raw/press_releases/ind_prs17062026_2.pdf,284663,2026-08-21 18:18
D2,data/raw/press_releases/ind_prs17072023.pdf,152252,2026-08-22 22:23
D2,data/raw/press_releases/ind_prs17072026.pdf,356567,2026-08-22 22:05
D2,data/raw/press_releases/ind_prs17072026_1.pdf,364194,2026-08-21 18:18
D2,data/raw/press_releases/ind_prs17082023.pdf,464413,2026-08-21 17:59
D2,data/raw/press_releases/ind_prs17082026.pdf,339258,2026-08-22 22:04
D2,data/raw/press_releases/ind_prs17092019.pdf,223816,2026-08-21 16:51
D2,data/raw/press_releases/ind_prs17092019_1.pdf,155273,2026-08-21 18:26
D2,data/raw/press_releases/ind_prs17092024.pdf,158539,2026-08-22 22:19
D2,data/raw/press_releases/ind_prs17102016.pdf,152583,2026-08-21 16:51
D2,data/raw/press_releases/ind_prs17102023.pdf,136794,2026-08-21 18:23
D2,data/raw/press_releases/ind_prs17102025.pdf,288536,2026-08-21 18:20
D2,data/raw/press_releases/ind_prs17102025_1.pdf,249624,2026-08-22 22:10
D2,data/raw/press_releases/ind_prs17112011.pdf,17814,2026-08-21 16:51
D2,data/raw/press_releases/ind_prs17112021.pdf,188851,2026-08-22 22:27
D2,data/raw/press_releases/ind_prs17112021_1.pdf,171751,2026-08-22 22:27
D2,data/raw/press_releases/ind_prs17112025_1.pdf,276073,2026-08-21 18:20
D2,data/raw/press_releases/ind_prs17112025_2.pdf,248625,2026-08-22 22:09
D2,data/raw/press_releases/ind_prs18012021.pdf,361587,2026-08-22 22:29
D2,data/raw/press_releases/ind_prs18012023.pdf,163949,2026-08-22 22:24
D2,data/raw/press_releases/ind_prs18022020.pdf,388872,2026-08-21 16:51
D2,data/raw/press_releases/ind_prs18022025.pdf,167832,2026-08-21 18:21
D2,data/raw/press_releases/ind_prs18022025_1.pdf,161787,2026-08-22 22:16
D2,data/raw/press_releases/ind_prs18032015_2.pdf,24107,2026-08-21 16:51
D2,data/raw/press_releases/ind_prs18042017.pdf,283666,2026-08-22 22:34
D2,data/raw/press_releases/ind_prs18042024.pdf,148857,2026-08-22 22:22
D2,data/raw/press_releases/ind_prs18052023.pdf,189940,2026-08-22 22:23
D2,data/raw/press_releases/ind_prs18062024.pdf,197824,2026-08-22 22:21
D2,data/raw/press_releases/ind_prs18062025.pdf,251435,2026-08-22 22:14
D2,data/raw/press_releases/ind_prs18072016.pdf,181808,2026-08-21 18:41
D2,data/raw/press_releases/ind_prs18072025.pdf,250473,2026-08-22 22:13
D2,data/raw/press_releases/ind_prs18082025.pdf,249513,2026-08-22 22:12
D2,data/raw/press_releases/ind_prs18082026.pdf,339208,2026-08-22 22:04
D2,data/raw/press_releases/ind_prs18092015.pdf,37254,2026-08-21 16:51
D2,data/raw/press_releases/ind_prs18092020.pdf,357542,2026-08-22 22:30
D2,data/raw/press_releases/ind_prs18092024.pdf,162009,2026-08-22 22:19
D2,data/raw/press_releases/ind_prs18092025.pdf,250351,2026-08-22 22:11
D2,data/raw/press_releases/ind_prs18112020.pdf,147595,2026-08-21 18:25
D2,data/raw/press_releases/ind_prs18112020_1.pdf,244200,2026-08-22 22:29
D2,data/raw/press_releases/ind_prs18112022.pdf,181920,2026-08-22 22:24
D2,data/raw/press_releases/ind_prs18112024.pdf,162039,2026-08-22 22:18
D2,data/raw/press_releases/ind_prs18122017.pdf,335422,2026-08-21 18:40
D2,data/raw/press_releases/ind_prs18122019.pdf,160827,2026-08-21 18:26
D2,data/raw/press_releases/ind_prs18122025_1.pdf,251324,2026-08-22 22:08
D2,data/raw/press_releases/ind_prs19012022.pdf,187771,2026-08-22 22:27
D2,data/raw/press_releases/ind_prs19012024.pdf,107472,2026-08-21 18:23
D2,data/raw/press_releases/ind_prs19032020.pdf,439423,2026-08-21 16:51
D2,data/raw/press_releases/ind_prs19032024.pdf,260711,2026-08-21 18:22
D2,data/raw/press_releases/ind_prs19042011.pdf,24520,2026-08-21 16:51
D2,data/raw/press_releases/ind_prs19042023.pdf,184857,2026-08-22 22:23
D2,data/raw/press_releases/ind_prs19042023_1.pdf,208792,2026-08-21 18:23
D2,data/raw/press_releases/ind_prs19052025.pdf,227537,2026-08-22 22:15
D2,data/raw/press_releases/ind_prs19062020.pdf,368798,2026-08-22 22:30
D2,data/raw/press_releases/ind_prs19062023.pdf,234122,2026-08-22 22:23
D2,data/raw/press_releases/ind_prs19062026.pdf,341827,2026-08-21 18:18
D2,data/raw/press_releases/ind_prs19072016.pdf,162692,2026-08-22 22:35
D2,data/raw/press_releases/ind_prs19072024.pdf,212357,2026-08-22 22:21
D2,data/raw/press_releases/ind_prs19082026.pdf,338576,2026-08-22 22:04
D2,data/raw/press_releases/ind_prs19092024.pdf,163958,2026-08-21 18:22
D2,data/raw/press_releases/ind_prs19102020.pdf,139744,2026-08-22 22:30
D2,data/raw/press_releases/ind_prs19112025.pdf,249211,2026-08-22 22:09
D2,data/raw/press_releases/ind_prs19122019.pdf,162158,2026-08-21 18:26
D2,data/raw/press_releases/ind_prs19122024.pdf,162944,2026-08-22 22:17
D2,data/raw/press_releases/ind_prs20012020.pdf,250836,2026-08-21 18:26
D2,data/raw/press_releases/ind_prs20012022.pdf,172288,2026-08-22 22:27
D2,data/raw/press_releases/ind_prs20012023.pdf,148566,2026-08-22 22:24
D2,data/raw/press_releases/ind_prs20012026_1.pdf,249446,2026-08-22 22:08
D2,data/raw/press_releases/ind_prs20012026_2.pdf,268172,2026-08-21 18:19
D2,data/raw/press_releases/ind_prs20022007.pdf,41460,2026-08-21 16:52
D2,data/raw/press_releases/ind_prs20022015.pdf,59177,2026-08-21 16:52
D2,data/raw/press_releases/ind_prs20022019.pdf,250423,2026-08-21 18:40
D2,data/raw/press_releases/ind_prs20022025.pdf,161921,2026-08-22 22:16
D2,data/raw/press_releases/ind_prs20022026_1.pdf,265957,2026-08-21 18:19
D2,data/raw/press_releases/ind_prs20022026_2.pdf,262428,2026-08-21 18:19
D2,data/raw/press_releases/ind_prs20032019.pdf,237893,2026-08-21 18:40
D2,data/raw/press_releases/ind_prs20032026_2.pdf,326691,2026-08-22 22:07
D2,data/raw/press_releases/ind_prs20042026.pdf,326487,2026-08-22 22:06
D2,data/raw/press_releases/ind_prs20052020.pdf,394367,2026-08-22 22:31
D2,data/raw/press_releases/ind_prs20052026_1.pdf,336148,2026-08-21 18:19
D2,data/raw/press_releases/ind_prs20062018.pdf,230213,2026-08-21 18:40
D2,data/raw/press_releases/ind_prs20062025.pdf,252093,2026-08-21 18:21
D2,data/raw/press_releases/ind_prs20072006_1.pdf,72277,2026-08-21 16:52
D2,data/raw/press_releases/ind_prs20072026.pdf,330703,2026-08-21 18:18
D2,data/raw/press_releases/ind_prs20082019.pdf,129879,2026-08-21 18:26
D2,data/raw/press_releases/ind_prs20082019_1.pdf,141753,2026-08-22 22:32
D2,data/raw/press_releases/ind_prs20082020.pdf,383080,2026-08-21 18:25
D2,data/raw/press_releases/ind_prs20082025.pdf,248237,2026-08-22 22:12
D2,data/raw/press_releases/ind_prs20082026.pdf,339354,2026-08-22 22:03
D2,data/raw/press_releases/ind_prs20092021.pdf,176073,2026-08-21 18:25
D2,data/raw/press_releases/ind_prs20102022.pdf,171789,2026-08-21 18:24
D2,data/raw/press_releases/ind_prs20102022_1.pdf,162793,2026-08-21 18:24
D2,data/raw/press_releases/ind_prs20102025.pdf,273089,2026-08-21 18:20
D2,data/raw/press_releases/ind_prs20102025_1.pdf,248355,2026-08-22 22:10
D2,data/raw/press_releases/ind_prs20112017.pdf,167097,2026-08-22 22:34
D2,data/raw/press_releases/ind_prs20112025.pdf,247160,2026-08-22 22:09
D2,data/raw/press_releases/ind_prs20112025_1.pdf,251289,2026-08-22 22:09
D2,data/raw/press_releases/ind_prs20122023.pdf,163103,2026-08-22 22:22
D2,data/raw/press_releases/ind_prs20122024.pdf,195886,2026-08-22 22:17
D2,data/raw/press_releases/ind_prs20122024_1.pdf,161847,2026-08-22 22:17
D2,data/raw/press_releases/ind_prs21012019.pdf,252308,2026-08-21 18:40
D2,data/raw/press_releases/ind_prs21012025.pdf,161793,2026-08-22 22:16
D2,data/raw/press_releases/ind_prs21022014.pdf,23253,2026-08-21 16:52
D2,data/raw/press_releases/ind_prs21022018.pdf,575624,2026-08-21 16:52
D2,data/raw/press_releases/ind_prs21022022.pdf,171472,2026-08-22 22:26
D2,data/raw/press_releases/ind_prs21022023.pdf,170333,2026-08-21 18:24
D2,data/raw/press_releases/ind_prs21022025.pdf,775528,2026-08-21 17:46
D2,data/raw/press_releases/ind_prs21032022_1.pdf,211257,2026-08-22 22:26
D2,data/raw/press_releases/ind_prs21032025_2.pdf,215044,2026-08-22 22:15
D2,data/raw/press_releases/ind_prs21042025.pdf,220851,2026-08-22 22:15
D2,data/raw/press_releases/ind_prs21042025_1.pdf,160178,2026-08-21 18:21
D2,data/raw/press_releases/ind_prs21052026_1.pdf,376439,2026-08-21 18:19
D2,data/raw/press_releases/ind_prs21062024.pdf,157515,2026-08-22 22:21
D2,data/raw/press_releases/ind_prs21062024_1.pdf,159321,2026-08-21 18:22
D2,data/raw/press_releases/ind_prs21072022.pdf,165296,2026-08-22 22:25
D2,data/raw/press_releases/ind_prs21072025.pdf,250641,2026-08-22 22:13
D2,data/raw/press_releases/ind_prs21082024.pdf,157573,2026-08-22 22:20
D2,data/raw/press_releases/ind_prs21082025_1.pdf,248359,2026-08-22 22:12
D2,data/raw/press_releases/ind_prs21102022_1.pdf,146727,2026-08-22 22:25
D2,data/raw/press_releases/ind_prs21112025.pdf,249730,2026-08-22 22:09
D2,data/raw/press_releases/ind_prs21122023.pdf,145761,2026-08-22 22:22
D2,data/raw/press_releases/ind_prs21122023_2.pdf,231664,2026-08-22 22:22
D2,data/raw/press_releases/ind_prs22012026.pdf,248378,2026-08-22 22:08
D2,data/raw/press_releases/ind_prs22022016.pdf,77573,2026-08-22 22:35
D2,data/raw/press_releases/ind_prs22022016_1.pdf,162925,2026-08-22 22:35
D2,data/raw/press_releases/ind_prs22022016_2.pdf,286822,2026-08-21 16:52
D2,data/raw/press_releases/ind_prs22022022.pdf,189746,2026-08-22 22:26
D2,data/raw/press_releases/ind_prs22022022_2.pdf,522108,2026-08-21 18:25
D2,data/raw/press_releases/ind_prs22032007.pdf,15435,2026-08-21 16:52
D2,data/raw/press_releases/ind_prs22032023.pdf,146055,2026-08-22 22:24
D2,data/raw/press_releases/ind_prs22042016.pdf,177437,2026-08-21 18:41
D2,data/raw/press_releases/ind_prs22042020.pdf,358978,2026-08-22 22:31
D2,data/raw/press_releases/ind_prs22042021.pdf,150728,2026-08-21 18:25
D2,data/raw/press_releases/ind_prs22042026.pdf,326530,2026-08-22 22:06
D2,data/raw/press_releases/ind_prs22052024.pdf,196776,2026-08-21 18:22
D2,data/raw/press_releases/ind_prs22052026_1.pdf,303573,2026-08-22 22:06
D2,data/raw/press_releases/ind_prs22062026.pdf,342037,2026-08-21 18:18
D2,data/raw/press_releases/ind_prs22072020.pdf,359125,2026-08-22 22:30
D2,data/raw/press_releases/ind_prs22072025.pdf,248403,2026-08-22 22:13
D2,data/raw/press_releases/ind_prs22072026.pdf,329467,2026-08-22 22:05
D2,data/raw/press_releases/ind_prs22072026_2.pdf,332260,2026-08-22 22:05
D2,data/raw/press_releases/ind_prs22082017.pdf,187196,2026-08-22 22:34
D2,data/raw/press_releases/ind_prs22082025.pdf,773272,2026-08-21 16:52
D2,data/raw/press_releases/ind_prs22082025_1.pdf,274900,2026-08-21 18:20
D2,data/raw/press_releases/ind_prs22092020.pdf,139545,2026-08-22 22:30
D2,data/raw/press_releases/ind_prs22092023_1.pdf,143266,2026-08-22 22:23
D2,data/raw/press_releases/ind_prs22092025.pdf,253427,2026-08-21 18:20
D2,data/raw/press_releases/ind_prs22102019.pdf,141913,2026-08-22 22:32
D2,data/raw/press_releases/ind_prs22102021.pdf,200384,2026-08-21 16:52
D2,data/raw/press_releases/ind_prs22102024.pdf,211687,2026-08-22 22:19
D2,data/raw/press_releases/ind_prs22112024.pdf,159726,2026-08-21 18:21
D2,data/raw/press_releases/ind_prs22122022.pdf,189630,2026-08-21 18:24
D2,data/raw/press_releases/ind_prs22122025.pdf,247472,2026-08-22 22:08
D2,data/raw/press_releases/ind_prs23012026.pdf,228209,2026-08-22 22:08
D2,data/raw/press_releases/ind_prs23022021.pdf,1086975,2026-08-21 16:52
D2,data/raw/press_releases/ind_prs23022021_1.pdf,520851,2026-08-22 22:29
D2,data/raw/press_releases/ind_prs23022026.pdf,943729,2026-08-21 16:52
D2,data/raw/press_releases/ind_prs23032020.pdf,361504,2026-08-22 22:31
D2,data/raw/press_releases/ind_prs23032023.pdf,166405,2026-08-22 22:24
D2,data/raw/press_releases/ind_prs23042026.pdf,360749,2026-08-22 22:06
D2,data/raw/press_releases/ind_prs23062016.pdf,100083,2026-08-22 22:35
D2,data/raw/press_releases/ind_prs23062020.pdf,368810,2026-08-22 22:30
D2,data/raw/press_releases/ind_prs23062025.pdf,228167,2026-08-22 22:14
D2,data/raw/press_releases/ind_prs23062025_1.pdf,249014,2026-08-22 22:14
D2,data/raw/press_releases/ind_prs23072019.pdf,146249,2026-08-22 22:32
D2,data/raw/press_releases/ind_prs23082021.pdf,2563857,2026-08-21 18:25
D2,data/raw/press_releases/ind_prs23082021_1.pdf,434426,2026-08-22 22:28
D2,data/raw/press_releases/ind_prs23082022.pdf,179101,2026-08-21 18:24
D2,data/raw/press_releases/ind_prs23082023.pdf,94251,2026-08-21 17:57
D2,data/raw/press_releases/ind_prs23082024.pdf,788856,2026-08-21 17:45
D2,data/raw/press_releases/ind_prs23082024_1.pdf,283061,2026-08-21 18:22
D2,data/raw/press_releases/ind_prs23092022.pdf,145335,2026-08-22 22:25
D2,data/raw/press_releases/ind_prs23092024.pdf,342051,2026-08-21 18:22
D2,data/raw/press_releases/ind_prs23102024.pdf,161995,2026-08-22 22:19
D2,data/raw/press_releases/ind_prs23112020_1.pdf,358855,2026-08-22 22:29
D2,data/raw/press_releases/ind_prs23112022.pdf,165147,2026-08-22 22:24
D2,data/raw/press_releases/ind_prs23122021.pdf,172336,2026-08-22 22:27
D2,data/raw/press_releases/ind_prs23122024.pdf,161843,2026-08-22 22:17
D2,data/raw/press_releases/ind_prs23122025.pdf,277810,2026-08-21 18:19
D2,data/raw/press_releases/ind_prs24012019.pdf,236673,2026-08-22 22:33
D2,data/raw/press_releases/ind_prs24012025.pdf,161798,2026-08-22 22:16
D2,data/raw/press_releases/ind_prs24012025_2.pdf,258127,2026-08-22 22:16
D2,data/raw/press_releases/ind_prs24012025_3.pdf,160669,2026-08-22 22:16
D2,data/raw/press_releases/ind_prs24022010.pdf,76947,2026-08-21 16:52
D2,data/raw/press_releases/ind_prs24022022_1.pdf,568913,2026-08-21 16:52
D2,data/raw/press_releases/ind_prs24022023_1.pdf,147457,2026-08-22 22:24
D2,data/raw/press_releases/ind_prs24032022.pdf,173128,2026-08-22 22:26
D2,data/raw/press_releases/ind_prs24032026.pdf,78421,2026-08-22 22:07
D2,data/raw/press_releases/ind_prs24042018.pdf,346116,2026-08-22 22:33
D2,data/raw/press_releases/ind_prs24042024.pdf,170268,2026-08-21 18:22
D2,data/raw/press_releases/ind_prs24042024_1.pdf,167211,2026-08-21 18:22
D2,data/raw/press_releases/ind_prs24052018.pdf,270915,2026-08-21 16:52
D2,data/raw/press_releases/ind_prs24052022.pdf,183074,2026-08-21 18:24
D2,data/raw/press_releases/ind_prs24052023.pdf,140693,2026-08-22 22:23
D2,data/raw/press_releases/ind_prs24062021.pdf,139173,2026-08-22 22:28
D2,data/raw/press_releases/ind_prs24062024.pdf,211654,2026-08-22 22:21
D2,data/raw/press_releases/ind_prs24062026.pdf,334615,2026-08-22 22:05
D2,data/raw/press_releases/ind_prs24062026_1.pdf,326257,2026-08-21 18:18
D2,data/raw/press_releases/ind_prs24072023.pdf,118960,2026-08-21 18:23
D2,data/raw/press_releases/ind_prs24072024.pdf,172174,2026-08-21 18:22
D2,data/raw/press_releases/ind_prs24072025.pdf,278089,2026-08-21 18:20
D2,data/raw/press_releases/ind_prs24072026.pdf,268433,2026-08-22 22:05
D2,data/raw/press_releases/ind_prs24072026_1.pdf,341920,2026-08-22 22:05
D2,data/raw/press_releases/ind_prs24082015.pdf,95391,2026-08-21 16:53
D2,data/raw/press_releases/ind_prs24082023.pdf,101173,2026-08-21 17:58
D2,data/raw/press_releases/ind_prs24092018.pdf,730253,2026-08-21 18:26
D2,data/raw/press_releases/ind_prs24092025.pdf,249202,2026-08-22 22:11
D2,data/raw/press_releases/ind_prs24102018.pdf,388810,2026-08-22 22:33
D2,data/raw/press_releases/ind_prs24102019.pdf,73649,2026-08-22 22:32
D2,data/raw/press_releases/ind_prs24112025.pdf,249085,2026-08-22 22:09
D2,data/raw/press_releases/ind_prs24122019_1.pdf,135726,2026-08-22 22:31
D2,data/raw/press_releases/ind_prs24122021.pdf,173128,2026-08-22 22:27
D2,data/raw/press_releases/ind_prs24122024.pdf,158569,2026-08-22 22:17
D2,data/raw/press_releases/ind_prs24122025.pdf,248506,2026-08-22 22:08
D2,data/raw/press_releases/ind_prs25022019.pdf,485706,2026-08-21 16:53
D2,data/raw/press_releases/ind_prs25022019_1.pdf,253850,2026-08-22 22:33
D2,data/raw/press_releases/ind_prs25022025.pdf,197753,2026-08-22 22:16
D2,data/raw/press_releases/ind_prs25022025_1.pdf,161944,2026-08-22 22:16
D2,data/raw/press_releases/ind_prs25032020.pdf,358384,2026-08-22 22:31
D2,data/raw/press_releases/ind_prs25032025.pdf,170536,2026-08-22 22:15
D2,data/raw/press_releases/ind_prs25032026.pdf,326695,2026-08-22 22:07
D2,data/raw/press_releases/ind_prs25062019.pdf,135328,2026-08-22 22:32
D2,data/raw/press_releases/ind_prs25062025.pdf,229604,2026-08-22 22:14
D2,data/raw/press_releases/ind_prs25062025_1.pdf,256778,2026-08-22 22:14
D2,data/raw/press_releases/ind_prs25062025_2.pdf,289219,2026-08-21 18:20
D2,data/raw/press_releases/ind_prs25072024.pdf,197455,2026-08-22 22:21
D2,data/raw/press_releases/ind_prs25082011.pdf,92240,2026-08-21 16:53
D2,data/raw/press_releases/ind_prs25082020.pdf,515849,2026-08-22 22:30
D2,data/raw/press_releases/ind_prs25082023.pdf,96162,2026-08-21 17:58
D2,data/raw/press_releases/ind_prs25092020_1.pdf,358652,2026-08-22 22:30
D2,data/raw/press_releases/ind_prs25092024.pdf,277111,2026-08-21 17:45
D2,data/raw/press_releases/ind_prs25092025_1.pdf,272282,2026-08-22 22:11
D2,data/raw/press_releases/ind_prs25102023.pdf,197807,2026-08-22 22:22
D2,data/raw/press_releases/ind_prs25102024.pdf,198695,2026-08-22 22:19
D2,data/raw/press_releases/ind_prs25112021.pdf,171390,2026-08-22 22:27
D2,data/raw/press_releases/ind_prs25112024.pdf,196005,2026-08-22 22:18
D2,data/raw/press_releases/ind_prs25112024_1.pdf,162038,2026-08-22 22:18
D2,data/raw/press_releases/ind_prs25112025.pdf,250521,2026-08-22 22:09
D2,data/raw/press_releases/ind_prs26022024.pdf,173823,2026-08-22 22:22
D2,data/raw/press_releases/ind_prs26032023.pdf,165949,2026-08-22 22:24
D2,data/raw/press_releases/ind_prs26042023.pdf,177833,2026-08-22 22:23
D2,data/raw/press_releases/ind_prs26062023.pdf,398305,2026-08-22 22:23
D2,data/raw/press_releases/ind_prs26062025.pdf,248028,2026-08-22 22:13
D2,data/raw/press_releases/ind_prs26062025_1.pdf,248439,2026-08-22 22:14
D2,data/raw/press_releases/ind_prs26072019.pdf,135257,2026-08-22 22:32
D2,data/raw/press_releases/ind_prs26072022.pdf,183085,2026-08-21 18:24
D2,data/raw/press_releases/ind_prs26072022_1.pdf,162794,2026-08-22 22:25
D2,data/raw/press_releases/ind_prs26072024.pdf,161951,2026-08-22 22:21
D2,data/raw/press_releases/ind_prs26082014.pdf,37701,2026-08-21 16:53
D2,data/raw/press_releases/ind_prs26082021.pdf,169144,2026-08-22 22:28
D2,data/raw/press_releases/ind_prs26092025.pdf,248117,2026-08-22 22:11
D2,data/raw/press_releases/ind_prs26102020.pdf,393547,2026-08-21 18:25
D2,data/raw/press_releases/ind_prs26112025.pdf,256945,2026-08-21 18:20
D2,data/raw/press_releases/ind_prs26122024.pdf,171591,2026-08-22 22:17
D2,data/raw/press_releases/ind_prs26122025.pdf,274124,2026-08-22 22:08
D2,data/raw/press_releases/ind_prs27012021.pdf,138704,2026-08-22 22:29
D2,data/raw/press_releases/ind_prs27022014.pdf,60861,2026-08-21 16:53
D2,data/raw/press_releases/ind_prs27022024.pdf,86231,2026-08-22 22:22
D2,data/raw/press_releases/ind_prs27032018.pdf,230314,2026-08-22 22:34
D2,data/raw/press_releases/ind_prs27042017.pdf,161532,2026-08-21 16:53
D2,data/raw/press_releases/ind_prs27052026.pdf,325083,2026-08-22 22:06
D2,data/raw/press_releases/ind_prs27062023.pdf,102953,2026-08-21 18:23
D2,data/raw/press_releases/ind_prs27062024.pdf,158515,2026-08-22 22:21
D2,data/raw/press_releases/ind_prs27072026.pdf,337104,2026-08-22 22:04
D2,data/raw/press_releases/ind_prs27082013.pdf,53412,2026-08-21 16:53
D2,data/raw/press_releases/ind_prs27082024.pdf,167178,2026-08-21 18:22
D2,data/raw/press_releases/ind_prs27082024_1.pdf,157584,2026-08-22 22:20
D2,data/raw/press_releases/ind_prs27102025.pdf,247913,2026-08-22 22:10
D2,data/raw/press_releases/ind_prs27112007.pdf,14489,2026-08-21 16:53
D2,data/raw/press_releases/ind_prs27112020.pdf,139996,2026-08-22 22:29
D2,data/raw/press_releases/ind_prs27112025.pdf,246479,2026-08-22 22:09
D2,data/raw/press_releases/ind_prs27122019.pdf,124002,2026-08-22 22:31
D2,data/raw/press_releases/ind_prs28022024.pdf,637067,2026-08-21 16:53
D2,data/raw/press_releases/ind_prs28022025.pdf,193524,2026-08-22 22:16
D2,data/raw/press_releases/ind_prs28032023.pdf,171826,2026-08-22 22:26
D2,data/raw/press_releases/ind_prs28032024.pdf,198400,2026-08-22 22:22
D2,data/raw/press_releases/ind_prs28042016.pdf,137333,2026-08-21 18:41
D2,data/raw/press_releases/ind_prs28062019.pdf,296902,2026-08-22 22:32
D2,data/raw/press_releases/ind_prs28062022_1.pdf,175177,2026-08-22 22:26
D2,data/raw/press_releases/ind_prs28062023.pdf,87577,2026-08-22 22:23
D2,data/raw/press_releases/ind_prs28072026_1.pdf,337575,2026-08-22 22:04
D2,data/raw/press_releases/ind_prs28082017.pdf,378637,2026-08-21 16:53
D2,data/raw/press_releases/ind_prs28082018.pdf,604193,2026-08-21 16:53
D2,data/raw/press_releases/ind_prs28082019.pdf,383239,2026-08-21 16:53
D2,data/raw/press_releases/ind_prs28082023.pdf,99034,2026-08-21 17:58
D2,data/raw/press_releases/ind_prs28082025.pdf,253288,2026-08-22 22:12
D2,data/raw/press_releases/ind_prs28092022_1.pdf,148931,2026-08-22 22:25
D2,data/raw/press_releases/ind_prs28112017.pdf,139728,2026-08-21 16:53
D2,data/raw/press_releases/ind_prs28112019.pdf,241409,2026-08-21 18:26
D2,data/raw/press_releases/ind_prs28112024.pdf,217148,2026-08-22 22:18
D2,data/raw/press_releases/ind_prs28112024_1.pdf,162015,2026-08-22 22:18
D2,data/raw/press_releases/ind_prs28112024_2.pdf,158594,2026-08-22 22:18
D2,data/raw/press_releases/ind_prs28112025.pdf,271998,2026-08-22 22:09
D2,data/raw/press_releases/ind_prs29012026.pdf,248366,2026-08-22 22:08
D2,data/raw/press_releases/ind_prs29042021.pdf,357766,2026-08-22 22:29
D2,data/raw/press_releases/ind_prs29052025.pdf,162042,2026-08-22 22:14
D2,data/raw/press_releases/ind_prs29052026.pdf,78421,2026-08-22 22:06
D2,data/raw/press_releases/ind_prs29072008.pdf,29343,2026-08-21 16:53
D2,data/raw/press_releases/ind_prs29082017.pdf,164220,2026-08-21 16:54
D2,data/raw/press_releases/ind_prs29082024.pdf,157598,2026-08-22 22:20
D2,data/raw/press_releases/ind_prs29082025.pdf,247464,2026-08-22 22:12
D2,data/raw/press_releases/ind_prs29092025.pdf,249904,2026-08-22 22:11
D2,data/raw/press_releases/ind_prs29102013.pdf,26246,2026-08-21 16:54
D2,data/raw/press_releases/ind_prs29102020.pdf,359244,2026-08-22 22:29
D2,data/raw/press_releases/ind_prs29102024.pdf,162553,2026-08-22 22:19
D2,data/raw/press_releases/ind_prs29102024_1.pdf,215452,2026-08-22 22:19
D2,data/raw/press_releases/ind_prs30012024.pdf,112834,2026-08-21 18:23
D2,data/raw/press_releases/ind_prs30012025.pdf,158542,2026-08-22 22:16
D2,data/raw/press_releases/ind_prs30052024.pdf,231959,2026-08-22 22:22
D2,data/raw/press_releases/ind_prs30062022.pdf,176746,2026-08-22 22:26
D2,data/raw/press_releases/ind_prs30062026.pdf,326742,2026-08-22 22:05
D2,data/raw/press_releases/ind_prs30082021.pdf,168278,2026-08-22 22:28
D2,data/raw/press_releases/ind_prs30092020.pdf,164603,2026-08-21 18:25
D2,data/raw/press_releases/ind_prs30092025.pdf,248694,2026-08-22 22:11
D2,data/raw/press_releases/ind_prs30112017.pdf,306712,2026-08-22 22:34
D2,data/raw/press_releases/ind_prs30122024.pdf,233285,2026-08-22 22:17
D2,data/raw/press_releases/ind_prs30122024_1.pdf,163709,2026-08-22 22:17
D2,data/raw/press_releases/ind_prs31012008_2.pdf,21217,2026-08-21 16:54
D2,data/raw/press_releases/ind_prs31052024.pdf,210394,2026-08-22 22:21
D2,data/raw/press_releases/ind_prs31072025.pdf,249550,2026-08-22 22:13
D2,data/raw/press_releases/ind_prs31072026.pdf,339188,2026-08-22 22:04
D2,data/raw/press_releases/ind_prs31082018.pdf,268836,2026-08-21 18:26
D2,data/raw/press_releases/ind_prs31102024.pdf,160999,2026-08-22 22:19
D2,data/raw/press_releases/ind_prs31122024.pdf,162695,2026-08-22 22:17
D2,data/raw/press_releases/ind_prs31122025.pdf,249891,2026-08-22 22:08
D2,data/reference/nse_circulars_2019_2026.csv,9810955,2026-08-22 22:05
D2,data/reference/nse_press_release_manifest.csv,241959,2026-08-21 18:18
D2,data/reference/nse_symbol_renames.csv,15508,2026-08-22 22:36
D2,diagnostics/membership/STATUS.md,6249,2026-08-22 22:41
D2,diagnostics/membership/__pycache__/analyse.cpython-312.pyc,6449,2026-08-21 22:31
D2,diagnostics/membership/__pycache__/extract_membership_fixed.cpython-312.pyc,20110,2026-08-21 17:40
D2,diagnostics/membership/analyse.py,3226,2026-08-21 18:18
D2,diagnostics/membership/anchor_100.csv,834,2026-08-21 17:22
D2,diagnostics/membership/anchor_150.csv,1253,2026-08-21 17:22
D2,diagnostics/membership/changes_100.csv,3404,2026-08-21 16:56
D2,diagnostics/membership/changes_150.csv,5255,2026-08-21 16:56
D2,diagnostics/membership/changes_50.csv,2955,2026-08-21 16:55
D2,diagnostics/membership/download.log,0,2026-08-21 16:35
D2,diagnostics/membership/download2.log,2239,2026-08-21 16:54
D2,diagnostics/membership/download3.log,4090,2026-08-21 18:27
D2,diagnostics/membership/download4.log,561,2026-08-21 18:41
D2,diagnostics/membership/download_circ.log,6093,2026-08-22 22:21
D2,diagnostics/membership/download_full.log,14209,2026-08-22 22:35
D2,diagnostics/membership/download_set.csv,22384,2026-08-21 18:18
D2,diagnostics/membership/download_set_full.csv,93209,2026-08-22 22:03
D2,diagnostics/membership/download_set_v2.csv,27319,2026-08-21 18:40
D2,diagnostics/membership/err100.txt,0,2026-08-21 16:34
D2,diagnostics/membership/err150.txt,0,2026-08-21 16:34
D2,diagnostics/membership/err50.txt,0,2026-08-21 16:34
D2,diagnostics/membership/extract_membership_fixed.py,15715,2026-08-21 17:48
D2,diagnostics/membership/extract_membership_patched.py,13146,2026-08-21 17:19
D2,diagnostics/membership/final3_100.csv,5551,2026-08-21 18:45
D2,diagnostics/membership/final3_100.log,15521,2026-08-21 18:45
D2,diagnostics/membership/final3_150.csv,6632,2026-08-21 18:46
D2,diagnostics/membership/final3_150.log,15557,2026-08-21 18:46
D2,diagnostics/membership/final3_50.csv,4111,2026-08-21 18:44
D2,diagnostics/membership/final3_50.log,15395,2026-08-21 18:44
D2,diagnostics/membership/final_100.csv,4540,2026-08-21 17:41
D2,diagnostics/membership/final_100.log,4946,2026-08-21 17:41
D2,diagnostics/membership/final_150.csv,5689,2026-08-21 17:41
D2,diagnostics/membership/final_150.log,4982,2026-08-21 17:41
D2,diagnostics/membership/final_50.csv,3382,2026-08-21 17:40
D2,diagnostics/membership/final_50.log,4967,2026-08-21 17:40
D2,diagnostics/membership/final_report.txt,1652,2026-08-21 22:31
D2,diagnostics/membership/fixed_100.csv,4540,2026-08-21 17:20
D2,diagnostics/membership/fixed_100.log,4946,2026-08-21 17:20
D2,diagnostics/membership/fixed_150.csv,5689,2026-08-21 17:21
D2,diagnostics/membership/fixed_150.log,4982,2026-08-21 17:21
D2,diagnostics/membership/fixed_50.csv,3382,2026-08-21 17:20
D2,diagnostics/membership/fixed_50.log,4967,2026-08-21 17:20
D2,diagnostics/membership/full_100.csv,5551,2026-08-22 22:38
D2,diagnostics/membership/full_100.log,46303,2026-08-22 22:38
D2,diagnostics/membership/full_150.csv,6632,2026-08-22 22:40
D2,diagnostics/membership/full_150.log,46339,2026-08-22 22:40
D2,diagnostics/membership/membership_100.csv,851,2026-08-21 17:42
D2,diagnostics/membership/membership_150.csv,1270,2026-08-21 17:42
D2,diagnostics/membership/parse_100.log,5478,2026-08-21 16:56
D2,diagnostics/membership/parse_150.log,5334,2026-08-21 16:56
D2,diagnostics/membership/parse_50.log,5091,2026-08-21 16:55
D2,diagnostics/membership/parse_report.txt,2693,2026-08-21 16:57
D2,diagnostics/membership/parse_report_fixed.txt,3210,2026-08-21 17:21
D2,diagnostics/membership/partial/changes_100.csv,3404,2026-08-21 16:54
D2,diagnostics/membership/partial/changes_150.csv,5255,2026-08-21 16:55
D2,diagnostics/membership/partial/changes_50.csv,2897,2026-08-21 16:54
D2,diagnostics/membership/partial/parse_100.log,5486,2026-08-21 16:54
D2,diagnostics/membership/partial/parse_150.log,5342,2026-08-21 16:55
D2,diagnostics/membership/partial/parse_50.log,4905,2026-08-21 16:54
D2,diagnostics/membership/postpone_scan.txt,9120,2026-08-21 22:33
D2,diagnostics/membership/press_release_manifest.csv,241959,2026-08-21 18:16
D2,diagnostics/membership/rb_100.log,184,2026-08-21 17:42
D2,diagnostics/membership/rb_150.log,184,2026-08-21 17:42
D2,diagnostics/membership/rebuild_100.log,184,2026-08-21 17:22
D2,diagnostics/membership/rebuild_150.log,184,2026-08-21 17:22
D2,diagnostics/membership/rebuild_final.txt,3068,2026-08-21 17:50
D2,diagnostics/membership/rebuild_v3.txt,1145,2026-08-21 18:02
D2,diagnostics/membership/rebuilt_100.csv,4939,2026-08-22 22:40
D2,diagnostics/membership/rebuilt_150.csv,7450,2026-08-22 22:40
D2,diagnostics/membership/rename_circulars.csv,53307,2026-08-22 22:06
D2,diagnostics/membership/rename_map_build.txt,1639,2026-08-22 22:36
D2,diagnostics/membership/repaired_midcap100.csv,13790,2026-08-21 16:34
D2,diagnostics/membership/repaired_midcap150.csv,13500,2026-08-21 16:34
D2,diagnostics/membership/repaired_midcap50.csv,6170,2026-08-21 16:34
D2,diagnostics/membership/scope_check.txt,3591,2026-08-21 17:16
D2,diagnostics/membership/triage_100.txt,8859,2026-08-21 16:34
D2,diagnostics/membership/triage_150.txt,5505,2026-08-21 16:34
D2,diagnostics/membership/triage_50.txt,6749,2026-08-21 16:34
D2,diagnostics/membership/urls_100.txt,3794,2026-08-21 16:34
D2,diagnostics/membership/urls_150.txt,2335,2026-08-21 16:34
D2,diagnostics/membership/urls_50.txt,2778,2026-08-21 16:34
D2,diagnostics/membership/urls_all.txt,4993,2026-08-21 16:34
D2,diagnostics/membership/v2_100.csv,5131,2026-08-21 17:49
D2,diagnostics/membership/v2_100.log,5121,2026-08-21 17:49
D2,diagnostics/membership/v2_150.csv,6357,2026-08-21 17:50
D2,diagnostics/membership/v2_150.log,5157,2026-08-21 17:50
D2,diagnostics/membership/v2_50.csv,3858,2026-08-21 17:49
D2,diagnostics/membership/v2_50.log,5141,2026-08-21 17:49
D2,diagnostics/membership/v3_100.csv,5352,2026-08-21 18:01
D2,diagnostics/membership/v3_100.log,5525,2026-08-21 18:01
D2,diagnostics/membership/v3_150.csv,6594,2026-08-21 18:01
D2,diagnostics/membership/v3_150.log,5561,2026-08-21 18:01
D2,diagnostics/membership/v3_50.csv,3990,2026-08-21 18:00
D2,diagnostics/membership/v3_50.log,5540,2026-08-21 18:00
D2,diagnostics/membership/walk_final.txt,1135,2026-08-22 22:40
D2,diagnostics/membership/walkback.txt,1198,2026-08-21 17:22
D2,diagnostics/membership/yield_report.txt,2544,2026-08-21 17:41
D2,diagnostics/n100_membership_v2_report.txt,9206,2026-08-19 09:01
D2,results/extract_membership.py,11386,2026-08-21 16:20
D2,results/repair_membership.py,12332,2026-08-21 16:20
E,EXP14_REPORT.txt,9686,2026-08-13 12:28
E,EXP17_REPORT.txt,9257,2026-08-13 12:28
E,__pycache__/exp18_filter.cpython-312.pyc,15365,2026-08-19 23:40
E,__pycache__/exp18_run.cpython-312.pyc,17439,2026-08-20 14:07
E,__pycache__/exp20_run.cpython-312.pyc,15201,2026-08-20 23:17
E,__pycache__/exp21_exp22.cpython-312.pyc,20936,2026-08-21 15:20
E,diagnostics/EXP18_RESULT.txt,11144,2026-08-20 15:02
E,diagnostics/exp18_cache/58_rand00.json,485,2026-08-20 11:54
E,diagnostics/exp18_cache/58_rand01.json,485,2026-08-20 12:00
E,diagnostics/exp18_cache/58_rand02.json,472,2026-08-20 12:06
E,diagnostics/exp18_cache/58_rand03.json,479,2026-08-20 12:11
E,diagnostics/exp18_cache/58_rand04.json,481,2026-08-20 12:17
E,diagnostics/exp18_cache/58_rand05.json,483,2026-08-20 12:23
E,diagnostics/exp18_cache/58_rand06.json,481,2026-08-20 12:29
E,diagnostics/exp18_cache/58_rand07.json,476,2026-08-20 12:35
E,diagnostics/exp18_cache/58_rand08.json,485,2026-08-20 12:41
E,diagnostics/exp18_cache/58_rand09.json,485,2026-08-20 12:47
E,diagnostics/exp18_cache/58_rand10.json,484,2026-08-20 12:53
E,diagnostics/exp18_cache/58_rand11.json,483,2026-08-20 12:59
E,diagnostics/exp18_cache/58_rand12.json,480,2026-08-20 13:05
E,diagnostics/exp18_cache/58_rand13.json,481,2026-08-20 13:10
E,diagnostics/exp18_cache/58_rand14.json,483,2026-08-20 13:16
E,diagnostics/exp18_cache/58_rand15.json,482,2026-08-20 13:22
E,diagnostics/exp18_cache/58_rand16.json,484,2026-08-20 13:28
E,diagnostics/exp18_cache/58_rand17.json,480,2026-08-20 13:34
E,diagnostics/exp18_cache/58_rand18.json,484,2026-08-20 13:40
E,diagnostics/exp18_cache/58_rand19.json,480,2026-08-20 13:46
E,diagnostics/exp18_cache/58_real.json,483,2026-08-20 11:48
E,diagnostics/exp18_cache/58_summary.json,32656,2026-08-20 14:07
E,diagnostics/exp18_cache/74_rand00.json,409,2026-08-20 14:13
E,diagnostics/exp18_cache/74_rand01.json,411,2026-08-20 14:15
E,diagnostics/exp18_cache/74_rand02.json,401,2026-08-20 14:18
E,diagnostics/exp18_cache/74_rand03.json,402,2026-08-20 14:20
E,diagnostics/exp18_cache/74_rand04.json,407,2026-08-20 14:23
E,diagnostics/exp18_cache/74_rand05.json,411,2026-08-20 14:26
E,diagnostics/exp18_cache/74_rand06.json,410,2026-08-20 14:28
E,diagnostics/exp18_cache/74_rand07.json,411,2026-08-20 14:31
E,diagnostics/exp18_cache/74_rand08.json,410,2026-08-20 14:33
E,diagnostics/exp18_cache/74_rand09.json,404,2026-08-20 14:36
E,diagnostics/exp18_cache/74_rand10.json,408,2026-08-20 14:38
E,diagnostics/exp18_cache/74_rand11.json,409,2026-08-20 14:41
E,diagnostics/exp18_cache/74_real.json,400,2026-08-20 14:10
E,diagnostics/exp18_cache/mid_real.json,478,2026-08-20 15:01
E,diagnostics/exp18_cache/mid_realonly.json,969,2026-08-20 15:01
E,diagnostics/exp18_causality.txt,7009,2026-08-19 23:40
E,diagnostics/exp20_causality.txt,1978,2026-08-20 23:15
E,diagnostics/exp20_result.txt,2909,2026-08-20 23:19
E,diagnostics/exp21_exp22.txt,4933,2026-08-20 23:57
E,diagnostics/exp21_final.txt,5905,2026-08-21 15:23
E,exp14_gate1.py,5504,2026-08-12 23:34
E,exp14_gates.py,9144,2026-08-12 23:39
E,exp17_dispersion.py,12408,2026-08-13 10:40
E,exp18_filter.py,10121,2026-08-19 23:39
E,exp18_report.py,6953,2026-08-20 11:44
E,exp18_run.py,11969,2026-08-20 14:07
E,exp20_perf.py,4514,2026-08-20 23:17
E,exp20_run.py,9617,2026-08-20 23:17
E,exp21_exp22.py,14408,2026-08-21 15:20
E,results/EXP14_PREREG.txt,6464,2026-08-12 23:36
E,results/EXP17_PREREG.txt,7310,2026-08-13 01:45
E,results/EXP18_EXP19_PREREG.txt,9872,2026-08-19 23:36
E,results/EXP20_PREREG.txt,7178,2026-08-20 23:14
E,results/EXP21_EXP22_PREREG.txt,7216,2026-08-20 23:46
F,DS_Store,8196,2026-08-21 18:13
F,HANDOFF_SUMMARY.txt,25836,2026-08-13 12:27
F,__pycache__/config.cpython-311.pyc,7071,2026-08-14 01:13
F,__pycache__/config.cpython-312.pyc,6598,2026-08-13 23:32
F,__pycache__/config74.cpython-311.pyc,1131,2026-08-13 00:46
F,__pycache__/config74.cpython-312.pyc,1025,2026-08-13 11:32
F,__pycache__/config_mid.cpython-312.pyc,4055,2026-08-13 11:17
F,__pycache__/config_n100.cpython-312.pyc,4830,2026-08-20 14:48
F,__pycache__/density_fix_check.cpython-312.pyc,10177,2026-08-13 11:32
F,__pycache__/depth_compare.cpython-312.pyc,7965,2026-08-20 17:29
F,__pycache__/edge_alive.cpython-312.pyc,19087,2026-08-20 17:32
F,__pycache__/mid_topn_test.cpython-312.pyc,10552,2026-08-14 11:00
F,__pycache__/run_all.cpython-312.pyc,11391,2026-08-20 14:48
F,data/.DS_Store,6148,2026-08-21 18:13
F,data/data_prep.py,2652,2026-06-21 23:36
F,data_artefact_report.py,4032,2026-08-13 17:32
F,density_fix_check.py,6186,2026-08-13 11:32
F,density_fix_lookahead.py,6547,2026-08-13 11:37
F,depth_compare.py,5365,2026-08-20 17:29
F,diagnostics/.DS_Store,6148,2026-08-21 18:09
F,diagnostics/CMTR62174.pdf,97163,2026-08-14 15:29
F,diagnostics/CMTR67133.pdf,101188,2026-08-14 15:29
F,diagnostics/bar_tick_fix_ab.txt,2151,2026-08-15 01:37
F,diagnostics/bar_tick_fix_detail.txt,2405,2026-08-15 01:39
F,diagnostics/depth_compare.txt,2147,2026-08-20 17:30
F,diagnostics/edge_alive_n100.txt,7933,2026-08-20 17:32
F,diagnostics/equity_final_day_fix.txt,2041,2026-08-19 10:09
F,diagnostics/equity_gap.txt,4447,2026-08-19 10:04
F,diagnostics/equity_gap_reconcile.txt,7506,2026-08-19 10:03
F,diagnostics/liquidity_participation.txt,36788,2026-08-20 17:00
F,diagnostics/listing_history_check.txt,2238,2026-08-20 23:30
F,diagnostics/locked_cash_check.txt,1651,2026-08-21 10:38
F,diagnostics/mid_investval_probe.txt,3636,2026-08-15 01:30
F,diagnostics/mid_reconcile_cause.txt,3487,2026-08-15 01:26
F,diagnostics/mid_weight_proof.txt,3280,2026-08-15 01:32
F,diagnostics/nse_tick_circulars.txt,6654,2026-08-14 15:29
F,diagnostics/nt_reports_verify.txt,9883,2026-08-19 09:13
F,diagnostics/nt_verify_after_bartick.txt,4212,2026-08-15 01:39
F,diagnostics/nt_verify_after_finalday.txt,8051,2026-08-19 10:10
F,diagnostics/nt_verify_post_finalday.txt,8051,2026-08-19 11:05
F,diagnostics/nt_verify_post_runall.txt,7908,2026-08-15 02:05
F,diagnostics/task1_v1_vs_v2.txt,1817,2026-08-14 15:28
F,diagnostics/task2_ic_decay.py,2585,2026-08-14 15:29
F,diagnostics/task2_ic_decay.txt,7607,2026-08-14 15:29
F,diagnostics/task3_impact.txt,1427,2026-08-14 15:34
F,diagnostics/task3_ntverify.txt,1889,2026-08-14 15:32
F,diagnostics/vol_scaled_comparison.txt,2650,2026-08-15 01:19
F,edge_alive.py,11038,2026-08-20 17:32
F,ffill_artefact_scan.py,10480,2026-08-13 18:43
F,gitignore,456,2026-06-21 23:09
F,idea/.gitignore,228,2026-06-21 23:18
F,idea/algo_trading_project.iml,671,2026-06-21 23:30
F,idea/inspectionProfiles/Project_Default.xml,411,2026-06-21 23:18
F,idea/inspectionProfiles/profiles_settings.xml,174,2026-06-21 23:18
F,idea/misc.xml,186,2026-06-21 23:30
F,idea/modules.xml,292,2026-06-21 23:18
F,idea/pyProjectModel.xml,196,2026-06-27 19:52
F,idea/workspace.xml,6019,2026-08-20 16:25
F,liquidity_participation.py,7342,2026-08-20 17:00
F,listing_history_check.py,7665,2026-08-20 23:30
F,locked_cash_check.py,5533,2026-08-21 10:38
F,mid_jackknife.py,6452,2026-08-13 23:48
F,mid_topn_test.py,6179,2026-08-14 11:00
F,nautilus/.DS_Store,6148,2026-08-21 18:09
F,nautilus/NAUTILUS_STATUS.md,17102,2026-08-19 09:21
F,nautilus/__pycache__/nt_attribution.cpython-311.pyc,19575,2026-08-14 15:32
F,nautilus/__pycache__/nt_attribution.cpython-312.pyc,17108,2026-08-14 15:32
F,nautilus/__pycache__/nt_data.cpython-311.pyc,15646,2026-08-14 15:32
F,nautilus/__pycache__/nt_data.cpython-312.pyc,18827,2026-08-20 17:28
F,nautilus/__pycache__/nt_export_scores.cpython-312.pyc,6758,2026-08-13 11:17
F,nautilus/__pycache__/nt_run.cpython-311.pyc,9726,2026-08-13 11:16
F,nautilus/__pycache__/nt_run.cpython-312.pyc,9017,2026-08-20 17:29
F,nautilus/__pycache__/nt_strategy.cpython-311.pyc,33481,2026-08-12 14:14
F,nautilus/__pycache__/nt_strategy.cpython-312.pyc,32615,2026-08-19 10:09
F,nautilus/__pycache__/nt_verify.cpython-312.pyc,12438,2026-08-14 15:32
F,nautilus/run_full_log.txt,978,2026-08-11 22:25
F,param_surface.py,7363,2026-08-14 11:17
F,permanent,0,2026-07-23 11:38
F,requirements.txt,871,2026-06-21 23:09
F,results/.DS_Store,6148,2026-08-21 18:09
F,results/__pycache__/build_scores.cpython-312.pyc,2169,2026-08-13 21:13
F,results/__pycache__/build_scores74.cpython-312.pyc,2508,2026-08-13 21:13
F,results/__pycache__/build_scores_mid.cpython-312.pyc,3598,2026-08-13 21:13
F,results/__pycache__/build_scores_n100.cpython-312.pyc,3808,2026-08-20 14:48
F,results/__pycache__/engine_core.cpython-312.pyc,44674,2026-08-17 01:13
F,results/__pycache__/engine_v2_final.cpython-312.pyc,14630,2026-08-13 13:22
F,results/__pycache__/engine_v2_final74.cpython-312.pyc,14722,2026-08-13 13:22
F,results/__pycache__/engine_v2_final_mid.cpython-312.pyc,16833,2026-08-13 13:22
F,results/__pycache__/engine_v2_final_n100.cpython-312.pyc,16070,2026-08-20 14:48
F,results/__pycache__/features_v2.cpython-311.pyc,9045,2026-08-12 23:33
F,results/__pycache__/features_v2.cpython-312.pyc,8749,2026-08-13 17:32
F,results/__pycache__/make_combined_n100_mid.cpython-312.pyc,11574,2026-08-20 14:48
F,results/__pycache__/make_daily_log.cpython-312.pyc,28788,2026-08-20 14:48
F,results/__pycache__/make_final_chart_fair.cpython-312.pyc,27871,2026-08-17 01:13
F,results/__pycache__/make_mid_audit.cpython-312.pyc,7857,2026-08-13 11:17
F,results/__pycache__/make_mid_chart.cpython-312.pyc,20007,2026-08-17 01:13
F,results/__pycache__/make_n100_audit.cpython-312.pyc,7865,2026-08-20 14:48
F,results/__pycache__/make_n100_chart.cpython-312.pyc,13384,2026-08-20 14:48
F,results/__pycache__/qbeast_in_charges.cpython-311.pyc,24966,2026-08-12 14:01
F,results/__pycache__/qbeast_in_charges.cpython-312.pyc,24555,2026-08-07 17:40
F,results/__pycache__/survivorship.cpython-312.pyc,34027,2026-08-19 09:00
F,results/__pycache__/tax_util.cpython-312.pyc,5917,2026-08-13 17:31
F,results/__pycache__/test_exposure.cpython-312.pyc,24589,2026-08-17 01:13
F,results/audit_leakage.py,7757,2026-08-07 17:40
F,results/diagnose_alpha.py,8913,2026-08-07 17:40
F,results/diagnose_cash_drag.py,3063,2026-08-07 17:40
F,results/save_ewma_comparison.py,4624,2026-08-07 17:40
F,results/stability_test.py,5424,2026-08-07 17:40
F,results/tax_util.py,5062,2026-08-13 18:39
F,results/test_feature_pruning.py,9723,2026-08-07 17:40
F,results/test_v1_v2_blend.py,2369,2026-08-07 17:40
F,run_all_cleanup2_log.txt,47274,2026-08-07 17:17
F,run_all_cleanup_log.txt,46321,2026-08-07 17:07
F,run_all_english_log.txt,47274,2026-08-07 17:41
F,run_all_ewma2_log.txt,42222,2026-07-29 13:21
F,run_all_ewma_log.txt,42207,2026-07-29 02:09
F,run_all_nocashyield_log.txt,46550,2026-08-07 16:35
F,run_log.txt,48221,2026-08-12 15:09
F,sizing_test.py,6569,2026-08-13 23:51
G,nautilus/nt_attribution.py,13060,2026-08-14 15:32
G,nautilus/nt_daily_compare.py,3644,2026-08-11 22:40
G,nautilus/nt_data.py,20945,2026-08-20 17:28
G,nautilus/nt_holdings_compare.py,3482,2026-08-11 23:03
G,nautilus/nt_run.py,9360,2026-08-20 17:29
G,nautilus/nt_strategy.py,28999,2026-08-19 10:08
G,nautilus/nt_trace_one_fill.py,5967,2026-08-11 17:32
G,nautilus/nt_verify.py,11826,2026-08-20 14:46
G,nautilus/verify_next_open_execution.py,4183,2026-08-11 17:05
