universe,arm,decided_on,scored,spread,gap_8_9,gap_8_9_share,held_gap,held_gap_share,n_held
nifty100,v1,2019-01-01,85,0.27184245288011744,0.0031021410164847607,0.011411539969633828,0.0031021410164847607,0.011411539969633828,8
nifty100,v1,2019-01-29,85,0.26464556330202266,0.009139789834549328,0.034535964708838456,-0.033019854924346004,-0.12477010576845607,8
nifty100,v1,2019-02-26,85,0.2876146681921964,0.015154240347780124,0.05268938626472769,0.015154240347780124,0.05268938626472769,8
nifty100,v1,2019-03-28,85,0.1988966902453242,0.003850106476532833,0.019357317971375063,-0.015990177126961158,-0.08039438518176682,7
nifty100,v1,2019-04-30,86,0.21820701020772043,0.005721686219814837,0.02622136756453481,-0.0383939605652569,-0.17595200323173887,8
nifty100,v1,2019-05-29,86,0.17273394160957795,0.00025356294650746847,0.0014679393299585808,-0.03635013400474596,-0.21044001929224995,7
nifty100,v1,2019-06-27,87,0.2608369987629577,0.0037388043629518197,0.01433387280440822,-0.01332705397267242,-0.05109341863262168,8
nifty100,v1,2019-07-25,87,0.30435478152651574,0.0018085303510445572,0.005942178210487539,-0.025004239890290658,-0.08215491067654627,8
nifty100,v1,2019-08-26,88,0.19091570029185906,0.0015237326945772844,0.007981180658520512,-0.024123349274758454,-0.12635602644455277,8
nifty100,v1,2019-09-25,88,0.17534886517718484,0.0005787368731133835,0.003300488272499437,-0.04569870017245237,-0.2606158877975924,8
nifty100,v1,2019-10-27,88,0.19613383666241146,0.005297628085749517,0.027010271026655513,-0.019428808490932425,-0.09905893252051957,8
nifty100,v1,2019-11-26,88,0.30263923873341414,0.00387338183997743,0.012798676920375736,-0.010259310321035442,-0.03389947174058471,8
nifty100,v1,2019-12-24,88,0.18137525963626222,0.009387339206024747,0.05175644806712075,0.009387339206024747,0.05175644806712075,8
nifty100,v1,2020-01-22,88,0.1807482843573957,0.0002495267132682777,0.0013805205075965513,-0.009401620607251693,-0.05201499223451415,7
nifty100,v1,2020-02-18,88,0.23779340396302612,0.0033604779344152957,0.014131922410000101,-0.02053609347496088,-0.08636107281661179,8
nifty100,v1,2020-03-19,88,0.3140737552754039,0.004639600367878582,0.014772327486612901,-0.01395238173397051,-0.04442390202815894,8
nifty100,v1,2020-04-22,88,0.35421856706557797,0.006579937231364852,0.01857592414162378,-0.02620697243858927,-0.07398531549515716,8
nifty100,v1,2020-05-21,88,0.34798344783814084,0.008320061209591723,0.023909359083831114,-0.01166986324245245,-0.03353568485786286,8
nifty100,v1,2020-06-19,86,0.21398804956503664,0.001969565459394862,0.009204090898525896,-0.006881885968787915,-0.032160141572281246,8
nifty100,v1,2020-07-17,87,0.3516986236482845,0.018200153606473424,0.0517492886883585,0.018200153606473424,0.0517492886883585,8
nifty100,v1,2020-08-14,87,0.1835678039481231,0.003574924323656359,0.01947468045467627,-0.02685751068150488,-0.14630839452159544,7
nifty100,v1,2020-09-11,86,0.2870537800205837,0.00011886663996651947,0.00041409188186964806,-0.013206141018672901,-0.04600580775395444,9
nifty100,v1,2020-10-12,86,0.31106206856090474,0.0001030179178671542,0.0003311812280544379,-0.009419118368131363,-0.030280510933743555,8
nifty100,v1,2020-11-09,88,0.2570273965863121,0.002506870396071892,0.009753319799238066,-0.022059952581137687,-0.08582724205327956,8
nifty100,v1,2020-12-08,88,0.22927543509988724,0.009065757194105406,0.03954090062093121,-0.01361848604782856,-0.05939792914097171,8
nifty100,v1,2021-01-06,85,0.3118731150622435,0.002390859920313515,0.00766613024606609,-0.016720338355718956,-0.053612631381778186,8
nifty100,v1,2021-02-04,88,0.17284165013809977,0.003722719931815166,0.021538326721833125,-0.039414276455282615,-0.22803691369407067,8
nifty100,v1,2021-03-04,88,0.25614200788476305,0.006126029362865437,0.02391653525891585,-0.01712632573128592,-0.06686261996896255,7
nifty100,v1,2021-04-06,88,0.24161120854144408,0.003969792381327775,0.016430497596914374,-0.014826427965250466,-0.061364818522925677,8
nifty100,v1,2021-05-06,87,0.225996710775979,0.00446432206172831,0.01975392494164928,-0.017155655197274466,-0.07591108356563712,8
nifty100,v1,2021-06-04,88,0.2205263630776862,0.00977936964637216,0.0443455807727039,0.00977936964637216,0.0443455807727039,8
nifty100,v1,2021-07-02,88,0.24661222708958314,0.00010545756695989894,0.0004276250541364721,-0.04128178171834773,-0.16739551889027757,9
nifty100,v1,2021-08-02,88,0.2545244797403877,0.0013354903223496972,0.005247001481790212,-0.01883216832548973,-0.07398961524132508,8
nifty100,v1,2021-08-31,89,0.2339399538693892,0.0048227256340503954,0.020615228627184252,0.0048227256340503954,0.020615228627184252,8
nifty100,v1,2021-09-29,88,0.2475858874657465,0.0014615925877815572,0.005903376007179603,-0.002736491141982489,-0.011052694359895946,7
nifty100,v1,2021-10-28,90,0.27288353636985896,0.0003511202753753162,0.0012867037713093007,-0.009989451420561624,-0.03660701394246882,8
nifty100,v1,2021-11-29,90,0.3793851808479577,0.00014817078220297208,0.00039055500763576995,0.00014817078220297208,0.00039055500763576995,8
nifty100,v1,2021-12-27,90,0.3160366932333906,0.007739194994569876,0.024488279874687022,-0.019362962977637843,-0.061268084979418665,9
nifty100,v1,2022-01-24,90,0.2937050758584414,0.0028446042075664923,0.009685240199721714,-0.009006549101130634,-0.030665282425937943,9
nifty100,v1,2022-02-22,91,0.18801663866367224,0.0034602745415917013,0.018404086820111205,0.0034602745415917013,0.018404086820111205,8
nifty100,v1,2022-03-24,91,0.16516937061600834,0.0009398078982102431,0.005689964759841231,-0.02391266700655459,-0.14477664301420395,8
nifty100,v1,2022-04-25,92,0.2742366562811393,0.0026770255827731626,0.009761735061518381,-0.029957960334109468,-0.10924126898410494,8
nifty100,v1,2022-05-24,92,0.37204286713519097,0.009865741339986633,0.026517754300613088,-0.026732255950134398,-0.07185262320973505,8
nifty100,v1,2022-06-21,92,0.1831076334166909,0.0024192923339229067,0.013212405669715677,0.0024192923339229067,0.013212405669715677,8
nifty100,v1,2022-07-19,92,0.21846353268194146,0.002503347057316696,0.011458878406774143,-0.027778743996485056,-0.12715506178748748,8
nifty100,v1,2022-08-18,90,0.20014902157165132,0.0010430438754510662,0.005211336369574343,0.012188653644821357,0.06089789272568561,7
nifty100,v1,2022-09-16,89,0.19399581766315233,0.0011185743281764138,0.0057659713577880726,-0.03447894045452227,-0.17773032877641887,9
nifty100,v1,2022-10-17,93,0.22785703359613352,0.00135386734143772,0.005941740397785525,-0.05243661952107459,-0.23012947501992048,8
nifty100,v1,2022-11-16,92,0.3630606601817968,0.0023708069473080684,0.006530057390742707,0.003055953987423976,0.008417199445111339,7
nifty100,v1,2022-12-14,91,0.29022270261847727,0.006539328313357573,0.022532104671198254,-0.032594875314485794,-0.11230987452189281,7
nifty100,v1,2023-01-11,89,0.30566226418891546,0.0009388485745720487,0.0030715226724611013,-0.0009388485745720487,-0.0030715226724611013,8
nifty100,v1,2023-02-09,93,0.32184043262672596,0.005827125235985053,0.01810563448609149,0.014793417949890086,0.045965069799193486,9
nifty100,v1,2023-03-10,93,0.28620532811070487,5.892425092612896e-05,0.0002058810411221168,-0.001895961775982391,-0.006624481062242939,8
nifty100,v1,2023-04-12,93,0.3183976993783745,0.0049918651693362515,0.015678081779743218,-0.002073690065132916,-0.006512892741315331,9
nifty100,v1,2023-05-12,93,0.22355997989731669,0.0036069878789006804,0.016134318318320684,0.002354564232970313,0.010532136539159593,9
nifty100,v1,2023-06-09,92,0.4033355116036071,0.00725649128075978,0.01799120353154365,-0.022503254086528757,-0.055792890631075065,8
nifty100,v1,2023-07-10,89,0.44585460827749623,0.0034382490663189547,0.007711592529237731,-0.09582974131916988,-0.21493495758493145,8
nifty100,v1,2023-08-07,92,0.17615892386068477,0.0008220151717566182,0.0046663271649338,-0.030733016542360603,-0.17446187720053172,8
nifty100,v1,2023-09-05,93,0.43972135161454107,8.326250322254758e-05,0.000189352877491233,-0.0005694914275397034,-0.0012951188871058474,8
nifty100,v1,2023-10-05,93,0.2899740028487152,0.006057374637086332,0.02088937138356702,-0.012650903075544284,-0.04362771473049773,9
nifty100,v1,2023-11-03,93,0.3509348384796378,0.006035097584176419,0.01719720279218329,-0.021164715151288038,-0.06030952994858067,9
nifty100,v1,2023-12-04,93,0.21967555760327218,0.005101773306080637,0.02322412817221247,-0.019556812566870474,-0.0890258924581383,8
nifty100,v1,2024-01-02,89,0.32490897010997744,0.002316398737317149,0.007129377611621736,-0.01947408805111439,-0.05993705881534347,8
nifty100,v1,2024-01-31,90,0.2234181550604567,0.00024377189912172526,0.001091101567174614,0.010363458672485448,0.04638592897556203,7
nifty100,v1,2024-02-28,92,0.1944001448318199,0.0011898818744483508,0.006120786975121574,-0.018791966235569446,-0.09666642096294123,7
nifty100,v1,2024-03-28,92,0.20569772783714158,0.0002495825613072489,0.0012133462237601989,-0.007187208960624414,-0.034940633696813564,8
nifty100,v1,2024-04-30,92,0.20737502337221492,0.0029997806138925,0.014465486562035149,0.0029997806138925,0.014465486562035149,8
nifty100,v1,2024-05-29,92,0.26363177067305255,0.00027913985020611154,0.0010588247747737947,-0.017824732344602134,-0.06761223163314327,8
nifty100,v1,2024-06-27,92,0.16953851684222832,0.0003258475487802892,0.0019219676734787132,0.0003258475487802892,0.0019219676734787132,8
nifty100,v1,2024-07-26,93,0.1819478088900245,0.0012161234990460956,0.006683913955683646,-0.008052964224556258,-0.044259748296412556,8
nifty100,v1,2024-08-26,93,0.23782186532223676,0.0009174171684654953,0.003857581249825119,-0.016864369150423997,-0.0709117688887589,7
nifty100,v1,2024-09-23,95,0.34076609869985147,0.000288367577881421,0.0008462331757227312,0.000288367577881421,0.0008462331757227312,8
nifty100,v1,2024-10-22,95,0.3952078671309299,0.005363385975099222,0.01357105063225466,-0.027045582537531976,-0.06843381619367395,8
nifty100,v1,2024-11-21,95,0.40871957215479504,0.0015471490503958796,0.0037853559158892575,-0.0015471490503958796,-0.0037853559158892575,8
nifty100,v1,2024-12-19,95,0.2638854961271499,0.0031588954132396596,0.011970704944380822,0.0031588954132396596,0.011970704944380822,8
nifty100,v1,2025-01-17,95,0.29686653797780665,0.002621190453474531,0.008829524780157229,-0.004721809700625967,-0.015905496566874653,7
nifty100,v1,2025-02-13,95,0.2698533588199896,0.002442148266980304,0.00904990872694448,0.002442148266980304,0.00904990872694448,8
nifty100,v1,2025-03-17,95,0.19628575514127178,0.0005236831534221054,0.0026679631084038547,-0.006773557049894019,-0.034508653187893944,8
nifty100,v1,2025-04-17,95,0.2142995209227086,0.0015948267626373358,0.007442045394084394,-0.02265574790335989,-0.1057200119058182,7
nifty100,v1,2025-05-19,95,0.2037738354329658,0.006754141791829538,0.03314528470978015,-0.03396944658472145,-0.1667017088457177,8
nifty100,v1,2025-06-16,94,0.3222366921579856,0.006903364379915122,0.021423272234096027,-0.007371310147772259,-0.022875452507929377,8
nifty100,v1,2025-07-14,94,0.3519843162521925,0.007463100572154269,0.02120293498192984,-0.024487335044302116,-0.06956939248042301,8
nifty100,v1,2025-08-11,95,0.305868555218885,0.0032446399315938512,0.010607955202429778,0.0032446399315938512,0.010607955202429778,8
nifty100,v1,2025-09-10,95,0.28253656593854626,0.006376602885938998,0.02256912433531154,-0.042450356108213794,-0.15024729973339823,7
nifty100,v1,2025-10-09,95,0.33323641726794273,0.0028673584182516976,0.00860457702000248,0.0011417076036273066,0.0034261189487861496,7
nifty100,v1,2025-11-10,96,0.30557589577004063,0.0006480240428352602,0.0021206647900098995,0.015705800374039014,0.05139737980465031,7
nifty100,v1,2025-12-08,96,0.19145143812375576,0.0011161096425479355,0.00582972712812151,-0.015159356540409674,-0.07918121007067361,8
nifty100,v1,2026-01-06,96,0.26912711466133726,0.009085079536715779,0.03375757789455073,-0.017337848883350215,-0.0644225272699398,7
nifty100,v1,2026-02-04,96,0.2591313357419956,0.008471690824889855,0.03269265293844934,-0.02413005148162406,-0.09311900242604844,7
nifty100,v1,2026-03-05,95,0.23791084961028713,0.008947091794496265,0.03760690951737662,0.008947091794496265,0.03760690951737662,8
nifty100,v1,2026-04-07,96,0.2752798430670754,7.389904190913121e-05,0.0002684506104252783,0.00543191356609396,0.0197323331253513,7
nifty100,v1,2026-05-07,96,0.2251067854476677,0.002329756460309973,0.01034956123457944,-0.011289356586339228,-0.05015111634190943,7
nifty100,v2,2019-01-01,85,0.27184245288011744,0.0031021410164847607,0.011411539969633828,0.0031021410164847607,0.011411539969633828,8
nifty100,v2,2019-01-29,85,0.26464556330202266,0.009139789834549328,0.034535964708838456,-0.01793712991328522,-0.06777793547521048,11
nifty100,v2,2019-02-26,85,0.2876146681921964,0.015154240347780124,0.05268938626472769,0.015154240347780124,0.05268938626472769,8
nifty100,v2,2019-03-28,85,0.1988966902453242,0.003850106476532833,0.019357317971375063,-0.0017032842165874973,-0.008563662947264851,10
nifty100,v2,2019-04-30,86,0.21820701020772043,0.005721686219814837,0.02622136756453481,-0.015421401269886448,-0.07067326230814568,12
nifty100,v2,2019-05-29,86,0.17273394160957795,0.00025356294650746847,0.0014679393299585808,-0.01673622032363875,-0.09689016627355618,11
nifty100,v2,2019-06-27,87,0.2608369987629577,0.0037388043629518197,0.01433387280440822,-0.00901799561728811,-0.03457329926374228,10
nifty100,v2,2019-07-25,87,0.30435478152651574,0.0018085303510445572,0.005942178210487539,-0.020501004123914535,-0.06735890272888144,11
nifty100,v2,2019-08-26,88,0.19091570029185906,0.0015237326945772844,0.007981180658520512,-0.012805883940448348,-0.06707611747421284,11
nifty100,v2,2019-09-25,88,0.17534886517718484,0.0005787368731133835,0.003300488272499437,-0.013617447941412064,-0.07765917348625002,11
nifty100,v2,2019-10-27,88,0.19613383666241146,0.005297628085749517,0.027010271026655513,-0.008225732535860342,-0.041939385247526655,10
nifty100,v2,2019-11-26,88,0.30263923873341414,0.00387338183997743,0.012798676920375736,-0.006385928481058012,-0.021100794820208973,9
nifty100,v2,2019-12-24,88,0.18137525963626222,0.009387339206024747,0.05175644806712075,-0.010307721848929363,-0.05683091436837038,9
nifty100,v2,2020-01-22,88,0.1807482843573957,0.0002495267132682777,0.0013805205075965513,-0.005315974767889697,-0.029410927947611153,10
nifty100,v2,2020-02-18,88,0.23779340396302612,0.0033604779344152957,0.014131922410000101,-0.012339168282961777,-0.051890288281000264,10
nifty100,v2,2020-03-19,88,0.3140737552754039,0.004639600367878582,0.014772327486612901,-0.09026968182296113,-0.28741555226034654,3
nifty100,v2,2020-04-22,88,0.35421856706557797,0.006579937231364852,0.01857592414162378,0.0021817518198392616,0.0061593378289380996,10
nifty100,v2,2020-05-21,88,0.34798344783814084,0.008320061209591723,0.023909359083831114,-0.0023809646837615883,-0.006842177978732648,10
nifty100,v2,2020-06-19,86,0.21398804956503664,0.001969565459394862,0.009204090898525896,-0.004912320509393053,-0.022956050673755352,10
nifty100,v2,2020-07-17,87,0.3516986236482845,0.018200153606473424,0.0517492886883585,0.018200153606473424,0.0517492886883585,8
nifty100,v2,2020-08-14,87,0.1835678039481231,0.003574924323656359,0.01947468045467627,-0.006417920414024669,-0.03496212449018781,10
nifty100,v2,2020-09-11,86,0.2870537800205837,0.00011886663996651947,0.00041409188186964806,-0.007444454219570074,-0.025934005185496097,11
nifty100,v2,2020-10-12,86,0.31106206856090474,0.0001030179178671542,0.0003311812280544379,-0.009316100450264209,-0.029949329705689115,9
nifty100,v2,2020-11-09,88,0.2570273965863121,0.002506870396071892,0.009753319799238066,-0.0031736064130006847,-0.012347346839872611,11
nifty100,v2,2020-12-08,88,0.22927543509988724,0.009065757194105406,0.03954090062093121,-0.003858251060545159,-0.016828017614988953,9
nifty100,v2,2021-01-06,85,0.3118731150622435,0.002390859920313515,0.00766613024606609,-0.01066874003345164,-0.03420859162971575,11
nifty100,v2,2021-02-04,88,0.17284165013809977,0.003722719931815166,0.021538326721833125,-0.025320614074078818,-0.14649602138053966,11
nifty100,v2,2021-03-04,88,0.25614200788476305,0.006126029362865437,0.02391653525891585,-0.007569976789698507,-0.02955382778565631,10
nifty100,v2,2021-04-06,88,0.24161120854144408,0.003969792381327775,0.016430497596914374,-0.010856635583922691,-0.0449343209260113,10
nifty100,v2,2021-05-06,87,0.225996710775979,0.00446432206172831,0.01975392494164928,-0.010526400228293875,-0.04657767005612861,10
nifty100,v2,2021-06-04,88,0.2205263630776862,0.00977936964637216,0.0443455807727039,0.00977936964637216,0.0443455807727039,8
nifty100,v2,2021-07-02,88,0.24661222708958314,0.00010545756695989894,0.0004276250541364721,-0.02531017527977364,-0.1026314695685368,11
nifty100,v2,2021-08-02,88,0.2545244797403877,0.0013354903223496972,0.005247001481790212,-0.01749667800314003,-0.06874261375953487,9
nifty100,v2,2021-08-31,89,0.2339399538693892,0.0048227256340503954,0.020615228627184252,-0.01925436529444191,-0.08230473237244373,9
nifty100,v2,2021-09-29,88,0.2475858874657465,0.0014615925877815572,0.005903376007179603,-0.013545010837397675,-0.05470833162601656,9
nifty100,v2,2021-10-28,90,0.27288353636985896,0.0003511202753753162,0.0012867037713093007,-0.009638331145186307,-0.03532031017115952,10
nifty100,v2,2021-11-29,90,0.3793851808479577,0.00014817078220297208,0.00039055500763576995,0.00014817078220297208,0.00039055500763576995,8
nifty100,v2,2021-12-27,90,0.3160366932333906,0.007739194994569876,0.024488279874687022,-0.009216897811974656,-0.0291640116774923,10
nifty100,v2,2022-01-24,90,0.2937050758584414,0.0028446042075664923,0.009685240199721714,-0.009006549101130634,-0.030665282425937943,9
nifty100,v2,2022-02-22,91,0.18801663866367224,0.0034602745415917013,0.018404086820111205,0.0034602745415917013,0.018404086820111205,8
nifty100,v2,2022-03-24,91,0.16516937061600834,0.0009398078982102431,0.005689964759841231,-0.015652684581468512,-0.09476747730581618,10
nifty100,v2,2022-04-25,92,0.2742366562811393,0.0026770255827731626,0.009761735061518381,-0.01246924508181424,-0.04546892180974938,11
nifty100,v2,2022-05-24,92,0.37204286713519097,0.009865741339986633,0.026517754300613088,-0.016866514610147765,-0.04533486890912197,10
nifty100,v2,2022-06-21,92,0.1831076334166909,0.0024192923339229067,0.013212405669715677,0.0024192923339229067,0.013212405669715677,8
nifty100,v2,2022-07-19,92,0.21846353268194146,0.002503347057316696,0.011458878406774143,-0.01827282909435135,-0.08364246824184864,10
nifty100,v2,2022-08-18,90,0.20014902157165132,0.0010430438754510662,0.005211336369574343,0.0010430438754510662,0.005211336369574343,8
nifty100,v2,2022-09-16,89,0.19399581766315233,0.0011185743281764138,0.0057659713577880726,-0.03447894045452227,-0.17773032877641887,9
nifty100,v2,2022-10-17,93,0.22785703359613352,0.00135386734143772,0.005941740397785525,-0.007381095419257577,-0.03239353774937771,11
nifty100,v2,2022-11-16,92,0.3630606601817968,0.0023708069473080684,0.006530057390742707,0.0023708069473080684,0.006530057390742707,8
nifty100,v2,2022-12-14,91,0.29022270261847727,0.006539328313357573,0.022532104671198254,-0.025315705481689932,-0.08722854984563219,9
nifty100,v2,2023-01-11,89,0.30566226418891546,0.0009388485745720487,0.0030715226724611013,0.003532467472376566,0.011556766687409323,9
nifty100,v2,2023-02-09,93,0.32184043262672596,0.005827125235985053,0.01810563448609149,0.014793417949890086,0.045965069799193486,9
nifty100,v2,2023-03-10,93,0.28620532811070487,5.892425092612896e-05,0.0002058810411221168,0.0006146635827173341,0.0021476315160687044,10
nifty100,v2,2023-04-12,93,0.3183976993783745,0.0049918651693362515,0.015678081779743218,-0.002073690065132916,-0.006512892741315331,9
nifty100,v2,2023-05-12,93,0.22355997989731669,0.0036069878789006804,0.016134318318320684,0.002354564232970313,0.010532136539159593,9
nifty100,v2,2023-06-09,92,0.4033355116036071,0.00725649128075978,0.01799120353154365,-0.002675063839362335,-0.006632353865214212,10
nifty100,v2,2023-07-10,89,0.44585460827749623,0.0034382490663189547,0.007711592529237731,-0.05195654498242486,-0.1165324839484165,11
nifty100,v2,2023-08-07,92,0.17615892386068477,0.0008220151717566182,0.0046663271649338,-0.021076471791173446,-0.11964464433173858,11
nifty100,v2,2023-09-05,93,0.43972135161454107,8.326250322254758e-05,0.000189352877491233,-0.0004862289243171558,-0.0011057660096146142,9
nifty100,v2,2023-10-05,93,0.2899740028487152,0.006057374637086332,0.02088937138356702,-0.006593528438457952,-0.022738343346930714,10
nifty100,v2,2023-11-03,93,0.3509348384796378,0.006035097584176419,0.01719720279218329,-0.021164715151288038,-0.06030952994858067,9
nifty100,v2,2023-12-04,93,0.21967555760327218,0.005101773306080637,0.02322412817221247,-0.013370420402309291,-0.06086439724193572,10
nifty100,v2,2024-01-02,89,0.32490897010997744,0.002316398737317149,0.007129377611621736,-0.017157689313797242,-0.052807681203721736,9
nifty100,v2,2024-01-31,90,0.2234181550604567,0.00024377189912172526,0.001091101567174614,0.00024377189912172526,0.001091101567174614,8
nifty100,v2,2024-02-28,92,0.1944001448318199,0.0011898818744483508,0.006120786975121574,-0.000916361424604939,-0.004713789824579115,10
nifty100,v2,2024-03-28,92,0.20569772783714158,0.0002495825613072489,0.0012133462237601989,-0.008332293697082549,-0.04050746590492011,10
nifty100,v2,2024-04-30,92,0.20737502337221492,0.0029997806138925,0.014465486562035149,0.0029997806138925,0.014465486562035149,8
nifty100,v2,2024-05-29,92,0.26363177067305255,0.00027913985020611154,0.0010588247747737947,-0.003229448181555239,-0.012249844445191298,10
nifty100,v2,2024-06-27,92,0.16953851684222832,0.0003258475487802892,0.0019219676734787132,0.0003258475487802892,0.0019219676734787132,8
nifty100,v2,2024-07-26,93,0.1819478088900245,0.0012161234990460956,0.006683913955683646,-0.006836840725510163,-0.037575834340728906,9
nifty100,v2,2024-08-26,93,0.23782186532223676,0.0009174171684654953,0.003857581249825119,-0.014838744171169482,-0.06239436458486996,9
nifty100,v2,2024-09-23,95,0.34076609869985147,0.000288367577881421,0.0008462331757227312,0.000288367577881421,0.0008462331757227312,8
nifty100,v2,2024-10-22,95,0.3952078671309299,0.005363385975099222,0.01357105063225466,-0.008322769993828305,-0.021059221452874123,10
nifty100,v2,2024-11-21,95,0.40871957215479504,0.0015471490503958796,0.0037853559158892575,0.0015392806777323464,0.0037661046414223884,9
nifty100,v2,2024-12-19,95,0.2638854961271499,0.0031588954132396596,0.011970704944380822,0.0031588954132396596,0.011970704944380822,8
nifty100,v2,2025-01-17,95,0.29686653797780665,0.002621190453474531,0.008829524780157229,-0.00095436112309355,-0.0032147817318666505,9
nifty100,v2,2025-02-13,95,0.2698533588199896,0.002442148266980304,0.00904990872694448,0.002442148266980304,0.00904990872694448,8
nifty100,v2,2025-03-17,95,0.19628575514127178,0.0005236831534221054,0.0026679631084038547,-0.006249873896471914,-0.03184069007949009,9
nifty100,v2,2025-04-17,95,0.2142995209227086,0.0015948267626373358,0.007442045394084394,-0.009274827137083386,-0.0432797380841021,10
nifty100,v2,2025-05-19,95,0.2037738354329658,0.006754141791829538,0.03314528470978015,-0.008814564250702261,-0.04325660471558398,11
nifty100,v2,2025-06-16,94,0.3222366921579856,0.006903364379915122,0.021423272234096027,-0.004822857559468541,-0.014966816867347927,10
nifty100,v2,2025-07-14,94,0.3519843162521925,0.007463100572154269,0.02120293498192984,-0.017024234472147848,-0.04836645749849317,9
nifty100,v2,2025-08-11,95,0.305868555218885,0.0032446399315938512,0.010607955202429778,0.0032446399315938512,0.010607955202429778,8
nifty100,v2,2025-09-10,95,0.28253656593854626,0.006376602885938998,0.02256912433531154,-0.0072874651765282294,-0.02579299834101228,10
nifty100,v2,2025-10-09,95,0.33323641726794273,0.0028673584182516976,0.00860457702000248,-0.015953471009025666,-0.04787433240286606,9
nifty100,v2,2025-11-10,96,0.30557589577004063,0.0006480240428352602,0.0021206647900098995,0.0006480240428352602,0.0021206647900098995,8
nifty100,v2,2025-12-08,96,0.19145143812375576,0.0011161096425479355,0.00582972712812151,-0.014043246897861739,-0.0733514829425521,10
nifty100,v2,2026-01-06,96,0.26912711466133726,0.009085079536715779,0.03375757789455073,-0.007478335389055624,-0.027787372515274692,9
nifty100,v2,2026-02-04,96,0.2591313357419956,0.008471690824889855,0.03269265293844934,-0.014678939759884213,-0.05664671822823974,9
nifty100,v2,2026-03-05,95,0.23791084961028713,0.008947091794496265,0.03760690951737662,0.008947091794496265,0.03760690951737662,8
nifty100,v2,2026-04-07,96,0.2752798430670754,7.389904190913121e-05,0.0002684506104252783,7.389904190913121e-05,0.0002684506104252783,8
nifty100,v2,2026-05-07,96,0.2251067854476677,0.002329756460309973,0.01034956123457944,-0.004952323355983279,-0.02199988483747676,9
nifty100,v3,2019-01-01,85,0.27184245288011744,0.0031021410164847607,0.011411539969633828,0.0031021410164847607,0.011411539969633828,8
nifty100,v3,2019-01-29,85,0.26464556330202266,0.009139789834549328,0.034535964708838456,-0.03905247767884534,-0.14756520831704745,8
nifty100,v3,2019-02-26,85,0.2876146681921964,0.015154240347780124,0.05268938626472769,0.015154240347780124,0.05268938626472769,8
nifty100,v3,2019-03-28,85,0.1988966902453242,0.003850106476532833,0.019357317971375063,-0.015519480448382472,-0.07802784666371448,8
nifty100,v3,2019-04-30,86,0.21820701020772043,0.005721686219814837,0.02622136756453481,-0.04658154257421776,-0.2134740883433343,8
nifty100,v3,2019-05-29,86,0.17273394160957795,0.00025356294650746847,0.0014679393299585808,-0.018477292954450664,-0.10696967128912037,9
nifty100,v3,2019-06-27,87,0.2608369987629577,0.0037388043629518197,0.01433387280440822,-0.01275679998023993,-0.0489071720681505,9
nifty100,v3,2019-07-25,87,0.30435478152651574,0.0018085303510445572,0.005942178210487539,-0.03428108901767868,-0.11263528979482147,7
nifty100,v3,2019-08-26,88,0.19091570029185906,0.0015237326945772844,0.007981180658520512,-0.028080619890425873,-0.14708386920247057,7
nifty100,v3,2019-09-25,88,0.17534886517718484,0.0005787368731133835,0.003300488272499437,-0.04278643247270675,-0.2440074672252502,8
nifty100,v3,2019-10-27,88,0.19613383666241146,0.005297628085749517,0.027010271026655513,-0.022034406907963766,-0.11234373060212818,8
nifty100,v3,2019-11-26,88,0.30263923873341414,0.00387338183997743,0.012798676920375736,-0.010259310321035442,-0.03389947174058471,8
nifty100,v3,2019-12-24,88,0.18137525963626222,0.009387339206024747,0.05175644806712075,0.001618638860232391,0.008924253856223165,7
nifty100,v3,2020-01-22,88,0.1807482843573957,0.0002495267132682777,0.0013805205075965513,-0.0011059127092893917,-0.006118523963982184,8
nifty100,v3,2020-02-18,88,0.23779340396302612,0.0033604779344152957,0.014131922410000101,-0.02053609347496088,-0.08636107281661179,8
nifty100,v3,2020-03-19,88,0.3140737552754039,0.004639600367878582,0.014772327486612901,-0.01395238173397051,-0.04442390202815894,8
nifty100,v3,2020-04-22,88,0.35421856706557797,0.006579937231364852,0.01857592414162378,-0.025488914445608524,-0.07195815469743475,9
nifty100,v3,2020-05-21,88,0.34798344783814084,0.008320061209591723,0.023909359083831114,-0.0023809646837615883,-0.006842177978732648,10
nifty100,v3,2020-06-19,86,0.21398804956503664,0.001969565459394862,0.009204090898525896,-0.03580987388682366,-0.16734520436824718,8
nifty100,v3,2020-07-17,87,0.3516986236482845,0.018200153606473424,0.0517492886883585,0.018200153606473424,0.0517492886883585,8
nifty100,v3,2020-08-14,87,0.1835678039481231,0.003574924323656359,0.01947468045467627,-0.023668123213727355,-0.12893395630758892,8
nifty100,v3,2020-09-11,86,0.2870537800205837,0.00011886663996651947,0.00041409188186964806,-0.0149475894452753,-0.05207243550042594,7
nifty100,v3,2020-10-12,86,0.31106206856090474,0.0001030179178671542,0.0003311812280544379,0.0001030179178671542,0.0003311812280544379,8
nifty100,v3,2020-11-09,88,0.2570273965863121,0.002506870396071892,0.009753319799238066,-0.009006231688367672,-0.0350399677543452,8
nifty100,v3,2020-12-08,88,0.22927543509988724,0.009065757194105406,0.03954090062093121,-0.013619566389889037,-0.05940264112444262,8
nifty100,v3,2021-01-06,85,0.3118731150622435,0.002390859920313515,0.00766613024606609,-0.014050582443087434,-0.045052240044106476,8
nifty100,v3,2021-02-04,88,0.17284165013809977,0.003722719931815166,0.021538326721833125,-0.039414276455282615,-0.22803691369407067,7
nifty100,v3,2021-03-04,88,0.25614200788476305,0.006126029362865437,0.02391653525891585,-0.013696006152563944,-0.05347036304457216,8
nifty100,v3,2021-04-06,88,0.24161120854144408,0.003969792381327775,0.016430497596914374,-0.014826427965250466,-0.061364818522925677,8
nifty100,v3,2021-05-06,87,0.225996710775979,0.00446432206172831,0.01975392494164928,-0.02322895746440523,-0.10278449356473651,8
nifty100,v3,2021-06-04,88,0.2205263630776862,0.00977936964637216,0.0443455807727039,-0.0006670039910146031,-0.00302459978800645,7
nifty100,v3,2021-07-02,88,0.24661222708958314,0.00010545756695989894,0.0004276250541364721,-0.057712142686783374,-0.23401979442738313,7
nifty100,v3,2021-08-02,88,0.2545244797403877,0.0013354903223496972,0.005247001481790212,-0.01883216832548973,-0.07398961524132508,8
nifty100,v3,2021-08-31,89,0.2339399538693892,0.0048227256340503954,0.020615228627184252,0.0048227256340503954,0.020615228627184252,8
nifty100,v3,2021-09-29,88,0.2475858874657465,0.0014615925877815572,0.005903376007179603,0.0014615925877815572,0.005903376007179603,8
nifty100,v3,2021-10-28,90,0.27288353636985896,0.0003511202753753162,0.0012867037713093007,-0.010442533186150849,-0.03826736242525574,8
nifty100,v3,2021-11-29,90,0.3793851808479577,0.00014817078220297208,0.00039055500763576995,0.00014817078220297208,0.00039055500763576995,8
nifty100,v3,2021-12-27,90,0.3160366932333906,0.007739194994569876,0.024488279874687022,-0.03342721608366761,-0.10577004759058745,8
nifty100,v3,2022-01-24,90,0.2937050758584414,0.0028446042075664923,0.009685240199721714,0.0006935471989600872,0.002361372873563683,7
nifty100,v3,2022-02-22,91,0.18801663866367224,0.0034602745415917013,0.018404086820111205,0.0034602745415917013,0.018404086820111205,8
nifty100,v3,2022-03-24,91,0.16516937061600834,0.0009398078982102431,0.005689964759841231,-0.021956661337910077,-0.1329342193169441,9
nifty100,v3,2022-04-25,92,0.2742366562811393,0.0026770255827731626,0.009761735061518381,-0.035999516564190315,-0.13127171637946417,8
nifty100,v3,2022-05-24,92,0.37204286713519097,0.009865741339986633,0.026517754300613088,-0.026732255950134398,-0.07185262320973505,8
nifty100,v3,2022-06-21,92,0.1831076334166909,0.0024192923339229067,0.013212405669715677,0.0197332843327247,0.10776876946368714,7
nifty100,v3,2022-07-19,92,0.21846353268194146,0.002503347057316696,0.011458878406774143,-0.05370894310498098,-0.24584855168104972,9
nifty100,v3,2022-08-18,90,0.20014902157165132,0.0010430438754510662,0.005211336369574343,0.0010430438754510662,0.005211336369574343,8
nifty100,v3,2022-09-16,89,0.19399581766315233,0.0011185743281764138,0.0057659713577880726,-0.03774598725074696,-0.1945711392411964,7
nifty100,v3,2022-10-17,93,0.22785703359613352,0.00135386734143772,0.005941740397785525,-0.06202539268178786,-0.2722118852461018,7
nifty100,v3,2022-11-16,92,0.3630606601817968,0.0023708069473080684,0.006530057390742707,0.0023708069473080684,0.006530057390742707,8
nifty100,v3,2022-12-14,91,0.29022270261847727,0.006539328313357573,0.022532104671198254,-0.031855033795047505,-0.10976065451683044,8
nifty100,v3,2023-01-11,89,0.30566226418891546,0.0009388485745720487,0.0030715226724611013,-0.002220464123264043,-0.007264436547822203,7
nifty100,v3,2023-02-09,93,0.32184043262672596,0.005827125235985053,0.01810563448609149,-0.01979423164304861,-0.06150324706406971,7
nifty100,v3,2023-03-10,93,0.28620532811070487,5.892425092612896e-05,0.0002058810411221168,-0.007822874202687569,-0.027333083749096602,7
nifty100,v3,2023-04-12,93,0.3183976993783745,0.0049918651693362515,0.015678081779743218,-0.05769499315173743,-0.18120417724241905,6
nifty100,v3,2023-05-12,93,0.22355997989731669,0.0036069878789006804,0.016134318318320684,-0.015597327837835628,-0.06976797835193775,6
nifty100,v3,2023-06-09,92,0.4033355116036071,0.00725649128075978,0.01799120353154365,-0.03422116686538279,-0.0848454100392105,6
nifty100,v3,2023-07-10,89,0.44585460827749623,0.0034382490663189547,0.007711592529237731,-0.27072305232839233,-0.6072003009552759,7
nifty100,v3,2023-08-07,92,0.17615892386068477,0.0008220151717566182,0.0046663271649338,-0.008068901529363903,-0.04580467087631162,7
nifty100,v3,2023-09-05,93,0.43972135161454107,8.326250322254758e-05,0.000189352877491233,-0.008885417203496448,-0.02020692688874792,7
nifty100,v3,2023-10-05,93,0.2899740028487152,0.006057374637086332,0.02088937138356702,-0.03607440964861497,-0.1244056684193019,7
nifty100,v3,2023-11-03,93,0.3509348384796378,0.006035097584176419,0.01719720279218329,-0.09942776610524506,-0.28332258642658,6
nifty100,v3,2023-12-04,93,0.21967555760327218,0.005101773306080637,0.02322412817221247,-0.019556812566870474,-0.0890258924581383,7
nifty100,v3,2024-01-02,89,0.32490897010997744,0.002316398737317149,0.007129377611621736,-0.02765433824067054,-0.08511411128880163,7
nifty100,v3,2024-01-31,90,0.2234181550604567,0.00024377189912172526,0.001091101567174614,0.010363458672485448,0.04638592897556203,7
nifty100,v3,2024-02-28,92,0.1944001448318199,0.0011898818744483508,0.006120786975121574,-0.013834062148343262,-0.07116281811575517,8
nifty100,v3,2024-03-28,92,0.20569772783714158,0.0002495825613072489,0.0012133462237601989,-0.007187208960624414,-0.034940633696813564,8
nifty100,v3,2024-04-30,92,0.20737502337221492,0.0029997806138925,0.014465486562035149,0.0029997806138925,0.014465486562035149,8
nifty100,v3,2024-05-29,92,0.26363177067305255,0.00027913985020611154,0.0010588247747737947,-0.04116677643988864,-0.1561525620936724,7
nifty100,v3,2024-06-27,92,0.16953851684222832,0.0003258475487802892,0.0019219676734787132,0.008094313080965088,0.0477432104027288,7
nifty100,v3,2024-07-26,93,0.1819478088900245,0.0012161234990460956,0.006683913955683646,-0.008052964224556258,-0.044259748296412556,8
nifty100,v3,2024-08-26,93,0.23782186532223676,0.0009174171684654953,0.003857581249825119,-0.015756161339634978,-0.06625194583469508,8
nifty100,v3,2024-09-23,95,0.34076609869985147,0.000288367577881421,0.0008462331757227312,0.000288367577881421,0.0008462331757227312,8
nifty100,v3,2024-10-22,95,0.3952078671309299,0.005363385975099222,0.01357105063225466,-0.01589940815193125,-0.04023049507428928,8
nifty100,v3,2024-11-21,95,0.40871957215479504,0.0015471490503958796,0.0037853559158892575,-0.007431933528973866,-0.018183453975037824,7
nifty100,v3,2024-12-19,95,0.2638854961271499,0.0031588954132396596,0.011970704944380822,0.0031588954132396596,0.011970704944380822,8
nifty100,v3,2025-01-17,95,0.29686653797780665,0.002621190453474531,0.008829524780157229,-0.003575551576568081,-0.01204430651202388,8
nifty100,v3,2025-02-13,95,0.2698533588199896,0.002442148266980304,0.00904990872694448,0.002442148266980304,0.00904990872694448,8
nifty100,v3,2025-03-17,95,0.19628575514127178,0.0005236831534221054,0.0026679631084038547,-0.006773557049894019,-0.034508653187893944,8
nifty100,v3,2025-04-17,95,0.2142995209227086,0.0015948267626373358,0.007442045394084394,-0.014230912980425559,-0.06640664859702707,9
nifty100,v3,2025-05-19,95,0.2037738354329658,0.006754141791829538,0.03314528470978015,-0.03894850331361965,-0.1911359386786058,8
nifty100,v3,2025-06-16,94,0.3222366921579856,0.006903364379915122,0.021423272234096027,-0.013902267735486085,-0.04314303142321889,9
nifty100,v3,2025-07-14,94,0.3519843162521925,0.007463100572154269,0.02120293498192984,-0.024487335044302116,-0.06956939248042301,8
nifty100,v3,2025-08-11,95,0.305868555218885,0.0032446399315938512,0.010607955202429778,0.003498416195445997,0.011437645798347815,7
nifty100,v3,2025-09-10,95,0.28253656593854626,0.006376602885938998,0.02256912433531154,-0.01901276297986687,-0.0672931056435445,8
nifty100,v3,2025-10-09,95,0.33323641726794273,0.0028673584182516976,0.00860457702000248,-0.01996253703090467,-0.05990502837165469,7
nifty100,v3,2025-11-10,96,0.30557589577004063,0.0006480240428352602,0.0021206647900098995,0.0006480240428352602,0.0021206647900098995,8
nifty100,v3,2025-12-08,96,0.19145143812375576,0.0011161096425479355,0.00582972712812151,-0.024905453444658665,-0.13008757567315624,8
nifty100,v3,2026-01-06,96,0.26912711466133726,0.009085079536715779,0.03375757789455073,-0.016563414925771403,-0.061544950409825425,8
nifty100,v3,2026-02-04,96,0.2591313357419956,0.008471690824889855,0.03269265293844934,-0.02413005148162406,-0.09311900242604844,7
nifty100,v3,2026-03-05,95,0.23791084961028713,0.008947091794496265,0.03760690951737662,0.0031948491851608862,0.013428766239094388,7
nifty100,v3,2026-04-07,96,0.2752798430670754,7.389904190913121e-05,0.0002684506104252783,7.389904190913121e-05,0.0002684506104252783,8
nifty100,v3,2026-05-07,96,0.2251067854476677,0.002329756460309973,0.01034956123457944,-0.007282079816293252,-0.0323494460720562,8
nifty100,v4,2019-01-01,85,0.27184245288011744,0.0031021410164847607,0.011411539969633828,0.0031021410164847607,0.011411539969633828,8
nifty100,v4,2019-01-29,85,0.26464556330202266,0.009139789834549328,0.034535964708838456,-0.01793712991328522,-0.06777793547521048,11
nifty100,v4,2019-02-26,85,0.2876146681921964,0.015154240347780124,0.05268938626472769,0.015154240347780124,0.05268938626472769,8
nifty100,v4,2019-03-28,85,0.1988966902453242,0.003850106476532833,0.019357317971375063,-0.0017032842165874973,-0.008563662947264851,10
nifty100,v4,2019-04-30,86,0.21820701020772043,0.005721686219814837,0.02622136756453481,-0.015421401269886448,-0.07067326230814568,12
nifty100,v4,2019-05-29,86,0.17273394160957795,0.00025356294650746847,0.0014679393299585808,-0.01673622032363875,-0.09689016627355618,11
nifty100,v4,2019-06-27,87,0.2608369987629577,0.0037388043629518197,0.01433387280440822,-0.00901799561728811,-0.03457329926374228,10
nifty100,v4,2019-07-25,87,0.30435478152651574,0.0018085303510445572,0.005942178210487539,-0.020501004123914535,-0.06735890272888144,11
nifty100,v4,2019-08-26,88,0.19091570029185906,0.0015237326945772844,0.007981180658520512,-0.012805883940448348,-0.06707611747421284,11
nifty100,v4,2019-09-25,88,0.17534886517718484,0.0005787368731133835,0.003300488272499437,-0.013617447941412064,-0.07765917348625002,11
nifty100,v4,2019-10-27,88,0.19613383666241146,0.005297628085749517,0.027010271026655513,-0.008225732535860342,-0.041939385247526655,10
nifty100,v4,2019-11-26,88,0.30263923873341414,0.00387338183997743,0.012798676920375736,-0.006385928481058012,-0.021100794820208973,9
nifty100,v4,2019-12-24,88,0.18137525963626222,0.009387339206024747,0.05175644806712075,-0.010307721848929363,-0.05683091436837038,9
nifty100,v4,2020-01-22,88,0.1807482843573957,0.0002495267132682777,0.0013805205075965513,-0.005315974767889697,-0.029410927947611153,10
nifty100,v4,2020-02-18,88,0.23779340396302612,0.0033604779344152957,0.014131922410000101,-0.012339168282961777,-0.051890288281000264,10
nifty100,v4,2020-03-19,88,0.3140737552754039,0.004639600367878582,0.014772327486612901,-0.09026968182296113,-0.28741555226034654,3
nifty100,v4,2020-04-22,88,0.35421856706557797,0.006579937231364852,0.01857592414162378,0.0021817518198392616,0.0061593378289380996,10
nifty100,v4,2020-05-21,88,0.34798344783814084,0.008320061209591723,0.023909359083831114,-0.0023809646837615883,-0.006842177978732648,10
nifty100,v4,2020-06-19,86,0.21398804956503664,0.001969565459394862,0.009204090898525896,-0.004912320509393053,-0.022956050673755352,10
nifty100,v4,2020-07-17,87,0.3516986236482845,0.018200153606473424,0.0517492886883585,0.018200153606473424,0.0517492886883585,8
nifty100,v4,2020-08-14,87,0.1835678039481231,0.003574924323656359,0.01947468045467627,-0.006417920414024669,-0.03496212449018781,10
nifty100,v4,2020-09-11,86,0.2870537800205837,0.00011886663996651947,0.00041409188186964806,-0.007444454219570074,-0.025934005185496097,11
nifty100,v4,2020-10-12,86,0.31106206856090474,0.0001030179178671542,0.0003311812280544379,-0.009316100450264209,-0.029949329705689115,9
nifty100,v4,2020-11-09,88,0.2570273965863121,0.002506870396071892,0.009753319799238066,-0.0031736064130006847,-0.012347346839872611,11
nifty100,v4,2020-12-08,88,0.22927543509988724,0.009065757194105406,0.03954090062093121,-0.003858251060545159,-0.016828017614988953,9
nifty100,v4,2021-01-06,85,0.3118731150622435,0.002390859920313515,0.00766613024606609,-0.01312343296782248,-0.04207939810779557,10
nifty100,v4,2021-02-04,88,0.17284165013809977,0.003722719931815166,0.021538326721833125,-0.04166889217180281,-0.24108131424636095,9
nifty100,v4,2021-03-04,88,0.25614200788476305,0.006126029362865437,0.02391653525891585,-0.007569976789698507,-0.02955382778565631,9
nifty100,v4,2021-04-06,88,0.24161120854144408,0.003969792381327775,0.016430497596914374,-0.010856635583922691,-0.0449343209260113,9
nifty100,v4,2021-05-06,87,0.225996710775979,0.00446432206172831,0.01975392494164928,-0.010526400228293875,-0.04657767005612861,10
nifty100,v4,2021-06-04,88,0.2205263630776862,0.00977936964637216,0.0443455807727039,0.00977936964637216,0.0443455807727039,8
nifty100,v4,2021-07-02,88,0.24661222708958314,0.00010545756695989894,0.0004276250541364721,-0.02531017527977364,-0.1026314695685368,11
nifty100,v4,2021-08-02,88,0.2545244797403877,0.0013354903223496972,0.005247001481790212,-0.01749667800314003,-0.06874261375953487,9
nifty100,v4,2021-08-31,89,0.2339399538693892,0.0048227256340503954,0.020615228627184252,-0.01925436529444191,-0.08230473237244373,9
nifty100,v4,2021-09-29,88,0.2475858874657465,0.0014615925877815572,0.005903376007179603,-0.013545010837397675,-0.05470833162601656,9
nifty100,v4,2021-10-28,90,0.27288353636985896,0.0003511202753753162,0.0012867037713093007,-0.009638331145186307,-0.03532031017115952,10
nifty100,v4,2021-11-29,90,0.3793851808479577,0.00014817078220297208,0.00039055500763576995,0.00014817078220297208,0.00039055500763576995,8
nifty100,v4,2021-12-27,90,0.3160366932333906,0.007739194994569876,0.024488279874687022,-0.009216897811974656,-0.0291640116774923,10
nifty100,v4,2022-01-24,90,0.2937050758584414,0.0028446042075664923,0.009685240199721714,-0.009006549101130634,-0.030665282425937943,9
nifty100,v4,2022-02-22,91,0.18801663866367224,0.0034602745415917013,0.018404086820111205,0.0034602745415917013,0.018404086820111205,8
nifty100,v4,2022-03-24,91,0.16516937061600834,0.0009398078982102431,0.005689964759841231,-0.015652684581468512,-0.09476747730581618,10
nifty100,v4,2022-04-25,92,0.2742366562811393,0.0026770255827731626,0.009761735061518381,-0.01246924508181424,-0.04546892180974938,11
nifty100,v4,2022-05-24,92,0.37204286713519097,0.009865741339986633,0.026517754300613088,-0.016866514610147765,-0.04533486890912197,10
nifty100,v4,2022-06-21,92,0.1831076334166909,0.0024192923339229067,0.013212405669715677,0.0024192923339229067,0.013212405669715677,8
nifty100,v4,2022-07-19,92,0.21846353268194146,0.002503347057316696,0.011458878406774143,-0.01827282909435135,-0.08364246824184864,10
nifty100,v4,2022-08-18,90,0.20014902157165132,0.0010430438754510662,0.005211336369574343,0.0010430438754510662,0.005211336369574343,8
nifty100,v4,2022-09-16,89,0.19399581766315233,0.0011185743281764138,0.0057659713577880726,-0.03447894045452227,-0.17773032877641887,9
nifty100,v4,2022-10-17,93,0.22785703359613352,0.00135386734143772,0.005941740397785525,-0.007381095419257577,-0.03239353774937771,11
nifty100,v4,2022-11-16,92,0.3630606601817968,0.0023708069473080684,0.006530057390742707,0.0023708069473080684,0.006530057390742707,8
nifty100,v4,2022-12-14,91,0.29022270261847727,0.006539328313357573,0.022532104671198254,-0.025315705481689932,-0.08722854984563219,9
nifty100,v4,2023-01-11,89,0.30566226418891546,0.0009388485745720487,0.0030715226724611013,0.003532467472376566,0.011556766687409323,9
nifty100,v4,2023-02-09,93,0.32184043262672596,0.005827125235985053,0.01810563448609149,0.014793417949890086,0.045965069799193486,9
nifty100,v4,2023-03-10,93,0.28620532811070487,5.892425092612896e-05,0.0002058810411221168,0.0006146635827173341,0.0021476315160687044,10
nifty100,v4,2023-04-12,93,0.3183976993783745,0.0049918651693362515,0.015678081779743218,-0.002073690065132916,-0.006512892741315331,9
nifty100,v4,2023-05-12,93,0.22355997989731669,0.0036069878789006804,0.016134318318320684,0.002354564232970313,0.010532136539159593,9
nifty100,v4,2023-06-09,92,0.4033355116036071,0.00725649128075978,0.01799120353154365,-0.002675063839362335,-0.006632353865214212,10
nifty100,v4,2023-07-10,89,0.44585460827749623,0.0034382490663189547,0.007711592529237731,-0.05195654498242486,-0.1165324839484165,11
nifty100,v4,2023-08-07,92,0.17615892386068477,0.0008220151717566182,0.0046663271649338,-0.021076471791173446,-0.11964464433173858,11
nifty100,v4,2023-09-05,93,0.43972135161454107,8.326250322254758e-05,0.000189352877491233,-0.0004862289243171558,-0.0011057660096146142,9
nifty100,v4,2023-10-05,93,0.2899740028487152,0.006057374637086332,0.02088937138356702,-0.006593528438457952,-0.022738343346930714,10
nifty100,v4,2023-11-03,93,0.3509348384796378,0.006035097584176419,0.01719720279218329,-0.021164715151288038,-0.06030952994858067,9
nifty100,v4,2023-12-04,93,0.21967555760327218,0.005101773306080637,0.02322412817221247,-0.018472193708389928,-0.0840885254141482,9
nifty100,v4,2024-01-02,89,0.32490897010997744,0.002316398737317149,0.007129377611621736,-0.02765433824067054,-0.08511411128880163,8
nifty100,v4,2024-01-31,90,0.2234181550604567,0.00024377189912172526,0.001091101567174614,0.00024377189912172526,0.001091101567174614,8
nifty100,v4,2024-02-28,92,0.1944001448318199,0.0011898818744483508,0.006120786975121574,-0.000916361424604939,-0.004713789824579115,10
nifty100,v4,2024-03-28,92,0.20569772783714158,0.0002495825613072489,0.0012133462237601989,-0.008332293697082549,-0.04050746590492011,10
nifty100,v4,2024-04-30,92,0.20737502337221492,0.0029997806138925,0.014465486562035149,0.0029997806138925,0.014465486562035149,8
nifty100,v4,2024-05-29,92,0.26363177067305255,0.00027913985020611154,0.0010588247747737947,-0.003229448181555239,-0.012249844445191298,10
nifty100,v4,2024-06-27,92,0.16953851684222832,0.0003258475487802892,0.0019219676734787132,0.0003258475487802892,0.0019219676734787132,8
nifty100,v4,2024-07-26,93,0.1819478088900245,0.0012161234990460956,0.006683913955683646,-0.006836840725510163,-0.037575834340728906,9
nifty100,v4,2024-08-26,93,0.23782186532223676,0.0009174171684654953,0.003857581249825119,-0.014838744171169482,-0.06239436458486996,9
nifty100,v4,2024-09-23,95,0.34076609869985147,0.000288367577881421,0.0008462331757227312,0.000288367577881421,0.0008462331757227312,8
nifty100,v4,2024-10-22,95,0.3952078671309299,0.005363385975099222,0.01357105063225466,-0.008322769993828305,-0.021059221452874123,10
nifty100,v4,2024-11-21,95,0.40871957215479504,0.0015471490503958796,0.0037853559158892575,0.0015392806777323464,0.0037661046414223884,9
nifty100,v4,2024-12-19,95,0.2638854961271499,0.0031588954132396596,0.011970704944380822,0.0031588954132396596,0.011970704944380822,8
nifty100,v4,2025-01-17,95,0.29686653797780665,0.002621190453474531,0.008829524780157229,-0.00095436112309355,-0.0032147817318666505,9
nifty100,v4,2025-02-13,95,0.2698533588199896,0.002442148266980304,0.00904990872694448,0.002442148266980304,0.00904990872694448,8
nifty100,v4,2025-03-17,95,0.19628575514127178,0.0005236831534221054,0.0026679631084038547,-0.006249873896471914,-0.03184069007949009,9
nifty100,v4,2025-04-17,95,0.2142995209227086,0.0015948267626373358,0.007442045394084394,-0.009274827137083386,-0.0432797380841021,10
nifty100,v4,2025-05-19,95,0.2037738354329658,0.006754141791829538,0.03314528470978015,-0.008814564250702261,-0.04325660471558398,11
nifty100,v4,2025-06-16,94,0.3222366921579856,0.006903364379915122,0.021423272234096027,-0.004822857559468541,-0.014966816867347927,10
nifty100,v4,2025-07-14,94,0.3519843162521925,0.007463100572154269,0.02120293498192984,-0.017024234472147848,-0.04836645749849317,9
nifty100,v4,2025-08-11,95,0.305868555218885,0.0032446399315938512,0.010607955202429778,0.0032446399315938512,0.010607955202429778,8
nifty100,v4,2025-09-10,95,0.28253656593854626,0.006376602885938998,0.02256912433531154,-0.0072874651765282294,-0.02579299834101228,10
nifty100,v4,2025-10-09,95,0.33323641726794273,0.0028673584182516976,0.00860457702000248,-0.015953471009025666,-0.04787433240286606,9
nifty100,v4,2025-11-10,96,0.30557589577004063,0.0006480240428352602,0.0021206647900098995,0.0006480240428352602,0.0021206647900098995,8
nifty100,v4,2025-12-08,96,0.19145143812375576,0.0011161096425479355,0.00582972712812151,-0.014043246897861739,-0.0733514829425521,10
nifty100,v4,2026-01-06,96,0.26912711466133726,0.009085079536715779,0.03375757789455073,-0.007478335389055624,-0.027787372515274692,9
nifty100,v4,2026-02-04,96,0.2591313357419956,0.008471690824889855,0.03269265293844934,-0.014678939759884213,-0.05664671822823974,9
nifty100,v4,2026-03-05,95,0.23791084961028713,0.008947091794496265,0.03760690951737662,0.008947091794496265,0.03760690951737662,8
nifty100,v4,2026-04-07,96,0.2752798430670754,7.389904190913121e-05,0.0002684506104252783,7.389904190913121e-05,0.0002684506104252783,8
nifty100,v4,2026-05-07,96,0.2251067854476677,0.002329756460309973,0.01034956123457944,-0.004952323355983279,-0.02199988483747676,9
midcap150,v1,2019-01-01,110,0.2804784400769475,0.007075448507913418,0.025226354317901628,0.007075448507913418,0.025226354317901628,8
midcap150,v1,2019-01-29,110,0.19428719242136955,0.0069116918124384474,0.035574613675246225,-0.018790764430201556,-0.09671643403775271,8
midcap150,v1,2019-02-26,110,0.38625138053032565,0.002880961605027821,0.007458773612853479,-0.017071581191932417,-0.04419811048569723,8
midcap150,v1,2019-03-28,110,0.29749340907180954,0.00015226496617581908,0.0005118263515514224,-0.011808749821651254,-0.03969415611086979,9
midcap150,v1,2019-04-30,111,0.3106384114971982,0.0017332363043264243,0.005579594281250235,-0.011083101149890973,-0.03567846325402336,9
midcap150,v1,2019-05-29,111,0.27820110077483523,0.0031134643117645133,0.011191416220471486,-0.03942214211876294,-0.14170376036962423,10
midcap150,v1,2019-06-27,111,0.3094012223277766,0.002050152731086996,0.006626194672608903,-0.0043225035280761714,-0.01397054444567434,9
midcap150,v1,2019-07-25,111,0.28752209870948736,0.006709246411669922,0.0233347156332806,-0.021919237029027094,-0.07623496464240237,9
midcap150,v1,2019-08-26,111,0.2939191490624301,0.00027439655671035457,0.0009335783584895694,0.00027439655671035457,0.0009335783584895694,8
midcap150,v1,2019-09-25,111,0.4787357989361962,0.002566387852913743,0.005360760274490731,-0.016210447361291958,-0.033860946679386335,7
midcap150,v1,2019-10-27,111,0.3819571154128671,0.001265823615626438,0.003314046432302164,-0.012556280192628888,-0.032873533928164916,7
midcap150,v1,2019-11-26,112,0.2530670842999888,0.0036305252796692278,0.01434609834665641,0.0036305252796692278,0.01434609834665641,8
midcap150,v1,2019-12-24,112,0.2338335578216872,0.0017260651055145404,0.007381597070984883,-0.026330624625220955,-0.11260413120558048,7
midcap150,v1,2020-01-22,111,0.19511018173626887,0.0008887527806749063,0.0045551327601971925,-0.018600560325691795,-0.09533362205994067,8
midcap150,v1,2020-02-18,113,0.4359368323304289,0.004513028725207868,0.010352483182212758,-0.01579185715382314,-0.03622510414961524,8
midcap150,v1,2020-03-19,113,0.497331218739316,0.00034845820834639163,0.000700656213035847,-0.0059746079917846195,-0.012013337925838724,8
midcap150,v1,2020-04-22,113,0.2819549332466015,0.010203117455107602,0.036187050666653245,0.010203117455107602,0.036187050666653245,8
midcap150,v1,2020-05-21,116,0.32509965860060314,2.4674420843306955e-05,7.589802139294273e-05,-0.021238249162320755,-0.06532842653154775,8
midcap150,v1,2020-06-19,116,0.24064263232025518,0.003786196526501806,0.01573368978719868,0.003786196526501806,0.01573368978719868,8
midcap150,v1,2020-07-17,116,0.1597151146722578,0.0008502368718282804,0.005323459045019018,-0.03569234541274069,-0.22347506362176742,7
midcap150,v1,2020-08-14,115,0.3116564694046269,0.009322006715534514,0.02991116062292182,-0.03763339163999524,-0.12075280103085366,8
midcap150,v1,2020-09-11,115,0.3435337688316561,0.0028238620516404245,0.008220042126409467,-0.005103105968056076,-0.014854743350010467,8
midcap150,v1,2020-10-12,116,0.37287391430277084,0.0016286972543235745,0.004367957081065972,-0.0150991523399161,-0.0404939894177089,7
midcap150,v1,2020-11-09,119,0.2295527328016994,9.81140297546812e-05,0.0004274139042354056,-0.018139348323494175,-0.07902039806759333,8
midcap150,v1,2020-12-08,118,0.2903056061325911,0.0032970712264089874,0.011357242701345279,0.00018787087721350293,0.0006471486366256971,7
midcap150,v1,2021-01-06,116,0.18871394687411414,0.0018107428473553844,0.00959517236192024,0.0018107428473553844,0.00959517236192024,8
midcap150,v1,2021-02-04,118,0.2430094630617819,0.002349205238662555,0.009667134806455258,-0.006768331170033726,-0.027852130055992793,7
midcap150,v1,2021-03-04,120,0.40441656917825847,0.001834770047736689,0.00453683203797706,-0.001834770047736689,-0.00453683203797706,8
midcap150,v1,2021-04-06,122,0.22610431723588892,0.001057959642455808,0.004679077584140357,-0.006395824793679172,-0.028287052949133078,8
midcap150,v1,2021-05-06,121,0.2866080182301772,0.0032782853452425487,0.01143821922877863,-0.007478225966101482,-0.02609217289969766,7
midcap150,v1,2021-06-04,120,0.2412082309137656,0.012564110938676487,0.052088234680384045,-0.049752275781479116,-0.20626276140330413,8
midcap150,v1,2021-07-02,119,0.24130055561982922,0.0013322252533054524,0.005521020247480834,0.0013322252533054524,0.005521020247480834,8
midcap150,v1,2021-08-02,120,0.2836399373188536,0.006244253228749219,0.022014717982854957,-0.023749846795717566,-0.08373237922775027,8
midcap150,v1,2021-08-31,122,0.2588984892271872,0.003537628279178029,0.01366415188338047,-0.0163339192398122,-0.06309005235437641,8
midcap150,v1,2021-09-29,121,0.3681159894217655,0.0015467544062500727,0.004201812609877951,-0.010088076902966203,-0.027404614830267213,7
midcap150,v1,2021-10-28,122,0.2533770756605073,0.00986163399876927,0.0389207822888547,-0.001454037893485971,-0.005738632390856838,7
midcap150,v1,2021-11-29,122,0.30814456423733605,0.0011912109395636472,0.003865753538479311,0.0011912109395636472,0.003865753538479311,8
midcap150,v1,2021-12-27,122,0.34074902243381133,0.0046562337195856784,0.01366470162211581,-0.006334060595944546,-0.01858863908310963,8
midcap150,v1,2022-01-24,122,0.22580327003129252,0.0018724627032122854,0.008292451668006373,-0.014625241599351857,-0.06476983968090916,7
midcap150,v1,2022-02-22,122,0.210060452235373,0.0008772045324604294,0.0041759623152554225,-0.014312798639977586,-0.06813656967633334,9
midcap150,v1,2022-03-24,122,0.27576764552685606,0.005513170261774336,0.019992085189114134,-0.02211512684837391,-0.08019478429430256,9
midcap150,v1,2022-04-25,123,0.19139616553619548,0.0017565064049120949,0.009177333307546942,-0.025508049154699286,-0.13327356419726907,9
midcap150,v1,2022-05-24,123,0.2767358257193705,0.0070842847081732385,0.025599449185004328,-0.008617393169269683,-0.03113942022818658,8
midcap150,v1,2022-06-21,123,0.2775855642844107,0.00045471611886094276,0.0016381115496159097,-0.0017144957041552722,-0.006176458450118181,8
midcap150,v1,2022-07-19,123,0.22448933242830638,0.003888968834415585,0.01732362421121983,-0.01781040596312855,-0.07933742672969343,8
midcap150,v1,2022-08-18,123,0.26195585468315313,0.011993741826862858,0.045785355098742896,-0.027577861342583665,-0.10527675121420849,8
midcap150,v1,2022-09-16,120,0.2040986101122615,0.0003623934896115344,0.0017755803893627943,-0.01329922846935494,-0.06516079880230391,8
midcap150,v1,2022-10-17,123,0.16723830877188306,0.0018263252568249122,0.010920495849524897,-0.004952261547612857,-0.029612004474213246,7
midcap150,v1,2022-11-16,124,0.26052432064380915,0.0005714967729421039,0.0021936407761464186,-0.032818194668146505,-0.12596979271281084,8
midcap150,v1,2022-12-14,126,0.2549410966230942,0.0034094700857165705,0.013373560131645399,-0.01074930729116963,-0.042163885829131116,8
midcap150,v1,2023-01-11,126,0.3059874056798772,0.0017019993421201196,0.005562318286723031,0.0017019993421201196,0.005562318286723031,8
midcap150,v1,2023-02-09,126,0.4235034235912932,0.0006723095958408587,0.0015874950670757238,0.0006723095958408587,0.0015874950670757238,8
midcap150,v1,2023-03-10,127,0.2515953899838653,0.0013059676166782275,0.005190745413745373,-0.013195586043922902,-0.05244764637686377,7
midcap150,v1,2023-04-12,127,0.2685627958621358,0.002794521863830224,0.010405469063052076,0.001710733630244432,0.0063699576285414505,6
midcap150,v1,2023-05-12,126,0.24948261842923308,0.0005681149280740705,0.002277172380388572,-0.012287118980011447,-0.04925040091919969,6
midcap150,v1,2023-06-09,126,0.24478318325262105,6.299423949274185e-05,0.0002573470883730218,-3.841601324983124e-05,-0.0001569389397562706,7
midcap150,v1,2023-07-10,126,0.4332271452403004,0.006188432415797918,0.01428449829099547,0.006188432415797918,0.01428449829099547,8
midcap150,v1,2023-08-07,127,0.33833812516071426,0.00038507327156245275,0.0011381314812793821,-0.037725410859163144,-0.11150209820794853,8
midcap150,v1,2023-09-05,128,0.19671790430100888,0.0006136527472418996,0.0031194554935015766,-0.015361487595832224,-0.07808891443011089,8
midcap150,v1,2023-10-05,127,0.2089093461096131,0.0019132320916105394,0.009158192906346476,-0.006203942880645741,-0.02969681824283046,7
midcap150,v1,2023-11-03,128,0.25723812977848426,0.0002317217149576667,0.0009008062496691663,-0.011034960539919147,-0.042897841581346026,9
midcap150,v1,2023-12-04,129,0.32869601941471643,0.0022303859421659578,0.006785558115785623,-0.016533351355567882,-0.05029982226437528,8
midcap150,v1,2024-01-02,127,0.2105464902440205,0.0033288922909708862,0.01581072326170218,-0.028840164675750124,-0.1369776558247291,8
midcap150,v1,2024-01-31,121,0.25351925726934665,0.007848971888224865,0.03096006186183275,-0.009430471613830593,-0.03719824566940637,8
midcap150,v1,2024-02-28,126,0.22309768846556305,0.0067290365230683324,0.03016183883100615,-0.01961375504783769,-0.0879155457985179,8
midcap150,v1,2024-03-28,129,0.27962606676102364,0.00027524077989204976,0.0009843173173382234,-0.0010325257312606695,-0.003692523172895377,8
midcap150,v1,2024-04-30,129,0.48646298399398885,0.0009771974870415034,0.0020087807689260456,-0.01502833082766264,-0.030893061388301522,7
midcap150,v1,2024-05-29,129,0.3212719892709599,0.0013317397058928426,0.004145209512086212,-0.016329698715809915,-0.05082826782647862,9
midcap150,v1,2024-06-27,130,0.292216654645531,0.0027609193970408175,0.009448193157881125,0.0027609193970408175,0.009448193157881125,8
midcap150,v1,2024-07-26,131,0.21054567080082304,0.0020604697233095326,0.00978633146657641,-0.011093616253179395,-0.05268983309409385,8
midcap150,v1,2024-08-26,130,0.25186841035229224,0.0005642134432952695,0.0022401119795296895,-0.02695052631260131,-0.1070024076258916,8
midcap150,v1,2024-09-23,131,0.4128039805486941,0.003971083010504861,0.00961977887235134,-0.019453259257203426,-0.047124689135377006,8
midcap150,v1,2024-10-22,132,0.27482310820614575,0.0045744795960780404,0.01664517815090974,-0.02861564797793059,-0.10412387868223183,8
midcap150,v1,2024-11-21,132,0.33802586920855754,0.00019209905724237863,0.0005682969108019837,-0.024814072257197117,-0.07340879653766132,8
midcap150,v1,2024-12-19,132,0.30368910905922897,0.0017056490911606659,0.005616431542258602,-0.006839815214276013,-0.022522425105939617,8
midcap150,v1,2025-01-17,133,0.22407546439787285,0.000887097095058742,0.003958921149365978,-0.010839792316128305,-0.04837563249174374,8
midcap150,v1,2025-02-13,133,0.1923324550594106,0.0010640439704345805,0.005532316270313828,-0.03082146451804446,-0.1602509805665604,8
midcap150,v1,2025-03-17,133,0.2234490495356513,0.0004218605085423155,0.0018879494426983796,-0.024807575204829124,-0.1110211712978044,8
midcap150,v1,2025-04-17,133,0.2541731870374478,0.001102644714105927,0.004338162994129952,0.001102644714105927,0.004338162994129952,8
midcap150,v1,2025-05-19,135,0.2540651270401255,0.0033951710998624263,0.013363388905106261,-0.004286993608797474,-0.016873601106697386,8
midcap150,v1,2025-06-16,134,0.29658426908191393,0.004697736734164848,0.015839466970742722,0.004697736734164848,0.015839466970742722,8
midcap150,v1,2025-07-14,135,0.3074297703729695,0.0038433639233692585,0.012501599694481584,-0.013546487708373633,-0.044063682225502186,8
midcap150,v1,2025-08-11,135,0.36708829646272273,0.0032611848597438042,0.008883924906265632,-0.011610963780529171,-0.031629893658863206,8
midcap150,v1,2025-09-10,136,0.3379045234468374,0.001813128846930856,0.0053658022344176045,0.001813128846930856,0.0053658022344176045,8
midcap150,v1,2025-10-09,137,0.35994502886487145,0.0003486039616382719,0.0009684922243200165,-0.0003486039616382719,-0.0009684922243200165,8
midcap150,v1,2025-11-10,138,0.3265264199792575,0.002876024413595246,0.008807937850107028,-0.01182782545420169,-0.036223180516152566,9
midcap150,v1,2025-12-08,140,0.17985024742084005,0.0008570386533391927,0.0047652903770199866,-0.026334515625858534,-0.14642468388846397,8
midcap150,v1,2026-01-06,141,0.21415996253053188,0.0009586525072337038,0.0044763386017917925,0.0009586525072337038,0.0044763386017917925,8
midcap150,v1,2026-02-04,142,0.24894279168579525,0.0009034804039572686,0.003629269190078025,-0.010123562985795864,-0.040666222617818895,8
midcap150,v1,2026-03-05,143,0.38764258199454044,0.0016861774643054384,0.004349825180787767,-0.037098758732167725,-0.09570351776443957,8
midcap150,v1,2026-04-07,143,0.19596596097071134,0.011071582659254453,0.056497478462135514,0.011071582659254453,0.056497478462135514,8
midcap150,v1,2026-05-07,142,0.22469455689937778,0.0047821237081667745,0.021282775044293996,-0.014697500360933424,-0.06541102091545202,8
midcap150,v2,2019-01-01,110,0.2804784400769475,0.007075448507913418,0.025226354317901628,0.007075448507913418,0.025226354317901628,8
midcap150,v2,2019-01-29,110,0.19428719242136955,0.0069116918124384474,0.035574613675246225,-0.009935523082969189,-0.05113833268752504,9
midcap150,v2,2019-02-26,110,0.38625138053032565,0.002880961605027821,0.007458773612853479,-0.010479617952424025,-0.027131599990750693,10
midcap150,v2,2019-03-28,110,0.29749340907180954,0.00015226496617581908,0.0005118263515514224,-0.006338697402827442,-0.021307017935639022,10
midcap150,v2,2019-04-30,111,0.3106384114971982,0.0017332363043264243,0.005579594281250235,-0.009349864845564548,-0.030098868972773123,10
midcap150,v2,2019-05-29,111,0.27820110077483523,0.0031134643117645133,0.011191416220471486,-0.025072490705770778,-0.09012362149516957,12
midcap150,v2,2019-06-27,111,0.3094012223277766,0.002050152731086996,0.006626194672608903,-0.0043225035280761714,-0.01397054444567434,9
midcap150,v2,2019-07-25,111,0.28752209870948736,0.006709246411669922,0.0233347156332806,-0.01460992713676923,-0.05081323210405165,10
midcap150,v2,2019-08-26,111,0.2939191490624301,0.00027439655671035457,0.0009335783584895694,0.00027439655671035457,0.0009335783584895694,8
midcap150,v2,2019-09-25,111,0.4787357989361962,0.002566387852913743,0.005360760274490731,-0.0036261110732908053,-0.007574347022613359,10
midcap150,v2,2019-10-27,111,0.3819571154128671,0.001265823615626438,0.003314046432302164,-0.013009570617191546,-0.03406029130555448,11
midcap150,v2,2019-11-26,112,0.2530670842999888,0.0036305252796692278,0.01434609834665641,0.0036305252796692278,0.01434609834665641,8
midcap150,v2,2019-12-24,112,0.2338335578216872,0.0017260651055145404,0.007381597070984883,-0.009774613503132135,-0.041801585684232256,11
midcap150,v2,2020-01-22,111,0.19511018173626887,0.0008887527806749063,0.0045551327601971925,-0.015667818594000238,-0.080302414023572,10
midcap150,v2,2020-02-18,113,0.4359368323304289,0.004513028725207868,0.010352483182212758,-0.01367259112195629,-0.03136369792124566,12
midcap150,v2,2020-03-19,113,0.497331218739316,0.00034845820834639163,0.000700656213035847,-0.005626149783438228,-0.011312681712802877,9
midcap150,v2,2020-04-22,113,0.2819549332466015,0.010203117455107602,0.036187050666653245,0.010203117455107602,0.036187050666653245,8
midcap150,v2,2020-05-21,116,0.32509965860060314,2.4674420843306955e-05,7.589802139294273e-05,-0.02092425692037736,-0.06436259272140171,9
midcap150,v2,2020-06-19,116,0.24064263232025518,0.003786196526501806,0.01573368978719868,0.003786196526501806,0.01573368978719868,8
midcap150,v2,2020-07-17,116,0.1597151146722578,0.0008502368718282804,0.005323459045019018,-0.024504351297270688,-0.15342537459622815,10
midcap150,v2,2020-08-14,115,0.3116564694046269,0.009322006715534514,0.02991116062292182,-0.015067573149601388,-0.04834673632280355,10
midcap150,v2,2020-09-11,115,0.3435337688316561,0.0028238620516404245,0.008220042126409467,-0.003797054146377876,-0.011052928389810113,11
midcap150,v2,2020-10-12,116,0.37287391430277084,0.0016286972543235745,0.004367957081065972,-0.002954132489853656,-0.007922604334973464,10
midcap150,v2,2020-11-09,119,0.2295527328016994,9.81140297546812e-05,0.0004274139042354056,-0.010320627989838793,-0.04495972608940506,12
midcap150,v2,2020-12-08,118,0.2903056061325911,0.0032970712264089874,0.011357242701345279,0.0032970712264089874,0.011357242701345279,8
midcap150,v2,2021-01-06,116,0.18871394687411414,0.0018107428473553844,0.00959517236192024,0.0018107428473553844,0.00959517236192024,8
midcap150,v2,2021-02-04,118,0.2430094630617819,0.002349205238662555,0.009667134806455258,-0.0024482051177063813,-0.0100745258512174,9
midcap150,v2,2021-03-04,120,0.40441656917825847,0.001834770047736689,0.00453683203797706,0.004947599616173748,0.012233919164654572,9
midcap150,v2,2021-04-06,122,0.22610431723588892,0.001057959642455808,0.004679077584140357,-0.005337865151223364,-0.02360797536499272,9
midcap150,v2,2021-05-06,121,0.2866080182301772,0.0032782853452425487,0.01143821922877863,-0.0002580928055613274,-0.0009005079730674214,9
midcap150,v2,2021-06-04,120,0.2412082309137656,0.012564110938676487,0.052088234680384045,-0.02613039229626557,-0.10833126298085347,10
midcap150,v2,2021-07-02,119,0.24130055561982922,0.0013322252533054524,0.005521020247480834,0.0013322252533054524,0.005521020247480834,8
midcap150,v2,2021-08-02,120,0.2836399373188536,0.006244253228749219,0.022014717982854957,-0.00043155724591015243,-0.001521496760962183,11
midcap150,v2,2021-08-31,122,0.2588984892271872,0.003537628279178029,0.01366415188338047,-0.012796290960634171,-0.049425900470995945,10
midcap150,v2,2021-09-29,121,0.3681159894217655,0.0015467544062500727,0.004201812609877951,-0.008481431687286656,-0.023040106735404894,10
midcap150,v2,2021-10-28,122,0.2533770756605073,0.00986163399876927,0.0389207822888547,-0.005360293725772514,-0.021155401339285396,10
midcap150,v2,2021-11-29,122,0.30814456423733605,0.0011912109395636472,0.003865753538479311,-0.006332998433601578,-0.02055203683140047,9
midcap150,v2,2021-12-27,122,0.34074902243381133,0.0046562337195856784,0.01366470162211581,0.003129612283556127,0.009184508472548992,9
midcap150,v2,2022-01-24,122,0.22580327003129252,0.0018724627032122854,0.008292451668006373,-0.011553406439505864,-0.051165806579792916,9
midcap150,v2,2022-02-22,122,0.210060452235373,0.0008772045324604294,0.0041759623152554225,0.0028898501798209075,0.013757231068810738,11
midcap150,v2,2022-03-24,122,0.27576764552685606,0.005513170261774336,0.019992085189114134,-0.02211512684837391,-0.08019478429430256,9
midcap150,v2,2022-04-25,123,0.19139616553619548,0.0017565064049120949,0.009177333307546942,-0.02302542897056825,-0.12030245698006863,10
midcap150,v2,2022-05-24,123,0.2767358257193705,0.0070842847081732385,0.025599449185004328,0.000638956627045606,0.002308904621888576,9
midcap150,v2,2022-06-21,123,0.2775855642844107,0.00045471611886094276,0.0016381115496159097,-0.02248045927127451,-0.08098569293121205,10
midcap150,v2,2022-07-19,123,0.22448933242830638,0.003888968834415585,0.01732362421121983,-0.013383201955088131,-0.05961620452215578,9
midcap150,v2,2022-08-18,123,0.26195585468315313,0.011993741826862858,0.045785355098742896,-0.002911773789793126,-0.011115513311641925,10
midcap150,v2,2022-09-16,120,0.2040986101122615,0.0003623934896115344,0.0017755803893627943,-0.018586524133778926,-0.09106639248329852,10
midcap150,v2,2022-10-17,123,0.16723830877188306,0.0018263252568249122,0.010920495849524897,0.003952701047626794,0.023635141234406826,9
midcap150,v2,2022-11-16,124,0.26052432064380915,0.0005714967729421039,0.0021936407761464186,-0.023064329152943874,-0.08853042624176959,10
midcap150,v2,2022-12-14,126,0.2549410966230942,0.0034094700857165705,0.013373560131645399,-0.007339837205453059,-0.02879032569748572,10
midcap150,v2,2023-01-11,126,0.3059874056798772,0.0017019993421201196,0.005562318286723031,0.0017019993421201196,0.005562318286723031,8
midcap150,v2,2023-02-09,126,0.4235034235912932,0.0006723095958408587,0.0015874950670757238,0.0006723095958408587,0.0015874950670757238,8
midcap150,v2,2023-03-10,127,0.2515953899838653,0.0013059676166782275,0.005190745413745373,-0.00726454387345532,-0.02887391487547205,9
midcap150,v2,2023-04-12,127,0.2685627958621358,0.002794521863830224,0.010405469063052076,0.002794521863830224,0.010405469063052076,8
midcap150,v2,2023-05-12,126,0.24948261842923308,0.0005681149280740705,0.002277172380388572,-0.004102865606640749,-0.016445496814458622,10
midcap150,v2,2023-06-09,126,0.24478318325262105,6.299423949274185e-05,0.0002573470883730218,6.299423949274185e-05,0.0002573470883730218,8
midcap150,v2,2023-07-10,126,0.4332271452403004,0.006188432415797918,0.01428449829099547,0.006188432415797918,0.01428449829099547,8
midcap150,v2,2023-08-07,127,0.33833812516071426,0.00038507327156245275,0.0011381314812793821,-0.00909683206661982,-0.02688680757540619,10
midcap150,v2,2023-09-05,128,0.19671790430100888,0.0006136527472418996,0.0031194554935015766,-0.0056704254155162115,-0.028825161775003365,10
midcap150,v2,2023-10-05,127,0.2089093461096131,0.0019132320916105394,0.009158192906346476,-0.00046535329968311334,-0.0022275370075542054,10
midcap150,v2,2023-11-03,128,0.25723812977848426,0.0002317217149576667,0.0009008062496691663,-0.011034960539919147,-0.042897841581346026,9
midcap150,v2,2023-12-04,129,0.32869601941471643,0.0022303859421659578,0.006785558115785623,-0.00660930048654651,-0.020107637744792833,10
midcap150,v2,2024-01-02,127,0.2105464902440205,0.0033288922909708862,0.01581072326170218,-0.02458162763725158,-0.116751543133119,10
midcap150,v2,2024-01-31,121,0.25351925726934665,0.007848971888224865,0.03096006186183275,0.006609706210643385,0.026071811198235838,10
midcap150,v2,2024-02-28,126,0.22309768846556305,0.0067290365230683324,0.03016183883100615,-0.012884718524769356,-0.05775370696751176,9
midcap150,v2,2024-03-28,129,0.27962606676102364,0.00027524077989204976,0.0009843173173382234,-0.0007572849513686197,-0.0027082058555571533,9
midcap150,v2,2024-04-30,129,0.48646298399398885,0.0009771974870415034,0.0020087807689260456,0.0011848957097424506,0.0024357366310056023,9
midcap150,v2,2024-05-29,129,0.3212719892709599,0.0013317397058928426,0.004145209512086212,-0.014997959009917072,-0.04668305831439241,10
midcap150,v2,2024-06-27,130,0.292216654645531,0.0027609193970408175,0.009448193157881125,-0.003940386068643664,-0.013484467794703523,9
midcap150,v2,2024-07-26,131,0.21054567080082304,0.0020604697233095326,0.00978633146657641,-0.009033146529869862,-0.04290350162751744,9
midcap150,v2,2024-08-26,130,0.25186841035229224,0.0005642134432952695,0.0022401119795296895,-0.017094723520175825,-0.06787164573860284,10
midcap150,v2,2024-09-23,131,0.4128039805486941,0.003971083010504861,0.00961977887235134,-0.015482176246698565,-0.037504910263025666,10
midcap150,v2,2024-10-22,132,0.27482310820614575,0.0045744795960780404,0.01664517815090974,-0.020548933352039223,-0.07477149023664123,10
midcap150,v2,2024-11-21,132,0.33802586920855754,0.00019209905724237863,0.0005682969108019837,-0.02027229114185447,-0.05997260265706685,10
midcap150,v2,2024-12-19,132,0.30368910905922897,0.0017056490911606659,0.005616431542258602,-0.009843524639003731,-0.03241316315062169,11
midcap150,v2,2025-01-17,133,0.22407546439787285,0.000887097095058742,0.003958921149365978,-0.012586546451155534,-0.056171015800313646,10
midcap150,v2,2025-02-13,133,0.1923324550594106,0.0010640439704345805,0.005532316270313828,-0.01862677972437965,-0.09684678396387092,10
midcap150,v2,2025-03-17,133,0.2234490495356513,0.0004218605085423155,0.0018879494426983796,-0.012648469227685255,-0.056605607649573786,10
midcap150,v2,2025-04-17,133,0.2541731870374478,0.001102644714105927,0.004338162994129952,-0.016053255170348724,-0.06315872794239137,9
midcap150,v2,2025-05-19,135,0.2540651270401255,0.0033951710998624263,0.013363388905106261,-0.0008918225089350473,-0.003510212201591123,9
midcap150,v2,2025-06-16,134,0.29658426908191393,0.004697736734164848,0.015839466970742722,0.004697736734164848,0.015839466970742722,8
midcap150,v2,2025-07-14,135,0.3074297703729695,0.0038433639233692585,0.012501599694481584,-0.009703123785004375,-0.0315620825310206,9
midcap150,v2,2025-08-11,135,0.36708829646272273,0.0032611848597438042,0.008883924906265632,-0.0037903125673778293,-0.010325342986691296,9
midcap150,v2,2025-09-10,136,0.3379045234468374,0.001813128846930856,0.0053658022344176045,0.001813128846930856,0.0053658022344176045,8
midcap150,v2,2025-10-09,137,0.35994502886487145,0.0003486039616382719,0.0009684922243200165,0.0017704394702315884,0.0049186384815894674,9
midcap150,v2,2025-11-10,138,0.3265264199792575,0.002876024413595246,0.008807937850107028,-0.01182782545420169,-0.036223180516152566,9
midcap150,v2,2025-12-08,140,0.17985024742084005,0.0008570386533391927,0.0047652903770199866,-0.004939372459603852,-0.027463806863973796,12
midcap150,v2,2026-01-06,141,0.21415996253053188,0.0009586525072337038,0.0044763386017917925,0.0009586525072337038,0.0044763386017917925,8
midcap150,v2,2026-02-04,142,0.24894279168579525,0.0009034804039572686,0.003629269190078025,-0.009220082581838596,-0.03703695342774087,9
midcap150,v2,2026-03-05,143,0.38764258199454044,0.0016861774643054384,0.004349825180787767,-0.025310027112729894,-0.06529217451421877,10
midcap150,v2,2026-04-07,143,0.19596596097071134,0.011071582659254453,0.056497478462135514,0.011071582659254453,0.056497478462135514,8
midcap150,v2,2026-05-07,142,0.22469455689937778,0.0047821237081667745,0.021282775044293996,-0.00991537665276665,-0.044128245871158024,9
midcap150,v3,2019-01-01,110,0.2804784400769475,0.007075448507913418,0.025226354317901628,0.007075448507913418,0.025226354317901628,8
midcap150,v3,2019-01-29,110,0.19428719242136955,0.0069116918124384474,0.035574613675246225,-0.016847214895407636,-0.08671294636277126,8
midcap150,v3,2019-02-26,110,0.38625138053032565,0.002880961605027821,0.007458773612853479,-0.013360579557451846,-0.03459037360360417,8
midcap150,v3,2019-03-28,110,0.29749340907180954,0.00015226496617581908,0.0005118263515514224,-0.015159620552952835,-0.050957836680319786,8
midcap150,v3,2019-04-30,111,0.3106384114971982,0.0017332363043264243,0.005579594281250235,-0.01903468982208978,-0.061276033863125336,7
midcap150,v3,2019-05-29,111,0.27820110077483523,0.0031134643117645133,0.011191416220471486,-0.043084594709787316,-0.15486852708271004,7
midcap150,v3,2019-06-27,111,0.3094012223277766,0.002050152731086996,0.006626194672608903,-0.009518404655438628,-0.03076395297932897,7
midcap150,v3,2019-07-25,111,0.28752209870948736,0.006709246411669922,0.0233347156332806,-0.03542755468680636,-0.12321680610227599,7
midcap150,v3,2019-08-26,111,0.2939191490624301,0.00027439655671035457,0.0009335783584895694,0.0023747858091602847,0.00807972470230535,7
midcap150,v3,2019-09-25,111,0.4787357989361962,0.002566387852913743,0.005360760274490731,-0.00630201575787237,-0.01316386986700419,8
midcap150,v3,2019-10-27,111,0.3819571154128671,0.001265823615626438,0.003314046432302164,-0.012267632426200659,-0.032117826664755975,8
midcap150,v3,2019-11-26,112,0.2530670842999888,0.0036305252796692278,0.01434609834665641,0.0036305252796692278,0.01434609834665641,8
midcap150,v3,2019-12-24,112,0.2338335578216872,0.0017260651055145404,0.007381597070984883,-0.02339281051756359,-0.10004043361219385,8
midcap150,v3,2020-01-22,111,0.19511018173626887,0.0008887527806749063,0.0045551327601971925,-0.03445643574089874,-0.1765998854302418,8
midcap150,v3,2020-02-18,113,0.4359368323304289,0.004513028725207868,0.010352483182212758,-0.018444461450826566,-0.04230994053020539,9
midcap150,v3,2020-03-19,113,0.497331218739316,0.00034845820834639163,0.000700656213035847,-0.0059746079917846195,-0.012013337925838724,8
midcap150,v3,2020-04-22,113,0.2819549332466015,0.010203117455107602,0.036187050666653245,0.010203117455107602,0.036187050666653245,8
midcap150,v3,2020-05-21,116,0.32509965860060314,2.4674420843306955e-05,7.589802139294273e-05,-0.021238249162320755,-0.06532842653154775,8
midcap150,v3,2020-06-19,116,0.24064263232025518,0.003786196526501806,0.01573368978719868,0.003786196526501806,0.01573368978719868,8
midcap150,v3,2020-07-17,116,0.1597151146722578,0.0008502368718282804,0.005323459045019018,-0.03569234541274069,-0.22347506362176742,8
midcap150,v3,2020-08-14,115,0.3116564694046269,0.009322006715534514,0.02991116062292182,-0.041406703900786934,-0.13286008142198447,7
midcap150,v3,2020-09-11,115,0.3435337688316561,0.0028238620516404245,0.008220042126409467,-0.005103105968056076,-0.014854743350010467,8
midcap150,v3,2020-10-12,116,0.37287391430277084,0.0016286972543235745,0.004367957081065972,-0.0016286972543235745,-0.004367957081065972,8
midcap150,v3,2020-11-09,119,0.2295527328016994,9.81140297546812e-05,0.0004274139042354056,-0.027136612554986117,-0.11821515790198957,8
midcap150,v3,2020-12-08,118,0.2903056061325911,0.0032970712264089874,0.011357242701345279,0.0032970712264089874,0.011357242701345279,8
midcap150,v3,2021-01-06,116,0.18871394687411414,0.0018107428473553844,0.00959517236192024,0.0018107428473553844,0.00959517236192024,8
midcap150,v3,2021-02-04,118,0.2430094630617819,0.002349205238662555,0.009667134806455258,-0.004797410356368936,-0.019741660657672657,8
midcap150,v3,2021-03-04,120,0.40441656917825847,0.001834770047736689,0.00453683203797706,-0.001834770047736689,-0.00453683203797706,8
midcap150,v3,2021-04-06,122,0.22610431723588892,0.001057959642455808,0.004679077584140357,-0.01433644113146526,-0.0634063130979866,7
midcap150,v3,2021-05-06,121,0.2866080182301772,0.0032782853452425487,0.01143821922877863,-0.003536378150803876,-0.012338727201846051,8
midcap150,v3,2021-06-04,120,0.2412082309137656,0.012564110938676487,0.052088234680384045,-0.05086222851851674,-0.21086439847361804,7
midcap150,v3,2021-07-02,119,0.24130055561982922,0.0013322252533054524,0.005521020247480834,0.0009682752347427437,0.004012735205915847,7
midcap150,v3,2021-08-02,120,0.2836399373188536,0.006244253228749219,0.022014717982854957,-0.026321672765958648,-0.09279960013659558,8
midcap150,v3,2021-08-31,122,0.2588984892271872,0.003537628279178029,0.01366415188338047,-0.016720898443468357,-0.06458476638230022,7
midcap150,v3,2021-09-29,121,0.3681159894217655,0.0015467544062500727,0.004201812609877951,-0.005325589105212525,-0.014467149643724876,8
midcap150,v3,2021-10-28,122,0.2533770756605073,0.00986163399876927,0.0389207822888547,0.00986163399876927,0.0389207822888547,8
midcap150,v3,2021-11-29,122,0.30814456423733605,0.0011912109395636472,0.003865753538479311,0.0011912109395636472,0.003865753538479311,8
midcap150,v3,2021-12-27,122,0.34074902243381133,0.0046562337195856784,0.01366470162211581,-0.0046562337195856784,-0.01366470162211581,8
midcap150,v3,2022-01-24,122,0.22580327003129252,0.0018724627032122854,0.008292451668006373,-0.011553406439505864,-0.051165806579792916,9
midcap150,v3,2022-02-22,122,0.210060452235373,0.0008772045324604294,0.0041759623152554225,-0.029065686622555154,-0.13836819978844478,8
midcap150,v3,2022-03-24,122,0.27576764552685606,0.005513170261774336,0.019992085189114134,0.00012752981589114754,0.00046245387361342155,7
midcap150,v3,2022-04-25,123,0.19139616553619548,0.0017565064049120949,0.009177333307546942,-0.05477548871958138,-0.2861890600897259,7
midcap150,v3,2022-05-24,123,0.2767358257193705,0.0070842847081732385,0.025599449185004328,-0.0070842847081732385,-0.025599449185004328,8
midcap150,v3,2022-06-21,123,0.2775855642844107,0.00045471611886094276,0.0016381115496159097,-0.0319756287178522,-0.11519197260953516,8
midcap150,v3,2022-07-19,123,0.22448933242830638,0.003888968834415585,0.01732362421121983,-0.017272170789503716,-0.07693982873337561,8
midcap150,v3,2022-08-18,123,0.26195585468315313,0.011993741826862858,0.045785355098742896,-0.020895806620952584,-0.07976842757046587,8
midcap150,v3,2022-09-16,120,0.2040986101122615,0.0003623934896115344,0.0017755803893627943,-0.023515134640896385,-0.1152145750917276,8
midcap150,v3,2022-10-17,123,0.16723830877188306,0.0018263252568249122,0.010920495849524897,-0.0018263252568249122,-0.010920495849524897,8
midcap150,v3,2022-11-16,124,0.26052432064380915,0.0005714967729421039,0.0021936407761464186,-0.03983784925969802,-0.1529141277914112,8
midcap150,v3,2022-12-14,126,0.2549410966230942,0.0034094700857165705,0.013373560131645399,-0.01074930729116963,-0.042163885829131116,8
midcap150,v3,2023-01-11,126,0.3059874056798772,0.0017019993421201196,0.005562318286723031,0.0017019993421201196,0.005562318286723031,8
midcap150,v3,2023-02-09,126,0.4235034235912932,0.0006723095958408587,0.0015874950670757238,0.0033180572611933856,0.007834782616528537,7
midcap150,v3,2023-03-10,127,0.2515953899838653,0.0013059676166782275,0.005190745413745373,-0.008570511490133548,-0.034064660289217424,8
midcap150,v3,2023-04-12,127,0.2685627958621358,0.002794521863830224,0.010405469063052076,0.002794521863830224,0.010405469063052076,8
midcap150,v3,2023-05-12,126,0.24948261842923308,0.0005681149280740705,0.002277172380388572,-0.008578629644310554,-0.03438568064710257,8
midcap150,v3,2023-06-09,126,0.24478318325262105,6.299423949274185e-05,0.0002573470883730218,6.299423949274185e-05,0.0002573470883730218,8
midcap150,v3,2023-07-10,126,0.4332271452403004,0.006188432415797918,0.01428449829099547,-0.01415392472828414,-0.03267090920730119,6
midcap150,v3,2023-08-07,127,0.33833812516071426,0.00038507327156245275,0.0011381314812793821,-0.04121143601496946,-0.12180547490884625,7
midcap150,v3,2023-09-05,128,0.19671790430100888,0.0006136527472418996,0.0031194554935015766,-0.006913273928460861,-0.03514308447431649,7
midcap150,v3,2023-10-05,127,0.2089093461096131,0.0019132320916105394,0.009158192906346476,-0.006203942880645741,-0.02969681824283046,7
midcap150,v3,2023-11-03,128,0.25723812977848426,0.0002317217149576667,0.0009008062496691663,-0.023985309076968275,-0.09324165549494069,6
midcap150,v3,2023-12-04,129,0.32869601941471643,0.0022303859421659578,0.006785558115785623,-0.02005563718079395,-0.06101575923099243,6
midcap150,v3,2024-01-02,127,0.2105464902440205,0.0033288922909708862,0.01581072326170218,-0.0009296447475276581,-0.004415389429907915,7
midcap150,v3,2024-01-31,121,0.25351925726934665,0.007848971888224865,0.03096006186183275,-0.01113538176661688,-0.043923218640492895,7
midcap150,v3,2024-02-28,126,0.22309768846556305,0.0067290365230683324,0.03016183883100615,-0.01961375504783769,-0.0879155457985179,8
midcap150,v3,2024-03-28,129,0.27962606676102364,0.00027524077989204976,0.0009843173173382234,-0.007294530985802794,-0.026086734581997704,8
midcap150,v3,2024-04-30,129,0.48646298399398885,0.0009771974870415034,0.0020087807689260456,-0.014011117265803952,-0.028802021380473802,8
midcap150,v3,2024-05-29,129,0.3212719892709599,0.0013317397058928426,0.004145209512086212,-0.04284721968360483,-0.1333674304468156,7
midcap150,v3,2024-06-27,130,0.292216654645531,0.0027609193970408175,0.009448193157881125,0.0006504037635337578,0.002225758707431376,7
midcap150,v3,2024-07-26,131,0.21054567080082304,0.0020604697233095326,0.00978633146657641,-0.02573860679434503,-0.12224714332261834,8
midcap150,v3,2024-08-26,130,0.25186841035229224,0.0005642134432952695,0.0022401119795296895,-0.02695052631260131,-0.1070024076258916,7
midcap150,v3,2024-09-23,131,0.4128039805486941,0.003971083010504861,0.00961977887235134,0.003971083010504861,0.00961977887235134,8
midcap150,v3,2024-10-22,132,0.27482310820614575,0.0045744795960780404,0.01664517815090974,-0.07415140999627845,-0.26981504750560215,7
midcap150,v3,2024-11-21,132,0.33802586920855754,0.00019209905724237863,0.0005682969108019837,-0.024814072257197117,-0.07340879653766132,8
midcap150,v3,2024-12-19,132,0.30368910905922897,0.0017056490911606659,0.005616431542258602,-0.006839815214276013,-0.022522425105939617,8
midcap150,v3,2025-01-17,133,0.22407546439787285,0.000887097095058742,0.003958921149365978,-0.010839792316128305,-0.04837563249174374,8
midcap150,v3,2025-02-13,133,0.1923324550594106,0.0010640439704345805,0.005532316270313828,-0.03082146451804446,-0.1602509805665604,8
midcap150,v3,2025-03-17,133,0.2234490495356513,0.0004218605085423155,0.0018879494426983796,-0.024807575204829124,-0.1110211712978044,8
midcap150,v3,2025-04-17,133,0.2541731870374478,0.001102644714105927,0.004338162994129952,0.001102644714105927,0.004338162994129952,8
midcap150,v3,2025-05-19,135,0.2540651270401255,0.0033951710998624263,0.013363388905106261,-0.004286993608797474,-0.016873601106697386,8
midcap150,v3,2025-06-16,134,0.29658426908191393,0.004697736734164848,0.015839466970742722,0.0002741869890671156,0.000924482575950067,7
midcap150,v3,2025-07-14,135,0.3074297703729695,0.0038433639233692585,0.012501599694481584,-0.029450191098443712,-0.0957948576766497,7
midcap150,v3,2025-08-11,135,0.36708829646272273,0.0032611848597438042,0.008883924906265632,-0.015768740887934563,-0.042956261585789496,8
midcap150,v3,2025-09-10,136,0.3379045234468374,0.001813128846930856,0.0053658022344176045,0.001813128846930856,0.0053658022344176045,8
midcap150,v3,2025-10-09,137,0.35994502886487145,0.0003486039616382719,0.0009684922243200165,-0.0003486039616382719,-0.0009684922243200165,8
midcap150,v3,2025-11-10,138,0.3265264199792575,0.002876024413595246,0.008807937850107028,-0.014703849867796936,-0.045031118366259594,8
midcap150,v3,2025-12-08,140,0.17985024742084005,0.0008570386533391927,0.0047652903770199866,-0.01735219647792119,-0.09648136005794848,8
midcap150,v3,2026-01-06,141,0.21415996253053188,0.0009586525072337038,0.0044763386017917925,-0.0014519932004805058,-0.006779947023354103,7
midcap150,v3,2026-02-04,142,0.24894279168579525,0.0009034804039572686,0.003629269190078025,-0.010123562985795864,-0.040666222617818895,8
midcap150,v3,2026-03-05,143,0.38764258199454044,0.0016861774643054384,0.004349825180787767,-0.037098758732167725,-0.09570351776443957,8
midcap150,v3,2026-04-07,143,0.19596596097071134,0.011071582659254453,0.056497478462135514,0.011071582659254453,0.056497478462135514,8
midcap150,v3,2026-05-07,142,0.22469455689937778,0.0047821237081667745,0.021282775044293996,-0.014697500360933424,-0.06541102091545202,8
midcap150,v4,2019-01-01,110,0.2804784400769475,0.007075448507913418,0.025226354317901628,0.007075448507913418,0.025226354317901628,8
midcap150,v4,2019-01-29,110,0.19428719242136955,0.0069116918124384474,0.035574613675246225,-0.009935523082969189,-0.05113833268752504,9
midcap150,v4,2019-02-26,110,0.38625138053032565,0.002880961605027821,0.007458773612853479,-0.010479617952424025,-0.027131599990750693,10
midcap150,v4,2019-03-28,110,0.29749340907180954,0.00015226496617581908,0.0005118263515514224,-0.006338697402827442,-0.021307017935639022,10
midcap150,v4,2019-04-30,111,0.3106384114971982,0.0017332363043264243,0.005579594281250235,-0.009349864845564548,-0.030098868972773123,10
midcap150,v4,2019-05-29,111,0.27820110077483523,0.0031134643117645133,0.011191416220471486,-0.025072490705770778,-0.09012362149516957,12
midcap150,v4,2019-06-27,111,0.3094012223277766,0.002050152731086996,0.006626194672608903,-0.0043225035280761714,-0.01397054444567434,9
midcap150,v4,2019-07-25,111,0.28752209870948736,0.006709246411669922,0.0233347156332806,-0.01460992713676923,-0.05081323210405165,10
midcap150,v4,2019-08-26,111,0.2939191490624301,0.00027439655671035457,0.0009335783584895694,0.00027439655671035457,0.0009335783584895694,8
midcap150,v4,2019-09-25,111,0.4787357989361962,0.002566387852913743,0.005360760274490731,-0.0036261110732908053,-0.007574347022613359,10
midcap150,v4,2019-10-27,111,0.3819571154128671,0.001265823615626438,0.003314046432302164,-0.013009570617191546,-0.03406029130555448,11
midcap150,v4,2019-11-26,112,0.2530670842999888,0.0036305252796692278,0.01434609834665641,0.0036305252796692278,0.01434609834665641,8
midcap150,v4,2019-12-24,112,0.2338335578216872,0.0017260651055145404,0.007381597070984883,-0.009774613503132135,-0.041801585684232256,11
midcap150,v4,2020-01-22,111,0.19511018173626887,0.0008887527806749063,0.0045551327601971925,-0.015667818594000238,-0.080302414023572,10
midcap150,v4,2020-02-18,113,0.4359368323304289,0.004513028725207868,0.010352483182212758,-0.01367259112195629,-0.03136369792124566,12
midcap150,v4,2020-03-19,113,0.497331218739316,0.00034845820834639163,0.000700656213035847,-0.005626149783438228,-0.011312681712802877,9
midcap150,v4,2020-04-22,113,0.2819549332466015,0.010203117455107602,0.036187050666653245,0.010203117455107602,0.036187050666653245,8
midcap150,v4,2020-05-21,116,0.32509965860060314,2.4674420843306955e-05,7.589802139294273e-05,-0.02092425692037736,-0.06436259272140171,9
midcap150,v4,2020-06-19,116,0.24064263232025518,0.003786196526501806,0.01573368978719868,0.003786196526501806,0.01573368978719868,8
midcap150,v4,2020-07-17,116,0.1597151146722578,0.0008502368718282804,0.005323459045019018,-0.02568624707875189,-0.1608253992207385,9
midcap150,v4,2020-08-14,115,0.3116564694046269,0.009322006715534514,0.02991116062292182,-0.015067573149601388,-0.04834673632280355,10
midcap150,v4,2020-09-11,115,0.3435337688316561,0.0028238620516404245,0.008220042126409467,-0.003797054146377876,-0.011052928389810113,11
midcap150,v4,2020-10-12,116,0.37287391430277084,0.0016286972543235745,0.004367957081065972,-0.002954132489853656,-0.007922604334973464,10
midcap150,v4,2020-11-09,119,0.2295527328016994,9.81140297546812e-05,0.0004274139042354056,-0.010320627989838793,-0.04495972608940506,12
midcap150,v4,2020-12-08,118,0.2903056061325911,0.0032970712264089874,0.011357242701345279,0.0032970712264089874,0.011357242701345279,8
midcap150,v4,2021-01-06,116,0.18871394687411414,0.0018107428473553844,0.00959517236192024,0.0018107428473553844,0.00959517236192024,8
midcap150,v4,2021-02-04,118,0.2430094630617819,0.002349205238662555,0.009667134806455258,-0.0024482051177063813,-0.0100745258512174,9
midcap150,v4,2021-03-04,120,0.40441656917825847,0.001834770047736689,0.00453683203797706,0.004947599616173748,0.012233919164654572,9
midcap150,v4,2021-04-06,122,0.22610431723588892,0.001057959642455808,0.004679077584140357,-0.005337865151223364,-0.02360797536499272,9
midcap150,v4,2021-05-06,121,0.2866080182301772,0.0032782853452425487,0.01143821922877863,-0.0002580928055613274,-0.0009005079730674214,9
midcap150,v4,2021-06-04,120,0.2412082309137656,0.012564110938676487,0.052088234680384045,-0.02613039229626557,-0.10833126298085347,10
midcap150,v4,2021-07-02,119,0.24130055561982922,0.0013322252533054524,0.005521020247480834,0.0013322252533054524,0.005521020247480834,8
midcap150,v4,2021-08-02,120,0.2836399373188536,0.006244253228749219,0.022014717982854957,-0.00043155724591015243,-0.001521496760962183,11
midcap150,v4,2021-08-31,122,0.2588984892271872,0.003537628279178029,0.01366415188338047,-0.012796290960634171,-0.049425900470995945,10
midcap150,v4,2021-09-29,121,0.3681159894217655,0.0015467544062500727,0.004201812609877951,-0.008481431687286656,-0.023040106735404894,10
midcap150,v4,2021-10-28,122,0.2533770756605073,0.00986163399876927,0.0389207822888547,-0.005360293725772514,-0.021155401339285396,10
midcap150,v4,2021-11-29,122,0.30814456423733605,0.0011912109395636472,0.003865753538479311,-0.006332998433601578,-0.02055203683140047,9
midcap150,v4,2021-12-27,122,0.34074902243381133,0.0046562337195856784,0.01366470162211581,0.003129612283556127,0.009184508472548992,9
midcap150,v4,2022-01-24,122,0.22580327003129252,0.0018724627032122854,0.008292451668006373,-0.011553406439505864,-0.051165806579792916,9
midcap150,v4,2022-02-22,122,0.210060452235373,0.0008772045324604294,0.0041759623152554225,0.0028898501798209075,0.013757231068810738,11
midcap150,v4,2022-03-24,122,0.27576764552685606,0.005513170261774336,0.019992085189114134,-0.02211512684837391,-0.08019478429430256,9
midcap150,v4,2022-04-25,123,0.19139616553619548,0.0017565064049120949,0.009177333307546942,-0.02302542897056825,-0.12030245698006863,10
midcap150,v4,2022-05-24,123,0.2767358257193705,0.0070842847081732385,0.025599449185004328,0.000638956627045606,0.002308904621888576,9
midcap150,v4,2022-06-21,123,0.2775855642844107,0.00045471611886094276,0.0016381115496159097,-0.02248045927127451,-0.08098569293121205,10
midcap150,v4,2022-07-19,123,0.22448933242830638,0.003888968834415585,0.01732362421121983,-0.013383201955088131,-0.05961620452215578,9
midcap150,v4,2022-08-18,123,0.26195585468315313,0.011993741826862858,0.045785355098742896,-0.002911773789793126,-0.011115513311641925,10
midcap150,v4,2022-09-16,120,0.2040986101122615,0.0003623934896115344,0.0017755803893627943,-0.018586524133778926,-0.09106639248329852,10
midcap150,v4,2022-10-17,123,0.16723830877188306,0.0018263252568249122,0.010920495849524897,0.003952701047626794,0.023635141234406826,9
midcap150,v4,2022-11-16,124,0.26052432064380915,0.0005714967729421039,0.0021936407761464186,-0.023064329152943874,-0.08853042624176959,10
midcap150,v4,2022-12-14,126,0.2549410966230942,0.0034094700857165705,0.013373560131645399,-0.007339837205453059,-0.02879032569748572,10
midcap150,v4,2023-01-11,126,0.3059874056798772,0.0017019993421201196,0.005562318286723031,0.0017019993421201196,0.005562318286723031,8
midcap150,v4,2023-02-09,126,0.4235034235912932,0.0006723095958408587,0.0015874950670757238,0.0006723095958408587,0.0015874950670757238,8
midcap150,v4,2023-03-10,127,0.2515953899838653,0.0013059676166782275,0.005190745413745373,-0.00726454387345532,-0.02887391487547205,9
midcap150,v4,2023-04-12,127,0.2685627958621358,0.002794521863830224,0.010405469063052076,0.002794521863830224,0.010405469063052076,8
midcap150,v4,2023-05-12,126,0.24948261842923308,0.0005681149280740705,0.002277172380388572,-0.004102865606640749,-0.016445496814458622,10
midcap150,v4,2023-06-09,126,0.24478318325262105,6.299423949274185e-05,0.0002573470883730218,6.299423949274185e-05,0.0002573470883730218,8
midcap150,v4,2023-07-10,126,0.4332271452403004,0.006188432415797918,0.01428449829099547,0.006188432415797918,0.01428449829099547,8
midcap150,v4,2023-08-07,127,0.33833812516071426,0.00038507327156245275,0.0011381314812793821,-0.018961669705708006,-0.056043550210905166,9
midcap150,v4,2023-09-05,128,0.19671790430100888,0.0006136527472418996,0.0031194554935015766,-0.009061866414613262,-0.04606528544929597,9
midcap150,v4,2023-10-05,127,0.2089093461096131,0.0019132320916105394,0.009158192906346476,-0.00046535329968311334,-0.0022275370075542054,10
midcap150,v4,2023-11-03,128,0.25723812977848426,0.0002317217149576667,0.0009008062496691663,-0.011034960539919147,-0.042897841581346026,9
midcap150,v4,2023-12-04,129,0.32869601941471643,0.0022303859421659578,0.006785558115785623,-0.01152842551882205,-0.0350732130536592,9
midcap150,v4,2024-01-02,127,0.2105464902440205,0.0033288922909708862,0.01581072326170218,-0.02458162763725158,-0.116751543133119,9
midcap150,v4,2024-01-31,121,0.25351925726934665,0.007848971888224865,0.03096006186183275,0.006609706210643385,0.026071811198235838,10
midcap150,v4,2024-02-28,126,0.22309768846556305,0.0067290365230683324,0.03016183883100615,-0.012884718524769356,-0.05775370696751176,9
midcap150,v4,2024-03-28,129,0.27962606676102364,0.00027524077989204976,0.0009843173173382234,-0.0007572849513686197,-0.0027082058555571533,9
midcap150,v4,2024-04-30,129,0.48646298399398885,0.0009771974870415034,0.0020087807689260456,0.0011848957097424506,0.0024357366310056023,9
midcap150,v4,2024-05-29,129,0.3212719892709599,0.0013317397058928426,0.004145209512086212,-0.014997959009917072,-0.04668305831439241,10
midcap150,v4,2024-06-27,130,0.292216654645531,0.0027609193970408175,0.009448193157881125,-0.003940386068643664,-0.013484467794703523,9
midcap150,v4,2024-07-26,131,0.21054567080082304,0.0020604697233095326,0.00978633146657641,-0.009033146529869862,-0.04290350162751744,9
midcap150,v4,2024-08-26,130,0.25186841035229224,0.0005642134432952695,0.0022401119795296895,-0.017094723520175825,-0.06787164573860284,10
midcap150,v4,2024-09-23,131,0.4128039805486941,0.003971083010504861,0.00961977887235134,-0.015482176246698565,-0.037504910263025666,10
midcap150,v4,2024-10-22,132,0.27482310820614575,0.0045744795960780404,0.01664517815090974,-0.020548933352039223,-0.07477149023664123,10
midcap150,v4,2024-11-21,132,0.33802586920855754,0.00019209905724237863,0.0005682969108019837,-0.02027229114185447,-0.05997260265706685,10
midcap150,v4,2024-12-19,132,0.30368910905922897,0.0017056490911606659,0.005616431542258602,-0.009843524639003731,-0.03241316315062169,11
midcap150,v4,2025-01-17,133,0.22407546439787285,0.000887097095058742,0.003958921149365978,-0.012586546451155534,-0.056171015800313646,10
midcap150,v4,2025-02-13,133,0.1923324550594106,0.0010640439704345805,0.005532316270313828,-0.01862677972437965,-0.09684678396387092,10
midcap150,v4,2025-03-17,133,0.2234490495356513,0.0004218605085423155,0.0018879494426983796,-0.012648469227685255,-0.056605607649573786,10
midcap150,v4,2025-04-17,133,0.2541731870374478,0.001102644714105927,0.004338162994129952,-0.016053255170348724,-0.06315872794239137,9
midcap150,v4,2025-05-19,135,0.2540651270401255,0.0033951710998624263,0.013363388905106261,-0.0008918225089350473,-0.003510212201591123,9
midcap150,v4,2025-06-16,134,0.29658426908191393,0.004697736734164848,0.015839466970742722,0.004697736734164848,0.015839466970742722,8
midcap150,v4,2025-07-14,135,0.3074297703729695,0.0038433639233692585,0.012501599694481584,-0.009703123785004375,-0.0315620825310206,9
midcap150,v4,2025-08-11,135,0.36708829646272273,0.0032611848597438042,0.008883924906265632,-0.0037903125673778293,-0.010325342986691296,9
midcap150,v4,2025-09-10,136,0.3379045234468374,0.001813128846930856,0.0053658022344176045,0.001813128846930856,0.0053658022344176045,8
midcap150,v4,2025-10-09,137,0.35994502886487145,0.0003486039616382719,0.0009684922243200165,0.0017704394702315884,0.0049186384815894674,9
midcap150,v4,2025-11-10,138,0.3265264199792575,0.002876024413595246,0.008807937850107028,-0.01182782545420169,-0.036223180516152566,9
midcap150,v4,2025-12-08,140,0.17985024742084005,0.0008570386533391927,0.0047652903770199866,-0.004939372459603852,-0.027463806863973796,12
midcap150,v4,2026-01-06,141,0.21415996253053188,0.0009586525072337038,0.0044763386017917925,0.0009586525072337038,0.0044763386017917925,8
midcap150,v4,2026-02-04,142,0.24894279168579525,0.0009034804039572686,0.003629269190078025,-0.009220082581838596,-0.03703695342774087,9
midcap150,v4,2026-03-05,143,0.38764258199454044,0.0016861774643054384,0.004349825180787767,-0.025310027112729894,-0.06529217451421877,10
midcap150,v4,2026-04-07,143,0.19596596097071134,0.011071582659254453,0.056497478462135514,0.011071582659254453,0.056497478462135514,8
midcap150,v4,2026-05-07,142,0.22469455689937778,0.0047821237081667745,0.021282775044293996,-0.00991537665276665,-0.044128245871158024,9
nifty50,v1,2019-01-01,46,0.3059686728726553,0.003691833290529134,0.012066049951674896,0.003691833290529134,0.012066049951674896,8
nifty50,v1,2019-01-29,46,0.35609609688311905,0.002449866672785017,0.006879790860468582,-0.044743340562066636,-0.12564962366535762,8
nifty50,v1,2019-02-26,46,0.18983574712008133,0.0014106221924042872,0.007430751129880679,-0.01939457894416785,-0.10216505183241244,8
nifty50,v1,2019-03-28,46,0.20302790120926184,0.00932796405488212,0.04594424706812953,-0.025127847662337555,-0.12376548992858948,8
nifty50,v1,2019-04-30,46,0.4104564822980024,0.0011718709408526928,0.0028550430834757366,-0.02781236326224723,-0.06775959075255805,8
nifty50,v1,2019-05-29,46,0.2710570412393134,0.0017599972050299506,0.0064930879381807595,-0.049113499025898344,-0.18119248554232006,8
nifty50,v1,2019-06-27,46,0.17963072994455254,0.007661638683938876,0.0426521602751591,-0.034075016349966125,-0.18969480534029018,8
nifty50,v1,2019-07-25,46,0.2053776684263967,0.011635116732359507,0.056652297309185314,-0.04967627081490722,-0.24187766467273053,8
nifty50,v1,2019-08-26,46,0.4231062363180963,0.0007300066083554269,0.0017253506228317543,-0.04654282887585803,-0.11000270116762491,8
nifty50,v1,2019-09-25,46,0.3586738547272518,0.00058124748927324,0.001620546024229285,-0.026752133455778537,-0.07458623789604571,8
nifty50,v1,2019-10-27,46,0.24505200678034533,0.00901217615120431,0.036776585793408575,-0.022537862690655497,-0.09197175320770795,8
nifty50,v1,2019-11-26,46,0.2723435588879261,0.0005288405574936927,0.001941814080909912,-0.019822721400298282,-0.0727857177208133,9
nifty50,v1,2019-12-24,46,0.23448450297711776,0.00015317618507770803,0.000653246517927267,-0.04565708060625184,-0.19471257173318315,9
nifty50,v1,2020-01-22,46,0.189386170787334,0.004893666398048335,0.025839618477441754,-0.05731435294416354,-0.3026321969861417,9
nifty50,v1,2020-02-18,46,0.1843791837269289,0.0018388135803473205,0.00997299989716116,0.0018388135803473205,0.00997299989716116,8
nifty50,v1,2020-03-19,46,0.20887344615303532,0.0012681462146616473,0.006071361573325671,-0.008252440239559955,-0.03950928369091799,8
nifty50,v1,2020-04-22,46,0.31492611381290586,0.0012917019609308689,0.0041016032150901745,-0.01824575917788185,-0.05793663458699857,8
nifty50,v1,2020-05-21,46,0.2430684114436824,0.005050581402262555,0.020778435882577637,-0.0344804759974916,-0.1418550267091392,8
nifty50,v1,2020-06-19,45,0.19442832014998013,0.0031773712068341453,0.01634212137605855,-0.011947544634931417,-0.061449610970846204,8
nifty50,v1,2020-07-17,46,0.13488761444167224,0.0014113237907018572,0.010462960565679944,-0.02091106609898874,-0.1550258427027861,8
nifty50,v1,2020-08-14,46,0.160071561189837,0.0007127610678575591,0.004452765141787176,-0.0618597002436293,-0.3864502837594414,7
nifty50,v1,2020-09-11,45,0.30103978342814336,0.0006195092948448888,0.0020578984205679328,-0.00277475566503238,-0.009217239108513709,7
nifty50,v1,2020-10-12,45,0.1959897742249862,0.0026403033472499615,0.013471638291796942,-0.014045172517955895,-0.07166278227267489,8
nifty50,v1,2020-11-09,46,0.21059079734899766,0.0005491529979386733,0.0026076780412612227,-0.04285861726213547,-0.20351609757718342,8
nifty50,v1,2020-12-08,46,0.19692065483080412,0.005783681743337543,0.029370620102329697,-0.005783681743337543,-0.029370620102329697,8
nifty50,v1,2021-01-06,44,0.205675359211614,0.01441873509754299,0.0701043389583092,-0.050336348454054214,-0.24473689335952228,8
nifty50,v1,2021-02-04,46,0.2528497450973266,0.004386903968091049,0.017349845325738602,-0.00979782726695877,-0.03874960310198217,8
nifty50,v1,2021-03-04,46,0.20110390427959546,0.0036856423364381996,0.018327055109353015,0.0036856423364381996,0.018327055109353015,8
nifty50,v1,2021-04-06,46,0.21865961236123954,0.002206267490637015,0.010089963422198523,-0.034309655306833275,-0.15690897343287863,8
nifty50,v1,2021-05-06,46,0.2291686498255071,0.0032064405841363275,0.013991619650322003,0.0032064405841363275,0.013991619650322003,8
nifty50,v1,2021-06-04,46,0.14940690850133725,0.0013952256173742628,0.009338427729811269,-0.00909398115772253,-0.0608672065364443,8
nifty50,v1,2021-07-02,46,0.2148978765757304,0.0035676001543794023,0.016601374621410807,-0.041962287928063446,-0.19526618222900802,8
nifty50,v1,2021-08-02,46,0.2542718825858834,0.006605583195852138,0.025978425646890086,-0.06646593215355523,-0.2613970977742911,8
nifty50,v1,2021-08-31,47,0.32312192560417163,0.004192637217284023,0.012975403044670066,-0.004192637217284023,-0.012975403044670066,8
nifty50,v1,2021-09-29,46,0.2239920724980627,0.004419069800560171,0.019728688391855438,-0.030015392522364515,-0.13400203046303846,9
nifty50,v1,2021-10-28,47,0.23161333549716878,0.0004365608366945217,0.0018848691754186934,-0.01985513100015024,-0.08572533596794105,8
nifty50,v1,2021-11-29,47,0.20237266383166702,0.00016035783223566913,0.0007923887999470833,-0.03078055799702506,-0.15209839814446596,8
nifty50,v1,2021-12-27,47,0.20125277746971693,0.0006999027724530205,0.003477729754851889,-0.01295023073311341,-0.06434808451307991,9
nifty50,v1,2022-01-24,47,0.20369958583052528,0.005930403683591545,0.029113479339744678,-0.026433831631556326,-0.1297687058310901,9
nifty50,v1,2022-02-22,47,0.2931228612165444,0.004495191470225812,0.01533551989622874,-0.031455659642877776,-0.10731220182665971,8
nifty50,v1,2022-03-24,47,0.17765314094417245,0.00014944253369375549,0.0008412040051727419,0.00014944253369375549,0.0008412040051727419,8
nifty50,v1,2022-04-25,47,0.20775746463131395,0.0006841907016229554,0.0032932183824880565,-0.001349882340014319,-0.0064973951352834325,8
nifty50,v1,2022-05-24,47,0.2501354755759,0.003727814357750936,0.014903181362692332,-0.022844205107376947,-0.0913273299390322,8
nifty50,v1,2022-06-21,47,0.21870127894115954,0.0010933853604587762,0.004999446577324067,-0.013528353872567567,-0.06185768065950498,8
nifty50,v1,2022-07-19,47,0.24236171606589763,0.0001252720998333734,0.0005168807263244174,-0.029835964411040194,-0.12310510461531747,8
nifty50,v1,2022-08-18,47,0.15197350458284603,0.009440926345882117,0.062122186178417305,0.009440926345882117,0.062122186178417305,8
nifty50,v1,2022-09-16,46,0.19273620086220172,0.003011382595913048,0.015624374572299782,0.003011382595913048,0.015624374572299782,8
nifty50,v1,2022-10-17,48,0.2227459566301317,0.00015838483658525693,0.0007110559445451752,-0.01534492098085194,-0.06888978463628001,8
nifty50,v1,2022-11-16,48,0.3181607159549614,0.0007180582571817418,0.0022569042033567382,-0.005350026589929668,-0.01681548450716654,8
nifty50,v1,2022-12-14,47,0.231827191399399,0.0029826735782776392,0.012865935010785675,0.0029826735782776392,0.012865935010785675,8
nifty50,v1,2023-01-11,48,0.22854126249119172,0.00045001989956638955,0.001969096935323589,-0.00045001989956638955,-0.001969096935323589,8
nifty50,v1,2023-02-09,48,0.3588262599243726,0.0014268059896191954,0.003976314302971899,-0.025418162118653775,-0.07083696194367432,9
nifty50,v1,2023-03-10,48,0.25656701043852703,0.0003738160926505252,0.0014569920427867744,-0.006823261754906218,-0.026594462566499985,8
nifty50,v1,2023-04-12,48,0.15066489655944337,0.0004193728666551655,0.002783480931735854,-0.018350007650625222,-0.1217935170677624,9
nifty50,v1,2023-05-12,48,0.2147152351072678,0.004555672227862351,0.02121727517652122,-0.0038950103366915956,-0.018140353826060454,9
nifty50,v1,2023-06-09,48,0.25636996777181814,0.005690550951673701,0.022196636373331257,-0.03206114489558487,-0.12505811493536897,9
nifty50,v1,2023-07-10,46,0.22393757932191316,0.004934900157044009,0.022036945170109328,-0.006198583166271865,-0.02767995967912702,9
nifty50,v1,2023-08-07,48,0.19850355896561067,0.0013277018971350474,0.006688554623673333,-0.03064201211956552,-0.15436505158516595,8
nifty50,v1,2023-09-05,48,0.4008760924435205,0.0023537883648595548,0.005871610727674363,0.0023537883648595548,0.005871610727674363,8
nifty50,v1,2023-10-05,48,0.32219161844284366,0.005093333493668473,0.01580839848747345,-0.04943682438661978,-0.1534392006395095,8
nifty50,v1,2023-11-03,48,0.259224569503707,0.0015722207317365733,0.0060650914947863,0.0037059589466545972,0.01429632597615945,7
nifty50,v1,2023-12-04,48,0.2723119543555293,0.0011488726774436797,0.0042189579233224426,-0.027051354573220054,-0.09933957779136617,7
nifty50,v1,2024-01-02,45,0.46845359846500084,0.0023799535567973207,0.005080446739219854,-0.021737135523045237,-0.046401896781820245,8
nifty50,v1,2024-01-31,47,0.2161165845746572,0.010998787217406769,0.05089284211599805,-0.015484469180524374,-0.0716486854120873,8
nifty50,v1,2024-02-28,48,0.1812104465508078,0.0008652300336838836,0.004774724913231149,-0.0330783352507239,-0.1825409951818059,8
nifty50,v1,2024-03-28,48,0.43808917748578197,0.0019433267054486114,0.004435915802808622,-0.054344271410355804,-0.1240484225660186,7
nifty50,v1,2024-04-30,48,0.17136151747358336,0.003045607020043639,0.01777299282210863,-0.005586362284956348,-0.0325998647030978,8
nifty50,v1,2024-05-29,48,0.2977929021202514,0.0003488710046393173,0.0011715222295608648,0.0003488710046393173,0.0011715222295608648,8
nifty50,v1,2024-06-27,48,0.33840463521067676,0.003802501122873281,0.01123655153395284,-0.02479484346607297,-0.07326981041686005,8
nifty50,v1,2024-07-26,48,0.15798912602862758,0.0018706565698282107,0.011840413431296838,-0.023614443643454885,-0.14946879090384965,8
nifty50,v1,2024-08-26,48,0.16104055710724496,0.00032211647419722045,0.002000219571910118,-0.010570360536097168,-0.06563787859388635,8
nifty50,v1,2024-09-23,50,0.2805150489772571,0.00316607739562913,0.011286657907204905,0.00316607739562913,0.011286657907204905,8
nifty50,v1,2024-10-22,50,0.34506824035073036,0.003183254104454525,0.009224998803770054,-0.02787483558733539,-0.08078064663094803,9
nifty50,v1,2024-11-21,50,0.37173977596860064,0.009747774329102343,0.026222037455377652,-0.048733203717444495,-0.1310949402454065,9
nifty50,v1,2024-12-19,50,0.28595934512176197,0.0003620208311196915,0.0012659870617816055,-0.014453900012013743,-0.05054529694023201,9
nifty50,v1,2025-01-17,50,0.20602729549814924,0.004100942836537835,0.01990485205672505,0.004100942836537835,0.01990485205672505,8
nifty50,v1,2025-02-13,50,0.19659298620526583,0.008820427515468188,0.04486644048561651,-0.02859452011187069,-0.14545035743042584,8
nifty50,v1,2025-03-17,50,0.2145850511717381,0.0011068944469114772,0.005158301758986931,0.0003142348352320745,0.0014643836255890167,7
nifty50,v1,2025-04-17,50,0.16288572323008965,0.0022792387319096052,0.013992869888848335,-0.026733308034112113,-0.16412308889925908,8
nifty50,v1,2025-05-19,50,0.3146954801230126,0.0008686329315725771,0.0027602332617965583,0.0008686329315725771,0.0027602332617965583,8
nifty50,v1,2025-06-16,50,0.2230146733223739,0.001902599918925052,0.008531276846410868,-0.014473918624979931,-0.06490119421002169,8
nifty50,v1,2025-07-14,50,0.16121785145348744,0.0117684963637249,0.07299747675349835,-0.03438900256121169,-0.21330765948790215,8
nifty50,v1,2025-08-11,50,0.266361487164399,0.0022731989842134093,0.00853426299880352,-0.09781180716292714,-0.3672145256590997,8
nifty50,v1,2025-09-10,50,0.25487310909568434,0.015651980143569166,0.06141087303836792,-0.04049402891946663,-0.15887917349595473,8
nifty50,v1,2025-10-09,50,0.2586547220655173,0.0005434332006534204,0.0021009985679510176,-0.018520202936916474,-0.07160202910281802,8
nifty50,v1,2025-11-10,50,0.23934073528525746,0.003026035343440814,0.012643210692213525,-0.07280047550444302,-0.30417085256162524,8
nifty50,v1,2025-12-08,50,0.39662511435575487,0.007132520329106162,0.01798302747593692,-0.011428673236190678,-0.028814799725313596,8
nifty50,v1,2026-01-06,50,0.2760176451478309,0.0024972135211200897,0.009047296667510585,-0.03149656985589944,-0.11411071143306925,7
nifty50,v1,2026-02-04,50,0.3002453952210295,0.008172420570187966,0.027219137080093214,-0.08711427530954341,-0.2901435848680148,8
nifty50,v1,2026-03-05,50,0.23777508908662337,0.005480285391070816,0.02304818983402548,-0.02649663004924585,-0.11143568550864012,8
nifty50,v1,2026-04-07,50,0.2640976427238522,0.003206087930004209,0.012139782456735453,-0.01128342589645892,-0.042724447594775325,8
nifty50,v1,2026-05-07,50,0.21034159416967707,0.0015584567739956867,0.007409170688031015,-0.01196469395325972,-0.05688220630109,7
nifty50,v2,2019-01-01,46,0.3059686728726553,0.003691833290529134,0.012066049951674896,0.003691833290529134,0.012066049951674896,8
nifty50,v2,2019-01-29,46,0.35609609688311905,0.002449866672785017,0.006879790860468582,-0.014236173969340293,-0.039978461134363444,11
nifty50,v2,2019-02-26,46,0.18983574712008133,0.0014106221924042872,0.007430751129880679,-0.01068554966315638,-0.056288395759293924,11
nifty50,v2,2019-03-28,46,0.20302790120926184,0.00932796405488212,0.04594424706812953,-0.009405221741326075,-0.04632477450294907,9
nifty50,v2,2019-04-30,46,0.4104564822980024,0.0011718709408526928,0.0028550430834757366,-0.01639587455506175,-0.039945463799881974,10
nifty50,v2,2019-05-29,46,0.2710570412393134,0.0017599972050299506,0.0064930879381807595,-0.008790355358103241,-0.03242990965264145,13
nifty50,v2,2019-06-27,46,0.17963072994455254,0.007661638683938876,0.0426521602751591,-0.018005168363270263,-0.10023434391670069,11
nifty50,v2,2019-07-25,46,0.2053776684263967,0.011635116732359507,0.056652297309185314,-0.0353341934217003,-0.1720449632739081,10
nifty50,v2,2019-08-26,46,0.4231062363180963,0.0007300066083554269,0.0017253506228317543,-0.03797092204538666,-0.08974323417166478,9
nifty50,v2,2019-09-25,46,0.3586738547272518,0.00058124748927324,0.001620546024229285,-0.014270326192936666,-0.03978635745219937,12
nifty50,v2,2019-10-27,46,0.24505200678034533,0.00901217615120431,0.036776585793408575,-0.010061011369969064,-0.041056637332447334,10
nifty50,v2,2019-11-26,46,0.2723435588879261,0.0005288405574936927,0.001941814080909912,-0.015332697982944787,-0.056299102668532164,12
nifty50,v2,2019-12-24,46,0.23448450297711776,0.00015317618507770803,0.000653246517927267,-0.004766934378100829,-0.02032942184911048,11
nifty50,v2,2020-01-22,46,0.189386170787334,0.004893666398048335,0.025839618477441754,-0.019718615237569792,-0.10411855921471833,12
nifty50,v2,2020-02-18,46,0.1843791837269289,0.0018388135803473205,0.00997299989716116,0.0018388135803473205,0.00997299989716116,8
nifty50,v2,2020-03-19,46,0.20887344615303532,0.0012681462146616473,0.006071361573325671,-0.04917137251674897,-0.23541227198752002,3
nifty50,v2,2020-04-22,46,0.31492611381290586,0.0012917019609308689,0.0041016032150901745,0.0012917019609308689,0.0041016032150901745,8
nifty50,v2,2020-05-21,46,0.2430684114436824,0.005050581402262555,0.020778435882577637,-0.020911522347318412,-0.08603142721473496,10
nifty50,v2,2020-06-19,45,0.19442832014998013,0.0031773712068341453,0.01634212137605855,-0.006668442865662372,-0.03429769315765522,9
nifty50,v2,2020-07-17,46,0.13488761444167224,0.0014113237907018572,0.010462960565679944,-0.011840971715819326,-0.08778398049985212,10
nifty50,v2,2020-08-14,46,0.160071561189837,0.0007127610678575591,0.004452765141787176,-0.005251699267815102,-0.03280844660212219,10
nifty50,v2,2020-09-11,45,0.30103978342814336,0.0006195092948448888,0.0020578984205679328,0.0006195092948448888,0.0020578984205679328,8
nifty50,v2,2020-10-12,45,0.1959897742249862,0.0026403033472499615,0.013471638291796942,-0.011404869170705934,-0.05819114398087795,9
nifty50,v2,2020-11-09,46,0.21059079734899766,0.0005491529979386733,0.0026076780412612227,-0.018509438924960042,-0.08789291440064981,11
nifty50,v2,2020-12-08,46,0.19692065483080412,0.005783681743337543,0.029370620102329697,0.001970679563737643,0.010007480248483164,9
nifty50,v2,2021-01-06,44,0.205675359211614,0.01441873509754299,0.0701043389583092,-0.050336348454054214,-0.24473689335952228,9
nifty50,v2,2021-02-04,46,0.2528497450973266,0.004386903968091049,0.017349845325738602,-0.00541092329886772,-0.02139975777624357,9
nifty50,v2,2021-03-04,46,0.20110390427959546,0.0036856423364381996,0.018327055109353015,0.0036856423364381996,0.018327055109353015,8
nifty50,v2,2021-04-06,46,0.21865961236123954,0.002206267490637015,0.010089963422198523,-0.009560463415229203,-0.04372304200116623,10
nifty50,v2,2021-05-06,46,0.2291686498255071,0.0032064405841363275,0.013991619650322003,-0.0011746311674172283,-0.005125618920003292,9
nifty50,v2,2021-06-04,46,0.14940690850133725,0.0013952256173742628,0.009338427729811269,-0.007698755540348268,-0.051528778806633035,9
nifty50,v2,2021-07-02,46,0.2148978765757304,0.0035676001543794023,0.016601374621410807,-0.03008154888022463,-0.13998067063088843,12
nifty50,v2,2021-08-02,46,0.2542718825858834,0.006605583195852138,0.025978425646890086,-0.037146590341044394,-0.14609004331612516,10
nifty50,v2,2021-08-31,47,0.32312192560417163,0.004192637217284023,0.012975403044670066,-0.0005704596051721023,-0.001765462384223726,10
nifty50,v2,2021-09-29,46,0.2239920724980627,0.004419069800560171,0.019728688391855438,-0.016901874024454755,-0.07545746523953852,11
nifty50,v2,2021-10-28,47,0.23161333549716878,0.0004365608366945217,0.0018848691754186934,-0.01115828137600694,-0.04817633385424536,9
nifty50,v2,2021-11-29,47,0.20237266383166702,0.00016035783223566913,0.0007923887999470833,-0.022289773826631443,-0.11014221686172007,10
nifty50,v2,2021-12-27,47,0.20125277746971693,0.0006999027724530205,0.003477729754851889,-0.01604589006256585,-0.07973003038420336,10
nifty50,v2,2022-01-24,47,0.20369958583052528,0.005930403683591545,0.029113479339744678,-0.017146642287944047,-0.0841761273987556,10
nifty50,v2,2022-02-22,47,0.2931228612165444,0.004495191470225812,0.01533551989622874,-0.007024701089436758,-0.023965039984538302,10
nifty50,v2,2022-03-24,47,0.17765314094417245,0.00014944253369375549,0.0008412040051727419,0.00014944253369375549,0.0008412040051727419,8
nifty50,v2,2022-04-25,47,0.20775746463131395,0.0006841907016229554,0.0032932183824880565,-0.0006656916383913636,-0.0032041767527953755,9
nifty50,v2,2022-05-24,47,0.2501354755759,0.003727814357750936,0.014903181362692332,-0.015696688681065663,-0.06275274886509542,11
nifty50,v2,2022-06-21,47,0.21870127894115954,0.0010933853604587762,0.004999446577324067,-0.007166960402392508,-0.032770546368504516,12
nifty50,v2,2022-07-19,47,0.24236171606589763,0.0001252720998333734,0.0005168807263244174,-0.017619792463256068,-0.0727003948860689,11
nifty50,v2,2022-08-18,47,0.15197350458284603,0.009440926345882117,0.062122186178417305,0.009440926345882117,0.062122186178417305,8
nifty50,v2,2022-09-16,46,0.19273620086220172,0.003011382595913048,0.015624374572299782,0.003011382595913048,0.015624374572299782,8
nifty50,v2,2022-10-17,48,0.2227459566301317,0.00015838483658525693,0.0007110559445451752,-0.004904536258641623,-0.022018519809926678,11
nifty50,v2,2022-11-16,48,0.3181607159549614,0.0007180582571817418,0.0022569042033567382,-0.011892840687002026,-0.03737997839018431,11
nifty50,v2,2022-12-14,47,0.231827191399399,0.0029826735782776392,0.012865935010785675,0.0029826735782776392,0.012865935010785675,8
nifty50,v2,2023-01-11,48,0.22854126249119172,0.00045001989956638955,0.001969096935323589,0.0033645579891420363,0.014721884146726942,9
nifty50,v2,2023-02-09,48,0.3588262599243726,0.0014268059896191954,0.003976314302971899,-0.02399135612903458,-0.06686064764070243,10
nifty50,v2,2023-03-10,48,0.25656701043852703,0.0003738160926505252,0.0014569920427867744,-0.006449445662255693,-0.02513747052371321,9
nifty50,v2,2023-04-12,48,0.15066489655944337,0.0004193728666551655,0.002783480931735854,-0.012453691261011035,-0.08265821399278334,11
nifty50,v2,2023-05-12,48,0.2147152351072678,0.004555672227862351,0.02121727517652122,-0.014887557518204586,-0.06933628864652773,10
nifty50,v2,2023-06-09,48,0.25636996777181814,0.005690550951673701,0.022196636373331257,-0.022619870097930206,-0.0882313567947358,10
nifty50,v2,2023-07-10,46,0.22393757932191316,0.004934900157044009,0.022036945170109328,-0.006198583166271865,-0.02767995967912702,9
nifty50,v2,2023-08-07,48,0.19850355896561067,0.0013277018971350474,0.006688554623673333,-0.015505985795680188,-0.07811439692306217,10
nifty50,v2,2023-09-05,48,0.4008760924435205,0.0023537883648595548,0.005871610727674363,-0.0005037500023002961,-0.0012566227115957769,9
nifty50,v2,2023-10-05,48,0.32219161844284366,0.005093333493668473,0.01580839848747345,-0.02865733779577273,-0.08894501332552976,11
nifty50,v2,2023-11-03,48,0.259224569503707,0.0015722207317365733,0.0060650914947863,-0.00712658061299265,-0.02749191801778935,10
nifty50,v2,2023-12-04,48,0.2723119543555293,0.0011488726774436797,0.0042189579233224426,-0.015658816442450485,-0.05750322816164877,10
nifty50,v2,2024-01-02,45,0.46845359846500084,0.0023799535567973207,0.005080446739219854,-0.0046180488334800485,-0.009858070999160171,10
nifty50,v2,2024-01-31,47,0.2161165845746572,0.010998787217406769,0.05089284211599805,-0.004485681963117605,-0.020755843296089253,9
nifty50,v2,2024-02-28,48,0.1812104465508078,0.0008652300336838836,0.004774724913231149,-0.022239070258720628,-0.12272510046756732,11
nifty50,v2,2024-03-28,48,0.43808917748578197,0.0019433267054486114,0.004435915802808622,-0.0369426150922787,-0.08432670102533554,11
nifty50,v2,2024-04-30,48,0.17136151747358336,0.003045607020043639,0.01777299282210863,-0.014215550584973813,-0.08295649335134561,12
nifty50,v2,2024-05-29,48,0.2977929021202514,0.0003488710046393173,0.0011715222295608648,-0.020501690437712883,-0.06884546371570038,10
nifty50,v2,2024-06-27,48,0.33840463521067676,0.003802501122873281,0.01123655153395284,-0.014335816174920524,-0.04236294271204541,10
nifty50,v2,2024-07-26,48,0.15798912602862758,0.0018706565698282107,0.011840413431296838,-0.02066379247097372,-0.13079249813198818,11
nifty50,v2,2024-08-26,48,0.16104055710724496,0.00032211647419722045,0.002000219571910118,0.0019007757808660042,0.01180308746448376,11
nifty50,v2,2024-09-23,50,0.2805150489772571,0.00316607739562913,0.011286657907204905,0.00316607739562913,0.011286657907204905,8
nifty50,v2,2024-10-22,50,0.34506824035073036,0.003183254104454525,0.009224998803770054,-0.013626321383933715,-0.039488772916579644,10
nifty50,v2,2024-11-21,50,0.37173977596860064,0.009747774329102343,0.026222037455377652,-0.0010862101818828185,-0.0029219638362685363,12
nifty50,v2,2024-12-19,50,0.28595934512176197,0.0003620208311196915,0.0012659870617816055,-0.011944350660476277,-0.04176940136504492,12
nifty50,v2,2025-01-17,50,0.20602729549814924,0.004100942836537835,0.01990485205672505,0.004100942836537835,0.01990485205672505,8
nifty50,v2,2025-02-13,50,0.19659298620526583,0.008820427515468188,0.04486644048561651,-0.019774092596402504,-0.10058391694480932,9
nifty50,v2,2025-03-17,50,0.2145850511717381,0.0011068944469114772,0.005158301758986931,0.0011068944469114772,0.005158301758986931,8
nifty50,v2,2025-04-17,50,0.16288572323008965,0.0022792387319096052,0.013992869888848335,-0.016011950142483355,-0.09830174078464288,11
nifty50,v2,2025-05-19,50,0.3146954801230126,0.0008686329315725771,0.0027602332617965583,0.0008686329315725771,0.0027602332617965583,8
nifty50,v2,2025-06-16,50,0.2230146733223739,0.001902599918925052,0.008531276846410868,-0.0044982290607955555,-0.020170103580104976,11
nifty50,v2,2025-07-14,50,0.16121785145348744,0.0117684963637249,0.07299747675349835,-0.017282591188686025,-0.10720023268435742,11
nifty50,v2,2025-08-11,50,0.266361487164399,0.0022731989842134093,0.00853426299880352,-0.044170805823271375,-0.1658303018709647,10
nifty50,v2,2025-09-10,50,0.25487310909568434,0.015651980143569166,0.06141087303836792,-0.01769429224810548,-0.06942392750214656,10
nifty50,v2,2025-10-09,50,0.2586547220655173,0.0005434332006534204,0.0021009985679510176,-0.022883164653513366,-0.08846992805999132,10
nifty50,v2,2025-11-10,50,0.23934073528525746,0.003026035343440814,0.012643210692213525,-0.015117856134209906,-0.06316457629409276,12
nifty50,v2,2025-12-08,50,0.39662511435575487,0.007132520329106162,0.01798302747593692,-0.01729405544500784,-0.04360302668452772,10
nifty50,v2,2026-01-06,50,0.2760176451478309,0.0024972135211200897,0.009047296667510585,-0.011837947783155056,-0.04288837322996082,10
nifty50,v2,2026-02-04,50,0.3002453952210295,0.008172420570187966,0.027219137080093214,-0.023377664572402312,-0.07786185881449587,12
nifty50,v2,2026-03-05,50,0.23777508908662337,0.005480285391070816,0.02304818983402548,-0.021016344658175035,-0.08838749567461464,10
nifty50,v2,2026-04-07,50,0.2640976427238522,0.003206087930004209,0.012139782456735453,-0.007749841162491777,-0.029344605588150687,11
nifty50,v2,2026-05-07,50,0.21034159416967707,0.0015584567739956867,0.007409170688031015,-0.002211342032035324,-0.010513099136500278,10
nifty50,v3,2019-01-01,46,0.3059686728726553,0.003691833290529134,0.012066049951674896,0.003691833290529134,0.012066049951674896,8
nifty50,v3,2019-01-29,46,0.35609609688311905,0.002449866672785017,0.006879790860468582,-0.044743340562066636,-0.12564962366535762,8
nifty50,v3,2019-02-26,46,0.18983574712008133,0.0014106221924042872,0.007430751129880679,-0.01939457894416785,-0.10216505183241244,8
nifty50,v3,2019-03-28,46,0.20302790120926184,0.00932796405488212,0.04594424706812953,-0.020600922042482317,-0.1014684283282269,8
nifty50,v3,2019-04-30,46,0.4104564822980024,0.0011718709408526928,0.0028550430834757366,-0.039264668130339464,-0.09566097704319422,7
nifty50,v3,2019-05-29,46,0.2710570412393134,0.0017599972050299506,0.0064930879381807595,-0.04673228660432327,-0.17240757292507974,8
nifty50,v3,2019-06-27,46,0.17963072994455254,0.007661638683938876,0.0426521602751591,-0.04694108041444667,-0.26131987789024846,8
nifty50,v3,2019-07-25,46,0.2053776684263967,0.011635116732359507,0.056652297309185314,-0.06711261215259334,-0.3267765802718964,8
nifty50,v3,2019-08-26,46,0.4231062363180963,0.0007300066083554269,0.0017253506228317543,0.0007300066083554269,0.0017253506228317543,8
nifty50,v3,2019-09-25,46,0.3586738547272518,0.00058124748927324,0.001620546024229285,-0.03354217817271854,-0.0935172099405606,9
nifty50,v3,2019-10-27,46,0.24505200678034533,0.00901217615120431,0.036776585793408575,-0.019073187521173374,-0.07783322312585592,8
nifty50,v3,2019-11-26,46,0.2723435588879261,0.0005288405574936927,0.001941814080909912,-0.008788704673817316,-0.032270653690892,8
nifty50,v3,2019-12-24,46,0.23448450297711776,0.00015317618507770803,0.000653246517927267,-0.04565708060625184,-0.19471257173318315,7
nifty50,v3,2020-01-22,46,0.189386170787334,0.004893666398048335,0.025839618477441754,-0.05731435294416354,-0.3026321969861417,7
nifty50,v3,2020-02-18,46,0.1843791837269289,0.0018388135803473205,0.00997299989716116,0.0018388135803473205,0.00997299989716116,8
nifty50,v3,2020-03-19,46,0.20887344615303532,0.0012681462146616473,0.006071361573325671,-0.008252440239559955,-0.03950928369091799,8
nifty50,v3,2020-04-22,46,0.31492611381290586,0.0012917019609308689,0.0041016032150901745,-0.01824575917788185,-0.05793663458699857,8
nifty50,v3,2020-05-21,46,0.2430684114436824,0.005050581402262555,0.020778435882577637,-0.028169677090098544,-0.11589197017739716,8
nifty50,v3,2020-06-19,45,0.19442832014998013,0.0031773712068341453,0.01634212137605855,-0.011947544634931417,-0.061449610970846204,7
nifty50,v3,2020-07-17,46,0.13488761444167224,0.0014113237907018572,0.010462960565679944,-0.004263837978919605,-0.031610300149265094,7
nifty50,v3,2020-08-14,46,0.160071561189837,0.0007127610678575591,0.004452765141787176,-0.0618597002436293,-0.3864502837594414,8
nifty50,v3,2020-09-11,45,0.30103978342814336,0.0006195092948448888,0.0020578984205679328,-0.00277475566503238,-0.009217239108513709,7
nifty50,v3,2020-10-12,45,0.1959897742249862,0.0026403033472499615,0.013471638291796942,-0.023965716222108857,-0.12228044201223195,7
nifty50,v3,2020-11-09,46,0.21059079734899766,0.0005491529979386733,0.0026076780412612227,-0.04285861726213547,-0.20351609757718342,7
nifty50,v3,2020-12-08,46,0.19692065483080412,0.005783681743337543,0.029370620102329697,-0.005783681743337543,-0.029370620102329697,8
nifty50,v3,2021-01-06,44,0.205675359211614,0.01441873509754299,0.0701043389583092,-0.05064861314265834,-0.2462551339975894,8
nifty50,v3,2021-02-04,46,0.2528497450973266,0.004386903968091049,0.017349845325738602,-0.046295390017628946,-0.18309446979987654,7
nifty50,v3,2021-03-04,46,0.20110390427959546,0.0036856423364381996,0.018327055109353015,0.0036856423364381996,0.018327055109353015,8
nifty50,v3,2021-04-06,46,0.21865961236123954,0.002206267490637015,0.010089963422198523,-0.034309655306833275,-0.15690897343287863,8
nifty50,v3,2021-05-06,46,0.2291686498255071,0.0032064405841363275,0.013991619650322003,0.0032064405841363275,0.013991619650322003,8
nifty50,v3,2021-06-04,46,0.14940690850133725,0.0013952256173742628,0.009338427729811269,-0.00909398115772253,-0.0608672065364443,8
nifty50,v3,2021-07-02,46,0.2148978765757304,0.0035676001543794023,0.016601374621410807,-0.05485715374492506,-0.2552708040630327,8
nifty50,v3,2021-08-02,46,0.2542718825858834,0.006605583195852138,0.025978425646890086,-0.06646593215355523,-0.2613970977742911,8
nifty50,v3,2021-08-31,47,0.32312192560417163,0.004192637217284023,0.012975403044670066,-0.01430217462157013,-0.04426247025740516,7
nifty50,v3,2021-09-29,46,0.2239920724980627,0.004419069800560171,0.019728688391855438,-0.041728693736782674,-0.18629540443733153,8
nifty50,v3,2021-10-28,47,0.23161333549716878,0.0004365608366945217,0.0018848691754186934,-0.01985513100015024,-0.08572533596794105,8
nifty50,v3,2021-11-29,47,0.20237266383166702,0.00016035783223566913,0.0007923887999470833,-0.03078055799702506,-0.15209839814446596,8
nifty50,v3,2021-12-27,47,0.20125277746971693,0.0006999027724530205,0.003477729754851889,-0.031008044231487286,-0.15407511201256913,7
nifty50,v3,2022-01-24,47,0.20369958583052528,0.005930403683591545,0.029113479339744678,-0.026433831631556326,-0.1297687058310901,8
nifty50,v3,2022-02-22,47,0.2931228612165444,0.004495191470225812,0.01533551989622874,-0.02722625844506521,-0.09288343574454884,8
nifty50,v3,2022-03-24,47,0.17765314094417245,0.00014944253369375549,0.0008412040051727419,0.00014944253369375549,0.0008412040051727419,8
nifty50,v3,2022-04-25,47,0.20775746463131395,0.0006841907016229554,0.0032932183824880565,-0.001349882340014319,-0.0064973951352834325,8
nifty50,v3,2022-05-24,47,0.2501354755759,0.003727814357750936,0.014903181362692332,-0.021580783706176332,-0.08627638145484867,8
nifty50,v3,2022-06-21,47,0.21870127894115954,0.0010933853604587762,0.004999446577324067,-0.01560157644453486,-0.07133738092465561,8
nifty50,v3,2022-07-19,47,0.24236171606589763,0.0001252720998333734,0.0005168807263244174,-0.022279710256771,-0.09192751486671763,8
nifty50,v3,2022-08-18,47,0.15197350458284603,0.009440926345882117,0.062122186178417305,0.009440926345882117,0.062122186178417305,8
nifty50,v3,2022-09-16,46,0.19273620086220172,0.003011382595913048,0.015624374572299782,0.003011382595913048,0.015624374572299782,8
nifty50,v3,2022-10-17,48,0.2227459566301317,0.00015838483658525693,0.0007110559445451752,-0.01534492098085194,-0.06888978463628001,8
nifty50,v3,2022-11-16,48,0.3181607159549614,0.0007180582571817418,0.0022569042033567382,-0.005350026589929668,-0.01681548450716654,8
nifty50,v3,2022-12-14,47,0.231827191399399,0.0029826735782776392,0.012865935010785675,-0.008918752548119357,-0.038471555015968155,7
nifty50,v3,2023-01-11,48,0.22854126249119172,0.00045001989956638955,0.001969096935323589,-0.000483252543513113,-0.0021145089435731027,7
nifty50,v3,2023-02-09,48,0.3588262599243726,0.0014268059896191954,0.003976314302971899,-0.09357433151573258,-0.2607789394662883,7
nifty50,v3,2023-03-10,48,0.25656701043852703,0.0003738160926505252,0.0014569920427867744,-0.00794105368482867,-0.03095118764979074,7
nifty50,v3,2023-04-12,48,0.15066489655944337,0.0004193728666551655,0.002783480931735854,-0.01933033277929841,-0.1283001762236754,8
nifty50,v3,2023-05-12,48,0.2147152351072678,0.004555672227862351,0.02121727517652122,-0.014094276876358336,-0.06564171782834642,7
nifty50,v3,2023-06-09,48,0.25636996777181814,0.005690550951673701,0.022196636373331257,-0.04725852122409002,-0.18433719688318728,8
nifty50,v3,2023-07-10,46,0.22393757932191316,0.004934900157044009,0.022036945170109328,-0.012747161724259382,-0.05692283431328501,7
nifty50,v3,2023-08-07,48,0.19850355896561067,0.0013277018971350474,0.006688554623673333,-0.018667951091967394,-0.09404340753004577,7
nifty50,v3,2023-09-05,48,0.4008760924435205,0.0023537883648595548,0.005871610727674363,0.0023537883648595548,0.005871610727674363,8
nifty50,v3,2023-10-05,48,0.32219161844284366,0.005093333493668473,0.01580839848747345,-0.04224555098612881,-0.13111933572419454,8
nifty50,v3,2023-11-03,48,0.259224569503707,0.0015722207317365733,0.0060650914947863,0.0015722207317365733,0.0060650914947863,8
nifty50,v3,2023-12-04,48,0.2723119543555293,0.0011488726774436797,0.0042189579233224426,-0.027051354573220054,-0.09933957779136617,8
nifty50,v3,2024-01-02,45,0.46845359846500084,0.0023799535567973207,0.005080446739219854,-0.043958125580220386,-0.09383666968139341,8
nifty50,v3,2024-01-31,47,0.2161165845746572,0.010998787217406769,0.05089284211599805,-0.021250280394118914,-0.09832785593915414,7
nifty50,v3,2024-02-28,48,0.1812104465508078,0.0008652300336838836,0.004774724913231149,-0.0330783352507239,-0.1825409951818059,7
nifty50,v3,2024-03-28,48,0.43808917748578197,0.0019433267054486114,0.004435915802808622,-0.04724187755918241,-0.10783621232166966,8
nifty50,v3,2024-04-30,48,0.17136151747358336,0.003045607020043639,0.01777299282210863,-0.030666008541608503,-0.17895504774772955,8
nifty50,v3,2024-05-29,48,0.2977929021202514,0.0003488710046393173,0.0011715222295608648,-0.003436805054477521,-0.01154092333970307,8
nifty50,v3,2024-06-27,48,0.33840463521067676,0.003802501122873281,0.01123655153395284,-0.03596147548930284,-0.1062676800124641,8
nifty50,v3,2024-07-26,48,0.15798912602862758,0.0018706565698282107,0.011840413431296838,-0.0036549969978574293,-0.02313448456696409,8
nifty50,v3,2024-08-26,48,0.16104055710724496,0.00032211647419722045,0.002000219571910118,-0.010570360536097168,-0.06563787859388635,8
nifty50,v3,2024-09-23,50,0.2805150489772571,0.00316607739562913,0.011286657907204905,0.0011895370088689239,0.004240546142554249,7
nifty50,v3,2024-10-22,50,0.34506824035073036,0.003183254104454525,0.009224998803770054,-0.05894029535005063,-0.17080765036545584,7
nifty50,v3,2024-11-21,50,0.37173977596860064,0.009747774329102343,0.026222037455377652,-0.10337898519814026,-0.27809503281906606,6
nifty50,v3,2024-12-19,50,0.28595934512176197,0.0003620208311196915,0.0012659870617816055,-0.0182778225041641,-0.06391755617002609,7
nifty50,v3,2025-01-17,50,0.20602729549814924,0.004100942836537835,0.01990485205672505,0.00786506807307119,0.038174883837864305,7
nifty50,v3,2025-02-13,50,0.19659298620526583,0.008820427515468188,0.04486644048561651,-0.02859452011187069,-0.14545035743042584,8
nifty50,v3,2025-03-17,50,0.2145850511717381,0.0011068944469114772,0.005158301758986931,0.0011068944469114772,0.005158301758986931,8
nifty50,v3,2025-04-17,50,0.16288572323008965,0.0022792387319096052,0.013992869888848335,-0.026733308034112113,-0.16412308889925908,8
nifty50,v3,2025-05-19,50,0.3146954801230126,0.0008686329315725771,0.0027602332617965583,0.0008686329315725771,0.0027602332617965583,8
nifty50,v3,2025-06-16,50,0.2230146733223739,0.001902599918925052,0.008531276846410868,-0.020245262303916767,-0.09077995632445081,8
nifty50,v3,2025-07-14,50,0.16121785145348744,0.0117684963637249,0.07299747675349835,-0.03438900256121169,-0.21330765948790215,8
nifty50,v3,2025-08-11,50,0.266361487164399,0.0022731989842134093,0.00853426299880352,-0.11176651660219294,-0.41960464251804674,7
nifty50,v3,2025-09-10,50,0.25487310909568434,0.015651980143569166,0.06141087303836792,-0.024795055360063323,-0.09728392080293875,8
nifty50,v3,2025-10-09,50,0.2586547220655173,0.0005434332006534204,0.0021009985679510176,-0.018520202936916474,-0.07160202910281802,8
nifty50,v3,2025-11-10,50,0.23934073528525746,0.003026035343440814,0.012643210692213525,-0.05163733766146217,-0.21574822020964537,9
nifty50,v3,2025-12-08,50,0.39662511435575487,0.007132520329106162,0.01798302747593692,-0.03993867925992001,-0.10069629434533692,8
nifty50,v3,2026-01-06,50,0.2760176451478309,0.0024972135211200897,0.009047296667510585,-0.0223704965867233,-0.08104734237096327,9
nifty50,v3,2026-02-04,50,0.3002453952210295,0.008172420570187966,0.027219137080093214,-0.07501538386800077,-0.2498469087686665,8
nifty50,v3,2026-03-05,50,0.23777508908662337,0.005480285391070816,0.02304818983402548,-0.02649663004924585,-0.11143568550864012,8
nifty50,v3,2026-04-07,50,0.2640976427238522,0.003206087930004209,0.012139782456735453,-0.003206087930004209,-0.012139782456735453,8
nifty50,v3,2026-05-07,50,0.21034159416967707,0.0015584567739956867,0.007409170688031015,-0.0015584567739956867,-0.007409170688031015,8
nifty50,v4,2019-01-01,46,0.3059686728726553,0.003691833290529134,0.012066049951674896,0.003691833290529134,0.012066049951674896,8
nifty50,v4,2019-01-29,46,0.35609609688311905,0.002449866672785017,0.006879790860468582,-0.014236173969340293,-0.039978461134363444,11
nifty50,v4,2019-02-26,46,0.18983574712008133,0.0014106221924042872,0.007430751129880679,-0.01068554966315638,-0.056288395759293924,11
nifty50,v4,2019-03-28,46,0.20302790120926184,0.00932796405488212,0.04594424706812953,-0.009405221741326075,-0.04632477450294907,9
nifty50,v4,2019-04-30,46,0.4104564822980024,0.0011718709408526928,0.0028550430834757366,-0.01639587455506175,-0.039945463799881974,10
nifty50,v4,2019-05-29,46,0.2710570412393134,0.0017599972050299506,0.0064930879381807595,-0.008790355358103241,-0.03242990965264145,13
nifty50,v4,2019-06-27,46,0.17963072994455254,0.007661638683938876,0.0426521602751591,-0.018005168363270263,-0.10023434391670069,11
nifty50,v4,2019-07-25,46,0.2053776684263967,0.011635116732359507,0.056652297309185314,-0.0353341934217003,-0.1720449632739081,10
nifty50,v4,2019-08-26,46,0.4231062363180963,0.0007300066083554269,0.0017253506228317543,-0.03797092204538666,-0.08974323417166478,9
nifty50,v4,2019-09-25,46,0.3586738547272518,0.00058124748927324,0.001620546024229285,-0.014270326192936666,-0.03978635745219937,12
nifty50,v4,2019-10-27,46,0.24505200678034533,0.00901217615120431,0.036776585793408575,-0.010061011369969064,-0.041056637332447334,10
nifty50,v4,2019-11-26,46,0.2723435588879261,0.0005288405574936927,0.001941814080909912,-0.015332697982944787,-0.056299102668532164,12
nifty50,v4,2019-12-24,46,0.23448450297711776,0.00015317618507770803,0.000653246517927267,-0.004766934378100829,-0.02032942184911048,11
nifty50,v4,2020-01-22,46,0.189386170787334,0.004893666398048335,0.025839618477441754,-0.019718615237569792,-0.10411855921471833,12
nifty50,v4,2020-02-18,46,0.1843791837269289,0.0018388135803473205,0.00997299989716116,0.0018388135803473205,0.00997299989716116,8
nifty50,v4,2020-03-19,46,0.20887344615303532,0.0012681462146616473,0.006071361573325671,-0.04917137251674897,-0.23541227198752002,3
nifty50,v4,2020-04-22,46,0.31492611381290586,0.0012917019609308689,0.0041016032150901745,0.0012917019609308689,0.0041016032150901745,8
nifty50,v4,2020-05-21,46,0.2430684114436824,0.005050581402262555,0.020778435882577637,-0.020911522347318412,-0.08603142721473496,10
nifty50,v4,2020-06-19,45,0.19442832014998013,0.0031773712068341453,0.01634212137605855,-0.006668442865662372,-0.03429769315765522,9
nifty50,v4,2020-07-17,46,0.13488761444167224,0.0014113237907018572,0.010462960565679944,-0.018058551910770992,-0.13387850311920094,9
nifty50,v4,2020-08-14,46,0.160071561189837,0.0007127610678575591,0.004452765141787176,-0.005251699267815102,-0.03280844660212219,10
nifty50,v4,2020-09-11,45,0.30103978342814336,0.0006195092948448888,0.0020578984205679328,0.0006195092948448888,0.0020578984205679328,8
nifty50,v4,2020-10-12,45,0.1959897742249862,0.0026403033472499615,0.013471638291796942,-0.011404869170705934,-0.05819114398087795,9
nifty50,v4,2020-11-09,46,0.21059079734899766,0.0005491529979386733,0.0026076780412612227,-0.018509438924960042,-0.08789291440064981,11
nifty50,v4,2020-12-08,46,0.19692065483080412,0.005783681743337543,0.029370620102329697,0.001970679563737643,0.010007480248483164,9
nifty50,v4,2021-01-06,44,0.205675359211614,0.01441873509754299,0.0701043389583092,-0.050336348454054214,-0.24473689335952228,9
nifty50,v4,2021-02-04,46,0.2528497450973266,0.004386903968091049,0.017349845325738602,-0.00541092329886772,-0.02139975777624357,9
nifty50,v4,2021-03-04,46,0.20110390427959546,0.0036856423364381996,0.018327055109353015,0.0036856423364381996,0.018327055109353015,8
nifty50,v4,2021-04-06,46,0.21865961236123954,0.002206267490637015,0.010089963422198523,-0.009560463415229203,-0.04372304200116623,10
nifty50,v4,2021-05-06,46,0.2291686498255071,0.0032064405841363275,0.013991619650322003,-0.0011746311674172283,-0.005125618920003292,9
nifty50,v4,2021-06-04,46,0.14940690850133725,0.0013952256173742628,0.009338427729811269,-0.007698755540348268,-0.051528778806633035,9
nifty50,v4,2021-07-02,46,0.2148978765757304,0.0035676001543794023,0.016601374621410807,-0.03008154888022463,-0.13998067063088843,12
nifty50,v4,2021-08-02,46,0.2542718825858834,0.006605583195852138,0.025978425646890086,-0.037146590341044394,-0.14609004331612516,10
nifty50,v4,2021-08-31,47,0.32312192560417163,0.004192637217284023,0.012975403044670066,-0.0005704596051721023,-0.001765462384223726,10
nifty50,v4,2021-09-29,46,0.2239920724980627,0.004419069800560171,0.019728688391855438,-0.016901874024454755,-0.07545746523953852,11
nifty50,v4,2021-10-28,47,0.23161333549716878,0.0004365608366945217,0.0018848691754186934,-0.01115828137600694,-0.04817633385424536,9
nifty50,v4,2021-11-29,47,0.20237266383166702,0.00016035783223566913,0.0007923887999470833,-0.022289773826631443,-0.11014221686172007,10
nifty50,v4,2021-12-27,47,0.20125277746971693,0.0006999027724530205,0.003477729754851889,-0.01604589006256585,-0.07973003038420336,10
nifty50,v4,2022-01-24,47,0.20369958583052528,0.005930403683591545,0.029113479339744678,-0.017146642287944047,-0.0841761273987556,10
nifty50,v4,2022-02-22,47,0.2931228612165444,0.004495191470225812,0.01533551989622874,-0.007024701089436758,-0.023965039984538302,10
nifty50,v4,2022-03-24,47,0.17765314094417245,0.00014944253369375549,0.0008412040051727419,0.00014944253369375549,0.0008412040051727419,8
nifty50,v4,2022-04-25,47,0.20775746463131395,0.0006841907016229554,0.0032932183824880565,-0.0006656916383913636,-0.0032041767527953755,9
nifty50,v4,2022-05-24,47,0.2501354755759,0.003727814357750936,0.014903181362692332,-0.015696688681065663,-0.06275274886509542,11
nifty50,v4,2022-06-21,47,0.21870127894115954,0.0010933853604587762,0.004999446577324067,-0.007166960402392508,-0.032770546368504516,12
nifty50,v4,2022-07-19,47,0.24236171606589763,0.0001252720998333734,0.0005168807263244174,-0.017619792463256068,-0.0727003948860689,11
nifty50,v4,2022-08-18,47,0.15197350458284603,0.009440926345882117,0.062122186178417305,0.009440926345882117,0.062122186178417305,8
nifty50,v4,2022-09-16,46,0.19273620086220172,0.003011382595913048,0.015624374572299782,0.003011382595913048,0.015624374572299782,8
nifty50,v4,2022-10-17,48,0.2227459566301317,0.00015838483658525693,0.0007110559445451752,-0.004904536258641623,-0.022018519809926678,11
nifty50,v4,2022-11-16,48,0.3181607159549614,0.0007180582571817418,0.0022569042033567382,-0.011892840687002026,-0.03737997839018431,11
nifty50,v4,2022-12-14,47,0.231827191399399,0.0029826735782776392,0.012865935010785675,0.0029826735782776392,0.012865935010785675,8
nifty50,v4,2023-01-11,48,0.22854126249119172,0.00045001989956638955,0.001969096935323589,0.0033645579891420363,0.014721884146726942,9
nifty50,v4,2023-02-09,48,0.3588262599243726,0.0014268059896191954,0.003976314302971899,-0.02399135612903458,-0.06686064764070243,10
nifty50,v4,2023-03-10,48,0.25656701043852703,0.0003738160926505252,0.0014569920427867744,-0.006449445662255693,-0.02513747052371321,9
nifty50,v4,2023-04-12,48,0.15066489655944337,0.0004193728666551655,0.002783480931735854,-0.012453691261011035,-0.08265821399278334,11
nifty50,v4,2023-05-12,48,0.2147152351072678,0.004555672227862351,0.02121727517652122,-0.014887557518204586,-0.06933628864652773,10
nifty50,v4,2023-06-09,48,0.25636996777181814,0.005690550951673701,0.022196636373331257,-0.022619870097930206,-0.0882313567947358,10
nifty50,v4,2023-07-10,46,0.22393757932191316,0.004934900157044009,0.022036945170109328,-0.011133483323315874,-0.04971690484923635,8
nifty50,v4,2023-08-07,48,0.19850355896561067,0.0013277018971350474,0.006688554623673333,-0.003531924768082062,-0.017792752867941995,9
nifty50,v4,2023-09-05,48,0.4008760924435205,0.0023537883648595548,0.005871610727674363,-0.0005037500023002961,-0.0012566227115957769,9
nifty50,v4,2023-10-05,48,0.32219161844284366,0.005093333493668473,0.01580839848747345,-0.02865733779577273,-0.08894501332552976,11
nifty50,v4,2023-11-03,48,0.259224569503707,0.0015722207317365733,0.0060650914947863,-0.00712658061299265,-0.02749191801778935,10
nifty50,v4,2023-12-04,48,0.2723119543555293,0.0011488726774436797,0.0042189579233224426,-0.015658816442450485,-0.05750322816164877,10
nifty50,v4,2024-01-02,45,0.46845359846500084,0.0023799535567973207,0.005080446739219854,-0.0046180488334800485,-0.009858070999160171,10
nifty50,v4,2024-01-31,47,0.2161165845746572,0.010998787217406769,0.05089284211599805,-0.004485681963117605,-0.020755843296089253,9
nifty50,v4,2024-02-28,48,0.1812104465508078,0.0008652300336838836,0.004774724913231149,-0.02310430029240451,-0.1274998253807985,10
nifty50,v4,2024-03-28,48,0.43808917748578197,0.0019433267054486114,0.004435915802808622,-0.034999288386830085,-0.07989078522252692,12
nifty50,v4,2024-04-30,48,0.17136151747358336,0.003045607020043639,0.01777299282210863,-0.014215550584973813,-0.08295649335134561,12
nifty50,v4,2024-05-29,48,0.2977929021202514,0.0003488710046393173,0.0011715222295608648,-0.020501690437712883,-0.06884546371570038,10
nifty50,v4,2024-06-27,48,0.33840463521067676,0.003802501122873281,0.01123655153395284,-0.014335816174920524,-0.04236294271204541,10
nifty50,v4,2024-07-26,48,0.15798912602862758,0.0018706565698282107,0.011840413431296838,-0.02066379247097372,-0.13079249813198818,11
nifty50,v4,2024-08-26,48,0.16104055710724496,0.00032211647419722045,0.002000219571910118,0.0019007757808660042,0.01180308746448376,11
nifty50,v4,2024-09-23,50,0.2805150489772571,0.00316607739562913,0.011286657907204905,0.00316607739562913,0.011286657907204905,8
nifty50,v4,2024-10-22,50,0.34506824035073036,0.003183254104454525,0.009224998803770054,-0.013626321383933715,-0.039488772916579644,10
nifty50,v4,2024-11-21,50,0.37173977596860064,0.009747774329102343,0.026222037455377652,-0.0010862101818828185,-0.0029219638362685363,12
nifty50,v4,2024-12-19,50,0.28595934512176197,0.0003620208311196915,0.0012659870617816055,-0.011944350660476277,-0.04176940136504492,12
nifty50,v4,2025-01-17,50,0.20602729549814924,0.004100942836537835,0.01990485205672505,0.004100942836537835,0.01990485205672505,8
nifty50,v4,2025-02-13,50,0.19659298620526583,0.008820427515468188,0.04486644048561651,-0.019774092596402504,-0.10058391694480932,9
nifty50,v4,2025-03-17,50,0.2145850511717381,0.0011068944469114772,0.005158301758986931,0.0011068944469114772,0.005158301758986931,8
nifty50,v4,2025-04-17,50,0.16288572323008965,0.0022792387319096052,0.013992869888848335,-0.016011950142483355,-0.09830174078464288,11
nifty50,v4,2025-05-19,50,0.3146954801230126,0.0008686329315725771,0.0027602332617965583,0.0008686329315725771,0.0027602332617965583,8
nifty50,v4,2025-06-16,50,0.2230146733223739,0.001902599918925052,0.008531276846410868,-0.0044982290607955555,-0.020170103580104976,11
nifty50,v4,2025-07-14,50,0.16121785145348744,0.0117684963637249,0.07299747675349835,-0.017282591188686025,-0.10720023268435742,11
nifty50,v4,2025-08-11,50,0.266361487164399,0.0022731989842134093,0.00853426299880352,-0.044170805823271375,-0.1658303018709647,10
nifty50,v4,2025-09-10,50,0.25487310909568434,0.015651980143569166,0.06141087303836792,-0.01769429224810548,-0.06942392750214656,10
nifty50,v4,2025-10-09,50,0.2586547220655173,0.0005434332006534204,0.0021009985679510176,-0.022883164653513366,-0.08846992805999132,10
nifty50,v4,2025-11-10,50,0.23934073528525746,0.003026035343440814,0.012643210692213525,-0.015117856134209906,-0.06316457629409276,12
nifty50,v4,2025-12-08,50,0.39662511435575487,0.007132520329106162,0.01798302747593692,-0.01729405544500784,-0.04360302668452772,10
nifty50,v4,2026-01-06,50,0.2760176451478309,0.0024972135211200897,0.009047296667510585,-0.011837947783155056,-0.04288837322996082,10
nifty50,v4,2026-02-04,50,0.3002453952210295,0.008172420570187966,0.027219137080093214,-0.023377664572402312,-0.07786185881449587,12
nifty50,v4,2026-03-05,50,0.23777508908662337,0.005480285391070816,0.02304818983402548,-0.021016344658175035,-0.08838749567461464,10
nifty50,v4,2026-04-07,50,0.2640976427238522,0.003206087930004209,0.012139782456735453,-0.007749841162491777,-0.029344605588150687,11
nifty50,v4,2026-05-07,50,0.21034159416967707,0.0015584567739956867,0.007409170688031015,-0.002211342032035324,-0.010513099136500278,10
midcap50,v1,2019-01-01,41,0.3076903858067578,0.006132973848578693,0.019932289507513093,0.006132973848578693,0.019932289507513093,8
midcap50,v1,2019-01-29,41,0.2280745150147958,0.00240782034432363,0.010557165249994846,-0.0262978288046668,-0.11530367083302047,8
midcap50,v1,2019-02-26,41,0.2564017590979699,0.0006581036088303405,0.0025666891332788485,-0.014240582571481197,-0.055540112601333354,8
midcap50,v1,2019-03-28,41,0.14379682492437323,0.0028080339443566915,0.019527788223651775,0.0028080339443566915,0.019527788223651775,8
midcap50,v1,2019-04-30,41,0.22220532345501487,0.00310238963792997,0.0139618150892683,-0.03663159271819483,-0.16485470351753673,9
midcap50,v1,2019-05-29,41,0.21724046679278552,0.0020946752792221357,0.009642196549044144,-0.02973542761529291,-0.13687794016598206,9
midcap50,v1,2019-06-27,41,0.22915296825514264,0.0049197732696465435,0.0214693848703229,-0.008495435799130702,-0.037073208624868195,8
midcap50,v1,2019-07-25,41,0.20368573004940999,0.000181869247972144,0.0008928914555183921,-0.018695063888404695,-0.09178386666493354,8
midcap50,v1,2019-08-26,41,0.18771276569076917,0.0042431041498207644,0.022604238631328315,-0.02915535780440137,-0.15531899334129887,8
midcap50,v1,2019-09-25,41,0.38244878297808993,0.0066406533227585385,0.01736351014389023,-0.01702703547158979,-0.04452108682109534,8
midcap50,v1,2019-10-27,41,0.32410708995984455,0.0005532632457676545,0.0017070383922678193,-0.019150157972184223,-0.059085896499693494,8
midcap50,v1,2019-11-26,41,0.22228531464867052,0.0029169862414613057,0.013122712339641966,-0.012394014461372116,-0.05575723470964007,8
midcap50,v1,2019-12-24,41,0.28282280104629387,0.011100919633816986,0.03925044088648259,-0.02718567364005786,-0.09612263770631412,8
midcap50,v1,2020-01-22,41,0.2895587075954384,0.004514192060600886,0.015589902642154218,-0.011764430149996175,-0.040628825317292956,8
midcap50,v1,2020-02-18,41,0.2990685059111333,0.00214898809764541,0.007185604820201198,-0.04038658108142046,-0.13504123731912154,8
midcap50,v1,2020-03-19,41,0.5764765561668304,0.0031510538480337136,0.005466057230472715,-0.004416577329853233,-0.007661330339641931,8
midcap50,v1,2020-04-22,41,0.28548260317638186,0.0015763920436367984,0.005521849759310357,-0.016527709030428106,-0.05789392714839674,9
midcap50,v1,2020-05-21,42,0.2237123263692703,0.0008024824808070541,0.0035871178572540433,-0.026369911799759116,-0.11787420133583375,9
midcap50,v1,2020-06-19,42,0.22437906099283994,0.0016279942992327712,0.007255553579862434,0.0016279942992327712,0.007255553579862434,8
midcap50,v1,2020-07-17,42,0.30167236333219805,0.0044039765991277235,0.014598541777186651,-0.00610620847507215,-0.020241192821326047,8
midcap50,v1,2020-08-14,41,0.27811679308027937,0.0005283575097365656,0.00189976845297527,-0.019358865853472684,-0.0696069648979617,9
midcap50,v1,2020-09-11,41,0.2030056458578629,0.0031252928140171887,0.015395102933272132,-0.007710927735313899,-0.03798380928140692,9
midcap50,v1,2020-10-12,41,0.31656781964277286,0.0013215007048126282,0.004174463172864063,0.0013215007048126282,0.004174463172864063,8
midcap50,v1,2020-11-09,42,0.25039517607422546,0.003749740572552507,0.014975290783720846,-0.010213104010396545,-0.04078794236582674,8
midcap50,v1,2020-12-08,42,0.271892486667468,0.0010235546918276883,0.0037645567348079164,-0.01795558258712382,-0.06603927459416703,9
midcap50,v1,2021-01-06,40,0.23648790085017984,0.007610033125248994,0.03217937618749516,-0.039817508498532383,-0.1683701718159257,8
midcap50,v1,2021-02-04,40,0.23078575534644113,8.706888695031445e-06,3.77271495026251e-05,8.706888695031445e-06,3.77271495026251e-05,8
midcap50,v1,2021-03-04,42,0.20096253349796117,0.0032156528226334746,0.016001255391548386,-0.06524323432238455,-0.32465372120244723,8
midcap50,v1,2021-04-06,43,0.24358360210035146,0.003034317257241459,0.012456984916379478,-0.03701773057649427,-0.15197135709177878,8
midcap50,v1,2021-05-06,43,0.395438812367116,0.0038568985537752454,0.009753464842481352,-0.06779441977870448,-0.17144098570619254,8
midcap50,v1,2021-06-04,42,0.254093608033471,0.0005529929132142009,0.0021763353966045332,-0.02904421554888248,-0.11430517978656343,8
midcap50,v1,2021-07-02,41,0.24820403406081204,0.002411998585076125,0.009717805732702818,-0.016736382102646274,-0.06742993588309577,8
midcap50,v1,2021-08-02,42,0.27936831741392615,0.0038992238502786325,0.013957287234190362,-0.023433067217431436,-0.08387875702709632,9
midcap50,v1,2021-08-31,43,0.3191780098241603,0.0013804364564009575,0.004324973569330355,-0.004337014296042385,-0.013588073622088527,8
midcap50,v1,2021-09-29,43,0.3634346644007879,0.004859877237548327,0.013372079533362726,-0.024259784863644773,-0.06675143358612487,8
midcap50,v1,2021-10-28,43,0.2663278018594861,0.001361506276540414,0.005112144759332115,-0.03487237935299581,-0.13093781088387604,9
midcap50,v1,2021-11-29,43,0.14527290800041903,0.007955115546462554,0.054759801094087054,-0.02839581282710657,-0.19546530194759137,8
midcap50,v1,2021-12-27,43,0.38085220227660804,0.0009602555336983842,0.002521333808648855,-0.0370206558249806,-0.09720478338758029,8
midcap50,v1,2022-01-24,43,0.2974384823473002,0.002351880313277044,0.007907115093906717,0.002351880313277044,0.007907115093906717,8
midcap50,v1,2022-02-22,43,0.3818609963831604,0.00015081098191438436,0.00039493685750261907,0.00015081098191438436,0.00039493685750261907,8
midcap50,v1,2022-03-24,43,0.44239254018878776,0.0006252407100481028,0.0014133165757751836,-0.02729734052061905,-0.06170388973776572,8
midcap50,v1,2022-04-25,43,0.3352553139722684,5.863183631626967e-05,0.0001748871199730471,-0.009648273758188108,-0.028778883901557466,8
midcap50,v1,2022-05-24,43,0.27726125988798833,0.0002641036966601895,0.0009525445306238802,-0.009488054183907413,-0.034220627100015784,9
midcap50,v1,2022-06-21,43,0.45068824554561726,0.0013703765188055606,0.003040630707256498,-0.00604510492683108,-0.01341305211879375,8
midcap50,v1,2022-07-19,43,0.3009989969981751,6.913974024991276e-05,0.0002297008991373215,-0.01694621732806445,-0.056299912946777,9
midcap50,v1,2022-08-18,43,0.20281056459200886,0.011112397901678728,0.05479200713253465,0.011112397901678728,0.05479200713253465,8
midcap50,v1,2022-09-16,43,0.34530857911963747,0.0007432966590306123,0.002152557752621274,0.0007432966590306123,0.002152557752621274,8
midcap50,v1,2022-10-17,43,0.2531200382450586,0.00015581326809033236,0.0006155706563993227,-0.025568841000759956,-0.10101468527752608,8
midcap50,v1,2022-11-16,44,0.22321865030519922,0.006277353965832844,0.028121995887216557,-0.030760746726397947,-0.13780545077366893,7
midcap50,v1,2022-12-14,46,0.2418767303340419,0.0026669036683127922,0.011025879441274433,0.0026669036683127922,0.011025879441274433,8
midcap50,v1,2023-01-11,46,0.28836154596950947,0.002664494510809079,0.009240117304305252,-0.01167129294710667,-0.04047451232745423,8
midcap50,v1,2023-02-09,46,0.3279316320885215,0.012577621027640373,0.03835440011546427,-0.05999409003500744,-0.18294694431555386,9
midcap50,v1,2023-03-10,46,0.2808786645490212,0.002598953416401817,0.00925293995033299,-0.022225220634176868,-0.07912747901255399,8
midcap50,v1,2023-04-12,46,0.25851056166111935,0.0006345794107572855,0.0024547523578133477,-0.022973800322477422,-0.08886987121475409,8
midcap50,v1,2023-05-12,46,0.24519737170824346,0.007231547810840011,0.029492762342675994,-0.02679957174916059,-0.10929795683556096,8
midcap50,v1,2023-06-09,45,0.30616514522077276,0.0011744865273585203,0.0038361209487500912,-0.009704804889967056,-0.0316979415895595,8
midcap50,v1,2023-07-10,45,0.254265105916912,0.0008444450255397085,0.0033211203814008743,-0.04941562503175945,-0.19434686035097298,7
midcap50,v1,2023-08-07,45,0.2025167726756703,0.0006513839618722539,0.003216444511069917,-0.035187613587860156,-0.17375160152395358,7
midcap50,v1,2023-09-05,46,0.15057914552731716,1.5823647203982993e-05,0.00010508525034173716,-0.005177424599208114,-0.03438341067135924,8
midcap50,v1,2023-10-05,46,0.2740616886124242,0.001619282283801704,0.005908459121010816,-0.02595369870388753,-0.09470020722448018,7
midcap50,v1,2023-11-03,46,0.21554947116688838,0.0026571210278305557,0.012327198083326725,-0.02037785294287142,-0.09453909969045549,8
midcap50,v1,2023-12-04,46,0.3845449757687407,0.004832037046952564,0.012565596617906342,-0.017280489393159515,-0.044937498815617684,9
midcap50,v1,2024-01-02,45,0.244120894531777,0.008744909338451956,0.03582204364450106,-0.01061403491318813,-0.043478600770924636,9
midcap50,v1,2024-01-31,45,0.19382572792462216,0.0006149154157941705,0.003172516994406996,-0.01827119063281879,-0.09426607514108944,8
midcap50,v1,2024-02-28,46,0.20386647594285007,0.004160609588163888,0.02040850301120736,-0.027224202777405226,-0.1335393798882215,8
midcap50,v1,2024-03-28,46,0.17183134537803857,0.0010412144737371731,0.006059514179129792,-0.00010550140822063181,-0.0006139823207955616,7
midcap50,v1,2024-04-30,46,0.3740498216622127,0.00608029410628419,0.016255305454402878,-0.0359415905294892,-0.0960877093050626,8
midcap50,v1,2024-05-29,46,0.1381573187086561,0.0027085747808111016,0.019605003963075598,-0.01647529798075864,-0.11925027305648193,9
midcap50,v1,2024-06-27,47,0.24672627515594864,0.01918816068899898,0.07777104678806783,0.01918816068899898,0.07777104678806783,8
midcap50,v1,2024-07-26,47,0.2844257378511515,0.0017452452208991387,0.006136031268072082,-0.01541240226466245,-0.05418779039162842,8
midcap50,v1,2024-08-26,46,0.23082538625286503,0.001883692506470469,0.008160681704251186,-0.019407412161342896,-0.08407832637646896,8
midcap50,v1,2024-09-23,47,0.2887346414760332,0.0014291981286047584,0.004949867190506099,0.0012027671088712388,0.004165648786451819,7
midcap50,v1,2024-10-22,47,0.2537551675207782,0.00508822619995386,0.02005171461005704,-0.046174496952362754,-0.18196475525402592,8
midcap50,v1,2024-11-21,47,0.2689925726273454,0.0002763725558575514,0.0010274356394235093,0.003250393786754291,0.012083581918290709,7
midcap50,v1,2024-12-19,46,0.23447537826703813,0.004721483042409047,0.020136370297404397,-0.040236633650338804,-0.17160280941956435,8
midcap50,v1,2025-01-17,47,0.1581727900005344,0.007916409079696152,0.05004912083595039,-0.03116636055059485,-0.197039962123002,8
midcap50,v1,2025-02-13,47,0.1853434796177869,0.00484314542966402,0.026130649104308908,-0.068561313140304,-0.3699148914312514,8
midcap50,v1,2025-03-17,47,0.3005434622060457,0.001986780854728143,0.006610627428541604,-0.029136522299680778,-0.09694611915964901,9
midcap50,v1,2025-04-17,47,0.23734397648243805,0.00014919183034889372,0.0006285890737991111,-0.034449535154956856,-0.14514602673097923,8
midcap50,v1,2025-05-19,47,0.30931250489440043,0.0032972210964800075,0.010659837686179813,-0.04985816968599788,-0.16119028134028884,8
midcap50,v1,2025-06-16,46,0.30196929364784525,0.006207792405057755,0.020557694228000693,-0.006207792405057755,-0.020557694228000693,8
midcap50,v1,2025-07-14,47,0.2999826917850189,0.005525913249170844,0.01842077359960141,-0.033114445782423285,-0.11038785466381036,8
midcap50,v1,2025-08-11,47,0.2250446192938057,0.002636848198550923,0.01171700175203212,-0.022486846935744764,-0.09992172666162345,8
midcap50,v1,2025-09-10,47,0.12977517445959547,0.0013566522428781758,0.010453865683690985,-0.007212878308167303,-0.05557980051425767,8
midcap50,v1,2025-10-09,47,0.22610142317912862,0.004517494871240646,0.019979948855349157,0.004517494871240646,0.019979948855349157,8
midcap50,v1,2025-11-10,48,0.20410811476773538,0.007085132844705688,0.0347126465440544,-0.007085132844705688,-0.0347126465440544,8
midcap50,v1,2025-12-08,49,0.35910771863642527,0.004062563946236164,0.011312939642907712,-0.017130393739263283,-0.047702660929454334,8
midcap50,v1,2026-01-06,49,0.16021814221231845,0.0011910461003095119,0.00743390282687935,-0.006898316881917332,-0.043055778744305974,8
midcap50,v1,2026-02-04,49,0.216715396202584,0.007470980052802556,0.03447369307263586,-0.018764118164514287,-0.08658414904206309,8
midcap50,v1,2026-03-05,49,0.26518117934185237,0.01150304656812795,0.043378065504788545,-0.020104879587354407,-0.07581563532243234,8
midcap50,v1,2026-04-07,49,0.19952600527334474,0.0008961218937539872,0.004491253621433089,0.0008961218937539872,0.004491253621433089,8
midcap50,v1,2026-05-07,49,0.2086919040258038,0.0024654399945158723,0.011813778814395368,-0.014622583423306579,-0.07006780397910675,7
midcap50,v2,2019-01-01,41,0.3076903858067578,0.006132973848578693,0.019932289507513093,0.006132973848578693,0.019932289507513093,8
midcap50,v2,2019-01-29,41,0.2280745150147958,0.00240782034432363,0.010557165249994846,-0.02389000846034317,-0.10474650558302562,9
midcap50,v2,2019-02-26,41,0.2564017590979699,0.0006581036088303405,0.0025666891332788485,-0.00958100814882512,-0.037367170110421365,11
midcap50,v2,2019-03-28,41,0.14379682492437323,0.0028080339443566915,0.019527788223651775,-0.007934535756146444,-0.05517879661334273,9
midcap50,v2,2019-04-30,41,0.22220532345501487,0.00310238963792997,0.0139618150892683,-0.012192695509601559,-0.05487130245135622,11
midcap50,v2,2019-05-29,41,0.21724046679278552,0.0020946752792221357,0.009642196549044144,-0.010568981054465909,-0.04865106952908141,12
midcap50,v2,2019-06-27,41,0.22915296825514264,0.0049197732696465435,0.0214693848703229,-0.028144050452079794,-0.12281774338940157,10
midcap50,v2,2019-07-25,41,0.20368573004940999,0.000181869247972144,0.0008928914555183921,-0.013450393567476793,-0.06603503134075225,10
midcap50,v2,2019-08-26,41,0.18771276569076917,0.0042431041498207644,0.022604238631328315,-0.012028922235101325,-0.0640815353757949,9
midcap50,v2,2019-09-25,41,0.38244878297808993,0.0066406533227585385,0.01736351014389023,-0.00507236019999846,-0.013262848323115334,10
midcap50,v2,2019-10-27,41,0.32410708995984455,0.0005532632457676545,0.0017070383922678193,-0.017604302323141252,-0.05431631355340714,11
midcap50,v2,2019-11-26,41,0.22228531464867052,0.0029169862414613057,0.013122712339641966,-0.006568759887062514,-0.02955102948408743,10
midcap50,v2,2019-12-24,41,0.28282280104629387,0.011100919633816986,0.03925044088648259,-0.015954602716007793,-0.05641201012430488,9
midcap50,v2,2020-01-22,41,0.2895587075954384,0.004514192060600886,0.015589902642154218,-0.008383323717907398,-0.028952069124511683,11
midcap50,v2,2020-02-18,41,0.2990685059111333,0.00214898809764541,0.007185604820201198,-0.024878669235693263,-0.08318719204450713,12
midcap50,v2,2020-03-19,41,0.5764765561668304,0.0031510538480337136,0.005466057230472715,-0.02153465479877148,-0.03735564710898569,11
midcap50,v2,2020-04-22,41,0.28548260317638186,0.0015763920436367984,0.005521849759310357,-0.014193174545586329,-0.04971642540619981,10
midcap50,v2,2020-05-21,42,0.2237123263692703,0.0008024824808070541,0.0035871178572540433,-0.023684006388130507,-0.10586813329649324,12
midcap50,v2,2020-06-19,42,0.22437906099283994,0.0016279942992327712,0.007255553579862434,-0.01474014893444986,-0.06569306810193054,9
midcap50,v2,2020-07-17,42,0.30167236333219805,0.0044039765991277235,0.014598541777186651,-0.01043920555466249,-0.0346044478166764,10
midcap50,v2,2020-08-14,41,0.27811679308027937,0.0005283575097365656,0.00189976845297527,-0.016088283388368207,-0.057847220263769795,11
midcap50,v2,2020-09-11,41,0.2030056458578629,0.0031252928140171887,0.015395102933272132,-0.011731087735993517,-0.057787002358580676,12
midcap50,v2,2020-10-12,41,0.31656781964277286,0.0013215007048126282,0.004174463172864063,-0.018012219350141745,-0.056898453451356544,11
midcap50,v2,2020-11-09,42,0.25039517607422546,0.003749740572552507,0.014975290783720846,-0.0056662927707046284,-0.0226294006919085,11
midcap50,v2,2020-12-08,42,0.271892486667468,0.0010235546918276883,0.0037645567348079164,-0.008367929496833293,-0.030776611738696186,11
midcap50,v2,2021-01-06,40,0.23648790085017984,0.007610033125248994,0.03217937618749516,-0.03091665834043822,-0.1307325162483665,10
midcap50,v2,2021-02-04,40,0.23078575534644113,8.706888695031445e-06,3.77271495026251e-05,8.706888695031445e-06,3.77271495026251e-05,8
midcap50,v2,2021-03-04,42,0.20096253349796117,0.0032156528226334746,0.016001255391548386,-0.021316785107288516,-0.10607342939127895,11
midcap50,v2,2021-04-06,43,0.24358360210035146,0.003034317257241459,0.012456984916379478,-0.01238839416773696,-0.050858900438762684,10
midcap50,v2,2021-05-06,43,0.395438812367116,0.0038568985537752454,0.009753464842481352,-0.018416175655813327,-0.0465714924277999,11
midcap50,v2,2021-06-04,42,0.254093608033471,0.0005529929132142009,0.0021763353966045332,-0.0005920717837335499,-0.0023301325378305387,9
midcap50,v2,2021-07-02,41,0.24820403406081204,0.002411998585076125,0.009717805732702818,-0.006659895037106067,-0.026832340023427412,9
midcap50,v2,2021-08-02,42,0.27936831741392615,0.0038992238502786325,0.013957287234190362,-0.011539121071058034,-0.04130432963148463,10
midcap50,v2,2021-08-31,43,0.3191780098241603,0.0013804364564009575,0.004324973569330355,-0.010624754846259354,-0.03328786607859571,10
midcap50,v2,2021-09-29,43,0.3634346644007879,0.004859877237548327,0.013372079533362726,-0.018580716269062214,-0.05112532757351897,10
midcap50,v2,2021-10-28,43,0.2663278018594861,0.001361506276540414,0.005112144759332115,-0.02690036232770432,-0.10100470975950487,11
midcap50,v2,2021-11-29,43,0.14527290800041903,0.007955115546462554,0.054759801094087054,-0.013676811085263973,-0.09414564128656751,9
midcap50,v2,2021-12-27,43,0.38085220227660804,0.0009602555336983842,0.002521333808648855,-0.021072469538421457,-0.055329782557268226,11
midcap50,v2,2022-01-24,43,0.2974384823473002,0.002351880313277044,0.007907115093906717,0.002351880313277044,0.007907115093906717,8
midcap50,v2,2022-02-22,43,0.3818609963831604,0.00015081098191438436,0.00039493685750261907,0.00015081098191438436,0.00039493685750261907,8
midcap50,v2,2022-03-24,43,0.44239254018878776,0.0006252407100481028,0.0014133165757751836,-0.014433563485512835,-0.03262614572875351,11
midcap50,v2,2022-04-25,43,0.3352553139722684,5.863183631626967e-05,0.0001748871199730471,-0.00838916507171339,-0.025023212823428426,10
midcap50,v2,2022-05-24,43,0.27726125988798833,0.0002641036966601895,0.0009525445306238802,-0.016604739014793868,-0.05988842083997624,11
midcap50,v2,2022-06-21,43,0.45068824554561726,0.0013703765188055606,0.003040630707256498,-0.0028410835636085707,-0.006303877661972449,9
midcap50,v2,2022-07-19,43,0.3009989969981751,6.913974024991276e-05,0.0002297008991373215,-0.007732662530872014,-0.025689994345459218,11
midcap50,v2,2022-08-18,43,0.20281056459200886,0.011112397901678728,0.05479200713253465,-0.006235403809471296,-0.030744965490407117,9
midcap50,v2,2022-09-16,43,0.34530857911963747,0.0007432966590306123,0.002152557752621274,-0.019115152162362148,-0.0553567253124615,9
midcap50,v2,2022-10-17,43,0.2531200382450586,0.00015581326809033236,0.0006155706563993227,-0.011722533845433758,-0.04631215263204317,11
midcap50,v2,2022-11-16,44,0.22321865030519922,0.006277353965832844,0.028121995887216557,-0.01806026343411149,-0.08090839815319334,10
midcap50,v2,2022-12-14,46,0.2418767303340419,0.0026669036683127922,0.011025879441274433,-0.016319653123079925,-0.06747095142447891,9
midcap50,v2,2023-01-11,46,0.28836154596950947,0.002664494510809079,0.009240117304305252,-0.002081591825117579,-0.007218687284114091,11
midcap50,v2,2023-02-09,46,0.3279316320885215,0.012577621027640373,0.03835440011546427,-0.004411745443705373,-0.013453247604105698,11
midcap50,v2,2023-03-10,46,0.2808786645490212,0.002598953416401817,0.00925293995033299,-0.004907236391449299,-0.01747101866682668,12
midcap50,v2,2023-04-12,46,0.25851056166111935,0.0006345794107572855,0.0024547523578133477,-0.006569845013063014,-0.025414222811040898,11
midcap50,v2,2023-05-12,46,0.24519737170824346,0.007231547810840011,0.029492762342675994,-0.016123086866558833,-0.06575554523375333,12
midcap50,v2,2023-06-09,45,0.30616514522077276,0.0011744865273585203,0.0038361209487500912,-0.008530318362608535,-0.027861820640809404,9
midcap50,v2,2023-07-10,45,0.254265105916912,0.0008444450255397085,0.0033211203814008743,-0.023808459384346392,-0.09363636153883598,10
midcap50,v2,2023-08-07,45,0.2025167726756703,0.0006513839618722539,0.003216444511069917,-0.01518038166099167,-0.07495863903234812,11
midcap50,v2,2023-09-05,46,0.15057914552731716,1.5823647203982993e-05,0.00010508525034173716,-0.010252957445067934,-0.06809015557342171,10
midcap50,v2,2023-10-05,46,0.2740616886124242,0.001619282283801704,0.005908459121010816,-0.0130019147548881,-0.04744156259387025,11
midcap50,v2,2023-11-03,46,0.21554947116688838,0.0026571210278305557,0.012327198083326725,-0.01729710502636872,-0.08024656675207753,10
midcap50,v2,2023-12-04,46,0.3845449757687407,0.004832037046952564,0.012565596617906342,-0.00963856045612943,-0.02506484563180435,11
midcap50,v2,2024-01-02,45,0.244120894531777,0.008744909338451956,0.03582204364450106,-0.009907204946779768,-0.040583191233105026,10
midcap50,v2,2024-01-31,45,0.19382572792462216,0.0006149154157941705,0.003172516994406996,-0.012477595253663765,-0.06437533028905347,10
midcap50,v2,2024-02-28,46,0.20386647594285007,0.004160609588163888,0.02040850301120736,-0.015777206356953455,-0.07738990083576214,13
midcap50,v2,2024-03-28,46,0.17183134537803857,0.0010412144737371731,0.006059514179129792,-0.014131997482310421,-0.08224341985578497,11
midcap50,v2,2024-04-30,46,0.3740498216622127,0.00608029410628419,0.016255305454402878,-0.01602451745343847,-0.04284059642704356,12
midcap50,v2,2024-05-29,46,0.1381573187086561,0.0027085747808111016,0.019605003963075598,-0.01376672319994754,-0.09964526909340633,11
midcap50,v2,2024-06-27,47,0.24672627515594864,0.01918816068899898,0.07777104678806783,0.01918816068899898,0.07777104678806783,8
midcap50,v2,2024-07-26,47,0.2844257378511515,0.0017452452208991387,0.006136031268072082,-0.00833277315031622,-0.029296832323511487,9
midcap50,v2,2024-08-26,46,0.23082538625286503,0.001883692506470469,0.008160681704251186,-0.01368810882222915,-0.059300707969937395,10
midcap50,v2,2024-09-23,47,0.2887346414760332,0.0014291981286047584,0.004949867190506099,0.0014291981286047584,0.004949867190506099,8
midcap50,v2,2024-10-22,47,0.2537551675207782,0.00508822619995386,0.02005171461005704,-0.026593199602908735,-0.10479865242835383,10
midcap50,v2,2024-11-21,47,0.2689925726273454,0.0002763725558575514,0.0010274356394235093,0.0024562089888876537,0.009131140554911958,9
midcap50,v2,2024-12-19,46,0.23447537826703813,0.004721483042409047,0.020136370297404397,-0.003431541121337034,-0.014634974242067061,11
midcap50,v2,2025-01-17,47,0.1581727900005344,0.007916409079696152,0.05004912083595039,-0.009983877553671028,-0.06312006985295825,11
midcap50,v2,2025-02-13,47,0.1853434796177869,0.00484314542966402,0.026130649104308908,-0.017356232195364085,-0.09364360824106625,10
midcap50,v2,2025-03-17,47,0.3005434622060457,0.001986780854728143,0.006610627428541604,-0.029136522299680778,-0.09694611915964901,9
midcap50,v2,2025-04-17,47,0.23734397648243805,0.00014919183034889372,0.0006285890737991111,-0.01998303803277357,-0.08419441828241295,11
midcap50,v2,2025-05-19,47,0.30931250489440043,0.0032972210964800075,0.010659837686179813,-0.019830023494713522,-0.06410999613961132,10
midcap50,v2,2025-06-16,46,0.30196929364784525,0.006207792405057755,0.020557694228000693,9.321606174617081e-06,3.086938430729278e-05,9
midcap50,v2,2025-07-14,47,0.2999826917850189,0.005525913249170844,0.01842077359960141,-0.024462446527143245,-0.08154619315395081,10
midcap50,v2,2025-08-11,47,0.2250446192938057,0.002636848198550923,0.01171700175203212,-0.010135029467755685,-0.04503564448490082,10
midcap50,v2,2025-09-10,47,0.12977517445959547,0.0013566522428781758,0.010453865683690985,-0.009934376476821605,-0.07655066940337343,10
midcap50,v2,2025-10-09,47,0.22610142317912862,0.004517494871240646,0.019979948855349157,0.004517494871240646,0.019979948855349157,8
midcap50,v2,2025-11-10,48,0.20410811476773538,0.007085132844705688,0.0347126465440544,0.0007543674904162412,0.003695921111586734,9
midcap50,v2,2025-12-08,49,0.35910771863642527,0.004062563946236164,0.011312939642907712,-0.01306782979302712,-0.03638972128654662,9
midcap50,v2,2026-01-06,49,0.16021814221231845,0.0011910461003095119,0.00743390282687935,-0.0057072707816078205,-0.035621875917426625,9
midcap50,v2,2026-02-04,49,0.216715396202584,0.007470980052802556,0.03447369307263586,-0.010725714357162741,-0.049492165970231386,10
midcap50,v2,2026-03-05,49,0.26518117934185237,0.01150304656812795,0.043378065504788545,-0.011422916941763561,-0.04307589614811225,11
midcap50,v2,2026-04-07,49,0.19952600527334474,0.0008961218937539872,0.004491253621433089,0.0008961218937539872,0.004491253621433089,8
midcap50,v2,2026-05-07,49,0.2086919040258038,0.0024654399945158723,0.011813778814395368,-0.007885311596896871,-0.03778446333942063,9
midcap50,v3,2019-01-01,41,0.3076903858067578,0.006132973848578693,0.019932289507513093,0.006132973848578693,0.019932289507513093,8
midcap50,v3,2019-01-29,41,0.2280745150147958,0.00240782034432363,0.010557165249994846,-0.0262978288046668,-0.11530367083302047,8
midcap50,v3,2019-02-26,41,0.2564017590979699,0.0006581036088303405,0.0025666891332788485,-0.014240582571481197,-0.055540112601333354,8
midcap50,v3,2019-03-28,41,0.14379682492437323,0.0028080339443566915,0.019527788223651775,0.0028080339443566915,0.019527788223651775,8
midcap50,v3,2019-04-30,41,0.22220532345501487,0.00310238963792997,0.0139618150892683,-0.03663159271819483,-0.16485470351753673,8
midcap50,v3,2019-05-29,41,0.21724046679278552,0.0020946752792221357,0.009642196549044144,-0.03336942791157349,-0.15360594830337418,7
midcap50,v3,2019-06-27,41,0.22915296825514264,0.0049197732696465435,0.0214693848703229,-0.0004573421148375001,-0.001995793981286282,7
midcap50,v3,2019-07-25,41,0.20368573004940999,0.000181869247972144,0.0008928914555183921,-0.013632262815448937,-0.06692792279627065,8
midcap50,v3,2019-08-26,41,0.18771276569076917,0.0042431041498207644,0.022604238631328315,-0.07596567361582385,-0.4046910359893519,8
midcap50,v3,2019-09-25,41,0.38244878297808993,0.0066406533227585385,0.01736351014389023,-0.017963421945913827,-0.046969483877120695,8
midcap50,v3,2019-10-27,41,0.32410708995984455,0.0005532632457676545,0.0017070383922678193,-0.017978011339328526,-0.055469355334238205,9
midcap50,v3,2019-11-26,41,0.22228531464867052,0.0029169862414613057,0.013122712339641966,-0.01241121684951918,-0.05583462348439675,8
midcap50,v3,2019-12-24,41,0.28282280104629387,0.011100919633816986,0.03925044088648259,-0.02705552234982478,-0.09566245101078748,8
midcap50,v3,2020-01-22,41,0.2895587075954384,0.004514192060600886,0.015589902642154218,-0.014045602522928968,-0.04850692503626245,9
midcap50,v3,2020-02-18,41,0.2990685059111333,0.00214898809764541,0.007185604820201198,-0.04038658108142046,-0.13504123731912154,8
midcap50,v3,2020-03-19,41,0.5764765561668304,0.0031510538480337136,0.005466057230472715,-0.03157592434538892,-0.054773995590292404,8
midcap50,v3,2020-04-22,41,0.28548260317638186,0.0015763920436367984,0.005521849759310357,-0.06341087335387963,-0.22211816989318264,8
midcap50,v3,2020-05-21,42,0.2237123263692703,0.0008024824808070541,0.0035871178572540433,-0.026369911799759116,-0.11787420133583375,9
midcap50,v3,2020-06-19,42,0.22437906099283994,0.0016279942992327712,0.007255553579862434,0.0016279942992327712,0.007255553579862434,8
midcap50,v3,2020-07-17,42,0.30167236333219805,0.0044039765991277235,0.014598541777186651,-0.0017022318759444266,-0.005642651044139396,9
midcap50,v3,2020-08-14,41,0.27811679308027937,0.0005283575097365656,0.00189976845297527,-0.019358865853472684,-0.0696069648979617,8
midcap50,v3,2020-09-11,41,0.2030056458578629,0.0031252928140171887,0.015395102933272132,-0.005886981798513324,-0.028999103811305684,7
midcap50,v3,2020-10-12,41,0.31656781964277286,0.0013215007048126282,0.004174463172864063,0.0031717548327837575,0.010019195369772221,7
midcap50,v3,2020-11-09,42,0.25039517607422546,0.003749740572552507,0.014975290783720846,-0.010213104010396545,-0.04078794236582674,8
midcap50,v3,2020-12-08,42,0.271892486667468,0.0010235546918276883,0.0037645567348079164,-0.03480794812191823,-0.12802100031726624,8
midcap50,v3,2021-01-06,40,0.23648790085017984,0.007610033125248994,0.03217937618749516,-0.03852669146568721,-0.16291189243586165,8
midcap50,v3,2021-02-04,40,0.23078575534644113,8.706888695031445e-06,3.77271495026251e-05,8.706888695031445e-06,3.77271495026251e-05,8
midcap50,v3,2021-03-04,42,0.20096253349796117,0.0032156528226334746,0.016001255391548386,-0.06193097578774043,-0.3081717507724829,9
midcap50,v3,2021-04-06,43,0.24358360210035146,0.003034317257241459,0.012456984916379478,-0.045467601488767495,-0.18666117545152228,8
midcap50,v3,2021-05-06,43,0.395438812367116,0.0038568985537752454,0.009753464842481352,-0.03303020397692602,-0.0835279768801793,9
midcap50,v3,2021-06-04,42,0.254093608033471,0.0005529929132142009,0.0021763353966045332,-0.0011450646969477507,-0.004506467934435072,8
midcap50,v3,2021-07-02,41,0.24820403406081204,0.002411998585076125,0.009717805732702818,0.002411998585076125,0.009717805732702818,8
midcap50,v3,2021-08-02,42,0.27936831741392615,0.0038992238502786325,0.013957287234190362,-0.03711800120099351,-0.1328640324879704,8
midcap50,v3,2021-08-31,43,0.3191780098241603,0.0013804364564009575,0.004324973569330355,-0.006779081582716673,-0.021239187456715346,8
midcap50,v3,2021-09-29,43,0.3634346644007879,0.004859877237548327,0.013372079533362726,-0.026824988987981357,-0.07380965993491291,8
midcap50,v3,2021-10-28,43,0.2663278018594861,0.001361506276540414,0.005112144759332115,-0.03487237935299581,-0.13093781088387604,7
midcap50,v3,2021-11-29,43,0.14527290800041903,0.007955115546462554,0.054759801094087054,-0.02839581282710657,-0.19546530194759137,7
midcap50,v3,2021-12-27,43,0.38085220227660804,0.0009602555336983842,0.002521333808648855,-0.0370206558249806,-0.09720478338758029,8
midcap50,v3,2022-01-24,43,0.2974384823473002,0.002351880313277044,0.007907115093906717,0.009088547384613954,0.030556057551429507,7
midcap50,v3,2022-02-22,43,0.3818609963831604,0.00015081098191438436,0.00039493685750261907,-0.019074803325428324,-0.04995221692211951,7
midcap50,v3,2022-03-24,43,0.44239254018878776,0.0006252407100481028,0.0014133165757751836,-0.030350676218135586,-0.06860575950305052,8
midcap50,v3,2022-04-25,43,0.3352553139722684,5.863183631626967e-05,0.0001748871199730471,-0.009648273758188108,-0.028778883901557466,8
midcap50,v3,2022-05-24,43,0.27726125988798833,0.0002641036966601895,0.0009525445306238802,-0.03204447733033455,-0.11557502603602214,8
midcap50,v3,2022-06-21,43,0.45068824554561726,0.0013703765188055606,0.003040630707256498,-0.00604510492683108,-0.01341305211879375,8
midcap50,v3,2022-07-19,43,0.3009989969981751,6.913974024991276e-05,0.0002297008991373215,-0.03334022654361357,-0.11076524133339788,8
midcap50,v3,2022-08-18,43,0.20281056459200886,0.011112397901678728,0.05479200713253465,0.011112397901678728,0.05479200713253465,8
midcap50,v3,2022-09-16,43,0.34530857911963747,0.0007432966590306123,0.002152557752621274,-0.015933159146199416,-0.046141799276522254,7
midcap50,v3,2022-10-17,43,0.2531200382450586,0.00015581326809033236,0.0006155706563993227,-0.013566484908875243,-0.053597040372366046,8
midcap50,v3,2022-11-16,44,0.22321865030519922,0.006277353965832844,0.028121995887216557,-0.024337617399944333,-0.1090303940404099,8
midcap50,v3,2022-12-14,46,0.2418767303340419,0.0026669036683127922,0.011025879441274433,-0.018986556791392717,-0.07849683086575335,8
midcap50,v3,2023-01-11,46,0.28836154596950947,0.002664494510809079,0.009240117304305252,-0.014475020036080144,-0.05019746994146956,7
midcap50,v3,2023-02-09,46,0.3279316320885215,0.012577621027640373,0.03835440011546427,-0.06725882549906015,-0.20510014563311288,8
midcap50,v3,2023-03-10,46,0.2808786645490212,0.002598953416401817,0.00925293995033299,-0.022225220634176868,-0.07912747901255399,8
midcap50,v3,2023-04-12,46,0.25851056166111935,0.0006345794107572855,0.0024547523578133477,-0.027113409882739026,-0.1048831804337724,7
midcap50,v3,2023-05-12,46,0.24519737170824346,0.007231547810840011,0.029492762342675994,-0.02679957174916059,-0.10929795683556096,7
midcap50,v3,2023-06-09,45,0.30616514522077276,0.0011744865273585203,0.0038361209487500912,-0.009704804889967056,-0.0316979415895595,8
midcap50,v3,2023-07-10,45,0.254265105916912,0.0008444450255397085,0.0033211203814008743,-0.03144039054467629,-0.12365200655944622,9
midcap50,v3,2023-08-07,45,0.2025167726756703,0.0006513839618722539,0.003216444511069917,-0.035187613587860156,-0.17375160152395358,8
midcap50,v3,2023-09-05,46,0.15057914552731716,1.5823647203982993e-05,0.00010508525034173716,-0.010030700948792104,-0.06661414443325019,7
midcap50,v3,2023-10-05,46,0.2740616886124242,0.001619282283801704,0.005908459121010816,-0.014960562914777209,-0.0545883045183098,9
midcap50,v3,2023-11-03,46,0.21554947116688838,0.0026571210278305557,0.012327198083326725,-0.02037785294287142,-0.09453909969045549,8
midcap50,v3,2023-12-04,46,0.3845449757687407,0.004832037046952564,0.012565596617906342,-0.01740643299265998,-0.04526501212988916,7
midcap50,v3,2024-01-02,45,0.244120894531777,0.008744909338451956,0.03582204364450106,-0.000242108722443235,-0.000991757476997611,7
midcap50,v3,2024-01-31,45,0.19382572792462216,0.0006149154157941705,0.003172516994406996,-0.01827119063281879,-0.09426607514108944,8
midcap50,v3,2024-02-28,46,0.20386647594285007,0.004160609588163888,0.02040850301120736,-0.027224202777405226,-0.1335393798882215,8
midcap50,v3,2024-03-28,46,0.17183134537803857,0.0010412144737371731,0.006059514179129792,0.0010412144737371731,0.006059514179129792,8
midcap50,v3,2024-04-30,46,0.3740498216622127,0.00608029410628419,0.016255305454402878,-0.03671127676722985,-0.09814541978416481,7
midcap50,v3,2024-05-29,46,0.1381573187086561,0.0027085747808111016,0.019605003963075598,-0.03504524885912408,-0.25366190648956444,7
midcap50,v3,2024-06-27,47,0.24672627515594864,0.01918816068899898,0.07777104678806783,-0.0023894293956518986,-0.00968453560181869,7
midcap50,v3,2024-07-26,47,0.2844257378511515,0.0017452452208991387,0.006136031268072082,0.0017452452208991387,0.006136031268072082,8
midcap50,v3,2024-08-26,46,0.23082538625286503,0.001883692506470469,0.008160681704251186,-0.01557180132869962,-0.06746138967418858,8
midcap50,v3,2024-09-23,47,0.2887346414760332,0.0014291981286047584,0.004949867190506099,0.0014291981286047584,0.004949867190506099,8
midcap50,v3,2024-10-22,47,0.2537551675207782,0.00508822619995386,0.02005171461005704,-0.046174496952362754,-0.18196475525402592,8
midcap50,v3,2024-11-21,47,0.2689925726273454,0.0002763725558575514,0.0010274356394235093,0.0002763725558575514,0.0010274356394235093,8
midcap50,v3,2024-12-19,46,0.23447537826703813,0.004721483042409047,0.020136370297404397,-0.0365584647648769,-0.15591600719475704,8
midcap50,v3,2025-01-17,47,0.1581727900005344,0.007916409079696152,0.05004912083595039,-0.03116636055059485,-0.197039962123002,7
midcap50,v3,2025-02-13,47,0.1853434796177869,0.00484314542966402,0.026130649104308908,-0.0701845845824921,-0.3786730708154714,7
midcap50,v3,2025-03-17,47,0.3005434622060457,0.001986780854728143,0.006610627428541604,-0.033291970131841375,-0.11077256476474993,7
midcap50,v3,2025-04-17,47,0.23734397648243805,0.00014919183034889372,0.0006285890737991111,-0.034449535154956856,-0.14514602673097923,8
midcap50,v3,2025-05-19,47,0.30931250489440043,0.0032972210964800075,0.010659837686179813,-0.04985816968599788,-0.16119028134028884,8
midcap50,v3,2025-06-16,46,0.30196929364784525,0.006207792405057755,0.020557694228000693,-0.006207792405057755,-0.020557694228000693,8
midcap50,v3,2025-07-14,47,0.2999826917850189,0.005525913249170844,0.01842077359960141,-0.03917600651670716,-0.13059422289864128,8
midcap50,v3,2025-08-11,47,0.2250446192938057,0.002636848198550923,0.01171700175203212,-0.012771877666306608,-0.056752646236932935,8
midcap50,v3,2025-09-10,47,0.12977517445959547,0.0013566522428781758,0.010453865683690985,-0.01198863056071664,-0.0923799995695572,8
midcap50,v3,2025-10-09,47,0.22610142317912862,0.004517494871240646,0.019979948855349157,0.004517494871240646,0.019979948855349157,8
midcap50,v3,2025-11-10,48,0.20410811476773538,0.007085132844705688,0.0347126465440544,-0.007085132844705688,-0.0347126465440544,8
midcap50,v3,2025-12-08,49,0.35910771863642527,0.004062563946236164,0.011312939642907712,-0.017130393739263283,-0.047702660929454334,8
midcap50,v3,2026-01-06,49,0.16021814221231845,0.0011910461003095119,0.00743390282687935,-0.007306796478553479,-0.04560530023416844,7
midcap50,v3,2026-02-04,49,0.216715396202584,0.007470980052802556,0.03447369307263586,-0.018196694409965297,-0.08396585904286726,8
midcap50,v3,2026-03-05,49,0.26518117934185237,0.01150304656812795,0.043378065504788545,-0.029852942440172447,-0.11257564550494813,8
midcap50,v3,2026-04-07,49,0.19952600527334474,0.0008961218937539872,0.004491253621433089,0.0008961218937539872,0.004491253621433089,8
midcap50,v3,2026-05-07,49,0.2086919040258038,0.0024654399945158723,0.011813778814395368,-0.010350751591412743,-0.049598242153815995,8
midcap50,v4,2019-01-01,41,0.3076903858067578,0.006132973848578693,0.019932289507513093,0.006132973848578693,0.019932289507513093,8
midcap50,v4,2019-01-29,41,0.2280745150147958,0.00240782034432363,0.010557165249994846,-0.02389000846034317,-0.10474650558302562,9
midcap50,v4,2019-02-26,41,0.2564017590979699,0.0006581036088303405,0.0025666891332788485,-0.00958100814882512,-0.037367170110421365,11
midcap50,v4,2019-03-28,41,0.14379682492437323,0.0028080339443566915,0.019527788223651775,-0.007934535756146444,-0.05517879661334273,9
midcap50,v4,2019-04-30,41,0.22220532345501487,0.00310238963792997,0.0139618150892683,-0.012192695509601559,-0.05487130245135622,11
midcap50,v4,2019-05-29,41,0.21724046679278552,0.0020946752792221357,0.009642196549044144,-0.010568981054465909,-0.04865106952908141,12
midcap50,v4,2019-06-27,41,0.22915296825514264,0.0049197732696465435,0.0214693848703229,-0.028144050452079794,-0.12281774338940157,10
midcap50,v4,2019-07-25,41,0.20368573004940999,0.000181869247972144,0.0008928914555183921,-0.013450393567476793,-0.06603503134075225,10
midcap50,v4,2019-08-26,41,0.18771276569076917,0.0042431041498207644,0.022604238631328315,-0.012028922235101325,-0.0640815353757949,9
midcap50,v4,2019-09-25,41,0.38244878297808993,0.0066406533227585385,0.01736351014389023,-0.00507236019999846,-0.013262848323115334,10
midcap50,v4,2019-10-27,41,0.32410708995984455,0.0005532632457676545,0.0017070383922678193,-0.017051039077373598,-0.05260927516113932,12
midcap50,v4,2019-11-26,41,0.22228531464867052,0.0029169862414613057,0.013122712339641966,-0.006568759887062514,-0.02955102948408743,10
midcap50,v4,2019-12-24,41,0.28282280104629387,0.011100919633816986,0.03925044088648259,-0.015954602716007793,-0.05641201012430488,9
midcap50,v4,2020-01-22,41,0.2895587075954384,0.004514192060600886,0.015589902642154218,-0.008383323717907398,-0.028952069124511683,11
midcap50,v4,2020-02-18,41,0.2990685059111333,0.00214898809764541,0.007185604820201198,-0.024878669235693263,-0.08318719204450713,12
midcap50,v4,2020-03-19,41,0.5764765561668304,0.0031510538480337136,0.005466057230472715,-0.02153465479877148,-0.03735564710898569,11
midcap50,v4,2020-04-22,41,0.28548260317638186,0.0015763920436367984,0.005521849759310357,-0.014193174545586329,-0.04971642540619981,10
midcap50,v4,2020-05-21,42,0.2237123263692703,0.0008024824808070541,0.0035871178572540433,-0.023684006388130507,-0.10586813329649324,12
midcap50,v4,2020-06-19,42,0.22437906099283994,0.0016279942992327712,0.007255553579862434,-0.01474014893444986,-0.06569306810193054,9
midcap50,v4,2020-07-17,42,0.30167236333219805,0.0044039765991277235,0.014598541777186651,-0.01043920555466249,-0.0346044478166764,10
midcap50,v4,2020-08-14,41,0.27811679308027937,0.0005283575097365656,0.00189976845297527,-0.016088283388368207,-0.057847220263769795,11
midcap50,v4,2020-09-11,41,0.2030056458578629,0.0031252928140171887,0.015395102933272132,-0.02103323378856814,-0.10360910751859008,11
midcap50,v4,2020-10-12,41,0.31656781964277286,0.0013215007048126282,0.004174463172864063,-0.018012219350141745,-0.056898453451356544,10
midcap50,v4,2020-11-09,42,0.25039517607422546,0.003749740572552507,0.014975290783720846,-0.0056662927707046284,-0.0226294006919085,11
midcap50,v4,2020-12-08,42,0.271892486667468,0.0010235546918276883,0.0037645567348079164,-0.01204278239442258,-0.04429244272995022,10
midcap50,v4,2021-01-06,40,0.23648790085017984,0.007610033125248994,0.03217937618749516,-0.039817508498532383,-0.1683701718159257,9
midcap50,v4,2021-02-04,40,0.23078575534644113,8.706888695031445e-06,3.77271495026251e-05,8.706888695031445e-06,3.77271495026251e-05,8
midcap50,v4,2021-03-04,42,0.20096253349796117,0.0032156528226334746,0.016001255391548386,-0.021316785107288516,-0.10607342939127895,11
midcap50,v4,2021-04-06,43,0.24358360210035146,0.003034317257241459,0.012456984916379478,-0.01238839416773696,-0.050858900438762684,10
midcap50,v4,2021-05-06,43,0.395438812367116,0.0038568985537752454,0.009753464842481352,-0.018416175655813327,-0.0465714924277999,11
midcap50,v4,2021-06-04,42,0.254093608033471,0.0005529929132142009,0.0021763353966045332,-0.0005920717837335499,-0.0023301325378305387,9
midcap50,v4,2021-07-02,41,0.24820403406081204,0.002411998585076125,0.009717805732702818,-0.006659895037106067,-0.026832340023427412,9
midcap50,v4,2021-08-02,42,0.27936831741392615,0.0038992238502786325,0.013957287234190362,-0.011539121071058034,-0.04130432963148463,10
midcap50,v4,2021-08-31,43,0.3191780098241603,0.0013804364564009575,0.004324973569330355,-0.010624754846259354,-0.03328786607859571,10
midcap50,v4,2021-09-29,43,0.3634346644007879,0.004859877237548327,0.013372079533362726,-0.018580716269062214,-0.05112532757351897,10
midcap50,v4,2021-10-28,43,0.2663278018594861,0.001361506276540414,0.005112144759332115,-0.02690036232770432,-0.10100470975950487,11
midcap50,v4,2021-11-29,43,0.14527290800041903,0.007955115546462554,0.054759801094087054,-0.013676811085263973,-0.09414564128656751,9
midcap50,v4,2021-12-27,43,0.38085220227660804,0.0009602555336983842,0.002521333808648855,-0.021072469538421457,-0.055329782557268226,11
midcap50,v4,2022-01-24,43,0.2974384823473002,0.002351880313277044,0.007907115093906717,0.002351880313277044,0.007907115093906717,8
midcap50,v4,2022-02-22,43,0.3818609963831604,0.00015081098191438436,0.00039493685750261907,0.00015081098191438436,0.00039493685750261907,8
midcap50,v4,2022-03-24,43,0.44239254018878776,0.0006252407100481028,0.0014133165757751836,-0.014433563485512835,-0.03262614572875351,11
midcap50,v4,2022-04-25,43,0.3352553139722684,5.863183631626967e-05,0.0001748871199730471,-0.00838916507171339,-0.025023212823428426,10
midcap50,v4,2022-05-24,43,0.27726125988798833,0.0002641036966601895,0.0009525445306238802,-0.016604739014793868,-0.05988842083997624,11
midcap50,v4,2022-06-21,43,0.45068824554561726,0.0013703765188055606,0.003040630707256498,-0.0028410835636085707,-0.006303877661972449,9
midcap50,v4,2022-07-19,43,0.3009989969981751,6.913974024991276e-05,0.0002297008991373215,-0.007732662530872014,-0.025689994345459218,11
midcap50,v4,2022-08-18,43,0.20281056459200886,0.011112397901678728,0.05479200713253465,-0.006235403809471296,-0.030744965490407117,9
midcap50,v4,2022-09-16,43,0.34530857911963747,0.0007432966590306123,0.002152557752621274,-0.019115152162362148,-0.0553567253124615,9
midcap50,v4,2022-10-17,43,0.2531200382450586,0.00015581326809033236,0.0006155706563993227,-0.011722533845433758,-0.04631215263204317,11
midcap50,v4,2022-11-16,44,0.22321865030519922,0.006277353965832844,0.028121995887216557,-0.01806026343411149,-0.08090839815319334,10
midcap50,v4,2022-12-14,46,0.2418767303340419,0.0026669036683127922,0.011025879441274433,-0.016319653123079925,-0.06747095142447891,9
midcap50,v4,2023-01-11,46,0.28836154596950947,0.002664494510809079,0.009240117304305252,-0.002081591825117579,-0.007218687284114091,11
midcap50,v4,2023-02-09,46,0.3279316320885215,0.012577621027640373,0.03835440011546427,-0.004411745443705373,-0.013453247604105698,11
midcap50,v4,2023-03-10,46,0.2808786645490212,0.002598953416401817,0.00925293995033299,-0.004907236391449299,-0.01747101866682668,12
midcap50,v4,2023-04-12,46,0.25851056166111935,0.0006345794107572855,0.0024547523578133477,-0.006569845013063014,-0.025414222811040898,11
midcap50,v4,2023-05-12,46,0.24519737170824346,0.007231547810840011,0.029492762342675994,-0.016123086866558833,-0.06575554523375333,12
midcap50,v4,2023-06-09,45,0.30616514522077276,0.0011744865273585203,0.0038361209487500912,-0.008530318362608535,-0.027861820640809404,9
midcap50,v4,2023-07-10,45,0.254265105916912,0.0008444450255397085,0.0033211203814008743,-0.013009233611739779,-0.051164054009010966,11
midcap50,v4,2023-08-07,45,0.2025167726756703,0.0006513839618722539,0.003216444511069917,-0.01518038166099167,-0.07495863903234812,11
midcap50,v4,2023-09-05,46,0.15057914552731716,1.5823647203982993e-05,0.00010508525034173716,-0.010252957445067934,-0.06809015557342171,10
midcap50,v4,2023-10-05,46,0.2740616886124242,0.001619282283801704,0.005908459121010816,-0.0130019147548881,-0.04744156259387025,11
midcap50,v4,2023-11-03,46,0.21554947116688838,0.0026571210278305557,0.012327198083326725,-0.01729710502636872,-0.08024656675207753,10
midcap50,v4,2023-12-04,46,0.3845449757687407,0.004832037046952564,0.012565596617906342,-0.015406208453162207,-0.04006347611840145,10
midcap50,v4,2024-01-02,45,0.244120894531777,0.008744909338451956,0.03582204364450106,-0.009907204946779768,-0.040583191233105026,10
midcap50,v4,2024-01-31,45,0.19382572792462216,0.0006149154157941705,0.003172516994406996,-0.012477595253663765,-0.06437533028905347,10
midcap50,v4,2024-02-28,46,0.20386647594285007,0.004160609588163888,0.02040850301120736,-0.015777206356953455,-0.07738990083576214,13
midcap50,v4,2024-03-28,46,0.17183134537803857,0.0010412144737371731,0.006059514179129792,-0.014131997482310421,-0.08224341985578497,11
midcap50,v4,2024-04-30,46,0.3740498216622127,0.00608029410628419,0.016255305454402878,-0.02312830709501512,-0.061832156455086454,11
midcap50,v4,2024-05-29,46,0.1381573187086561,0.0027085747808111016,0.019605003963075598,-0.01376672319994754,-0.09964526909340633,11
midcap50,v4,2024-06-27,47,0.24672627515594864,0.01918816068899898,0.07777104678806783,0.01918816068899898,0.07777104678806783,8
midcap50,v4,2024-07-26,47,0.2844257378511515,0.0017452452208991387,0.006136031268072082,-0.00833277315031622,-0.029296832323511487,9
midcap50,v4,2024-08-26,46,0.23082538625286503,0.001883692506470469,0.008160681704251186,-0.01368810882222915,-0.059300707969937395,10
midcap50,v4,2024-09-23,47,0.2887346414760332,0.0014291981286047584,0.004949867190506099,0.0014291981286047584,0.004949867190506099,8
midcap50,v4,2024-10-22,47,0.2537551675207782,0.00508822619995386,0.02005171461005704,-0.026593199602908735,-0.10479865242835383,10
midcap50,v4,2024-11-21,47,0.2689925726273454,0.0002763725558575514,0.0010274356394235093,0.0024562089888876537,0.009131140554911958,9
midcap50,v4,2024-12-19,46,0.23447537826703813,0.004721483042409047,0.020136370297404397,-0.003431541121337034,-0.014634974242067061,11
midcap50,v4,2025-01-17,47,0.1581727900005344,0.007916409079696152,0.05004912083595039,-0.009983877553671028,-0.06312006985295825,11
midcap50,v4,2025-02-13,47,0.1853434796177869,0.00484314542966402,0.026130649104308908,-0.017356232195364085,-0.09364360824106625,10
midcap50,v4,2025-03-17,47,0.3005434622060457,0.001986780854728143,0.006610627428541604,-0.029136522299680778,-0.09694611915964901,9
midcap50,v4,2025-04-17,47,0.23734397648243805,0.00014919183034889372,0.0006285890737991111,-0.01998303803277357,-0.08419441828241295,11
midcap50,v4,2025-05-19,47,0.30931250489440043,0.0032972210964800075,0.010659837686179813,-0.019830023494713522,-0.06410999613961132,10
midcap50,v4,2025-06-16,46,0.30196929364784525,0.006207792405057755,0.020557694228000693,9.321606174617081e-06,3.086938430729278e-05,9
midcap50,v4,2025-07-14,47,0.2999826917850189,0.005525913249170844,0.01842077359960141,-0.024462446527143245,-0.08154619315395081,10
midcap50,v4,2025-08-11,47,0.2250446192938057,0.002636848198550923,0.01171700175203212,-0.010135029467755685,-0.04503564448490082,10
midcap50,v4,2025-09-10,47,0.12977517445959547,0.0013566522428781758,0.010453865683690985,-0.009934376476821605,-0.07655066940337343,10
midcap50,v4,2025-10-09,47,0.22610142317912862,0.004517494871240646,0.019979948855349157,0.004517494871240646,0.019979948855349157,8
midcap50,v4,2025-11-10,48,0.20410811476773538,0.007085132844705688,0.0347126465440544,0.0007543674904162412,0.003695921111586734,9
midcap50,v4,2025-12-08,49,0.35910771863642527,0.004062563946236164,0.011312939642907712,-0.01306782979302712,-0.03638972128654662,9
midcap50,v4,2026-01-06,49,0.16021814221231845,0.0011910461003095119,0.00743390282687935,-0.0057072707816078205,-0.035621875917426625,9
midcap50,v4,2026-02-04,49,0.216715396202584,0.007470980052802556,0.03447369307263586,-0.010725714357162741,-0.049492165970231386,10
midcap50,v4,2026-03-05,49,0.26518117934185237,0.01150304656812795,0.043378065504788545,-0.011422916941763561,-0.04307589614811225,11
midcap50,v4,2026-04-07,49,0.19952600527334474,0.0008961218937539872,0.004491253621433089,0.0008961218937539872,0.004491253621433089,8
midcap50,v4,2026-05-07,49,0.2086919040258038,0.0024654399945158723,0.011813778814395368,-0.007885311596896871,-0.03778446333942063,9
midcap100,v1,2019-01-01,75,0.4530660556512269,0.002220319085181388,0.004900652029625022,0.002220319085181388,0.004900652029625022,8
midcap100,v1,2019-01-29,75,0.32382085971061736,0.0035443166531468062,0.010945300609461004,-0.021400108898868897,-0.06608625805636213,8
midcap100,v1,2019-02-26,75,0.2769556277715207,0.0038667269934540283,0.013961539704273317,-0.038542871517963206,-0.139166233335254,8
midcap100,v1,2019-03-28,75,0.30013821001764696,0.004756398949784635,0.015847362285211792,-0.014847104988351068,-0.04946756025325171,8
midcap100,v1,2019-04-30,76,0.2931609357235755,0.006666972129252269,0.022741679797128996,-0.01729473153811667,-0.058993983954342584,9
midcap100,v1,2019-05-29,76,0.19297960708519513,0.0006594572703810808,0.0034172381234559607,-0.02192907680739209,-0.11363416652470959,8
midcap100,v1,2019-06-27,76,0.2598196555043378,0.010650784103083955,0.04099298831879999,-0.07587620567905917,-0.29203412471537354,8
midcap100,v1,2019-07-25,76,0.196255375562974,0.0005130597070838183,0.002614245370920751,0.0005130597070838183,0.002614245370920751,8
midcap100,v1,2019-08-26,76,0.2548720574740116,0.0005522251131533373,0.0021666757769617244,-0.01870177364161174,-0.07337710468131131,8
midcap100,v1,2019-09-25,76,0.2699531414241879,0.0028262436082014952,0.01046938588412464,-0.006867894797655816,-0.02544106270230071,8
midcap100,v1,2019-10-27,76,0.44415533132969387,0.003035075218613459,0.0068333643762131056,-0.020297970510164798,-0.04570016180915261,8
midcap100,v1,2019-11-26,77,0.3014831851591118,0.0015871939097541476,0.005264618353147903,-0.020880830972343833,-0.06926035016289116,8
midcap100,v1,2019-12-24,77,0.29828425368443745,0.0005147034484977997,0.0017255468303811895,-0.0033799582676811157,-0.01133133320291476,8
midcap100,v1,2020-01-22,76,0.2561767513154237,0.0028457678679892906,0.011108610962457601,-0.047231958436596,-0.18437254042011222,8
midcap100,v1,2020-02-18,77,0.45948469382599544,0.0020456885517659007,0.004452136446008782,-0.04213628694840443,-0.09170335272225898,10
midcap100,v1,2020-03-19,77,0.6482235696617953,0.000963275434705646,0.0014860234644171087,-0.029987682447578656,-0.04626132688020655,9
midcap100,v1,2020-04-22,77,0.2626600294016436,0.004999342944628227,0.019033512468635026,-0.031089403982686226,-0.11836366596588709,8
midcap100,v1,2020-05-21,80,0.30496634002502826,0.0017566584917011463,0.005760171734221485,-0.005939577451730016,-0.01947617383361902,8
midcap100,v1,2020-06-19,80,0.23634990102448317,0.0017490731320520814,0.007400354831842715,0.0017490731320520814,0.007400354831842715,8
midcap100,v1,2020-07-17,80,0.1808870668830203,0.0016026364240168123,0.008859872912048695,0.0016026364240168123,0.008859872912048695,8
midcap100,v1,2020-08-14,79,0.21754213672902611,0.011206751238657442,0.05151531288219691,-0.017981148038897388,-0.08265593190019543,8
midcap100,v1,2020-09-11,79,0.4454416962887837,0.0022046411512612885,0.004949337185156551,-0.05232698461075713,-0.11747212945425094,7
midcap100,v1,2020-10-12,80,0.4500447024328862,0.0018673575801244624,0.004149271328003102,-0.04197927416267544,-0.09327800979711717,7
midcap100,v1,2020-11-09,82,0.1925940610209092,0.0020289445057991573,0.01053482384162865,-0.006290907290000702,-0.03266407726517446,7
midcap100,v1,2020-12-08,82,0.2767721280966351,0.0012199264778625096,0.004407692661294897,0.00045065866350635364,0.0016282660635141917,7
midcap100,v1,2021-01-06,80,0.25075720359352305,0.0033233023155736507,0.013253068178893546,0.0033233023155736507,0.013253068178893546,8
midcap100,v1,2021-02-04,81,0.17136744644871127,0.0010454178597495423,0.006100446038112766,-0.0010454178597495423,-0.006100446038112766,8
midcap100,v1,2021-03-04,83,0.23451533025868776,0.0011749762566160005,0.005010232189596794,-0.005085193794632792,-0.021683843819606363,9
midcap100,v1,2021-04-06,85,0.2249057682508082,0.00993853719492499,0.04418978344673592,-0.023546132057459368,-0.10469332218816826,8
midcap100,v1,2021-05-06,84,0.23888421066791943,0.004058286364156949,0.01698850816807856,0.00017812542922124308,0.0007456559339908025,7
midcap100,v1,2021-06-04,83,0.305964821222511,0.008285366073871092,0.027079472864776213,-0.01968564219850344,-0.06433956073723646,8
midcap100,v1,2021-07-02,82,0.17134936763738917,0.002733180825129633,0.01595092449313038,-0.009149095794383943,-0.05339439485849361,8
midcap100,v1,2021-08-02,83,0.25915895172389697,0.0103293378119097,0.0398571523121238,-0.022223478738079838,-0.08575230988646809,8
midcap100,v1,2021-08-31,85,0.31171436916154,0.004065903959632355,0.013043684737950848,0.004065903959632355,0.013043684737950848,8
midcap100,v1,2021-09-29,84,0.2764654375530119,0.003590842119270965,0.01298839432174022,-0.02348863379567634,-0.0849604710215266,8
midcap100,v1,2021-10-28,85,0.26547043988546737,0.00996078159030045,0.03752124565958401,-0.037997740564606364,-0.14313360305200018,7
midcap100,v1,2021-11-29,85,0.25318009365153915,0.0031858527427994776,0.012583346095069706,-0.03164084344178264,-0.1249736619709568,8
midcap100,v1,2021-12-27,85,0.393599989477728,0.007830458743164681,0.01989445872078147,-0.03458837519512281,-0.08787697184905541,8
midcap100,v1,2022-01-24,85,0.2500420434148289,0.006371262065125616,0.025480763067335276,0.006371262065125616,0.025480763067335276,8
midcap100,v1,2022-02-22,85,0.22954538814480607,0.008157839836030467,0.03553911451657738,-0.02728082868620041,-0.11884720885348658,9
midcap100,v1,2022-03-24,85,0.22664323633960443,0.006899402427240853,0.03044168684964735,-0.027300387213524124,-0.12045533612402604,8
midcap100,v1,2022-04-25,86,0.2934075899655138,0.0005841973445781523,0.0019910778199255753,-0.026445318033095355,-0.09013167667613388,8
midcap100,v1,2022-05-24,86,0.2343704087568486,4.9950629299355676e-05,0.00021312686001745965,-0.044259988779544845,-0.18884631816068168,7
midcap100,v1,2022-06-21,86,0.18483572926854702,0.007375367833067581,0.03990228438113251,0.007375367833067581,0.03990228438113251,8
midcap100,v1,2022-07-19,86,0.2561312418536109,0.004797393543385486,0.018730216230815708,-0.01088827761546185,-0.042510540833144164,9
midcap100,v1,2022-08-18,86,0.17337880715793486,0.008849407242438323,0.05104088202877753,-0.03318608681616919,-0.1914079774810032,8
midcap100,v1,2022-09-16,83,0.25961457682408967,0.002104430157953918,0.008105978422697904,-0.023116404457362183,-0.08904124236839543,8
midcap100,v1,2022-10-17,86,0.22284449485067986,0.0025954137091841467,0.011646748154686257,-0.03433371492971493,-0.15407028543702966,8
midcap100,v1,2022-11-16,87,0.24707550898389818,0.004501919949415956,0.018220826369761092,-0.053924026706005046,-0.21824917786375683,9
midcap100,v1,2022-12-14,89,0.2585729392368101,0.0006086791682434756,0.002353994080123079,-0.022759283896101934,-0.08801881574799361,8
midcap100,v1,2023-01-11,89,0.3809627293298641,0.0008195475577772449,0.002151253901448253,-0.009417082102058605,-0.024719169034261718,8
midcap100,v1,2023-02-09,89,0.4196627887511274,0.0003035952158519928,0.0007234265796008753,0.0003035952158519928,0.0007234265796008753,8
midcap100,v1,2023-03-10,89,0.2190540551418283,0.0015840599621541607,0.007231365614886921,-0.01732040946595126,-0.07906911129646525,7
midcap100,v1,2023-04-12,89,0.29981911774784714,0.004884844466805371,0.016292638386434074,-0.018313063179460354,-0.06108037178223553,8
midcap100,v1,2023-05-12,88,0.1558380009192567,0.0033628196647981223,0.02157894509016756,-0.018394028472063617,-0.11803301097011627,8
midcap100,v1,2023-06-09,88,0.25125407437196323,0.00045457079822486257,0.0018092076690143693,-0.011450213865501602,-0.04557225149133462,8
midcap100,v1,2023-07-10,88,0.39920136381901083,0.005232137424996397,0.013106511899013787,-0.03505256350032948,-0.08780672281525959,8
midcap100,v1,2023-08-07,88,0.3665923709928183,0.0009871658352600399,0.0026928160904891797,-0.0031081722536278056,-0.008478551381770835,8
midcap100,v1,2023-09-05,89,0.23000625489451043,0.004611532905438143,0.020049597814429724,-0.07792422167663382,-0.33879175030423764,7
midcap100,v1,2023-10-05,88,0.2014923716035496,0.0006942647465983942,0.0034456130575722683,0.000253813798350766,0.0012596695166711446,7
midcap100,v1,2023-11-03,89,0.2005183245389373,0.0015705405693277052,0.007832404210133585,0.0010132663221646965,0.005053235530939902,7
midcap100,v1,2023-12-04,89,0.3457141629631226,0.00481776643087839,0.013935692971283628,-0.010307524105893084,-0.02981516295874922,8
midcap100,v1,2024-01-02,87,0.23655338272137655,0.003682588057687064,0.015567682927724544,-0.03099893674320109,-0.13104414904822165,8
midcap100,v1,2024-01-31,83,0.3696022900928663,0.0027769405186472973,0.007513320650555392,-0.004450711582666522,-0.012041893954575432,9
midcap100,v1,2024-02-28,88,0.23702101940507797,0.004674958654615202,0.019723814648799225,-0.026293121129570052,-0.11093160090006239,9
midcap100,v1,2024-03-28,89,0.20187529013418903,0.008528359867732704,0.042245684759456184,-0.017367025408014825,-0.08602848519237172,9
midcap100,v1,2024-04-30,89,0.24377465898994094,0.007163500931386846,0.029385748957944144,0.007163500931386846,0.029385748957944144,8
midcap100,v1,2024-05-29,89,0.3602873957902291,0.006430313510649044,0.017847733741962427,-0.010955521957067282,-0.030407730287200885,9
midcap100,v1,2024-06-27,90,0.1919916857107431,0.0008397904867235573,0.004374098199173038,-0.006649681215027736,-0.034635256159197554,9
midcap100,v1,2024-07-26,90,0.20007171896343678,0.005576207437425151,0.0278710427756369,-0.03390144638345649,-0.16944646929160437,9
midcap100,v1,2024-08-26,89,0.2031952532774282,0.0038279667294621733,0.018838859017221935,-0.02485175629615788,-0.12230480729895336,8
midcap100,v1,2024-09-23,90,0.35710456770496873,0.002347525345798407,0.006573775745534222,-0.017153424642194826,-0.04803473882296173,8
midcap100,v1,2024-10-22,90,0.2781760391276186,0.0006407676923761985,0.0023034611262195514,-0.011720413067441537,-0.04213307912571353,8
midcap100,v1,2024-11-21,90,0.2883629344089924,0.0011506776733574142,0.003990379955439693,-0.011154108900171322,-0.03868079967708738,8
midcap100,v1,2024-12-19,90,0.1650561912261438,0.0033347997431357745,0.020204026994460084,-0.022592572829859714,-0.136878069595739,8
midcap100,v1,2025-01-17,91,0.20757851152556966,0.00046717657021055903,0.002250601792917336,-0.03034978797872523,-0.14620871763495,7
midcap100,v1,2025-02-13,91,0.22011792258133017,0.014140766597040555,0.06424177745824292,0.014140766597040555,0.06424177745824292,8
midcap100,v1,2025-03-17,91,0.23427626785132066,0.0021259032283742485,0.00907434307312517,-0.029451998895276943,-0.1257148202222862,9
midcap100,v1,2025-04-17,91,0.17332985585702965,0.001852902109608645,0.010690034330479124,-0.00927979861133088,-0.05353837378705998,8
midcap100,v1,2025-05-19,91,0.2898344070270016,0.0012001155182315149,0.004140693751793622,0.0012001155182315149,0.004140693751793622,8
midcap100,v1,2025-06-16,90,0.29927067621043024,0.0032641949974989704,0.010907166177563528,-0.02392588217982694,-0.07994729882256693,8
midcap100,v1,2025-07-14,91,0.24196413417036278,0.0024330820200755277,0.010055548225847541,0.0024330820200755277,0.010055548225847541,8
midcap100,v1,2025-08-11,91,0.3149181728377982,0.002295929879351788,0.007290560143489495,0.002295929879351788,0.007290560143489495,8
midcap100,v1,2025-09-10,92,0.2638021311184992,0.016109460044623103,0.06106645149650734,-0.01976080071014441,-0.07490766138378128,8
midcap100,v1,2025-10-09,92,0.26366851915595535,0.0045562480453720244,0.017280212518192523,-0.026166574412768262,-0.09924041935886622,8
midcap100,v1,2025-11-10,93,0.29270100170590785,0.00015032225818845113,0.0005135693329108858,-0.0025188525070403145,-0.00860554795631051,8
midcap100,v1,2025-12-08,94,0.2276100789287187,0.0031945974293756674,0.01403539528834366,-0.01491425113339806,-0.06552544247422716,8
midcap100,v1,2026-01-06,95,0.2476384726070276,0.0008092943395960894,0.003268047694997465,0.006093479567362392,0.024606352572009316,7
midcap100,v1,2026-02-04,95,0.21446563938993113,0.002089972905817916,0.009745024479273473,-0.0339520331137424,-0.15830989621611338,7
midcap100,v1,2026-03-05,95,0.23290814126520598,0.003216590561214927,0.013810554426057118,-0.027390409576164454,-0.11760176963919763,7
midcap100,v1,2026-04-07,95,0.2573417683787856,0.00011492017289227441,0.0004465663448893439,-0.0007040685432746496,-0.0027359279751210832,7
midcap100,v1,2026-05-07,94,0.15978135942724492,0.00044795698622435154,0.0028035622417415026,0.00044795698622435154,0.0028035622417415026,8
midcap100,v2,2019-01-01,75,0.4530660556512269,0.002220319085181388,0.004900652029625022,0.002220319085181388,0.004900652029625022,8
midcap100,v2,2019-01-29,75,0.32382085971061736,0.0035443166531468062,0.010945300609461004,0.00546209056275937,0.01686763035476025,10
midcap100,v2,2019-02-26,75,0.2769556277715207,0.0038667269934540283,0.013961539704273317,-0.009876277877586381,-0.03566014511802586,11
midcap100,v2,2019-03-28,75,0.30013821001764696,0.004756398949784635,0.015847362285211792,-0.005980377350033872,-0.01992541152851631,9
midcap100,v2,2019-04-30,76,0.2931609357235755,0.006666972129252269,0.022741679797128996,-0.01729473153811667,-0.058993983954342584,9
midcap100,v2,2019-05-29,76,0.19297960708519513,0.0006594572703810808,0.0034172381234559607,-0.013028731852989806,-0.06751351632319358,10
midcap100,v2,2019-06-27,76,0.2598196555043378,0.010650784103083955,0.04099298831879999,-0.012037832935573256,-0.04633149448299642,11
midcap100,v2,2019-07-25,76,0.196255375562974,0.0005130597070838183,0.002614245370920751,0.0005130597070838183,0.002614245370920751,8
midcap100,v2,2019-08-26,76,0.2548720574740116,0.0005522251131533373,0.0021666757769617244,-0.018149548528458403,-0.07121042890434959,9
midcap100,v2,2019-09-25,76,0.2699531414241879,0.0028262436082014952,0.01046938588412464,-0.002468150182782347,-0.009142883723305321,9
midcap100,v2,2019-10-27,76,0.44415533132969387,0.003035075218613459,0.0068333643762131056,-0.011502713540256115,-0.025897952200235372,10
midcap100,v2,2019-11-26,77,0.3014831851591118,0.0015871939097541476,0.005264618353147903,-0.012949858399470382,-0.042953833039265255,12
midcap100,v2,2019-12-24,77,0.29828425368443745,0.0005147034484977997,0.0017255468303811895,-0.00393381530031256,-0.013188142691817194,11
midcap100,v2,2020-01-22,76,0.2561767513154237,0.0028457678679892906,0.011108610962457601,-0.004462210749748952,-0.017418484412954197,9
midcap100,v2,2020-02-18,77,0.45948469382599544,0.0020456885517659007,0.004452136446008782,-0.004973419374097676,-0.010823906521641578,12
midcap100,v2,2020-03-19,77,0.6482235696617953,0.000963275434705646,0.0014860234644171087,-0.029987682447578656,-0.04626132688020655,9
midcap100,v2,2020-04-22,77,0.2626600294016436,0.004999342944628227,0.019033512468635026,-0.015216674219200366,-0.05793296472959713,11
midcap100,v2,2020-05-21,80,0.30496634002502826,0.0017566584917011463,0.005760171734221485,0.002839095280424475,0.009309536521937056,10
midcap100,v2,2020-06-19,80,0.23634990102448317,0.0017490731320520814,0.007400354831842715,0.0017490731320520814,0.007400354831842715,8
midcap100,v2,2020-07-17,80,0.1808870668830203,0.0016026364240168123,0.008859872912048695,0.0016026364240168123,0.008859872912048695,8
midcap100,v2,2020-08-14,79,0.21754213672902611,0.011206751238657442,0.05151531288219691,-0.006774396800239946,-0.031140619017998524,9
midcap100,v2,2020-09-11,79,0.4454416962887837,0.0022046411512612885,0.004949337185156551,-0.026594968231061222,-0.05970471209282454,10
midcap100,v2,2020-10-12,80,0.4500447024328862,0.0018673575801244624,0.004149271328003102,-0.01810896150471364,-0.040238139471076594,10
midcap100,v2,2020-11-09,82,0.1925940610209092,0.0020289445057991573,0.01053482384162865,-0.0026312534106335272,-0.013662173156771757,9
midcap100,v2,2020-12-08,82,0.2767721280966351,0.0012199264778625096,0.004407692661294897,-0.009046939680266597,-0.03268732203087969,9
midcap100,v2,2021-01-06,80,0.25075720359352305,0.0033233023155736507,0.013253068178893546,0.0033233023155736507,0.013253068178893546,8
midcap100,v2,2021-02-04,81,0.17136744644871127,0.0010454178597495423,0.006100446038112766,0.002257215971726012,0.013171789733131004,9
midcap100,v2,2021-03-04,83,0.23451533025868776,0.0011749762566160005,0.005010232189596794,-0.005085193794632792,-0.021683843819606363,9
midcap100,v2,2021-04-06,85,0.2249057682508082,0.00993853719492499,0.04418978344673592,-0.012580109299795583,-0.055935022910424514,9
midcap100,v2,2021-05-06,84,0.23888421066791943,0.004058286364156949,0.01698850816807856,-0.0017125773260582289,-0.007169068735308494,9
midcap100,v2,2021-06-04,83,0.305964821222511,0.008285366073871092,0.027079472864776213,-0.011400276124632347,-0.03726008787246024,9
midcap100,v2,2021-07-02,82,0.17134936763738917,0.002733180825129633,0.01595092449313038,-0.0064159149692543105,-0.037443470365363225,9
midcap100,v2,2021-08-02,83,0.25915895172389697,0.0103293378119097,0.0398571523121238,-0.004506174316547207,-0.017387685382166538,9
midcap100,v2,2021-08-31,85,0.31171436916154,0.004065903959632355,0.013043684737950848,-0.008879668434858767,-0.02848655472233636,9
midcap100,v2,2021-09-29,84,0.2764654375530119,0.003590842119270965,0.01298839432174022,-0.012368658189989667,-0.044738533320708464,11
midcap100,v2,2021-10-28,85,0.26547043988546737,0.00996078159030045,0.03752124565958401,-0.014426726746416096,-0.05434400437442398,12
midcap100,v2,2021-11-29,85,0.25318009365153915,0.0031858527427994776,0.012583346095069706,-0.013105501777256223,-0.05176355529472943,11
midcap100,v2,2021-12-27,85,0.393599989477728,0.007830458743164681,0.01989445872078147,-0.026381017659614536,-0.06702494503269624,10
midcap100,v2,2022-01-24,85,0.2500420434148289,0.006371262065125616,0.025480763067335276,-0.01117989168314748,-0.0447120473439726,9
midcap100,v2,2022-02-22,85,0.22954538814480607,0.008157839836030467,0.03553911451657738,-0.02728082868620041,-0.11884720885348658,9
midcap100,v2,2022-03-24,85,0.22664323633960443,0.006899402427240853,0.03044168684964735,-0.011386624758324637,-0.05024030252225488,10
midcap100,v2,2022-04-25,86,0.2934075899655138,0.0005841973445781523,0.0019910778199255753,-0.01636330858845536,-0.0557698885375755,10
midcap100,v2,2022-05-24,86,0.2343704087568486,4.9950629299355676e-05,0.00021312686001745965,-0.016958929928361344,-0.0723595185002884,13
midcap100,v2,2022-06-21,86,0.18483572926854702,0.007375367833067581,0.03990228438113251,-0.00992683622606938,-0.05370626266551919,10
midcap100,v2,2022-07-19,86,0.2561312418536109,0.004797393543385486,0.018730216230815708,-0.0024138292326727484,-0.009424189002497191,11
midcap100,v2,2022-08-18,86,0.17337880715793486,0.008849407242438323,0.05104088202877753,-0.021893333407578264,-0.1262745647317501,9
midcap100,v2,2022-09-16,83,0.25961457682408967,0.002104430157953918,0.008105978422697904,-0.020048319594454633,-0.0772233972364311,11
midcap100,v2,2022-10-17,86,0.22284449485067986,0.0025954137091841467,0.011646748154686257,-0.008727651938630232,-0.03916476350236213,11
midcap100,v2,2022-11-16,87,0.24707550898389818,0.004501919949415956,0.018220826369761092,-0.02482066475638034,-0.10045781088726966,12
midcap100,v2,2022-12-14,89,0.2585729392368101,0.0006086791682434756,0.002353994080123079,-0.015480017871196461,-0.05986712266521951,11
midcap100,v2,2023-01-11,89,0.3809627293298641,0.0008195475577772449,0.002151253901448253,-0.0026482475532587646,-0.00695146099440538,10
midcap100,v2,2023-02-09,89,0.4196627887511274,0.0003035952158519928,0.0007234265796008753,0.0003035952158519928,0.0007234265796008753,8
midcap100,v2,2023-03-10,89,0.2190540551418283,0.0015840599621541607,0.007231365614886921,-0.011878502572310157,-0.05422635323787695,9
midcap100,v2,2023-04-12,89,0.29981911774784714,0.004884844466805371,0.016292638386434074,-0.013428218712654982,-0.04478773339580146,9
midcap100,v2,2023-05-12,88,0.1558380009192567,0.0033628196647981223,0.02157894509016756,-0.012435876572953308,-0.07980002630678397,10
midcap100,v2,2023-06-09,88,0.25125407437196323,0.00045457079822486257,0.0018092076690143693,-0.006106103615338143,-0.02430250586224725,10
midcap100,v2,2023-07-10,88,0.39920136381901083,0.005232137424996397,0.013106511899013787,-0.017622372847767576,-0.044144069747610315,10
midcap100,v2,2023-08-07,88,0.3665923709928183,0.0009871658352600399,0.0026928160904891797,-0.0063607326998434965,-0.017350968550210517,10
midcap100,v2,2023-09-05,89,0.23000625489451043,0.004611532905438143,0.020049597814429724,-0.01491222640891321,-0.06483400382199397,9
midcap100,v2,2023-10-05,88,0.2014923716035496,0.0006942647465983942,0.0034456130575722683,-0.003928011906064954,-0.01949459364046592,9
midcap100,v2,2023-11-03,89,0.2005183245389373,0.0015705405693277052,0.007832404210133585,-0.0018604397097090608,-0.009278153076467555,9
midcap100,v2,2023-12-04,89,0.3457141629631226,0.00481776643087839,0.013935692971283628,-0.005489757675014695,-0.015879469987465596,10
midcap100,v2,2024-01-02,87,0.23655338272137655,0.003682588057687064,0.015567682927724544,-0.0203102311201786,-0.08585897562116424,11
midcap100,v2,2024-01-31,83,0.3696022900928663,0.0027769405186472973,0.007513320650555392,-0.010236688072986722,-0.027696495252815263,10
midcap100,v2,2024-02-28,88,0.23702101940507797,0.004674958654615202,0.019723814648799225,-0.010087467299644604,-0.04255937859420281,12
midcap100,v2,2024-03-28,89,0.20187529013418903,0.008528359867732704,0.042245684759456184,-0.0038084631232896404,-0.018865424890575303,10
midcap100,v2,2024-04-30,89,0.24377465898994094,0.007163500931386846,0.029385748957944144,0.007163500931386846,0.029385748957944144,8
midcap100,v2,2024-05-29,89,0.3602873957902291,0.006430313510649044,0.017847733741962427,-0.010955521957067282,-0.030407730287200885,9
midcap100,v2,2024-06-27,90,0.1919916857107431,0.0008397904867235573,0.004374098199173038,-0.006649681215027736,-0.034635256159197554,9
midcap100,v2,2024-07-26,90,0.20007171896343678,0.005576207437425151,0.0278710427756369,-0.016131928959589592,-0.08063073103569281,11
midcap100,v2,2024-08-26,89,0.2031952532774282,0.0038279667294621733,0.018838859017221935,-0.012650716112137972,-0.06225891554103182,12
midcap100,v2,2024-09-23,90,0.35710456770496873,0.002347525345798407,0.006573775745534222,-0.014805899296396419,-0.041460963077427505,10
midcap100,v2,2024-10-22,90,0.2781760391276186,0.0006407676923761985,0.0023034611262195514,-0.011079645375065339,-0.03982961799949397,9
midcap100,v2,2024-11-21,90,0.2883629344089924,0.0011506776733574142,0.003990379955439693,-0.006389089436978024,-0.02215641705156259,10
midcap100,v2,2024-12-19,90,0.1650561912261438,0.0033347997431357745,0.020204026994460084,-0.0072509540427331265,-0.04393021545492093,10
midcap100,v2,2025-01-17,91,0.20757851152556966,0.00046717657021055903,0.002250601792917336,-0.01373467870412759,-0.06616618744968572,11
midcap100,v2,2025-02-13,91,0.22011792258133017,0.014140766597040555,0.06424177745824292,-0.008852980761223206,-0.040219263644704656,9
midcap100,v2,2025-03-17,91,0.23427626785132066,0.0021259032283742485,0.00907434307312517,-0.022689247391553535,-0.0968482535582856,10
midcap100,v2,2025-04-17,91,0.17332985585702965,0.001852902109608645,0.010690034330479124,-0.0074268965017222355,-0.042848339456580856,9
midcap100,v2,2025-05-19,91,0.2898344070270016,0.0012001155182315149,0.004140693751793622,0.0012001155182315149,0.004140693751793622,8
midcap100,v2,2025-06-16,90,0.29927067621043024,0.0032641949974989704,0.010907166177563528,-0.005493197345451839,-0.01835528096173824,10
midcap100,v2,2025-07-14,91,0.24196413417036278,0.0024330820200755277,0.010055548225847541,-0.00496906668405972,-0.020536377017599996,9
midcap100,v2,2025-08-11,91,0.3149181728377982,0.002295929879351788,0.007290560143489495,0.002295929879351788,0.007290560143489495,8
midcap100,v2,2025-09-10,92,0.2638021311184992,0.016109460044623103,0.06106645149650734,-0.0036513406655213076,-0.01384120988727394,9
midcap100,v2,2025-10-09,92,0.26366851915595535,0.0045562480453720244,0.017280212518192523,-0.004438702395818117,-0.016834404084443245,9
midcap100,v2,2025-11-10,93,0.29270100170590785,0.00015032225818845113,0.0005135693329108858,-0.006131255731425922,-0.020947163472936518,10
midcap100,v2,2025-12-08,94,0.2276100789287187,0.0031945974293756674,0.01403539528834366,-0.006744341424951061,-0.029631119398114202,10
midcap100,v2,2026-01-06,95,0.2476384726070276,0.0008092943395960894,0.003268047694997465,-0.0182706267649978,-0.07377943569370612,9
midcap100,v2,2026-02-04,95,0.21446563938993113,0.002089972905817916,0.009745024479273473,-0.010116276921804612,-0.04716968625175282,9
midcap100,v2,2026-03-05,95,0.23290814126520598,0.003216590561214927,0.013810554426057118,-0.020943825433722973,-0.08992311440876094,10
midcap100,v2,2026-04-07,95,0.2573417683787856,0.00011492017289227441,0.0004465663448893439,0.00011492017289227441,0.0004465663448893439,8
midcap100,v2,2026-05-07,94,0.15978135942724492,0.00044795698622435154,0.0028035622417415026,0.00044795698622435154,0.0028035622417415026,8
midcap100,v3,2019-01-01,75,0.4530660556512269,0.002220319085181388,0.004900652029625022,0.002220319085181388,0.004900652029625022,8
midcap100,v3,2019-01-29,75,0.32382085971061736,0.0035443166531468062,0.010945300609461004,-0.021400108898868897,-0.06608625805636213,8
midcap100,v3,2019-02-26,75,0.2769556277715207,0.0038667269934540283,0.013961539704273317,-0.014638170891462576,-0.052853848861083935,9
midcap100,v3,2019-03-28,75,0.30013821001764696,0.004756398949784635,0.015847362285211792,-0.014847104988351068,-0.04946756025325171,8
midcap100,v3,2019-04-30,76,0.2931609357235755,0.006666972129252269,0.022741679797128996,-0.03319938619586538,-0.11324628267379193,7
midcap100,v3,2019-05-29,76,0.19297960708519513,0.0006594572703810808,0.0034172381234559607,-0.03074994736072445,-0.15934298874983824,8
midcap100,v3,2019-06-27,76,0.2598196555043378,0.010650784103083955,0.04099298831879999,-0.13603326004520766,-0.5235680102075131,9
midcap100,v3,2019-07-25,76,0.196255375562974,0.0005130597070838183,0.002614245370920751,0.002973769384821079,0.01515254996858347,7
midcap100,v3,2019-08-26,76,0.2548720574740116,0.0005522251131533373,0.0021666757769617244,-0.01870177364161174,-0.07337710468131131,8
midcap100,v3,2019-09-25,76,0.2699531414241879,0.0028262436082014952,0.01046938588412464,-0.002468150182782347,-0.009142883723305321,9
midcap100,v3,2019-10-27,76,0.44415533132969387,0.003035075218613459,0.0068333643762131056,-0.020297970510164798,-0.04570016180915261,8
midcap100,v3,2019-11-26,77,0.3014831851591118,0.0015871939097541476,0.005264618353147903,-0.02441261849172016,-0.08097505829002062,7
midcap100,v3,2019-12-24,77,0.29828425368443745,0.0005147034484977997,0.0017255468303811895,-0.0033799582676811157,-0.01133133320291476,8
midcap100,v3,2020-01-22,76,0.2561767513154237,0.0028457678679892906,0.011108610962457601,-0.047231958436596,-0.18437254042011222,7
midcap100,v3,2020-02-18,77,0.45948469382599544,0.0020456885517659007,0.004452136446008782,-0.09440842965862195,-0.20546588586555606,7
midcap100,v3,2020-03-19,77,0.6482235696617953,0.000963275434705646,0.0014860234644171087,-0.005244975874055258,-0.008091306949532513,7
midcap100,v3,2020-04-22,77,0.2626600294016436,0.004999342944628227,0.019033512468635026,-0.020265967118941908,-0.07715664680731621,9
midcap100,v3,2020-05-21,80,0.30496634002502826,0.0017566584917011463,0.005760171734221485,-0.00418330583160198,-0.013717270670785046,8
midcap100,v3,2020-06-19,80,0.23634990102448317,0.0017490731320520814,0.007400354831842715,0.0017490731320520814,0.007400354831842715,8
midcap100,v3,2020-07-17,80,0.1808870668830203,0.0016026364240168123,0.008859872912048695,0.0016026364240168123,0.008859872912048695,8
midcap100,v3,2020-08-14,79,0.21754213672902611,0.011206751238657442,0.05151531288219691,-0.03482545913534729,-0.16008603969320404,7
midcap100,v3,2020-09-11,79,0.4454416962887837,0.0022046411512612885,0.004949337185156551,-0.034238463767747196,-0.076864074587104,8
midcap100,v3,2020-10-12,80,0.4500447024328862,0.0018673575801244624,0.004149271328003102,-0.0329303877629189,-0.07317137072140008,9
midcap100,v3,2020-11-09,82,0.1925940610209092,0.0020289445057991573,0.01053482384162865,-0.0026312534106335272,-0.013662173156771757,9
midcap100,v3,2020-12-08,82,0.2767721280966351,0.0012199264778625096,0.004407692661294897,-0.01071752482163546,-0.03872328075568878,8
midcap100,v3,2021-01-06,80,0.25075720359352305,0.0033233023155736507,0.013253068178893546,0.0033233023155736507,0.013253068178893546,8
midcap100,v3,2021-02-04,81,0.17136744644871127,0.0010454178597495423,0.006100446038112766,-0.01082257506674389,-0.06315420630360498,8
midcap100,v3,2021-03-04,83,0.23451533025868776,0.0011749762566160005,0.005010232189596794,-0.011237090490524237,-0.047916229945943814,7
midcap100,v3,2021-04-06,85,0.2249057682508082,0.00993853719492499,0.04418978344673592,-0.012580109299795583,-0.055935022910424514,9
midcap100,v3,2021-05-06,84,0.23888421066791943,0.004058286364156949,0.01698850816807856,-0.005770863690215178,-0.024157576903387053,8
midcap100,v3,2021-06-04,83,0.305964821222511,0.008285366073871092,0.027079472864776213,-0.024789510637655887,-0.0810207870911665,8
midcap100,v3,2021-07-02,82,0.17134936763738917,0.002733180825129633,0.01595092449313038,-0.009149095794383943,-0.05339439485849361,8
midcap100,v3,2021-08-02,83,0.25915895172389697,0.0103293378119097,0.0398571523121238,-0.022223478738079838,-0.08575230988646809,8
midcap100,v3,2021-08-31,85,0.31171436916154,0.004065903959632355,0.013043684737950848,0.004065903959632355,0.013043684737950848,8
midcap100,v3,2021-09-29,84,0.2764654375530119,0.003590842119270965,0.01298839432174022,-0.02348863379567634,-0.0849604710215266,8
midcap100,v3,2021-10-28,85,0.26547043988546737,0.00996078159030045,0.03752124565958401,-0.028150364633557468,-0.10603954491393638,8
midcap100,v3,2021-11-29,85,0.25318009365153915,0.0031858527427994776,0.012583346095069706,-0.03164084344178264,-0.1249736619709568,8
midcap100,v3,2021-12-27,85,0.393599989477728,0.007830458743164681,0.01989445872078147,-0.11610524544038847,-0.29498284691127596,8
midcap100,v3,2022-01-24,85,0.2500420434148289,0.006371262065125616,0.025480763067335276,0.005931922788261379,0.023723701451359932,7
midcap100,v3,2022-02-22,85,0.22954538814480607,0.008157839836030467,0.03553911451657738,0.00709099324193363,0.0308914646434123,7
midcap100,v3,2022-03-24,85,0.22664323633960443,0.006899402427240853,0.03044168684964735,-0.01828602718556549,-0.08068198937190223,8
midcap100,v3,2022-04-25,86,0.2934075899655138,0.0005841973445781523,0.0019910778199255753,-0.042691434645036996,-0.14550214822341445,7
midcap100,v3,2022-05-24,86,0.2343704087568486,4.9950629299355676e-05,0.00021312686001745965,-0.03811495206070059,-0.16262698120838098,8
midcap100,v3,2022-06-21,86,0.18483572926854702,0.007375367833067581,0.03990228438113251,-0.010204752411455909,-0.05520984742419291,8
midcap100,v3,2022-07-19,86,0.2561312418536109,0.004797393543385486,0.018730216230815708,-0.029968462583456534,-0.11700432312191221,8
midcap100,v3,2022-08-18,86,0.17337880715793486,0.008849407242438323,0.05104088202877753,-0.037544491547684355,-0.2165460252214343,8
midcap100,v3,2022-09-16,83,0.25961457682408967,0.002104430157953918,0.008105978422697904,-0.06025177646473667,-0.23208163887331423,8
midcap100,v3,2022-10-17,86,0.22284449485067986,0.0025954137091841467,0.011646748154686257,-0.057239108391634264,-0.25685673065420866,8
midcap100,v3,2022-11-16,87,0.24707550898389818,0.004501919949415956,0.018220826369761092,-0.07565131228291089,-0.30618701381625424,7
midcap100,v3,2022-12-14,89,0.2585729392368101,0.0006086791682434756,0.002353994080123079,-0.016088697039439936,-0.06222111674534259,8
midcap100,v3,2023-01-11,89,0.3809627293298641,0.0008195475577772449,0.002151253901448253,-0.009417082102058605,-0.024719169034261718,8
midcap100,v3,2023-02-09,89,0.4196627887511274,0.0003035952158519928,0.0007234265796008753,0.0003035952158519928,0.0007234265796008753,8
midcap100,v3,2023-03-10,89,0.2190540551418283,0.0015840599621541607,0.007231365614886921,-0.011878502572310157,-0.05422635323787695,9
midcap100,v3,2023-04-12,89,0.29981911774784714,0.004884844466805371,0.016292638386434074,-0.018313063179460354,-0.06108037178223553,8
midcap100,v3,2023-05-12,88,0.1558380009192567,0.0033628196647981223,0.02157894509016756,-0.018394028472063617,-0.11803301097011627,8
midcap100,v3,2023-06-09,88,0.25125407437196323,0.00045457079822486257,0.0018092076690143693,-0.011450213865501602,-0.04557225149133462,8
midcap100,v3,2023-07-10,88,0.39920136381901083,0.005232137424996397,0.013106511899013787,-0.024422392481549537,-0.061178128871879595,8
midcap100,v3,2023-08-07,88,0.3665923709928183,0.0009871658352600399,0.0026928160904891797,-0.007347898535103536,-0.020043784640699697,8
midcap100,v3,2023-09-05,89,0.23000625489451043,0.004611532905438143,0.020049597814429724,-0.014757158119623859,-0.06415981220333355,9
midcap100,v3,2023-10-05,88,0.2014923716035496,0.0006942647465983942,0.0034456130575722683,-0.0048760904510141145,-0.024199876214709336,9
midcap100,v3,2023-11-03,89,0.2005183245389373,0.0015705405693277052,0.007832404210133585,-0.003430980279036766,-0.01711055728660114,8
midcap100,v3,2023-12-04,89,0.3457141629631226,0.00481776643087839,0.013935692971283628,-0.020853015173009748,-0.060318660347259606,7
midcap100,v3,2024-01-02,87,0.23655338272137655,0.003682588057687064,0.015567682927724544,-0.019993628222693016,-0.08452057625505373,8
midcap100,v3,2024-01-31,83,0.3696022900928663,0.0027769405186472973,0.007513320650555392,-0.014055069805416931,-0.03802755064608894,8
midcap100,v3,2024-02-28,88,0.23702101940507797,0.004674958654615202,0.019723814648799225,-0.027518778856141735,-0.11610269386746283,7
midcap100,v3,2024-03-28,89,0.20187529013418903,0.008528359867732704,0.042245684759456184,-0.022243974338783667,-0.11018671142960497,7
midcap100,v3,2024-04-30,89,0.24377465898994094,0.007163500931386846,0.029385748957944144,-0.004114341632902918,-0.016877642860625194,7
midcap100,v3,2024-05-29,89,0.3602873957902291,0.006430313510649044,0.017847733741962427,-0.024385135466851282,-0.06768245503944603,7
midcap100,v3,2024-06-27,90,0.1919916857107431,0.0008397904867235573,0.004374098199173038,-0.006630571796295448,-0.03453572362651758,7
midcap100,v3,2024-07-26,90,0.20007171896343678,0.005576207437425151,0.0278710427756369,-0.02856986305346898,-0.14279810860569522,7
midcap100,v3,2024-08-26,89,0.2031952532774282,0.0038279667294621733,0.018838859017221935,-0.019268360183447242,-0.09482682234284089,8
midcap100,v3,2024-09-23,90,0.35710456770496873,0.002347525345798407,0.006573775745534222,-0.017153424642194826,-0.04803473882296173,8
midcap100,v3,2024-10-22,90,0.2781760391276186,0.0006407676923761985,0.0023034611262195514,-0.011720413067441537,-0.04213307912571353,8
midcap100,v3,2024-11-21,90,0.2883629344089924,0.0011506776733574142,0.003990379955439693,-0.011154108900171322,-0.03868079967708738,8
midcap100,v3,2024-12-19,90,0.1650561912261438,0.0033347997431357745,0.020204026994460084,-0.013561028465612579,-0.08216007145731716,9
midcap100,v3,2025-01-17,91,0.20757851152556966,0.00046717657021055903,0.002250601792917336,-0.027854590336103713,-0.13418821693724578,8
midcap100,v3,2025-02-13,91,0.22011792258133017,0.014140766597040555,0.06424177745824292,-0.026620702556773623,-0.12093836905505814,8
midcap100,v3,2025-03-17,91,0.23427626785132066,0.0021259032283742485,0.00907434307312517,-0.03831591440652615,-0.16355013146633648,8
midcap100,v3,2025-04-17,91,0.17332985585702965,0.001852902109608645,0.010690034330479124,0.001852902109608645,0.010690034330479124,8
midcap100,v3,2025-05-19,91,0.2898344070270016,0.0012001155182315149,0.004140693751793622,0.0012001155182315149,0.004140693751793622,8
midcap100,v3,2025-06-16,90,0.29927067621043024,0.0032641949974989704,0.010907166177563528,-0.024561126646310494,-0.08206994068820994,7
midcap100,v3,2025-07-14,91,0.24196413417036278,0.0024330820200755277,0.010055548225847541,0.0024330820200755277,0.010055548225847541,8
midcap100,v3,2025-08-11,91,0.3149181728377982,0.002295929879351788,0.007290560143489495,0.002295929879351788,0.007290560143489495,8
midcap100,v3,2025-09-10,92,0.2638021311184992,0.016109460044623103,0.06106645149650734,-0.01976080071014441,-0.07490766138378128,8
midcap100,v3,2025-10-09,92,0.26366851915595535,0.0045562480453720244,0.017280212518192523,-0.026166574412768262,-0.09924041935886622,8
midcap100,v3,2025-11-10,93,0.29270100170590785,0.00015032225818845113,0.0005135693329108858,-0.0025188525070403145,-0.00860554795631051,8
midcap100,v3,2025-12-08,94,0.2276100789287187,0.0031945974293756674,0.01403539528834366,-0.013759985799450258,-0.06045420248617159,8
midcap100,v3,2026-01-06,95,0.2476384726070276,0.0008092943395960894,0.003268047694997465,-0.01907992110459389,-0.0770474833887036,8
midcap100,v3,2026-02-04,95,0.21446563938993113,0.002089972905817916,0.009745024479273473,-0.027308733486532843,-0.12733384034950893,8
midcap100,v3,2026-03-05,95,0.23290814126520598,0.003216590561214927,0.013810554426057118,-0.0241604159949379,-0.10373366883481806,9
midcap100,v3,2026-04-07,95,0.2573417683787856,0.00011492017289227441,0.0004465663448893439,0.00011492017289227441,0.0004465663448893439,8
midcap100,v3,2026-05-07,94,0.15978135942724492,0.00044795698622435154,0.0028035622417415026,0.00044795698622435154,0.0028035622417415026,8
midcap100,v4,2019-01-01,75,0.4530660556512269,0.002220319085181388,0.004900652029625022,0.002220319085181388,0.004900652029625022,8
midcap100,v4,2019-01-29,75,0.32382085971061736,0.0035443166531468062,0.010945300609461004,0.00546209056275937,0.01686763035476025,10
midcap100,v4,2019-02-26,75,0.2769556277715207,0.0038667269934540283,0.013961539704273317,-0.009876277877586381,-0.03566014511802586,11
midcap100,v4,2019-03-28,75,0.30013821001764696,0.004756398949784635,0.015847362285211792,-0.005980377350033872,-0.01992541152851631,9
midcap100,v4,2019-04-30,76,0.2931609357235755,0.006666972129252269,0.022741679797128996,-0.01729473153811667,-0.058993983954342584,9
midcap100,v4,2019-05-29,76,0.19297960708519513,0.0006594572703810808,0.0034172381234559607,-0.013028731852989806,-0.06751351632319358,10
midcap100,v4,2019-06-27,76,0.2598196555043378,0.010650784103083955,0.04099298831879999,-0.012037832935573256,-0.04633149448299642,11
midcap100,v4,2019-07-25,76,0.196255375562974,0.0005130597070838183,0.002614245370920751,0.0005130597070838183,0.002614245370920751,8
midcap100,v4,2019-08-26,76,0.2548720574740116,0.0005522251131533373,0.0021666757769617244,-0.018149548528458403,-0.07121042890434959,9
midcap100,v4,2019-09-25,76,0.2699531414241879,0.0028262436082014952,0.01046938588412464,-0.002468150182782347,-0.009142883723305321,9
midcap100,v4,2019-10-27,76,0.44415533132969387,0.003035075218613459,0.0068333643762131056,-0.011502713540256115,-0.025897952200235372,10
midcap100,v4,2019-11-26,77,0.3014831851591118,0.0015871939097541476,0.005264618353147903,-0.012949858399470382,-0.042953833039265255,12
midcap100,v4,2019-12-24,77,0.29828425368443745,0.0005147034484977997,0.0017255468303811895,-0.00393381530031256,-0.013188142691817194,11
midcap100,v4,2020-01-22,76,0.2561767513154237,0.0028457678679892906,0.011108610962457601,-0.004462210749748952,-0.017418484412954197,9
midcap100,v4,2020-02-18,77,0.45948469382599544,0.0020456885517659007,0.004452136446008782,-0.004973419374097676,-0.010823906521641578,12
midcap100,v4,2020-03-19,77,0.6482235696617953,0.000963275434705646,0.0014860234644171087,-0.029987682447578656,-0.04626132688020655,9
midcap100,v4,2020-04-22,77,0.2626600294016436,0.004999342944628227,0.019033512468635026,-0.015216674219200366,-0.05793296472959713,11
midcap100,v4,2020-05-21,80,0.30496634002502826,0.0017566584917011463,0.005760171734221485,0.002839095280424475,0.009309536521937056,10
midcap100,v4,2020-06-19,80,0.23634990102448317,0.0017490731320520814,0.007400354831842715,0.0017490731320520814,0.007400354831842715,8
midcap100,v4,2020-07-17,80,0.1808870668830203,0.0016026364240168123,0.008859872912048695,0.0016026364240168123,0.008859872912048695,8
midcap100,v4,2020-08-14,79,0.21754213672902611,0.011206751238657442,0.05151531288219691,-0.006774396800239946,-0.031140619017998524,9
midcap100,v4,2020-09-11,79,0.4454416962887837,0.0022046411512612885,0.004949337185156551,-0.026594968231061222,-0.05970471209282454,10
midcap100,v4,2020-10-12,80,0.4500447024328862,0.0018673575801244624,0.004149271328003102,-0.01810896150471364,-0.040238139471076594,10
midcap100,v4,2020-11-09,82,0.1925940610209092,0.0020289445057991573,0.01053482384162865,-0.0026312534106335272,-0.013662173156771757,9
midcap100,v4,2020-12-08,82,0.2767721280966351,0.0012199264778625096,0.004407692661294897,-0.009046939680266597,-0.03268732203087969,9
midcap100,v4,2021-01-06,80,0.25075720359352305,0.0033233023155736507,0.013253068178893546,0.0033233023155736507,0.013253068178893546,8
midcap100,v4,2021-02-04,81,0.17136744644871127,0.0010454178597495423,0.006100446038112766,0.002257215971726012,0.013171789733131004,9
midcap100,v4,2021-03-04,83,0.23451533025868776,0.0011749762566160005,0.005010232189596794,-0.005085193794632792,-0.021683843819606363,9
midcap100,v4,2021-04-06,85,0.2249057682508082,0.00993853719492499,0.04418978344673592,-0.012580109299795583,-0.055935022910424514,9
midcap100,v4,2021-05-06,84,0.23888421066791943,0.004058286364156949,0.01698850816807856,-0.0017125773260582289,-0.007169068735308494,9
midcap100,v4,2021-06-04,83,0.305964821222511,0.008285366073871092,0.027079472864776213,-0.011400276124632347,-0.03726008787246024,9
midcap100,v4,2021-07-02,82,0.17134936763738917,0.002733180825129633,0.01595092449313038,-0.0064159149692543105,-0.037443470365363225,9
midcap100,v4,2021-08-02,83,0.25915895172389697,0.0103293378119097,0.0398571523121238,-0.004506174316547207,-0.017387685382166538,9
midcap100,v4,2021-08-31,85,0.31171436916154,0.004065903959632355,0.013043684737950848,-0.008879668434858767,-0.02848655472233636,9
midcap100,v4,2021-09-29,84,0.2764654375530119,0.003590842119270965,0.01298839432174022,-0.012368658189989667,-0.044738533320708464,11
midcap100,v4,2021-10-28,85,0.26547043988546737,0.00996078159030045,0.03752124565958401,-0.014426726746416096,-0.05434400437442398,12
midcap100,v4,2021-11-29,85,0.25318009365153915,0.0031858527427994776,0.012583346095069706,-0.013105501777256223,-0.05176355529472943,11
midcap100,v4,2021-12-27,85,0.393599989477728,0.007830458743164681,0.01989445872078147,-0.026381017659614536,-0.06702494503269624,10
midcap100,v4,2022-01-24,85,0.2500420434148289,0.006371262065125616,0.025480763067335276,-0.01117989168314748,-0.0447120473439726,9
midcap100,v4,2022-02-22,85,0.22954538814480607,0.008157839836030467,0.03553911451657738,-0.02728082868620041,-0.11884720885348658,9
midcap100,v4,2022-03-24,85,0.22664323633960443,0.006899402427240853,0.03044168684964735,-0.011386624758324637,-0.05024030252225488,10
midcap100,v4,2022-04-25,86,0.2934075899655138,0.0005841973445781523,0.0019910778199255753,-0.01636330858845536,-0.0557698885375755,10
midcap100,v4,2022-05-24,86,0.2343704087568486,4.9950629299355676e-05,0.00021312686001745965,-0.016958929928361344,-0.0723595185002884,13
midcap100,v4,2022-06-21,86,0.18483572926854702,0.007375367833067581,0.03990228438113251,-0.00992683622606938,-0.05370626266551919,10
midcap100,v4,2022-07-19,86,0.2561312418536109,0.004797393543385486,0.018730216230815708,-0.0024138292326727484,-0.009424189002497191,11
midcap100,v4,2022-08-18,86,0.17337880715793486,0.008849407242438323,0.05104088202877753,-0.021893333407578264,-0.1262745647317501,9
midcap100,v4,2022-09-16,83,0.25961457682408967,0.002104430157953918,0.008105978422697904,-0.020048319594454633,-0.0772233972364311,11
midcap100,v4,2022-10-17,86,0.22284449485067986,0.0025954137091841467,0.011646748154686257,-0.008727651938630232,-0.03916476350236213,11
midcap100,v4,2022-11-16,87,0.24707550898389818,0.004501919949415956,0.018220826369761092,-0.017591755601685022,-0.07119991647100672,13
midcap100,v4,2022-12-14,89,0.2585729392368101,0.0006086791682434756,0.002353994080123079,-0.015480017871196461,-0.05986712266521951,11
midcap100,v4,2023-01-11,89,0.3809627293298641,0.0008195475577772449,0.002151253901448253,-0.0026482475532587646,-0.00695146099440538,10
midcap100,v4,2023-02-09,89,0.4196627887511274,0.0003035952158519928,0.0007234265796008753,0.0003035952158519928,0.0007234265796008753,8
midcap100,v4,2023-03-10,89,0.2190540551418283,0.0015840599621541607,0.007231365614886921,-0.011878502572310157,-0.05422635323787695,9
midcap100,v4,2023-04-12,89,0.29981911774784714,0.004884844466805371,0.016292638386434074,-0.013428218712654982,-0.04478773339580146,9
midcap100,v4,2023-05-12,88,0.1558380009192567,0.0033628196647981223,0.02157894509016756,-0.012435876572953308,-0.07980002630678397,10
midcap100,v4,2023-06-09,88,0.25125407437196323,0.00045457079822486257,0.0018092076690143693,-0.006106103615338143,-0.02430250586224725,10
midcap100,v4,2023-07-10,88,0.39920136381901083,0.005232137424996397,0.013106511899013787,-0.017622372847767576,-0.044144069747610315,10
midcap100,v4,2023-08-07,88,0.3665923709928183,0.0009871658352600399,0.0026928160904891797,-0.0063607326998434965,-0.017350968550210517,10
midcap100,v4,2023-09-05,89,0.23000625489451043,0.004611532905438143,0.020049597814429724,-0.009941650458804796,-0.043223391743691546,10
midcap100,v4,2023-10-05,88,0.2014923716035496,0.0006942647465983942,0.0034456130575722683,-0.001642221314495873,-0.008150290263727994,10
midcap100,v4,2023-11-03,89,0.2005183245389373,0.0015705405693277052,0.007832404210133585,-0.0018604397097090608,-0.009278153076467555,9
midcap100,v4,2023-12-04,89,0.3457141629631226,0.00481776643087839,0.013935692971283628,-0.005489757675014695,-0.015879469987465596,10
midcap100,v4,2024-01-02,87,0.23655338272137655,0.003682588057687064,0.015567682927724544,-0.025383849350881005,-0.10730706557166113,10
midcap100,v4,2024-01-31,83,0.3696022900928663,0.0027769405186472973,0.007513320650555392,-0.010236688072986722,-0.027696495252815263,10
midcap100,v4,2024-02-28,88,0.23702101940507797,0.004674958654615202,0.019723814648799225,-0.010087467299644604,-0.04255937859420281,12
midcap100,v4,2024-03-28,89,0.20187529013418903,0.008528359867732704,0.042245684759456184,-0.0038084631232896404,-0.018865424890575303,10
midcap100,v4,2024-04-30,89,0.24377465898994094,0.007163500931386846,0.029385748957944144,0.007163500931386846,0.029385748957944144,8
midcap100,v4,2024-05-29,89,0.3602873957902291,0.006430313510649044,0.017847733741962427,-0.010955521957067282,-0.030407730287200885,9
midcap100,v4,2024-06-27,90,0.1919916857107431,0.0008397904867235573,0.004374098199173038,-0.006649681215027736,-0.034635256159197554,9
midcap100,v4,2024-07-26,90,0.20007171896343678,0.005576207437425151,0.0278710427756369,-0.016131928959589592,-0.08063073103569281,11
midcap100,v4,2024-08-26,89,0.2031952532774282,0.0038279667294621733,0.018838859017221935,-0.012650716112137972,-0.06225891554103182,12
midcap100,v4,2024-09-23,90,0.35710456770496873,0.002347525345798407,0.006573775745534222,-0.014805899296396419,-0.041460963077427505,10
midcap100,v4,2024-10-22,90,0.2781760391276186,0.0006407676923761985,0.0023034611262195514,-0.011079645375065339,-0.03982961799949397,9
midcap100,v4,2024-11-21,90,0.2883629344089924,0.0011506776733574142,0.003990379955439693,-0.006389089436978024,-0.02215641705156259,10
midcap100,v4,2024-12-19,90,0.1650561912261438,0.0033347997431357745,0.020204026994460084,-0.0072509540427331265,-0.04393021545492093,10
midcap100,v4,2025-01-17,91,0.20757851152556966,0.00046717657021055903,0.002250601792917336,-0.01373467870412759,-0.06616618744968572,11
midcap100,v4,2025-02-13,91,0.22011792258133017,0.014140766597040555,0.06424177745824292,-0.008852980761223206,-0.040219263644704656,9
midcap100,v4,2025-03-17,91,0.23427626785132066,0.0021259032283742485,0.00907434307312517,-0.022689247391553535,-0.0968482535582856,10
midcap100,v4,2025-04-17,91,0.17332985585702965,0.001852902109608645,0.010690034330479124,-0.0074268965017222355,-0.042848339456580856,9
midcap100,v4,2025-05-19,91,0.2898344070270016,0.0012001155182315149,0.004140693751793622,0.0012001155182315149,0.004140693751793622,8
midcap100,v4,2025-06-16,90,0.29927067621043024,0.0032641949974989704,0.010907166177563528,-0.005493197345451839,-0.01835528096173824,10
midcap100,v4,2025-07-14,91,0.24196413417036278,0.0024330820200755277,0.010055548225847541,-0.00496906668405972,-0.020536377017599996,9
midcap100,v4,2025-08-11,91,0.3149181728377982,0.002295929879351788,0.007290560143489495,0.002295929879351788,0.007290560143489495,8
midcap100,v4,2025-09-10,92,0.2638021311184992,0.016109460044623103,0.06106645149650734,-0.0036513406655213076,-0.01384120988727394,9
midcap100,v4,2025-10-09,92,0.26366851915595535,0.0045562480453720244,0.017280212518192523,-0.004438702395818117,-0.016834404084443245,9
midcap100,v4,2025-11-10,93,0.29270100170590785,0.00015032225818845113,0.0005135693329108858,-0.006131255731425922,-0.020947163472936518,10
midcap100,v4,2025-12-08,94,0.2276100789287187,0.0031945974293756674,0.01403539528834366,-0.006744341424951061,-0.029631119398114202,10
midcap100,v4,2026-01-06,95,0.2476384726070276,0.0008092943395960894,0.003268047694997465,-0.0182706267649978,-0.07377943569370612,9
midcap100,v4,2026-02-04,95,0.21446563938993113,0.002089972905817916,0.009745024479273473,-0.010116276921804612,-0.04716968625175282,9
midcap100,v4,2026-03-05,95,0.23290814126520598,0.003216590561214927,0.013810554426057118,-0.020943825433722973,-0.08992311440876094,10
midcap100,v4,2026-04-07,95,0.2573417683787856,0.00011492017289227441,0.0004465663448893439,0.00011492017289227441,0.0004465663448893439,8
midcap100,v4,2026-05-07,94,0.15978135942724492,0.00044795698622435154,0.0028035622417415026,0.00044795698622435154,0.0028035622417415026,8
nifty200,v1,2019-01-01,160,0.2902701830683205,0.002752379398221705,0.009482129267041808,0.002752379398221705,0.009482129267041808,8
nifty200,v1,2019-01-29,160,0.20512387859736436,0.0007000764505161738,0.003412944681542157,-0.00740638045693931,-0.036106866287748104,7
nifty200,v1,2019-02-26,160,0.1825781374657081,0.0002667159722580248,0.0014608319263204198,0.0002667159722580248,0.0014608319263204198,8
nifty200,v1,2019-03-28,160,0.24736645019230996,0.0007920849414795317,0.0032020710199937847,-0.01936752791817309,-0.0782948855963135,9
nifty200,v1,2019-04-30,162,0.2994611725646235,0.00119850199587479,0.0040021949610718035,-0.0034385243534450494,-0.01148237123362969,10
nifty200,v1,2019-05-29,162,0.1862252985767518,0.001346253972705047,0.007229168018491298,-0.009766872605000754,-0.05244654018355829,9
nifty200,v1,2019-06-27,163,0.2092349780560236,0.001769860239841381,0.008458720699019515,-0.0109314638811282,-0.05224491613539517,8
nifty200,v1,2019-07-25,163,0.21197094090719903,0.0035999376725051047,0.016983165980666938,-0.015734669338260288,-0.07423031322557054,8
nifty200,v1,2019-08-26,164,0.4009425589775088,0.002406636925626815,0.006002448160565108,-0.011572184945957464,-0.02886245095923233,8
nifty200,v1,2019-09-25,164,0.2380867092899388,0.0001548544591302159,0.0006504120267445766,-0.014579510895531556,-0.061236139299891884,7
nifty200,v1,2019-10-27,164,0.32524569574006573,2.0473843236556988e-05,6.294885222069027e-05,-0.010128818919008298,-0.0311420536894766,7
nifty200,v1,2019-11-26,165,0.27762097323554574,0.0001273722031425173,0.0004587989216306405,-0.003926524043122548,-0.014143470492739443,7
nifty200,v1,2019-12-24,165,0.2712241341006506,0.001069372040008898,0.0039427613754020015,-0.0056273962624130425,-0.020748139840404946,8
nifty200,v1,2020-01-22,164,0.16877462547081812,0.0051066082169898275,0.03025696666631195,0.0051066082169898275,0.03025696666631195,8
nifty200,v1,2020-02-18,165,0.2538888200867524,0.0036562350983005976,0.014400929891482745,0.0020485099723261957,0.008068531617998111,7
nifty200,v1,2020-03-19,165,0.2558214842557786,0.00016174892685039133,0.0006322726463766019,-0.004793389486781874,-0.018737243671017433,8
nifty200,v1,2020-04-22,165,0.24411807198313062,0.0032256752489528973,0.013213586453262675,-0.016406244025658823,-0.0672061838453015,8
nifty200,v1,2020-05-21,168,0.19463693562200296,0.0013138717542832135,0.006750372174142909,0.0013138717542832135,0.006750372174142909,8
nifty200,v1,2020-06-19,166,0.32861771879593216,0.0013885307037229122,0.004225367727615363,0.0013885307037229122,0.004225367727615363,8
nifty200,v1,2020-07-17,167,0.2728407695719135,0.00356732450269015,0.013074748719875235,0.00356732450269015,0.013074748719875235,8
nifty200,v1,2020-08-14,166,0.20659829010851838,0.004994558817378869,0.024175218559434414,0.004994558817378869,0.024175218559434414,8
nifty200,v1,2020-09-11,165,0.259458924442567,0.00013946165089295803,0.000537509554518441,-0.004813162535439175,-0.01855076885784517,8
nifty200,v1,2020-10-12,166,0.2590922633455942,0.0005266181856830032,0.002032550794388505,-0.011063632669818912,-0.04270151693052106,8
nifty200,v1,2020-11-09,170,0.16419503095076726,0.00010170724890545824,0.0006194295181560912,-0.010667963334797803,-0.06497129220674477,8
nifty200,v1,2020-12-08,170,0.27950556627971396,0.008065598970466437,0.028856666712657967,-0.019681822165715457,-0.07041656603725366,8
nifty200,v1,2021-01-06,165,0.1757241009846045,0.0004184158878040023,0.0023810956235346477,-0.014312015922438026,-0.08144594760904156,8
nifty200,v1,2021-02-04,169,0.21894988543922073,0.0006409058700357351,0.0029271806594009246,-0.018104528163568223,-0.08268800016611079,8
nifty200,v1,2021-03-04,171,0.22976311167246616,0.001474804379489436,0.006418803996665103,-0.004808168470733731,-0.02092663367820293,9
nifty200,v1,2021-04-06,173,0.16216257406324303,2.6781896216299117e-06,1.6515460716511715e-05,-0.002871337846684252,-0.01770653841227531,8
nifty200,v1,2021-05-06,171,0.21957295556348566,0.0002789055028936671,0.001270217919952471,0.0037618494657669643,0.017132571978698403,7
nifty200,v1,2021-06-04,171,0.23080669101042733,0.004924228144469578,0.02133485872056938,-0.021293943381261893,-0.09225877849572342,7
nifty200,v1,2021-07-02,170,0.1888208259124124,0.00014670816742468062,0.0007769702664722672,-0.0041501247589734724,-0.021979168552618104,8
nifty200,v1,2021-08-02,171,0.18797028288645323,0.0007232314283562857,0.0038475838693777273,-0.00918650259120446,-0.048872100686009654,8
nifty200,v1,2021-08-31,174,0.19352351772115367,0.00203844420649657,0.010533315177919339,-0.002354541366429541,-0.012166693713278708,8
nifty200,v1,2021-09-29,172,0.20832760565421188,0.000863549438547162,0.0041451512670889435,-0.018474394045773113,-0.08867952947358038,8
nifty200,v1,2021-10-28,175,0.3701097798084833,0.0025308412231972444,0.006838082540015158,-0.005076926729025599,-0.013717353623167432,8
nifty200,v1,2021-11-29,175,0.21781342364667766,4.510038912219905e-05,0.00020705973198124775,-0.0009441566769812226,-0.004334703808305086,8
nifty200,v1,2021-12-27,175,0.2278285958500229,0.000740547990116136,0.003250461108067535,-0.012070454939502318,-0.05298042106816199,8
nifty200,v1,2022-01-24,175,0.19880832668213688,0.000900220233688187,0.004528081135794161,-0.011911735245870081,-0.05991567579015473,8
nifty200,v1,2022-02-22,176,0.18965761808143888,0.0021021195984031182,0.011083760408192351,0.0021021195984031182,0.011083760408192351,8
nifty200,v1,2022-03-24,176,0.2330818387663124,0.002335631678283101,0.010020650646337156,0.002335631678283101,0.010020650646337156,8
nifty200,v1,2022-04-25,178,0.315609451264247,0.0008458775602494528,0.002680140144286217,-0.028381979161509197,-0.08992753242280478,8
nifty200,v1,2022-05-24,178,0.30689938885182666,0.0017804585813204765,0.005801440621897411,-0.01753756955932706,-0.05714436130009477,8
nifty200,v1,2022-06-21,178,0.28214432896286784,0.00446724724796177,0.015833198790076303,-0.011774840146406285,-0.041733392940022325,8
nifty200,v1,2022-07-19,178,0.21447829989759037,0.0001610292760092502,0.0007507951904045251,-0.027588221767446908,-0.12862943141856215,9
nifty200,v1,2022-08-18,176,0.20851701288558155,0.005844160498590489,0.028027259827462254,-0.017280555815442633,-0.08287360142131377,8
nifty200,v1,2022-09-16,172,0.2038333844413121,0.006982740249222741,0.03425709811158641,-0.012724873586073548,-0.06242781878420561,8
nifty200,v1,2022-10-17,179,0.23035666593997345,0.00173499571679947,0.00753177994532868,-0.005958134844553098,-0.025864824967147572,8
nifty200,v1,2022-11-16,179,0.17270956145596889,0.0015181356381526179,0.00879010765446044,-0.013892599094369462,-0.08043908500057934,9
nifty200,v1,2022-12-14,180,0.18328556420170083,0.0008740874579001856,0.004768992373770778,-0.004391182384706704,-0.02395814642485606,9
nifty200,v1,2023-01-11,178,0.4020158526885961,0.0007506919220431341,0.0018673192040131426,-0.0015277464080307723,-0.003800214339343911,9
nifty200,v1,2023-02-09,182,0.5643924003256888,0.0007297882206034334,0.0012930511115711357,-0.018039342498720745,-0.031962412123747494,9
nifty200,v1,2023-03-10,182,0.2458932868481808,0.0012008007235034812,0.004883422149889267,-0.011004629467331495,-0.04475367997389031,9
nifty200,v1,2023-04-12,182,0.3156934418760622,0.00024827311763231386,0.0007864373620082459,-0.013278583813542966,-0.04206163971805279,8
nifty200,v1,2023-05-12,181,0.23352763387501008,0.0023266981869239922,0.009963267080286097,-0.016596882353395515,-0.07107031436921331,8
nifty200,v1,2023-06-09,180,0.23039559029361245,0.003211382465484025,0.0139385587258484,0.003211382465484025,0.0139385587258484,8
nifty200,v1,2023-07-10,177,0.23405504125032123,0.001126631922856114,0.004813534102225058,-0.01297310213719538,-0.05542756980534627,8
nifty200,v1,2023-08-07,180,0.27456478331519796,8.531679273815485e-05,0.00031073465325016545,-0.014848825212506855,-0.054081317469839296,8
nifty200,v1,2023-09-05,182,0.18938881435579252,0.007441565244806436,0.03929252775629319,-0.019455687686894763,-0.1027288108491171,8
nifty200,v1,2023-10-05,181,0.2204731836047642,0.0019288073717139698,0.008748489681047496,-0.02861454516433426,-0.1297869640946026,8
nifty200,v1,2023-11-03,182,0.18429015518820724,0.0037380150231054454,0.02028331366527951,-0.0037380150231054454,-0.02028331366527951,8
nifty200,v1,2023-12-04,182,0.3779627856333115,0.006327732559707866,0.016741681457091515,-0.018558298644208993,-0.04910086217380596,8
nifty200,v1,2024-01-02,176,0.29077784373327,0.0005677090834438347,0.0019523808146971243,-0.012510050105358772,-0.04302270745509145,8
nifty200,v1,2024-01-31,173,0.4476126069196933,0.0011269723537289389,0.002517740421755213,-0.025642723871255213,-0.05728776061004869,8
nifty200,v1,2024-02-28,180,0.14126484267967965,0.0007186369743158449,0.005087160829856061,-0.025886324582852116,-0.18324675900818282,8
nifty200,v1,2024-03-28,181,0.22418027735209872,0.0005326799231160084,0.002376123044398676,-0.0072131419200913705,-0.03217563117188214,8
nifty200,v1,2024-04-30,181,0.2649062252073967,0.004129525525996991,0.015588631496915408,-0.007425028635511199,-0.02802889448784414,8
nifty200,v1,2024-05-29,181,0.24157359793794492,0.0022035333420101777,0.009121581831869799,0.002577114771550093,0.010668031579395106,7
nifty200,v1,2024-06-27,182,0.23952457875311334,0.0004619969420066594,0.0019288080764473712,-0.012497854721481794,-0.052177754727892815,8
nifty200,v1,2024-07-26,183,0.20580506383045588,0.0007204119033883405,0.0035004576174171424,-0.00808797972829256,-0.039299226062559436,8
nifty200,v1,2024-08-26,182,0.2192808301057963,0.005940315839377042,0.027089991571588912,-0.03131115339352353,-0.14279019911780183,8
nifty200,v1,2024-09-23,185,0.2299311428219265,0.0005987668489754183,0.002604113743039767,-0.003695225613260411,-0.01607100964188323,8
nifty200,v1,2024-10-22,185,0.18130028243869034,0.0003257116669527216,0.0017965314922378365,-0.012757431378012218,-0.07036630724679843,8
nifty200,v1,2024-11-21,185,0.3038136868698983,0.004083964149470876,0.013442331027106576,-0.045672941956279356,-0.15033207498593643,8
nifty200,v1,2024-12-19,185,0.20848866043367908,0.00034037212688275975,0.001632569014423848,-0.006024275208727281,-0.028894977770954705,8
nifty200,v1,2025-01-17,186,0.38711732347385885,0.002522391227624876,0.00651583144094353,-0.020401392889692116,-0.052700800642598404,8
nifty200,v1,2025-02-13,186,0.2540541347693143,0.004883981582529451,0.019224176717155945,-0.008655161565684355,-0.034068178317756555,8
nifty200,v1,2025-03-17,186,0.2152491821846813,0.007163569205116738,0.033280355039725436,-0.021050455866627793,-0.09779575305687686,8
nifty200,v1,2025-04-17,186,0.17981058907428277,0.0015507118239168616,0.008624140724416605,-0.0003155768414649929,-0.0017550514855085803,7
nifty200,v1,2025-05-19,186,0.15331053502680259,0.0002543153897111017,0.001658825270335407,-0.00467269487604316,-0.03047862872063067,8
nifty200,v1,2025-06-16,184,0.26686453023734985,0.00017817506667494598,0.0006676611032439445,-0.016121763671090417,-0.060411788920587114,8
nifty200,v1,2025-07-14,185,0.29384333027991405,0.012138888923549751,0.04131075193024218,0.012138888923549751,0.04131075193024218,8
nifty200,v1,2025-08-11,186,0.30075806316695697,0.000680812268407216,0.002263654251654371,-0.025549156117194105,-0.08494919753160947,7
nifty200,v1,2025-09-10,187,0.2870656486382237,0.0005878984117639874,0.002047958070054178,0.0005878984117639874,0.002047958070054178,8
nifty200,v1,2025-10-09,187,0.22603811973149907,0.0008474971866250236,0.003749355142538475,-0.03236778451465527,-0.1431961323740596,7
nifty200,v1,2025-11-10,189,0.21548506347161156,0.0026483843152537156,0.012290338237771266,0.0026483843152537156,0.012290338237771266,8
nifty200,v1,2025-12-08,190,0.23327890031372672,0.0004742293554627075,0.0020328857638857905,0.0004742293554627075,0.0020328857638857905,8
nifty200,v1,2026-01-06,191,0.29881218668275156,0.002894254039704669,0.009685863457695901,-0.00916426087651967,-0.030668966276965644,8
nifty200,v1,2026-02-04,191,0.18505226717988366,0.00043457165818661103,0.002348372515556252,-0.013545412260358991,-0.07319776443047796,8
nifty200,v1,2026-03-05,190,0.21403436487452238,0.0007875147266582783,0.0036793845096788954,0.004077056195658013,0.019048605573446988,7
nifty200,v1,2026-04-07,191,0.16231138549859847,0.00041998811688848114,0.0025875456339574383,0.00041998811688848114,0.0025875456339574383,8
nifty200,v1,2026-05-07,190,0.1831127376904617,0.0002749336610969877,0.001501444763289719,-0.010341707210950624,-0.056477268274108275,8
nifty200,v2,2019-01-01,160,0.2902701830683205,0.002752379398221705,0.009482129267041808,0.002752379398221705,0.009482129267041808,8
nifty200,v2,2019-01-29,160,0.20512387859736436,0.0007000764505161738,0.003412944681542157,-0.005127270209563606,-0.024995969482557775,9
nifty200,v2,2019-02-26,160,0.1825781374657081,0.0002667159722580248,0.0014608319263204198,0.0002667159722580248,0.0014608319263204198,8
nifty200,v2,2019-03-28,160,0.24736645019230996,0.0007920849414795317,0.0032020710199937847,-0.009635710290418653,-0.03895318173878296,10
nifty200,v2,2019-04-30,162,0.2994611725646235,0.00119850199587479,0.0040021949610718035,-0.0034385243534450494,-0.01148237123362969,10
nifty200,v2,2019-05-29,162,0.1862252985767518,0.001346253972705047,0.007229168018491298,-0.004482249552410611,-0.024068961557139213,11
nifty200,v2,2019-06-27,163,0.2092349780560236,0.001769860239841381,0.008458720699019515,-0.00916160364128682,-0.04378619543637565,9
nifty200,v2,2019-07-25,163,0.21197094090719903,0.0035999376725051047,0.016983165980666938,-0.005404956623076829,-0.025498573530619562,9
nifty200,v2,2019-08-26,164,0.4009425589775088,0.002406636925626815,0.006002448160565108,-0.006269463034098255,-0.01563681104367358,9
nifty200,v2,2019-09-25,164,0.2380867092899388,0.0001548544591302159,0.0006504120267445766,-0.010958545288865196,-0.04602753896489042,10
nifty200,v2,2019-10-27,164,0.32524569574006573,2.0473843236556988e-05,6.294885222069027e-05,-0.0046716671893396455,-0.014363501963368677,9
nifty200,v2,2019-11-26,165,0.27762097323554574,0.0001273722031425173,0.0004587989216306405,-0.0031698544320588606,-0.011417921330350708,9
nifty200,v2,2019-12-24,165,0.2712241341006506,0.001069372040008898,0.0039427613754020015,-0.006084602486061241,-0.02243385348518897,10
nifty200,v2,2020-01-22,164,0.16877462547081812,0.0051066082169898275,0.03025696666631195,0.0051066082169898275,0.03025696666631195,8
nifty200,v2,2020-02-18,165,0.2538888200867524,0.0036562350983005976,0.014400929891482745,0.0036562350983005976,0.014400929891482745,8
nifty200,v2,2020-03-19,165,0.2558214842557786,0.00016174892685039133,0.0006322726463766019,-0.0015442972609056582,-0.0060366206747577925,10
nifty200,v2,2020-04-22,165,0.24411807198313062,0.0032256752489528973,0.013213586453262675,-0.01195706947687325,-0.04898068127336154,10
nifty200,v2,2020-05-21,168,0.19463693562200296,0.0013138717542832135,0.006750372174142909,0.0013138717542832135,0.006750372174142909,8
nifty200,v2,2020-06-19,166,0.32861771879593216,0.0013885307037229122,0.004225367727615363,0.0013885307037229122,0.004225367727615363,8
nifty200,v2,2020-07-17,167,0.2728407695719135,0.00356732450269015,0.013074748719875235,0.00356732450269015,0.013074748719875235,8
nifty200,v2,2020-08-14,166,0.20659829010851838,0.004994558817378869,0.024175218559434414,0.004994558817378869,0.024175218559434414,8
nifty200,v2,2020-09-11,165,0.259458924442567,0.00013946165089295803,0.000537509554518441,-0.002327713505836382,-0.008971414303197872,10
nifty200,v2,2020-10-12,166,0.2590922633455942,0.0005266181856830032,0.002032550794388505,-0.0024549590123068565,-0.009475230871839163,10
nifty200,v2,2020-11-09,170,0.16419503095076726,0.00010170724890545824,0.0006194295181560912,-0.004873646878142512,-0.029682060717195768,11
nifty200,v2,2020-12-08,170,0.27950556627971396,0.008065598970466437,0.028856666712657967,-0.022680590788453192,-0.08114539932187144,10
nifty200,v2,2021-01-06,165,0.1757241009846045,0.0004184158878040023,0.0023810956235346477,-0.001742089470693875,-0.009913776544780858,9
nifty200,v2,2021-02-04,169,0.21894988543922073,0.0006409058700357351,0.0029271806594009246,-0.0026070800895187096,-0.011907200062191495,11
nifty200,v2,2021-03-04,171,0.22976311167246616,0.001474804379489436,0.006418803996665103,-0.004808168470733731,-0.02092663367820293,9
nifty200,v2,2021-04-06,173,0.16216257406324303,2.6781896216299117e-06,1.6515460716511715e-05,0.0010170841782306539,0.006272003167845581,9
nifty200,v2,2021-05-06,171,0.21957295556348566,0.0002789055028936671,0.001270217919952471,0.0002789055028936671,0.001270217919952471,8
nifty200,v2,2021-06-04,171,0.23080669101042733,0.004924228144469578,0.02133485872056938,-0.006334925851611217,-0.02744688996613629,9
nifty200,v2,2021-07-02,170,0.1888208259124124,0.00014670816742468062,0.0007769702664722672,-0.004003416591548792,-0.021202198286145838,9
nifty200,v2,2021-08-02,171,0.18797028288645323,0.0007232314283562857,0.0038475838693777273,-0.008463271162848174,-0.04502451681663192,9
nifty200,v2,2021-08-31,174,0.19352351772115367,0.00203844420649657,0.010533315177919339,-0.00031609715993297094,-0.0016333785353593692,9
nifty200,v2,2021-09-29,172,0.20832760565421188,0.000863549438547162,0.0041451512670889435,-0.005269888119726951,-0.02529615843842636,11
nifty200,v2,2021-10-28,175,0.3701097798084833,0.0025308412231972444,0.006838082540015158,-0.002546085505828355,-0.006879271083152275,9
nifty200,v2,2021-11-29,175,0.21781342364667766,4.510038912219905e-05,0.00020705973198124775,-0.008687513974196093,-0.03988511740345441,10
nifty200,v2,2021-12-27,175,0.2278285958500229,0.000740547990116136,0.003250461108067535,-0.008889281190935905,-0.03901740761632759,9
nifty200,v2,2022-01-24,175,0.19880832668213688,0.000900220233688187,0.004528081135794161,-0.009682788772017448,-0.04870414098650253,10
nifty200,v2,2022-02-22,176,0.18965761808143888,0.0021021195984031182,0.011083760408192351,0.0021021195984031182,0.011083760408192351,8
nifty200,v2,2022-03-24,176,0.2330818387663124,0.002335631678283101,0.010020650646337156,0.002335631678283101,0.010020650646337156,8
nifty200,v2,2022-04-25,178,0.315609451264247,0.0008458775602494528,0.002680140144286217,-0.022146387073425644,-0.07017022774417288,9
nifty200,v2,2022-05-24,178,0.30689938885182666,0.0017804585813204765,0.005801440621897411,-0.007130894640832386,-0.02323528459118319,10
nifty200,v2,2022-06-21,178,0.28214432896286784,0.00446724724796177,0.015833198790076303,-0.0016825042549418745,-0.005963275112161846,10
nifty200,v2,2022-07-19,178,0.21447829989759037,0.0001610292760092502,0.0007507951904045251,-0.003643612100755589,-0.016988255233724575,12
nifty200,v2,2022-08-18,176,0.20851701288558155,0.005844160498590489,0.028027259827462254,-0.010018705292967778,-0.048047423825629466,9
nifty200,v2,2022-09-16,172,0.2038333844413121,0.006982740249222741,0.03425709811158641,-0.005742133336850808,-0.0281707206726192,9
nifty200,v2,2022-10-17,179,0.23035666593997345,0.00173499571679947,0.00753177994532868,-0.004525705100602906,-0.01964651242947846,10
nifty200,v2,2022-11-16,179,0.17270956145596889,0.0015181356381526179,0.00879010765446044,-0.008281280707170269,-0.04794917338309335,10
nifty200,v2,2022-12-14,180,0.18328556420170083,0.0008740874579001856,0.004768992373770778,-0.004391182384706704,-0.02395814642485606,10
nifty200,v2,2023-01-11,178,0.4020158526885961,0.0007506919220431341,0.0018673192040131426,-0.0015277464080307723,-0.003800214339343911,9
nifty200,v2,2023-02-09,182,0.5643924003256888,0.0007297882206034334,0.0012930511115711357,-0.0030968546994565305,-0.005487059531045167,10
nifty200,v2,2023-03-10,182,0.2458932868481808,0.0012008007235034812,0.004883422149889267,-0.005767160097912116,-0.023453914386336504,11
nifty200,v2,2023-04-12,182,0.3156934418760622,0.00024827311763231386,0.0007864373620082459,-0.011064990604530145,-0.03504979558262138,11
nifty200,v2,2023-05-12,181,0.23352763387501008,0.0023266981869239922,0.009963267080286097,-0.008684977160173135,-0.037190361654679184,11
nifty200,v2,2023-06-09,180,0.23039559029361245,0.003211382465484025,0.0139385587258484,0.003211382465484025,0.0139385587258484,8
nifty200,v2,2023-07-10,177,0.23405504125032123,0.001126631922856114,0.004813534102225058,-0.011846470214339266,-0.05061403570312121,9
nifty200,v2,2023-08-07,180,0.27456478331519796,8.531679273815485e-05,0.00031073465325016545,-0.008362762550705227,-0.03045824905047946,9
nifty200,v2,2023-09-05,182,0.18938881435579252,0.007441565244806436,0.03929252775629319,-0.012014122442088326,-0.0634362830928239,9
nifty200,v2,2023-10-05,181,0.2204731836047642,0.0019288073717139698,0.008748489681047496,-0.0056827592673366345,-0.025775285567264043,12
nifty200,v2,2023-11-03,182,0.18429015518820724,0.0037380150231054454,0.02028331366527951,0.0004006257707207528,0.002173885904603052,9
nifty200,v2,2023-12-04,182,0.3779627856333115,0.006327732559707866,0.016741681457091515,-0.012230566084501127,-0.03235918071671444,9
nifty200,v2,2024-01-02,176,0.29077784373327,0.0005677090834438347,0.0019523808146971243,-0.008275887035606999,-0.02846120230260204,10
nifty200,v2,2024-01-31,173,0.4476126069196933,0.0011269723537289389,0.002517740421755213,-0.0014298483463933698,-0.0031943880138521224,11
nifty200,v2,2024-02-28,180,0.14126484267967965,0.0007186369743158449,0.005087160829856061,-0.020679363553503638,-0.1463871913296533,11
nifty200,v2,2024-03-28,181,0.22418027735209872,0.0005326799231160084,0.002376123044398676,-0.006072932801482356,-0.027089505255380588,10
nifty200,v2,2024-04-30,181,0.2649062252073967,0.004129525525996991,0.015588631496915408,0.001159882824827041,0.004378465715250601,9
nifty200,v2,2024-05-29,181,0.24157359793794492,0.0022035333420101777,0.009121581831869799,0.0022035333420101777,0.009121581831869799,8
nifty200,v2,2024-06-27,182,0.23952457875311334,0.0004619969420066594,0.0019288080764473712,-0.010922108131186103,-0.045599112158105144,10
nifty200,v2,2024-07-26,183,0.20580506383045588,0.0007204119033883405,0.0035004576174171424,-0.007365000352695161,-0.03578629318257454,10
nifty200,v2,2024-08-26,182,0.2192808301057963,0.005940315839377042,0.027089991571588912,-0.018437342806989165,-0.08408096046559889,12
nifty200,v2,2024-09-23,185,0.2299311428219265,0.0005987668489754183,0.002604113743039767,-0.0006061214671584381,-0.002636099919826248,10
nifty200,v2,2024-10-22,185,0.18130028243869034,0.0003257116669527216,0.0017965314922378365,-0.012431719711059497,-0.0685697757545606,10
nifty200,v2,2024-11-21,185,0.3038136868698983,0.004083964149470876,0.013442331027106576,-0.028639226373350146,-0.09426575434573585,10
nifty200,v2,2024-12-19,185,0.20848866043367908,0.00034037212688275975,0.001632569014423848,-0.004079080435151927,-0.019564999010819085,10
nifty200,v2,2025-01-17,186,0.38711732347385885,0.002522391227624876,0.00651583144094353,-0.005581660284983969,-0.014418523652974382,11
nifty200,v2,2025-02-13,186,0.2540541347693143,0.004883981582529451,0.019224176717155945,-0.007974461836606994,-0.03138882917157773,10
nifty200,v2,2025-03-17,186,0.2152491821846813,0.007163569205116738,0.033280355039725436,-0.0042052415196205395,-0.019536620194972407,10
nifty200,v2,2025-04-17,186,0.17981058907428277,0.0015507118239168616,0.008624140724416605,0.0015507118239168616,0.008624140724416605,8
nifty200,v2,2025-05-19,186,0.15331053502680259,0.0002543153897111017,0.001658825270335407,-0.004119452310189509,-0.02686998848102202,9
nifty200,v2,2025-06-16,184,0.26686453023734985,0.00017817506667494598,0.0006676611032439445,-0.01594358860441547,-0.059744127817343166,9
nifty200,v2,2025-07-14,185,0.29384333027991405,0.012138888923549751,0.04131075193024218,0.012138888923549751,0.04131075193024218,8
nifty200,v2,2025-08-11,186,0.30075806316695697,0.000680812268407216,0.002263654251654371,-0.01584633932737911,-0.05268799499677082,9
nifty200,v2,2025-09-10,187,0.2870656486382237,0.0005878984117639874,0.002047958070054178,0.0005878984117639874,0.002047958070054178,8
nifty200,v2,2025-10-09,187,0.22603811973149907,0.0008474971866250236,0.003749355142538475,-0.025789572688030393,-0.11409390910995329,10
nifty200,v2,2025-11-10,189,0.21548506347161156,0.0026483843152537156,0.012290338237771266,0.00046309358296869885,0.002149075093688374,10
nifty200,v2,2025-12-08,190,0.23327890031372672,0.0004742293554627075,0.0020328857638857905,0.0004742293554627075,0.0020328857638857905,8
nifty200,v2,2026-01-06,191,0.29881218668275156,0.002894254039704669,0.009685863457695901,-0.006270006836815001,-0.020983102819269742,9
nifty200,v2,2026-02-04,191,0.18505226717988366,0.00043457165818661103,0.002348372515556252,-0.01311084060217238,-0.0708493919149217,9
nifty200,v2,2026-03-05,190,0.21403436487452238,0.0007875147266582783,0.0036793845096788954,-0.0006965620908490067,-0.003254440431831431,9
nifty200,v2,2026-04-07,191,0.16231138549859847,0.00041998811688848114,0.0025875456339574383,0.00041998811688848114,0.0025875456339574383,8
nifty200,v2,2026-05-07,190,0.1831127376904617,0.0002749336610969877,0.001501444763289719,-0.010066773549853636,-0.054975823510818554,9
nifty200,v3,2019-01-01,160,0.2902701830683205,0.002752379398221705,0.009482129267041808,0.002752379398221705,0.009482129267041808,8
nifty200,v3,2019-01-29,160,0.20512387859736436,0.0007000764505161738,0.003412944681542157,-0.00582734666007978,-0.028408914164099932,8
nifty200,v3,2019-02-26,160,0.1825781374657081,0.0002667159722580248,0.0014608319263204198,0.0002667159722580248,0.0014608319263204198,8
nifty200,v3,2019-03-28,160,0.24736645019230996,0.0007920849414795317,0.0032020710199937847,-0.027145426059240307,-0.10973770306416514,8
nifty200,v3,2019-04-30,162,0.2994611725646235,0.00119850199587479,0.0040021949610718035,-0.08387068043565915,-0.2800719696559657,7
nifty200,v3,2019-05-29,162,0.1862252985767518,0.001346253972705047,0.007229168018491298,-0.013448478957206578,-0.07221617610490154,7
nifty200,v3,2019-06-27,163,0.2092349780560236,0.001769860239841381,0.008458720699019515,0.00015394530139567486,0.0007357531844147747,7
nifty200,v3,2019-07-25,163,0.21197094090719903,0.0035999376725051047,0.016983165980666938,-0.015734669338260288,-0.07423031322557054,8
nifty200,v3,2019-08-26,164,0.4009425589775088,0.002406636925626815,0.006002448160565108,-0.011572184945957464,-0.02886245095923233,8
nifty200,v3,2019-09-25,164,0.2380867092899388,0.0001548544591302159,0.0006504120267445766,-0.011113399747995412,-0.04667795099163499,9
nifty200,v3,2019-10-27,164,0.32524569574006573,2.0473843236556988e-05,6.294885222069027e-05,-0.006778965633289169,-0.020842599063038408,8
nifty200,v3,2019-11-26,165,0.27762097323554574,0.0001273722031425173,0.0004587989216306405,-0.003297226635201378,-0.011876720251981348,8
nifty200,v3,2019-12-24,165,0.2712241341006506,0.001069372040008898,0.0039427613754020015,-0.014468627868019723,-0.053345650511508136,8
nifty200,v3,2020-01-22,164,0.16877462547081812,0.0051066082169898275,0.03025696666631195,-0.01093978841787513,-0.06481891686832193,7
nifty200,v3,2020-02-18,165,0.2538888200867524,0.0036562350983005976,0.014400929891482745,0.0036562350983005976,0.014400929891482745,8
nifty200,v3,2020-03-19,165,0.2558214842557786,0.00016174892685039133,0.0006322726463766019,-0.005406719803469073,-0.021134737057749455,7
nifty200,v3,2020-04-22,165,0.24411807198313062,0.0032256752489528973,0.013213586453262675,-0.01195706947687325,-0.04898068127336154,9
nifty200,v3,2020-05-21,168,0.19463693562200296,0.0013138717542832135,0.006750372174142909,0.0013138717542832135,0.006750372174142909,8
nifty200,v3,2020-06-19,166,0.32861771879593216,0.0013885307037229122,0.004225367727615363,0.0013885307037229122,0.004225367727615363,8
nifty200,v3,2020-07-17,167,0.2728407695719135,0.00356732450269015,0.013074748719875235,0.0035576388522945424,0.013039249441630256,7
nifty200,v3,2020-08-14,166,0.20659829010851838,0.004994558817378869,0.024175218559434414,9.314002255900178e-06,4.5082668646521126e-05,7
nifty200,v3,2020-09-11,165,0.259458924442567,0.00013946165089295803,0.000537509554518441,-0.01697936494338992,-0.06544143732912304,7
nifty200,v3,2020-10-12,166,0.2590922633455942,0.0005266181856830032,0.002032550794388505,-0.01062462697843658,-0.04100711785540565,8
nifty200,v3,2020-11-09,170,0.16419503095076726,0.00010170724890545824,0.0006194295181560912,-0.014893875089571962,-0.09070843985551418,7
nifty200,v3,2020-12-08,170,0.27950556627971396,0.008065598970466437,0.028856666712657967,-0.01757917455422553,-0.06289382636706865,8
nifty200,v3,2021-01-06,165,0.1757241009846045,0.0004184158878040023,0.0023810956235346477,-0.0029847993746254797,-0.016985714298159836,7
nifty200,v3,2021-02-04,169,0.21894988543922073,0.0006409058700357351,0.0029271806594009246,-0.061369059204685716,-0.28028815398362666,7
nifty200,v3,2021-03-04,171,0.22976311167246616,0.001474804379489436,0.006418803996665103,0.0023376157363782513,0.010174025409747187,7
nifty200,v3,2021-04-06,173,0.16216257406324303,2.6781896216299117e-06,1.6515460716511715e-05,-0.002871337846684252,-0.01770653841227531,8
nifty200,v3,2021-05-06,171,0.21957295556348566,0.0002789055028936671,0.001270217919952471,0.0002789055028936671,0.001270217919952471,8
nifty200,v3,2021-06-04,171,0.23080669101042733,0.004924228144469578,0.02133485872056938,-0.014618504135561428,-0.06333656997361917,8
nifty200,v3,2021-07-02,170,0.1888208259124124,0.00014670816742468062,0.0007769702664722672,-0.012356953135006954,-0.06544274486300006,8
nifty200,v3,2021-08-02,171,0.18797028288645323,0.0007232314283562857,0.0038475838693777273,-0.014938901150981287,-0.07947480272722361,8
nifty200,v3,2021-08-31,174,0.19352351772115367,0.00203844420649657,0.010533315177919339,-0.007846749672975828,-0.04054674990086807,7
nifty200,v3,2021-09-29,172,0.20832760565421188,0.000863549438547162,0.0041451512670889435,-0.02815890464948656,-0.13516645843002448,7
nifty200,v3,2021-10-28,175,0.3701097798084833,0.0025308412231972444,0.006838082540015158,-0.005076926729025599,-0.013717353623167432,8
nifty200,v3,2021-11-29,175,0.21781342364667766,4.510038912219905e-05,0.00020705973198124775,-0.0009441566769812226,-0.004334703808305086,8
nifty200,v3,2021-12-27,175,0.2278285958500229,0.000740547990116136,0.003250461108067535,-0.012070454939502318,-0.05298042106816199,8
nifty200,v3,2022-01-24,175,0.19880832668213688,0.000900220233688187,0.004528081135794161,-0.011911735245870081,-0.05991567579015473,8
nifty200,v3,2022-02-22,176,0.18965761808143888,0.0021021195984031182,0.011083760408192351,0.0021021195984031182,0.011083760408192351,8
nifty200,v3,2022-03-24,176,0.2330818387663124,0.002335631678283101,0.010020650646337156,0.002335631678283101,0.010020650646337156,8
nifty200,v3,2022-04-25,178,0.315609451264247,0.0008458775602494528,0.002680140144286217,-0.028381979161509197,-0.08992753242280478,8
nifty200,v3,2022-05-24,178,0.30689938885182666,0.0017804585813204765,0.005801440621897411,-0.01753756955932706,-0.05714436130009477,8
nifty200,v3,2022-06-21,178,0.28214432896286784,0.00446724724796177,0.015833198790076303,-0.011774840146406285,-0.041733392940022325,9
nifty200,v3,2022-07-19,178,0.21447829989759037,0.0001610292760092502,0.0007507951904045251,-0.02618070597071298,-0.12206692230968731,10
nifty200,v3,2022-08-18,176,0.20851701288558155,0.005844160498590489,0.028027259827462254,-0.017280555815442633,-0.08287360142131377,8
nifty200,v3,2022-09-16,172,0.2038333844413121,0.006982740249222741,0.03425709811158641,-0.022014614339924576,-0.10800298685254399,7
nifty200,v3,2022-10-17,179,0.23035666593997345,0.00173499571679947,0.00753177994532868,-0.01920995811899673,-0.08339223890313847,7
nifty200,v3,2022-11-16,179,0.17270956145596889,0.0015181356381526179,0.00879010765446044,-0.007891045168678334,-0.04568968331663619,7
nifty200,v3,2022-12-14,180,0.18328556420170083,0.0008740874579001856,0.004768992373770778,0.005885343150696665,0.0321102383394472,7
nifty200,v3,2023-01-11,178,0.4020158526885961,0.0007506919220431341,0.0018673192040131426,-0.005764139119922906,-0.014338089111097426,7
nifty200,v3,2023-02-09,182,0.5643924003256888,0.0007297882206034334,0.0012930511115711357,-0.3682938708707366,-0.6525493090591025,7
nifty200,v3,2023-03-10,182,0.2458932868481808,0.0012008007235034812,0.004883422149889267,-0.012613957346042648,-0.051298502320767894,8
nifty200,v3,2023-04-12,182,0.3156934418760622,0.00024827311763231386,0.0007864373620082459,-0.015033013247285343,-0.047619022929171716,7
nifty200,v3,2023-05-12,181,0.23352763387501008,0.0023266981869239922,0.009963267080286097,-0.012021451087953827,-0.051477638378282946,9
nifty200,v3,2023-06-09,180,0.23039559029361245,0.003211382465484025,0.0139385587258484,0.003211382465484025,0.0139385587258484,8
nifty200,v3,2023-07-10,177,0.23405504125032123,0.001126631922856114,0.004813534102225058,-0.013071608507889354,-0.055848438205222437,7
nifty200,v3,2023-08-07,180,0.27456478331519796,8.531679273815485e-05,0.00031073465325016545,-0.015066875331670171,-0.05487548384664296,7
nifty200,v3,2023-09-05,182,0.18938881435579252,0.007441565244806436,0.03929252775629319,-0.020628593893802782,-0.10892192320845927,7
nifty200,v3,2023-10-05,181,0.2204731836047642,0.0019288073717139698,0.008748489681047496,-0.04513298960405843,-0.2047096561410707,8
nifty200,v3,2023-11-03,182,0.18429015518820724,0.0037380150231054454,0.02028331366527951,-0.0037380150231054454,-0.02028331366527951,8
nifty200,v3,2023-12-04,182,0.3779627856333115,0.006327732559707866,0.016741681457091515,-0.02749084714512673,-0.07273426958969857,8
nifty200,v3,2024-01-02,176,0.29077784373327,0.0005677090834438347,0.0019523808146971243,-0.012510050105358772,-0.04302270745509145,8
nifty200,v3,2024-01-31,173,0.4476126069196933,0.0011269723537289389,0.002517740421755213,-0.025642723871255213,-0.05728776061004869,8
nifty200,v3,2024-02-28,180,0.14126484267967965,0.0007186369743158449,0.005087160829856061,-0.034596817485212594,-0.2449074860307702,8
nifty200,v3,2024-03-28,181,0.22418027735209872,0.0005326799231160084,0.002376123044398676,-0.004361778498748081,-0.01945656660910205,8
nifty200,v3,2024-04-30,181,0.2649062252073967,0.004129525525996991,0.015588631496915408,-0.004129525525996991,-0.015588631496915408,8
nifty200,v3,2024-05-29,181,0.24157359793794492,0.0022035333420101777,0.009121581831869799,0.002577114771550093,0.010668031579395106,7
nifty200,v3,2024-06-27,182,0.23952457875311334,0.0004619969420066594,0.0019288080764473712,-0.015377409944321463,-0.06419971605574355,7
nifty200,v3,2024-07-26,183,0.20580506383045588,0.0007204119033883405,0.0035004576174171424,-0.025470598810634626,-0.12376079740981272,7
nifty200,v3,2024-08-26,182,0.2192808301057963,0.005940315839377042,0.027089991571588912,-0.03131115339352353,-0.14279019911780183,8
nifty200,v3,2024-09-23,185,0.2299311428219265,0.0005987668489754183,0.002604113743039767,-0.01415737200754641,-0.061572224770399156,8
nifty200,v3,2024-10-22,185,0.18130028243869034,0.0003257116669527216,0.0017965314922378365,0.0021765483879123693,0.012005212339635515,7
nifty200,v3,2024-11-21,185,0.3038136868698983,0.004083964149470876,0.013442331027106576,-0.0608172266939897,-0.20017935110353793,7
nifty200,v3,2024-12-19,185,0.20848866043367908,0.00034037212688275975,0.001632569014423848,-0.030488315309339042,-0.14623488512957986,8
nifty200,v3,2025-01-17,186,0.38711732347385885,0.002522391227624876,0.00651583144094353,-0.035671715018985695,-0.09214703878111134,8
nifty200,v3,2025-02-13,186,0.2540541347693143,0.004883981582529451,0.019224176717155945,-0.015891103166976506,-0.06255006706112423,7
nifty200,v3,2025-03-17,186,0.2152491821846813,0.007163569205116738,0.033280355039725436,-0.007163569205116738,-0.033280355039725436,8
nifty200,v3,2025-04-17,186,0.17981058907428277,0.0015507118239168616,0.008624140724416605,0.0015507118239168616,0.008624140724416605,8
nifty200,v3,2025-05-19,186,0.15331053502680259,0.0002543153897111017,0.001658825270335407,-0.00437376769990061,-0.028528813751357428,8
nifty200,v3,2025-06-16,184,0.26686453023734985,0.00017817506667494598,0.0006676611032439445,-0.016121763671090417,-0.060411788920587114,8
nifty200,v3,2025-07-14,185,0.29384333027991405,0.012138888923549751,0.04131075193024218,0.012138888923549751,0.04131075193024218,8
nifty200,v3,2025-08-11,186,0.30075806316695697,0.000680812268407216,0.002263654251654371,-0.016527151595786327,-0.05495164924842519,8
nifty200,v3,2025-09-10,187,0.2870656486382237,0.0005878984117639874,0.002047958070054178,0.0005878984117639874,0.002047958070054178,8
nifty200,v3,2025-10-09,187,0.22603811973149907,0.0008474971866250236,0.003749355142538475,-0.02862446249111017,-0.1266355538840614,8
nifty200,v3,2025-11-10,189,0.21548506347161156,0.0026483843152537156,0.012290338237771266,-0.0026483843152537156,-0.012290338237771266,8
nifty200,v3,2025-12-08,190,0.23327890031372672,0.0004742293554627075,0.0020328857638857905,-0.002264553909775535,-0.009707495648899384,7
nifty200,v3,2026-01-06,191,0.29881218668275156,0.002894254039704669,0.009685863457695901,-0.00916426087651967,-0.030668966276965644,8
nifty200,v3,2026-02-04,191,0.18505226717988366,0.00043457165818661103,0.002348372515556252,-0.01311084060217238,-0.0708493919149217,9
nifty200,v3,2026-03-05,190,0.21403436487452238,0.0007875147266582783,0.0036793845096788954,-0.001484076817507285,-0.006933824941510326,8
nifty200,v3,2026-04-07,191,0.16231138549859847,0.00041998811688848114,0.0025875456339574383,0.00041998811688848114,0.0025875456339574383,8
nifty200,v3,2026-05-07,190,0.1831127376904617,0.0002749336610969877,0.001501444763289719,-0.010341707210950624,-0.056477268274108275,8
nifty200,v4,2019-01-01,160,0.2902701830683205,0.002752379398221705,0.009482129267041808,0.002752379398221705,0.009482129267041808,8
nifty200,v4,2019-01-29,160,0.20512387859736436,0.0007000764505161738,0.003412944681542157,-0.005127270209563606,-0.024995969482557775,9
nifty200,v4,2019-02-26,160,0.1825781374657081,0.0002667159722580248,0.0014608319263204198,0.0002667159722580248,0.0014608319263204198,8
nifty200,v4,2019-03-28,160,0.24736645019230996,0.0007920849414795317,0.0032020710199937847,-0.009635710290418653,-0.03895318173878296,10
nifty200,v4,2019-04-30,162,0.2994611725646235,0.00119850199587479,0.0040021949610718035,-0.0034385243534450494,-0.01148237123362969,10
nifty200,v4,2019-05-29,162,0.1862252985767518,0.001346253972705047,0.007229168018491298,-0.004482249552410611,-0.024068961557139213,11
nifty200,v4,2019-06-27,163,0.2092349780560236,0.001769860239841381,0.008458720699019515,-0.00916160364128682,-0.04378619543637565,9
nifty200,v4,2019-07-25,163,0.21197094090719903,0.0035999376725051047,0.016983165980666938,-0.005404956623076829,-0.025498573530619562,9
nifty200,v4,2019-08-26,164,0.4009425589775088,0.002406636925626815,0.006002448160565108,-0.006269463034098255,-0.01563681104367358,9
nifty200,v4,2019-09-25,164,0.2380867092899388,0.0001548544591302159,0.0006504120267445766,-0.010958545288865196,-0.04602753896489042,10
nifty200,v4,2019-10-27,164,0.32524569574006573,2.0473843236556988e-05,6.294885222069027e-05,-0.0046716671893396455,-0.014363501963368677,9
nifty200,v4,2019-11-26,165,0.27762097323554574,0.0001273722031425173,0.0004587989216306405,-0.0031698544320588606,-0.011417921330350708,9
nifty200,v4,2019-12-24,165,0.2712241341006506,0.001069372040008898,0.0039427613754020015,-0.006084602486061241,-0.02243385348518897,10
nifty200,v4,2020-01-22,164,0.16877462547081812,0.0051066082169898275,0.03025696666631195,0.0051066082169898275,0.03025696666631195,8
nifty200,v4,2020-02-18,165,0.2538888200867524,0.0036562350983005976,0.014400929891482745,0.0036562350983005976,0.014400929891482745,8
nifty200,v4,2020-03-19,165,0.2558214842557786,0.00016174892685039133,0.0006322726463766019,-0.0015442972609056582,-0.0060366206747577925,10
nifty200,v4,2020-04-22,165,0.24411807198313062,0.0032256752489528973,0.013213586453262675,-0.01195706947687325,-0.04898068127336154,10
nifty200,v4,2020-05-21,168,0.19463693562200296,0.0013138717542832135,0.006750372174142909,0.0013138717542832135,0.006750372174142909,8
nifty200,v4,2020-06-19,166,0.32861771879593216,0.0013885307037229122,0.004225367727615363,0.0013885307037229122,0.004225367727615363,8
nifty200,v4,2020-07-17,167,0.2728407695719135,0.00356732450269015,0.013074748719875235,0.00356732450269015,0.013074748719875235,8
nifty200,v4,2020-08-14,166,0.20659829010851838,0.004994558817378869,0.024175218559434414,0.004994558817378869,0.024175218559434414,8
nifty200,v4,2020-09-11,165,0.259458924442567,0.00013946165089295803,0.000537509554518441,-0.002327713505836382,-0.008971414303197872,10
nifty200,v4,2020-10-12,166,0.2590922633455942,0.0005266181856830032,0.002032550794388505,-0.0024549590123068565,-0.009475230871839163,10
nifty200,v4,2020-11-09,170,0.16419503095076726,0.00010170724890545824,0.0006194295181560912,-0.004873646878142512,-0.029682060717195768,11
nifty200,v4,2020-12-08,170,0.27950556627971396,0.008065598970466437,0.028856666712657967,-0.017117857563347605,-0.061243351219048656,11
nifty200,v4,2021-01-06,165,0.1757241009846045,0.0004184158878040023,0.0023810956235346477,-0.001742089470693875,-0.009913776544780858,9
nifty200,v4,2021-02-04,169,0.21894988543922073,0.0006409058700357351,0.0029271806594009246,-0.0026070800895187096,-0.011907200062191495,11
nifty200,v4,2021-03-04,171,0.22976311167246616,0.001474804379489436,0.006418803996665103,-0.004808168470733731,-0.02092663367820293,9
nifty200,v4,2021-04-06,173,0.16216257406324303,2.6781896216299117e-06,1.6515460716511715e-05,0.0010170841782306539,0.006272003167845581,9
nifty200,v4,2021-05-06,171,0.21957295556348566,0.0002789055028936671,0.001270217919952471,0.0002789055028936671,0.001270217919952471,8
nifty200,v4,2021-06-04,171,0.23080669101042733,0.004924228144469578,0.02133485872056938,-0.006334925851611217,-0.02744688996613629,9
nifty200,v4,2021-07-02,170,0.1888208259124124,0.00014670816742468062,0.0007769702664722672,-0.004003416591548792,-0.021202198286145838,9
nifty200,v4,2021-08-02,171,0.18797028288645323,0.0007232314283562857,0.0038475838693777273,-0.008463271162848174,-0.04502451681663192,9
nifty200,v4,2021-08-31,174,0.19352351772115367,0.00203844420649657,0.010533315177919339,-0.00031609715993297094,-0.0016333785353593692,9
nifty200,v4,2021-09-29,172,0.20832760565421188,0.000863549438547162,0.0041451512670889435,-0.005269888119726951,-0.02529615843842636,11
nifty200,v4,2021-10-28,175,0.3701097798084833,0.0025308412231972444,0.006838082540015158,-0.002546085505828355,-0.006879271083152275,9
nifty200,v4,2021-11-29,175,0.21781342364667766,4.510038912219905e-05,0.00020705973198124775,-0.008687513974196093,-0.03988511740345441,10
nifty200,v4,2021-12-27,175,0.2278285958500229,0.000740547990116136,0.003250461108067535,-0.008889281190935905,-0.03901740761632759,9
nifty200,v4,2022-01-24,175,0.19880832668213688,0.000900220233688187,0.004528081135794161,-0.009682788772017448,-0.04870414098650253,10
nifty200,v4,2022-02-22,176,0.18965761808143888,0.0021021195984031182,0.011083760408192351,0.0021021195984031182,0.011083760408192351,8
nifty200,v4,2022-03-24,176,0.2330818387663124,0.002335631678283101,0.010020650646337156,0.002335631678283101,0.010020650646337156,8
nifty200,v4,2022-04-25,178,0.315609451264247,0.0008458775602494528,0.002680140144286217,-0.022146387073425644,-0.07017022774417288,9
nifty200,v4,2022-05-24,178,0.30689938885182666,0.0017804585813204765,0.005801440621897411,-0.007130894640832386,-0.02323528459118319,10
nifty200,v4,2022-06-21,178,0.28214432896286784,0.00446724724796177,0.015833198790076303,-0.0016825042549418745,-0.005963275112161846,10
nifty200,v4,2022-07-19,178,0.21447829989759037,0.0001610292760092502,0.0007507951904045251,-0.003643612100755589,-0.016988255233724575,12
nifty200,v4,2022-08-18,176,0.20851701288558155,0.005844160498590489,0.028027259827462254,-0.004174544794377288,-0.020020163998167213,10
nifty200,v4,2022-09-16,172,0.2038333844413121,0.006982740249222741,0.03425709811158641,-0.005742133336850808,-0.0281707206726192,9
nifty200,v4,2022-10-17,179,0.23035666593997345,0.00173499571679947,0.00753177994532868,-0.004525705100602906,-0.01964651242947846,10
nifty200,v4,2022-11-16,179,0.17270956145596889,0.0015181356381526179,0.00879010765446044,-0.008281280707170269,-0.04794917338309335,10
nifty200,v4,2022-12-14,180,0.18328556420170083,0.0008740874579001856,0.004768992373770778,-0.004391182384706704,-0.02395814642485606,10
nifty200,v4,2023-01-11,178,0.4020158526885961,0.0007506919220431341,0.0018673192040131426,-0.0015277464080307723,-0.003800214339343911,9
nifty200,v4,2023-02-09,182,0.5643924003256888,0.0007297882206034334,0.0012930511115711357,-0.0030968546994565305,-0.005487059531045167,10
nifty200,v4,2023-03-10,182,0.2458932868481808,0.0012008007235034812,0.004883422149889267,-0.005767160097912116,-0.023453914386336504,11
nifty200,v4,2023-04-12,182,0.3156934418760622,0.00024827311763231386,0.0007864373620082459,-0.011064990604530145,-0.03504979558262138,11
nifty200,v4,2023-05-12,181,0.23352763387501008,0.0023266981869239922,0.009963267080286097,-0.008684977160173135,-0.037190361654679184,11
nifty200,v4,2023-06-09,180,0.23039559029361245,0.003211382465484025,0.0139385587258484,0.003211382465484025,0.0139385587258484,8
nifty200,v4,2023-07-10,177,0.23405504125032123,0.001126631922856114,0.004813534102225058,-0.011846470214339266,-0.05061403570312121,9
nifty200,v4,2023-08-07,180,0.27456478331519796,8.531679273815485e-05,0.00031073465325016545,-0.008362762550705227,-0.03045824905047946,9
nifty200,v4,2023-09-05,182,0.18938881435579252,0.007441565244806436,0.03929252775629319,-0.012014122442088326,-0.0634362830928239,9
nifty200,v4,2023-10-05,181,0.2204731836047642,0.0019288073717139698,0.008748489681047496,-0.0056827592673366345,-0.025775285567264043,12
nifty200,v4,2023-11-03,182,0.18429015518820724,0.0037380150231054454,0.02028331366527951,0.0004006257707207528,0.002173885904603052,9
nifty200,v4,2023-12-04,182,0.3779627856333115,0.006327732559707866,0.016741681457091515,-0.012230566084501127,-0.03235918071671444,9
nifty200,v4,2024-01-02,176,0.29077784373327,0.0005677090834438347,0.0019523808146971243,-0.008843596119050834,-0.03041358311729916,9
nifty200,v4,2024-01-31,173,0.4476126069196933,0.0011269723537289389,0.002517740421755213,-0.00866571361662749,-0.019359851538279432,10
nifty200,v4,2024-02-28,180,0.14126484267967965,0.0007186369743158449,0.005087160829856061,-0.02257194009546637,-0.1597845555008235,9
nifty200,v4,2024-03-28,181,0.22418027735209872,0.0005326799231160084,0.002376123044398676,-0.006072932801482356,-0.027089505255380588,10
nifty200,v4,2024-04-30,181,0.2649062252073967,0.004129525525996991,0.015588631496915408,0.001159882824827041,0.004378465715250601,9
nifty200,v4,2024-05-29,181,0.24157359793794492,0.0022035333420101777,0.009121581831869799,0.0022035333420101777,0.009121581831869799,8
nifty200,v4,2024-06-27,182,0.23952457875311334,0.0004619969420066594,0.0019288080764473712,-0.010922108131186103,-0.045599112158105144,10
nifty200,v4,2024-07-26,183,0.20580506383045588,0.0007204119033883405,0.0035004576174171424,-0.007365000352695161,-0.03578629318257454,10
nifty200,v4,2024-08-26,182,0.2192808301057963,0.005940315839377042,0.027089991571588912,-0.027649818564732143,-0.12609318630995672,11
nifty200,v4,2024-09-23,185,0.2299311428219265,0.0005987668489754183,0.002604113743039767,-0.0006061214671584381,-0.002636099919826248,10
nifty200,v4,2024-10-22,185,0.18130028243869034,0.0003257116669527216,0.0017965314922378365,-0.012431719711059497,-0.0685697757545606,10
nifty200,v4,2024-11-21,185,0.3038136868698983,0.004083964149470876,0.013442331027106576,-0.028639226373350146,-0.09426575434573585,10
nifty200,v4,2024-12-19,185,0.20848866043367908,0.00034037212688275975,0.001632569014423848,-0.004079080435151927,-0.019564999010819085,10
nifty200,v4,2025-01-17,186,0.38711732347385885,0.002522391227624876,0.00651583144094353,-0.005581660284983969,-0.014418523652974382,11
nifty200,v4,2025-02-13,186,0.2540541347693143,0.004883981582529451,0.019224176717155945,-0.007974461836606994,-0.03138882917157773,10
nifty200,v4,2025-03-17,186,0.2152491821846813,0.007163569205116738,0.033280355039725436,-0.0042052415196205395,-0.019536620194972407,10
nifty200,v4,2025-04-17,186,0.17981058907428277,0.0015507118239168616,0.008624140724416605,0.0015507118239168616,0.008624140724416605,8
nifty200,v4,2025-05-19,186,0.15331053502680259,0.0002543153897111017,0.001658825270335407,-0.004119452310189509,-0.02686998848102202,9
nifty200,v4,2025-06-16,184,0.26686453023734985,0.00017817506667494598,0.0006676611032439445,-0.01594358860441547,-0.059744127817343166,9
nifty200,v4,2025-07-14,185,0.29384333027991405,0.012138888923549751,0.04131075193024218,0.012138888923549751,0.04131075193024218,8
nifty200,v4,2025-08-11,186,0.30075806316695697,0.000680812268407216,0.002263654251654371,-0.01584633932737911,-0.05268799499677082,9
nifty200,v4,2025-09-10,187,0.2870656486382237,0.0005878984117639874,0.002047958070054178,0.0005878984117639874,0.002047958070054178,8
nifty200,v4,2025-10-09,187,0.22603811973149907,0.0008474971866250236,0.003749355142538475,-0.025789572688030393,-0.11409390910995329,10
nifty200,v4,2025-11-10,189,0.21548506347161156,0.0026483843152537156,0.012290338237771266,0.00046309358296869885,0.002149075093688374,10
nifty200,v4,2025-12-08,190,0.23327890031372672,0.0004742293554627075,0.0020328857638857905,0.0004742293554627075,0.0020328857638857905,8
nifty200,v4,2026-01-06,191,0.29881218668275156,0.002894254039704669,0.009685863457695901,-0.006270006836815001,-0.020983102819269742,9
nifty200,v4,2026-02-04,191,0.18505226717988366,0.00043457165818661103,0.002348372515556252,-0.01311084060217238,-0.0708493919149217,9
nifty200,v4,2026-03-05,190,0.21403436487452238,0.0007875147266582783,0.0036793845096788954,-0.0006965620908490067,-0.003254440431831431,9
nifty200,v4,2026-04-07,191,0.16231138549859847,0.00041998811688848114,0.0025875456339574383,0.00041998811688848114,0.0025875456339574383,8
nifty200,v4,2026-05-07,190,0.1831127376904617,0.0002749336610969877,0.001501444763289719,-0.010066773549853636,-0.054975823510818554,9
smallcap250,v1,2019-01-01,147,0.2637637676389981,0.0037163130162598534,0.01408955084894832,0.0037163130162598534,0.01408955084894832,8
smallcap250,v1,2019-01-29,145,0.23638792602505748,0.0018871507768442042,0.007983279047188575,-0.00827290962886107,-0.03499717505869622,8
smallcap250,v1,2019-02-26,149,0.31556381351828333,0.00014162347512503004,0.0004487950425812197,-0.006238680018930243,-0.019769947477101275,9
smallcap250,v1,2019-03-28,150,0.2719794221665474,0.00045084352632740465,0.0016576383710798874,-0.002846567337392747,-0.010466112894561718,9
smallcap250,v1,2019-04-30,152,0.20601260326309156,0.0021240022238384615,0.01031005962837124,-0.016499838271484824,-0.08009140222558836,8
smallcap250,v1,2019-05-29,152,0.37817541498189494,0.0030702218920589663,0.008118512654255837,-0.018793840827906805,-0.04969609362048708,8
smallcap250,v1,2019-06-27,152,0.33117237578982417,0.00015926360730877942,0.00048090849041664864,-0.01584128942023777,-0.04783396979430227,7
smallcap250,v1,2019-07-25,153,0.35610163418695706,0.0029315983161539716,0.008232476446920354,-0.028347723614820408,-0.07960571054256257,8
smallcap250,v1,2019-08-26,153,0.2704913455655335,0.0014945316604061398,0.005525247609240241,0.0014945316604061398,0.005525247609240241,8
smallcap250,v1,2019-09-25,154,0.2550337226351863,0.0007482339750523037,0.0029338628920169,0.0007482339750523037,0.0029338628920169,8
smallcap250,v1,2019-10-27,157,0.34864060276972897,0.0015724877113769686,0.004510340157986617,-0.008835711726678519,-0.025343323917192608,8
smallcap250,v1,2019-11-26,157,0.2565360632342636,0.001885915112957437,0.007351461970612908,0.001885915112957437,0.007351461970612908,8
smallcap250,v1,2019-12-24,158,0.25976844045585434,0.0037922256459291814,0.014598484863189688,-0.02091298294533772,-0.08050624975319788,9
smallcap250,v1,2020-01-22,157,0.2290468752316429,0.001517671852630964,0.00662603168498191,-0.022906932360179266,-0.10000980077555176,8
smallcap250,v1,2020-02-18,159,0.2545032007320361,0.0009021291877123749,0.0035446673563143826,-0.023927906914442576,-0.09401809818351178,7
smallcap250,v1,2020-03-19,158,0.34073098468940355,0.005006174672816277,0.014692455038627325,-0.011912810220131131,-0.03496250929744579,8
smallcap250,v1,2020-04-22,158,0.22671937172316547,0.003269138154845197,0.014419315517674253,-0.010400983123813878,-0.04587602305335402,8
smallcap250,v1,2020-05-21,158,0.2131897971035504,0.0030020510535204714,0.014081588773511133,0.0030020510535204714,0.014081588773511133,8
smallcap250,v1,2020-06-19,156,0.20105847936418553,0.0023632504741102345,0.01175404529857993,-0.013326459117699585,-0.0662815075486611,8
smallcap250,v1,2020-07-17,159,0.21595819356384505,0.0010897658445622183,0.005046188924709837,-0.006962505208669256,-0.03224006041989274,8
smallcap250,v1,2020-08-14,159,0.2586870215044984,8.253881356223847e-05,0.00031906824347893763,-0.028532957931950653,-0.11029914746401177,7
smallcap250,v1,2020-09-11,161,0.22096674597892008,0.011952375487685685,0.054091286155908386,-0.013999122694330013,-0.06335397949728377,7
smallcap250,v1,2020-10-12,161,0.19205162844424029,0.0007146172643934801,0.003720964358294728,-0.019692970294947654,-0.10253998080867746,8
smallcap250,v1,2020-11-09,160,0.34318100103321886,0.0032320552744584674,0.009417931834010865,-0.017750089698973737,-0.0517222388347063,8
smallcap250,v1,2020-12-08,159,0.2748532576524931,0.0008506382067290374,0.0030948812977306243,-0.0008506382067290374,-0.0030948812977306243,8
smallcap250,v1,2021-01-06,160,0.22154740410667834,0.006026434425511318,0.027201557381414863,-0.017874965510117913,-0.08068235140101598,8
smallcap250,v1,2021-02-04,161,0.2891384998737092,0.0018537417384087984,0.0064112587539137175,-0.023529198940000162,-0.08137691435169414,8
smallcap250,v1,2021-03-04,162,0.21503588196962486,0.001901302575390229,0.00884179216033722,-0.015989796722480243,-0.07435873760240116,8
smallcap250,v1,2021-04-06,162,0.19670846034516298,0.003881456336731981,0.019732025404099122,-0.010358794060189247,-0.05266064327895578,8
smallcap250,v1,2021-05-06,163,0.1814130183093735,0.003267358684323818,0.018010607589097123,-0.004034698285181215,-0.022240401062621783,8
smallcap250,v1,2021-06-04,163,0.2872095415869185,0.0031048771445372214,0.010810494412483121,-0.01191141816979735,-0.04147291940227057,8
smallcap250,v1,2021-07-02,161,0.2906825225205838,0.007012106860046052,0.024122904945375626,0.007012106860046052,0.024122904945375626,8
smallcap250,v1,2021-08-02,162,0.2333641127954431,0.0009858811984290172,0.0042246478544590875,0.0009858811984290172,0.0042246478544590875,8
smallcap250,v1,2021-08-31,163,0.17330389608884333,0.0025572887371938524,0.014756094899810399,-0.009356251543169325,-0.05398754300580116,8
smallcap250,v1,2021-09-29,163,0.2251309405502624,0.0036043989542968724,0.016010233624427824,0.0036043989542968724,0.016010233624427824,8
smallcap250,v1,2021-10-28,165,0.18020221045352897,0.0028219689982871277,0.0156600132217294,0.0028219689982871277,0.0156600132217294,8
smallcap250,v1,2021-11-29,163,0.18246339713536075,0.005080580866114515,0.02784438383740865,0.005080580866114515,0.02784438383740865,8
smallcap250,v1,2021-12-27,165,0.1802493235760924,0.00046237563587192554,0.0025652003940904292,-0.00997497772008149,-0.05533988989351488,8
smallcap250,v1,2022-01-24,165,0.1919044501455881,0.0004803366399687148,0.00250299896435079,-0.01689129119896382,-0.08801927827181319,8
smallcap250,v1,2022-02-22,167,0.1624166125491931,0.006575060340229366,0.04048268361857318,-0.03304447980022995,-0.2034550486036111,8
smallcap250,v1,2022-03-24,168,0.2801565107712997,0.0035689602232549245,0.012739165737855634,0.0035689602232549245,0.012739165737855634,8
smallcap250,v1,2022-04-25,171,0.16800776651351795,0.0006517831456883671,0.0038794822359353516,0.0006517831456883671,0.0038794822359353516,8
smallcap250,v1,2022-05-24,171,0.1883313369535562,0.0008885733545447305,0.004718138621635012,-0.008248077155350253,-0.04379556418369337,9
smallcap250,v1,2022-06-21,172,0.21053286941538701,0.0006398835431082883,0.003039352215571531,0.0006398835431082883,0.003039352215571531,8
smallcap250,v1,2022-07-19,175,0.17970987761193763,0.0004863735066623631,0.0027064372483332805,-0.007933731274552769,-0.04414744130917906,8
smallcap250,v1,2022-08-18,175,0.20105620016813475,0.0033505147330028517,0.01666456806704274,-0.012771208176889814,-0.06352058860263844,7
smallcap250,v1,2022-09-16,176,0.31476419554903706,0.0012942758293864598,0.004111890258448486,-0.01334278751724638,-0.042389787993430496,8
smallcap250,v1,2022-10-17,183,0.2411544547470017,0.0013508972343961867,0.005601792576518774,-0.022475819362846372,-0.09320092961345479,7
smallcap250,v1,2022-11-16,182,0.17849586342528795,0.0023927414658300172,0.013405024743509164,-0.015172981930563934,-0.08500466979681469,7
smallcap250,v1,2022-12-14,184,0.2524644090795719,6.685378101645156e-05,0.00026480477489950095,-0.000642677166971084,-0.0025456149217790323,8
smallcap250,v1,2023-01-11,189,0.17272295329810133,0.001508756310295345,0.008735123395507215,-0.0028855432941971015,-0.016706194741916917,8
smallcap250,v1,2023-02-09,190,0.17953947773822015,0.0026401438104501906,0.014705087948956197,-0.009959477974338826,-0.05547235683096044,8
smallcap250,v1,2023-03-10,190,0.2461731417867749,0.0006783466209158151,0.002755567142671361,-0.011631151247182503,-0.0472478482533116,7
smallcap250,v1,2023-04-12,191,0.2407045940346016,0.006103659751106938,0.025357470951424918,-0.020674535721946996,-0.08589173715136905,8
smallcap250,v1,2023-05-12,191,0.21563269758451087,0.00011440526216111024,0.0005305561885681669,0.00011440526216111024,0.0005305561885681669,8
smallcap250,v1,2023-06-09,195,0.2612696686282065,0.007451886914193295,0.028521821738127295,-0.02039795689143986,-0.07807242608198306,7
smallcap250,v1,2023-07-10,196,0.2606895618249025,0.0020085918186903973,0.007704918465586702,-0.01213021355485766,-0.04653125913420794,8
smallcap250,v1,2023-08-07,195,0.1654535526806376,0.005463018401662301,0.033018441206923786,-0.016059245084559248,-0.09706195378927394,8
smallcap250,v1,2023-09-05,197,0.22304179231263777,0.0017674866842242176,0.007924464136957484,-0.011224551111760017,-0.05032487855920096,8
smallcap250,v1,2023-10-05,196,0.23294926150493278,9.161177388916641e-07,3.932692179289287e-06,-0.017712023610707117,-0.0760338259768729,7
smallcap250,v1,2023-11-03,198,0.319060688813382,0.0014354873555715297,0.004499104420886973,0.0014354873555715297,0.004499104420886973,8
smallcap250,v1,2023-12-04,201,0.2760956580931856,0.0014066505177638966,0.005094794056084487,-0.019499605442535706,-0.07062626619051848,8
smallcap250,v1,2024-01-02,201,0.1763140706929457,0.001483139675799383,0.008411918969202969,-0.003582069034098856,-0.020316410482842842,7
smallcap250,v1,2024-01-31,201,0.2610431276913614,0.0004035117610369232,0.001545766650152945,-0.001556093524798352,-0.005961059149728565,8
smallcap250,v1,2024-02-28,203,0.1569049126275196,0.005450437034827393,0.03473719811288713,-0.012359195052838001,-0.078768694019019,8
smallcap250,v1,2024-03-28,203,0.26788759815288243,0.0012161141101763029,0.004539643188268354,-0.010543073971707617,-0.03935633468814306,8
smallcap250,v1,2024-04-30,203,0.2814475092227437,0.0013789908655166272,0.004899637837708714,-0.007625828406451873,-0.027095028936342892,8
smallcap250,v1,2024-05-29,202,0.17204291802806726,0.0016341873412387686,0.009498719040397615,-0.008716101011367328,-0.05066236443365471,8
smallcap250,v1,2024-06-27,201,0.2249111187199334,0.0015742714651779677,0.006999527076019311,0.0015742714651779677,0.006999527076019311,8
smallcap250,v1,2024-07-26,204,0.16375173310523117,0.00017043432353402999,0.0010408092806230295,-0.015231062917206661,-0.09301314024822431,7
smallcap250,v1,2024-08-26,207,0.20986088566656563,0.001588304076224567,0.0075683664022466795,0.0038559175967149972,0.018373683997700337,7
smallcap250,v1,2024-09-23,206,0.31478316416949953,0.005175202440430238,0.01644053122753279,0.005175202440430238,0.01644053122753279,8
smallcap250,v1,2024-10-22,210,0.2772765134434158,0.000487217391361483,0.001757153483037106,0.000487217391361483,0.001757153483037106,8
smallcap250,v1,2024-11-21,212,0.28310589703894395,0.0026866187064436,0.009489801288293296,0.0026866187064436,0.009489801288293296,8
smallcap250,v1,2024-12-19,213,0.3500773678916363,0.0017823509561234463,0.00509130586435156,0.003852209910242488,0.011003881608921686,7
smallcap250,v1,2025-01-17,214,0.3187959704549463,4.485140426802037e-05,0.00014068999744260875,-0.01362045560077585,-0.042724679302998766,8
smallcap250,v1,2025-02-13,215,0.17841218927166475,0.002927236810658762,0.016407157059215926,-0.008753830505117466,-0.0490652042377451,8
smallcap250,v1,2025-03-17,216,0.24767501811459003,0.0009235491202252977,0.0037288747458494413,-0.006712940854039839,-0.027103827043767535,8
smallcap250,v1,2025-04-17,216,0.2228452656580392,0.0030886935079744715,0.013860260835489939,-0.013009044468125452,-0.05837702869617212,8
smallcap250,v1,2025-05-19,217,0.2243252824434464,0.000978009538703084,0.0043597829368593145,0.00011837740181119827,0.0005277042361065202,7
smallcap250,v1,2025-06-16,220,0.18484438278683946,0.0023701024591502584,0.012822150305121443,-0.009168108086306304,-0.04959906245503206,8
smallcap250,v1,2025-07-14,220,0.2568160250387517,0.0027467072996292252,0.010695233286998996,-0.007151200358368914,-0.027845615776078806,8
smallcap250,v1,2025-08-11,222,0.2932918465703987,0.0004663328450734694,0.001589995939288874,0.0004663328450734694,0.001589995939288874,8
smallcap250,v1,2025-09-10,224,0.2687741323996991,0.0005149791636258616,0.00191602948925169,0.0005149791636258616,0.00191602948925169,8
smallcap250,v1,2025-10-09,224,0.2692075999521131,0.00043590071352161974,0.0016191991370197506,-0.0022850604350889148,-0.00848809779328438,8
smallcap250,v1,2025-11-10,223,0.25504033820648064,0.00020461855869868817,0.0008022988055051472,-0.017538512595787537,-0.06876760248642848,8
smallcap250,v1,2025-12-08,228,0.3149555595322898,0.002368019328835347,0.007518582406838172,0.002368019328835347,0.007518582406838172,8
smallcap250,v1,2026-01-06,231,0.34842175917132423,0.0032685317671562464,0.009380963390260193,-0.0037032687479668924,-0.010628695397137752,8
smallcap250,v1,2026-02-04,232,0.22588350790705453,1.6731655768653653e-05,7.407205565241317e-05,-0.0011594834749032445,-0.005133103720791973,8
smallcap250,v1,2026-03-05,232,0.22405937737122072,0.0004526723667227506,0.0020203232376780405,-0.0004526723667227506,-0.0020203232376780405,8
smallcap250,v1,2026-04-07,232,0.23120202122110245,0.002142995531249192,0.009268930781534167,-0.013113100639128406,-0.05671706748008108,8
smallcap250,v1,2026-05-07,232,0.21990767612059037,0.003254537034443672,0.014799560851431977,-0.012541281361680534,-0.057029757136823615,7
smallcap250,v2,2019-01-01,147,0.2637637676389981,0.0037163130162598534,0.01408955084894832,0.0037163130162598534,0.01408955084894832,8
smallcap250,v2,2019-01-29,145,0.23638792602505748,0.0018871507768442042,0.007983279047188575,-0.003994018703931679,-0.016896035136364396,9
smallcap250,v2,2019-02-26,149,0.31556381351828333,0.00014162347512503004,0.0004487950425812197,-0.006097056543805213,-0.019321152434520057,10
smallcap250,v2,2019-03-28,150,0.2719794221665474,0.00045084352632740465,0.0016576383710798874,-0.0023957238110653423,-0.008808474523481831,10
smallcap250,v2,2019-04-30,152,0.20601260326309156,0.0021240022238384615,0.01031005962837124,-0.006329896052148953,-0.030725770908614083,11
smallcap250,v2,2019-05-29,152,0.37817541498189494,0.0030702218920589663,0.008118512654255837,-0.008775568250984245,-0.023205020483429293,10
smallcap250,v2,2019-06-27,152,0.33117237578982417,0.00015926360730877942,0.00048090849041664864,-0.010730643350134739,-0.03240198801165969,10
smallcap250,v2,2019-07-25,153,0.35610163418695706,0.0029315983161539716,0.008232476446920354,-0.017384652409403678,-0.048819355881631686,9
smallcap250,v2,2019-08-26,153,0.2704913455655335,0.0014945316604061398,0.005525247609240241,0.0014945316604061398,0.005525247609240241,8
smallcap250,v2,2019-09-25,154,0.2550337226351863,0.0007482339750523037,0.0029338628920169,0.0007482339750523037,0.0029338628920169,8
smallcap250,v2,2019-10-27,157,0.34864060276972897,0.0015724877113769686,0.004510340157986617,0.003637096232390502,0.010432222189544402,9
smallcap250,v2,2019-11-26,157,0.2565360632342636,0.001885915112957437,0.007351461970612908,0.001885915112957437,0.007351461970612908,8
smallcap250,v2,2019-12-24,158,0.25976844045585434,0.0037922256459291814,0.014598484863189688,-0.012400755218202608,-0.047737728249209785,11
smallcap250,v2,2020-01-22,157,0.2290468752316429,0.001517671852630964,0.00662603168498191,-0.015674984435661177,-0.06843570522325848,11
smallcap250,v2,2020-02-18,159,0.2545032007320361,0.0009021291877123749,0.0035446673563143826,-0.007723094632285599,-0.030345766222473442,12
smallcap250,v2,2020-03-19,158,0.34073098468940355,0.005006174672816277,0.014692455038627325,-0.006906635547314854,-0.020270054258818466,9
smallcap250,v2,2020-04-22,158,0.22671937172316547,0.003269138154845197,0.014419315517674253,-0.0028971270594378984,-0.012778471629567766,10
smallcap250,v2,2020-05-21,158,0.2131897971035504,0.0030020510535204714,0.014081588773511133,-0.0037241828459325665,-0.017468860595254748,9
smallcap250,v2,2020-06-19,156,0.20105847936418553,0.0023632504741102345,0.01175404529857993,-0.005075126059355228,-0.025242039407661305,10
smallcap250,v2,2020-07-17,159,0.21595819356384505,0.0010897658445622183,0.005046188924709837,-0.005872739364107038,-0.027193871495182903,10
smallcap250,v2,2020-08-14,159,0.2586870215044984,8.253881356223847e-05,0.00031906824347893763,-0.026598802501807572,-0.10282233081161761,9
smallcap250,v2,2020-09-11,161,0.22096674597892008,0.011952375487685685,0.054091286155908386,-0.0011459864057207225,-0.005186239226376841,9
smallcap250,v2,2020-10-12,161,0.19205162844424029,0.0007146172643934801,0.003720964358294728,-0.014549238385527574,-0.07575691236459241,11
smallcap250,v2,2020-11-09,160,0.34318100103321886,0.0032320552744584674,0.009417931834010865,-0.006396671409448995,-0.018639351800334124,11
smallcap250,v2,2020-12-08,159,0.2748532576524931,0.0008506382067290374,0.0030948812977306243,-0.020743874069462653,-0.07547254213624742,9
smallcap250,v2,2021-01-06,160,0.22154740410667834,0.006026434425511318,0.027201557381414863,-0.009003071912276117,-0.040637225918210285,9
smallcap250,v2,2021-02-04,161,0.2891384998737092,0.0018537417384087984,0.0064112587539137175,-0.010592655197683931,-0.03663522914558463,12
smallcap250,v2,2021-03-04,162,0.21503588196962486,0.001901302575390229,0.00884179216033722,-0.016735608055100437,-0.07782704868513267,11
smallcap250,v2,2021-04-06,162,0.19670846034516298,0.003881456336731981,0.019732025404099122,-0.006493297136914822,-0.0330097501933627,11
smallcap250,v2,2021-05-06,163,0.1814130183093735,0.003267358684323818,0.018010607589097123,0.008818406357462671,0.0486095564675748,9
smallcap250,v2,2021-06-04,163,0.2872095415869185,0.0031048771445372214,0.010810494412483121,-0.007405874137888846,-0.025785613169288103,11
smallcap250,v2,2021-07-02,161,0.2906825225205838,0.007012106860046052,0.024122904945375626,0.007012106860046052,0.024122904945375626,8
smallcap250,v2,2021-08-02,162,0.2333641127954431,0.0009858811984290172,0.0042246478544590875,0.0009858811984290172,0.0042246478544590875,8
smallcap250,v2,2021-08-31,163,0.17330389608884333,0.0025572887371938524,0.014756094899810399,-0.0067989628059754725,-0.03923144810599076,9
smallcap250,v2,2021-09-29,163,0.2251309405502624,0.0036043989542968724,0.016010233624427824,0.0036043989542968724,0.016010233624427824,8
smallcap250,v2,2021-10-28,165,0.18020221045352897,0.0028219689982871277,0.0156600132217294,0.0028219689982871277,0.0156600132217294,8
smallcap250,v2,2021-11-29,163,0.18246339713536075,0.005080580866114515,0.02784438383740865,0.005080580866114515,0.02784438383740865,8
smallcap250,v2,2021-12-27,165,0.1802493235760924,0.00046237563587192554,0.0025652003940904292,-0.009512602084209565,-0.05277468949942445,9
smallcap250,v2,2022-01-24,165,0.1919044501455881,0.0004803366399687148,0.00250299896435079,-0.010498714846206791,-0.05470803224334794,11
smallcap250,v2,2022-02-22,167,0.1624166125491931,0.006575060340229366,0.04048268361857318,-0.0013645154633696865,-0.0084013294080764,12
smallcap250,v2,2022-03-24,168,0.2801565107712997,0.0035689602232549245,0.012739165737855634,0.0035689602232549245,0.012739165737855634,8
smallcap250,v2,2022-04-25,171,0.16800776651351795,0.0006517831456883671,0.0038794822359353516,0.0006517831456883671,0.0038794822359353516,8
smallcap250,v2,2022-05-24,171,0.1883313369535562,0.0008885733545447305,0.004718138621635012,-0.00625625773958971,-0.033219419777880864,10
smallcap250,v2,2022-06-21,172,0.21053286941538701,0.0006398835431082883,0.003039352215571531,-0.006015714773711434,-0.028573755682027333,9
smallcap250,v2,2022-07-19,175,0.17970987761193763,0.0004863735066623631,0.0027064372483332805,-0.007201686170493216,-0.04007395846122833,9
smallcap250,v2,2022-08-18,175,0.20105620016813475,0.0033505147330028517,0.01666456806704274,-0.0051632727575461335,-0.025680743758353674,9
smallcap250,v2,2022-09-16,176,0.31476419554903706,0.0012942758293864598,0.004111890258448486,-0.01204851168785992,-0.03827789773498201,9
smallcap250,v2,2022-10-17,183,0.2411544547470017,0.0013508972343961867,0.005601792576518774,-0.008267086356642306,-0.03428129231664169,11
smallcap250,v2,2022-11-16,182,0.17849586342528795,0.0023927414658300172,0.013405024743509164,-0.009886364852797813,-0.05538708103975695,9
smallcap250,v2,2022-12-14,184,0.2524644090795719,6.685378101645156e-05,0.00026480477489950095,-0.008442647803860837,-0.03344094256549198,10
smallcap250,v2,2023-01-11,189,0.17272295329810133,0.001508756310295345,0.008735123395507215,-0.0013767869839017566,-0.007971071346409701,9
smallcap250,v2,2023-02-09,190,0.17953947773822015,0.0026401438104501906,0.014705087948956197,-0.0073193341638886356,-0.04076726888200424,9
smallcap250,v2,2023-03-10,190,0.2461731417867749,0.0006783466209158151,0.002755567142671361,-0.007073617597016302,-0.028734319047457987,9
smallcap250,v2,2023-04-12,191,0.2407045940346016,0.006103659751106938,0.025357470951424918,-0.014570875970840058,-0.060534266199944134,9
smallcap250,v2,2023-05-12,191,0.21563269758451087,0.00011440526216111024,0.0005305561885681669,0.00011440526216111024,0.0005305561885681669,8
smallcap250,v2,2023-06-09,195,0.2612696686282065,0.007451886914193295,0.028521821738127295,-0.009589111371663961,-0.036701969356073685,9
smallcap250,v2,2023-07-10,196,0.2606895618249025,0.0020085918186903973,0.007704918465586702,-0.010121621736167263,-0.03882634066862124,9
smallcap250,v2,2023-08-07,195,0.1654535526806376,0.005463018401662301,0.033018441206923786,-0.014778126118165313,-0.08931888060868905,10
smallcap250,v2,2023-09-05,197,0.22304179231263777,0.0017674866842242176,0.007924464136957484,-0.013272704102048172,-0.0595077001687819,9
smallcap250,v2,2023-10-05,196,0.23294926150493278,9.161177388916641e-07,3.932692179289287e-06,-0.005654101210748053,-0.02427181427500823,10
smallcap250,v2,2023-11-03,198,0.319060688813382,0.0014354873555715297,0.004499104420886973,0.0014354873555715297,0.004499104420886973,8
smallcap250,v2,2023-12-04,201,0.2760956580931856,0.0014066505177638966,0.005094794056084487,0.005209769800058717,0.018869437629114607,10
smallcap250,v2,2024-01-02,201,0.1763140706929457,0.001483139675799383,0.008411918969202969,-0.0015757225165733413,-0.008937020796924893,9
smallcap250,v2,2024-01-31,201,0.2610431276913614,0.0004035117610369232,0.001545766650152945,-0.0011525817637614288,-0.00441529249957562,9
smallcap250,v2,2024-02-28,203,0.1569049126275196,0.005450437034827393,0.03473719811288713,-0.003613706952722673,-0.023031190624995534,11
smallcap250,v2,2024-03-28,203,0.26788759815288243,0.0012161141101763029,0.004539643188268354,-0.003475819171230743,-0.012974916327582683,10
smallcap250,v2,2024-04-30,203,0.2814475092227437,0.0013789908655166272,0.004899637837708714,-0.0032187833081027684,-0.011436531511655173,11
smallcap250,v2,2024-05-29,202,0.17204291802806726,0.0016341873412387686,0.009498719040397615,-0.009536182067371612,-0.05542908814076189,10
smallcap250,v2,2024-06-27,201,0.2249111187199334,0.0015742714651779677,0.006999527076019311,-0.002380927246164344,-0.01058608066917826,9
smallcap250,v2,2024-07-26,204,0.16375173310523117,0.00017043432353402999,0.0010408092806230295,-0.002343354111407181,-0.014310407999781474,10
smallcap250,v2,2024-08-26,207,0.20986088566656563,0.001588304076224567,0.0075683664022466795,0.001588304076224567,0.0075683664022466795,8
smallcap250,v2,2024-09-23,206,0.31478316416949953,0.005175202440430238,0.01644053122753279,0.005175202440430238,0.01644053122753279,8
smallcap250,v2,2024-10-22,210,0.2772765134434158,0.000487217391361483,0.001757153483037106,0.000487217391361483,0.001757153483037106,8
smallcap250,v2,2024-11-21,212,0.28310589703894395,0.0026866187064436,0.009489801288293296,0.0026866187064436,0.009489801288293296,8
smallcap250,v2,2024-12-19,213,0.3500773678916363,0.0017823509561234463,0.00509130586435156,0.0017823509561234463,0.00509130586435156,8
smallcap250,v2,2025-01-17,214,0.3187959704549463,4.485140426802037e-05,0.00014068999744260875,-0.011598772711608807,-0.03638305934374412,10
smallcap250,v2,2025-02-13,215,0.17841218927166475,0.002927236810658762,0.016407157059215926,-0.005826593694458704,-0.03265804717852917,9
smallcap250,v2,2025-03-17,216,0.24767501811459003,0.0009235491202252977,0.0037288747458494413,-0.0012372373512099522,-0.004995406321672412,11
smallcap250,v2,2025-04-17,216,0.2228452656580392,0.0030886935079744715,0.013860260835489939,-0.00882027486712822,-0.039580265890248344,9
smallcap250,v2,2025-05-19,217,0.2243252824434464,0.000978009538703084,0.0043597829368593145,0.000978009538703084,0.0043597829368593145,8
smallcap250,v2,2025-06-16,220,0.18484438278683946,0.0023701024591502584,0.012822150305121443,-0.006108233239782712,-0.0330452738010798,10
smallcap250,v2,2025-07-14,220,0.2568160250387517,0.0027467072996292252,0.010695233286998996,-0.004404493058739689,-0.017150382489079807,9
smallcap250,v2,2025-08-11,222,0.2932918465703987,0.0004663328450734694,0.001589995939288874,-0.0007529999471379556,-0.002567408388412916,9
smallcap250,v2,2025-09-10,224,0.2687741323996991,0.0005149791636258616,0.00191602948925169,0.0005149791636258616,0.00191602948925169,8
smallcap250,v2,2025-10-09,224,0.2692075999521131,0.00043590071352161974,0.0016191991370197506,-0.001849159721567295,-0.006868898656264628,9
smallcap250,v2,2025-11-10,223,0.25504033820648064,0.00020461855869868817,0.0008022988055051472,-0.011415823294054328,-0.04476085380976902,11
smallcap250,v2,2025-12-08,228,0.3149555595322898,0.002368019328835347,0.007518582406838172,0.002368019328835347,0.007518582406838172,8
smallcap250,v2,2026-01-06,231,0.34842175917132423,0.0032685317671562464,0.009380963390260193,-0.00043473698081064605,-0.0012477320068775594,9
smallcap250,v2,2026-02-04,232,0.22588350790705453,1.6731655768653653e-05,7.407205565241317e-05,-0.001142751819134591,-0.005059031665139559,9
smallcap250,v2,2026-03-05,232,0.22405937737122072,0.0004526723667227506,0.0020203232376780405,0.001259721998896568,0.005622268586462531,9
smallcap250,v2,2026-04-07,232,0.23120202122110245,0.002142995531249192,0.009268930781534167,-0.001375046460560192,-0.005947380794068455,10
smallcap250,v2,2026-05-07,232,0.21990767612059037,0.003254537034443672,0.014799560851431977,-0.0035752018808766772,-0.01625774026603851,10
smallcap250,v3,2019-01-01,147,0.2637637676389981,0.0037163130162598534,0.01408955084894832,0.0037163130162598534,0.01408955084894832,8
smallcap250,v3,2019-01-29,145,0.23638792602505748,0.0018871507768442042,0.007983279047188575,-0.010594400718828445,-0.04481785891934862,7
smallcap250,v3,2019-02-26,149,0.31556381351828333,0.00014162347512503004,0.0004487950425812197,-0.011179529891962359,-0.03542716057116806,7
smallcap250,v3,2019-03-28,150,0.2719794221665474,0.00045084352632740465,0.0016576383710798874,-0.017065109683829904,-0.06274412066873218,8
smallcap250,v3,2019-04-30,152,0.20601260326309156,0.0021240022238384615,0.01031005962837124,-0.01494539243988402,-0.07254601030791197,9
smallcap250,v3,2019-05-29,152,0.37817541498189494,0.0030702218920589663,0.008118512654255837,-0.018793840827906805,-0.04969609362048708,8
smallcap250,v3,2019-06-27,152,0.33117237578982417,0.00015926360730877942,0.00048090849041664864,-0.010889906957443518,-0.032882896502076334,9
smallcap250,v3,2019-07-25,153,0.35610163418695706,0.0029315983161539716,0.008232476446920354,-0.028347723614820408,-0.07960571054256257,8
smallcap250,v3,2019-08-26,153,0.2704913455655335,0.0014945316604061398,0.005525247609240241,0.0014945316604061398,0.005525247609240241,8
smallcap250,v3,2019-09-25,154,0.2550337226351863,0.0007482339750523037,0.0029338628920169,0.0007482339750523037,0.0029338628920169,8
smallcap250,v3,2019-10-27,157,0.34864060276972897,0.0015724877113769686,0.004510340157986617,-0.012184377825332549,-0.03494824678633348,7
smallcap250,v3,2019-11-26,157,0.2565360632342636,0.001885915112957437,0.007351461970612908,0.001885915112957437,0.007351461970612908,8
smallcap250,v3,2019-12-24,158,0.25976844045585434,0.0037922256459291814,0.014598484863189688,-0.04425409682113268,-0.1703597894473764,7
smallcap250,v3,2020-01-22,157,0.2290468752316429,0.001517671852630964,0.00662603168498191,-0.018462241874855345,-0.08060464416370601,8
smallcap250,v3,2020-02-18,159,0.2545032007320361,0.0009021291877123749,0.0035446673563143826,-0.023927906914442576,-0.09401809818351178,9
smallcap250,v3,2020-03-19,158,0.34073098468940355,0.005006174672816277,0.014692455038627325,-0.011912810220131131,-0.03496250929744579,8
smallcap250,v3,2020-04-22,158,0.22671937172316547,0.003269138154845197,0.014419315517674253,-0.010400983123813878,-0.04587602305335402,8
smallcap250,v3,2020-05-21,158,0.2131897971035504,0.0030020510535204714,0.014081588773511133,0.0030020510535204714,0.014081588773511133,8
smallcap250,v3,2020-06-19,156,0.20105847936418553,0.0023632504741102345,0.01175404529857993,-0.008110260883841147,-0.04033782066535327,9
smallcap250,v3,2020-07-17,159,0.21595819356384505,0.0010897658445622183,0.005046188924709837,-0.00929488711173554,-0.04304021513769347,8
smallcap250,v3,2020-08-14,159,0.2586870215044984,8.253881356223847e-05,0.00031906824347893763,-0.028532957931950653,-0.11029914746401177,8
smallcap250,v3,2020-09-11,161,0.22096674597892008,0.011952375487685685,0.054091286155908386,-0.013098361893406407,-0.05927752538228523,8
smallcap250,v3,2020-10-12,161,0.19205162844424029,0.0007146172643934801,0.003720964358294728,-0.02373517912306644,-0.12358749215166194,8
smallcap250,v3,2020-11-09,160,0.34318100103321886,0.0032320552744584674,0.009417931834010865,-0.011311999085213409,-0.032962195025820915,8
smallcap250,v3,2020-12-08,159,0.2748532576524931,0.0008506382067290374,0.0030948812977306243,-0.03535293759215985,-0.12862477197508007,7
smallcap250,v3,2021-01-06,160,0.22154740410667834,0.006026434425511318,0.027201557381414863,-0.0011415566043908587,-0.005152651681900016,7
smallcap250,v3,2021-02-04,161,0.2891384998737092,0.0018537417384087984,0.0064112587539137175,-0.012320313688420015,-0.04261042266526706,7
smallcap250,v3,2021-03-04,162,0.21503588196962486,0.001901302575390229,0.00884179216033722,-0.005710097293887051,-0.026554160364239292,8
smallcap250,v3,2021-04-06,162,0.19670846034516298,0.003881456336731981,0.019732025404099122,-0.016401628764161735,-0.08338039317364342,9
smallcap250,v3,2021-05-06,163,0.1814130183093735,0.003267358684323818,0.018010607589097123,-0.004533069798655309,-0.024987566167521773,8
smallcap250,v3,2021-06-04,163,0.2872095415869185,0.0031048771445372214,0.010810494412483121,-0.011502534097107553,-0.04004927563879882,8
smallcap250,v3,2021-07-02,161,0.2906825225205838,0.007012106860046052,0.024122904945375626,0.003695054124342345,0.012711648751020767,7
smallcap250,v3,2021-08-02,162,0.2333641127954431,0.0009858811984290172,0.0042246478544590875,-0.0027043028100909305,-0.011588340545152311,7
smallcap250,v3,2021-08-31,163,0.17330389608884333,0.0025572887371938524,0.014756094899810399,0.0003646495490339241,0.002104104738920517,7
smallcap250,v3,2021-09-29,163,0.2251309405502624,0.0036043989542968724,0.016010233624427824,0.0036043989542968724,0.016010233624427824,8
smallcap250,v3,2021-10-28,165,0.18020221045352897,0.0028219689982871277,0.0156600132217294,0.0013986092071375245,0.007761332136922935,7
smallcap250,v3,2021-11-29,163,0.18246339713536075,0.005080580866114515,0.02784438383740865,0.0013547183020338194,0.007424603089181879,7
smallcap250,v3,2021-12-27,165,0.1802493235760924,0.00046237563587192554,0.0025652003940904292,-0.01279084320601176,-0.07096194844033406,7
smallcap250,v3,2022-01-24,165,0.1919044501455881,0.0004803366399687148,0.00250299896435079,-0.01689129119896382,-0.08801927827181319,7
smallcap250,v3,2022-02-22,167,0.1624166125491931,0.006575060340229366,0.04048268361857318,-0.03304447980022995,-0.2034550486036111,7
smallcap250,v3,2022-03-24,168,0.2801565107712997,0.0035689602232549245,0.012739165737855634,0.003410005707967678,0.012171788185752248,6
smallcap250,v3,2022-04-25,171,0.16800776651351795,0.0006517831456883671,0.0038794822359353516,0.0006517831456883671,0.0038794822359353516,8
smallcap250,v3,2022-05-24,171,0.1883313369535562,0.0008885733545447305,0.004718138621635012,-0.013184674616252168,-0.07000786395682838,8
smallcap250,v3,2022-06-21,172,0.21053286941538701,0.0006398835431082883,0.003039352215571531,0.0006398835431082883,0.003039352215571531,8
smallcap250,v3,2022-07-19,175,0.17970987761193763,0.0004863735066623631,0.0027064372483332805,-0.007688059677155579,-0.04278039570956161,8
smallcap250,v3,2022-08-18,175,0.20105620016813475,0.0033505147330028517,0.01666456806704274,-0.008513787490548985,-0.042345311825396414,8
smallcap250,v3,2022-09-16,176,0.31476419554903706,0.0012942758293864598,0.004111890258448486,-0.031735996945155165,-0.10082467254510534,7
smallcap250,v3,2022-10-17,183,0.2411544547470017,0.0013508972343961867,0.005601792576518774,-0.01296044974387045,-0.05374335613027521,8
smallcap250,v3,2022-11-16,182,0.17849586342528795,0.0023927414658300172,0.013405024743509164,-0.01227910631862783,-0.06879210578326612,8
smallcap250,v3,2022-12-14,184,0.2524644090795719,6.685378101645156e-05,0.00026480477489950095,-0.0005758233859546324,-0.0022808101468795314,9
smallcap250,v3,2023-01-11,189,0.17272295329810133,0.001508756310295345,0.008735123395507215,-0.009397171350018274,-0.05440603678076163,8
smallcap250,v3,2023-02-09,190,0.17953947773822015,0.0026401438104501906,0.014705087948956197,-0.009959477974338826,-0.05547235683096044,8
smallcap250,v3,2023-03-10,190,0.2461731417867749,0.0006783466209158151,0.002755567142671361,-0.009729443417773376,-0.039522765754034295,8
smallcap250,v3,2023-04-12,191,0.2407045940346016,0.006103659751106938,0.025357470951424918,-0.023167024348716092,-0.09624670622358708,7
smallcap250,v3,2023-05-12,191,0.21563269758451087,0.00011440526216111024,0.0005305561885681669,0.0002896292861264138,0.0013431603340810694,7
smallcap250,v3,2023-06-09,195,0.2612696686282065,0.007451886914193295,0.028521821738127295,-0.0014495988998356468,-0.005548286211127185,7
smallcap250,v3,2023-07-10,196,0.2606895618249025,0.0020085918186903973,0.007704918465586702,-0.01254038865161955,-0.048104682687842175,8
smallcap250,v3,2023-08-07,195,0.1654535526806376,0.005463018401662301,0.033018441206923786,-0.017483638130163293,-0.10567097440277168,8
smallcap250,v3,2023-09-05,197,0.22304179231263777,0.0017674866842242176,0.007924464136957484,-0.011086129064158623,-0.049704268196604125,7
smallcap250,v3,2023-10-05,196,0.23294926150493278,9.161177388916641e-07,3.932692179289287e-06,-0.017712023610707117,-0.0760338259768729,8
smallcap250,v3,2023-11-03,198,0.319060688813382,0.0014354873555715297,0.004499104420886973,0.0014354873555715297,0.004499104420886973,8
smallcap250,v3,2023-12-04,201,0.2760956580931856,0.0014066505177638966,0.005094794056084487,-0.00866366235615168,-0.03137920536666893,8
smallcap250,v3,2024-01-02,201,0.1763140706929457,0.001483139675799383,0.008411918969202969,-0.003582069034098856,-0.020316410482842842,8
smallcap250,v3,2024-01-31,201,0.2610431276913614,0.0004035117610369232,0.001545766650152945,-0.0026524404429656423,-0.010160928067417646,8
smallcap250,v3,2024-02-28,203,0.1569049126275196,0.005450437034827393,0.03473719811288713,-0.010828700748705011,-0.06901441495596462,8
smallcap250,v3,2024-03-28,203,0.26788759815288243,0.0012161141101763029,0.004539643188268354,-0.012780071399762005,-0.04770684230207801,8
smallcap250,v3,2024-04-30,203,0.2814475092227437,0.0013789908655166272,0.004899637837708714,-0.012369386166666607,-0.04394917617436509,8
smallcap250,v3,2024-05-29,202,0.17204291802806726,0.0016341873412387686,0.009498719040397615,-0.008716101011367328,-0.05066236443365471,8
smallcap250,v3,2024-06-27,201,0.2249111187199334,0.0015742714651779677,0.006999527076019311,0.003098634625499641,0.0137771518061682,7
smallcap250,v3,2024-07-26,204,0.16375173310523117,0.00017043432353402999,0.0010408092806230295,-0.010478445615447196,-0.06398983031656509,8
smallcap250,v3,2024-08-26,207,0.20986088566656563,0.001588304076224567,0.0075683664022466795,0.001588304076224567,0.0075683664022466795,8
smallcap250,v3,2024-09-23,206,0.31478316416949953,0.005175202440430238,0.01644053122753279,0.0007753091605957607,0.0024629943683337663,7
smallcap250,v3,2024-10-22,210,0.2772765134434158,0.000487217391361483,0.001757153483037106,0.000487217391361483,0.001757153483037106,8
smallcap250,v3,2024-11-21,212,0.28310589703894395,0.0026866187064436,0.009489801288293296,0.0026866187064436,0.009489801288293296,8
smallcap250,v3,2024-12-19,213,0.3500773678916363,0.0017823509561234463,0.00509130586435156,0.0017823509561234463,0.00509130586435156,8
smallcap250,v3,2025-01-17,214,0.3187959704549463,4.485140426802037e-05,0.00014068999744260875,-0.01362045560077585,-0.042724679302998766,8
smallcap250,v3,2025-02-13,215,0.17841218927166475,0.002927236810658762,0.016407157059215926,-0.008753830505117466,-0.0490652042377451,8
smallcap250,v3,2025-03-17,216,0.24767501811459003,0.0009235491202252977,0.0037288747458494413,-0.012460602914865837,-0.05031029374589883,8
smallcap250,v3,2025-04-17,216,0.2228452656580392,0.0030886935079744715,0.013860260835489939,-0.013009044468125452,-0.05837702869617212,8
smallcap250,v3,2025-05-19,217,0.2243252824434464,0.000978009538703084,0.0043597829368593145,0.000978009538703084,0.0043597829368593145,8
smallcap250,v3,2025-06-16,220,0.18484438278683946,0.0023701024591502584,0.012822150305121443,-0.009168108086306304,-0.04959906245503206,8
smallcap250,v3,2025-07-14,220,0.2568160250387517,0.0027467072996292252,0.010695233286998996,-0.007151200358368914,-0.027845615776078806,8
smallcap250,v3,2025-08-11,222,0.2932918465703987,0.0004663328450734694,0.001589995939288874,0.0004663328450734694,0.001589995939288874,8
smallcap250,v3,2025-09-10,224,0.2687741323996991,0.0005149791636258616,0.00191602948925169,0.0005149791636258616,0.00191602948925169,8
smallcap250,v3,2025-10-09,224,0.2692075999521131,0.00043590071352161974,0.0016191991370197506,-0.0022850604350889148,-0.00848809779328438,8
smallcap250,v3,2025-11-10,223,0.25504033820648064,0.00020461855869868817,0.0008022988055051472,-0.018236908961456466,-0.07150597858246198,8
smallcap250,v3,2025-12-08,228,0.3149555595322898,0.002368019328835347,0.007518582406838172,0.002368019328835347,0.007518582406838172,8
smallcap250,v3,2026-01-06,231,0.34842175917132423,0.0032685317671562464,0.009380963390260193,-0.0037032687479668924,-0.010628695397137752,8
smallcap250,v3,2026-02-04,232,0.22588350790705453,1.6731655768653653e-05,7.407205565241317e-05,-0.00295893428818772,-0.013099381692820392,8
smallcap250,v3,2026-03-05,232,0.22405937737122072,0.0004526723667227506,0.0020203232376780405,-0.0004526723667227506,-0.0020203232376780405,8
smallcap250,v3,2026-04-07,232,0.23120202122110245,0.002142995531249192,0.009268930781534167,-0.013113100639128406,-0.05671706748008108,8
smallcap250,v3,2026-05-07,232,0.21990767612059037,0.003254537034443672,0.014799560851431977,-0.006829738915320349,-0.031057301117470487,9
smallcap250,v4,2019-01-01,147,0.2637637676389981,0.0037163130162598534,0.01408955084894832,0.0037163130162598534,0.01408955084894832,8
smallcap250,v4,2019-01-29,145,0.23638792602505748,0.0018871507768442042,0.007983279047188575,-0.003994018703931679,-0.016896035136364396,9
smallcap250,v4,2019-02-26,149,0.31556381351828333,0.00014162347512503004,0.0004487950425812197,-0.006097056543805213,-0.019321152434520057,10
smallcap250,v4,2019-03-28,150,0.2719794221665474,0.00045084352632740465,0.0016576383710798874,-0.0023957238110653423,-0.008808474523481831,10
smallcap250,v4,2019-04-30,152,0.20601260326309156,0.0021240022238384615,0.01031005962837124,-0.006329896052148953,-0.030725770908614083,11
smallcap250,v4,2019-05-29,152,0.37817541498189494,0.0030702218920589663,0.008118512654255837,-0.008775568250984245,-0.023205020483429293,10
smallcap250,v4,2019-06-27,152,0.33117237578982417,0.00015926360730877942,0.00048090849041664864,-0.010730643350134739,-0.03240198801165969,10
smallcap250,v4,2019-07-25,153,0.35610163418695706,0.0029315983161539716,0.008232476446920354,-0.017384652409403678,-0.048819355881631686,9
smallcap250,v4,2019-08-26,153,0.2704913455655335,0.0014945316604061398,0.005525247609240241,0.0014945316604061398,0.005525247609240241,8
smallcap250,v4,2019-09-25,154,0.2550337226351863,0.0007482339750523037,0.0029338628920169,0.0007482339750523037,0.0029338628920169,8
smallcap250,v4,2019-10-27,157,0.34864060276972897,0.0015724877113769686,0.004510340157986617,0.003637096232390502,0.010432222189544402,9
smallcap250,v4,2019-11-26,157,0.2565360632342636,0.001885915112957437,0.007351461970612908,0.001885915112957437,0.007351461970612908,8
smallcap250,v4,2019-12-24,158,0.25976844045585434,0.0037922256459291814,0.014598484863189688,-0.012400755218202608,-0.047737728249209785,11
smallcap250,v4,2020-01-22,157,0.2290468752316429,0.001517671852630964,0.00662603168498191,-0.009652154120442069,-0.042140518663179825,12
smallcap250,v4,2020-02-18,159,0.2545032007320361,0.0009021291877123749,0.0035446673563143826,-0.007723094632285599,-0.030345766222473442,12
smallcap250,v4,2020-03-19,158,0.34073098468940355,0.005006174672816277,0.014692455038627325,-0.006906635547314854,-0.020270054258818466,9
smallcap250,v4,2020-04-22,158,0.22671937172316547,0.003269138154845197,0.014419315517674253,-0.0028971270594378984,-0.012778471629567766,10
smallcap250,v4,2020-05-21,158,0.2131897971035504,0.0030020510535204714,0.014081588773511133,-0.0037241828459325665,-0.017468860595254748,9
smallcap250,v4,2020-06-19,156,0.20105847936418553,0.0023632504741102345,0.01175404529857993,-0.005075126059355228,-0.025242039407661305,10
smallcap250,v4,2020-07-17,159,0.21595819356384505,0.0010897658445622183,0.005046188924709837,-0.005872739364107038,-0.027193871495182903,10
smallcap250,v4,2020-08-14,159,0.2586870215044984,8.253881356223847e-05,0.00031906824347893763,-0.02558088636121736,-0.09888739764539183,10
smallcap250,v4,2020-09-11,161,0.22096674597892008,0.011952375487685685,0.054091286155908386,-0.0011459864057207225,-0.005186239226376841,9
smallcap250,v4,2020-10-12,161,0.19205162844424029,0.0007146172643934801,0.003720964358294728,-0.014549238385527574,-0.07575691236459241,11
smallcap250,v4,2020-11-09,160,0.34318100103321886,0.0032320552744584674,0.009417931834010865,-0.006396671409448995,-0.018639351800334124,11
smallcap250,v4,2020-12-08,159,0.2748532576524931,0.0008506382067290374,0.0030948812977306243,-0.009602763449516605,-0.034937782915630294,10
smallcap250,v4,2021-01-06,160,0.22154740410667834,0.006026434425511318,0.027201557381414863,-0.009003071912276117,-0.040637225918210285,9
smallcap250,v4,2021-02-04,161,0.2891384998737092,0.0018537417384087984,0.0064112587539137175,-0.01244639693609273,-0.04304648789949835,11
smallcap250,v4,2021-03-04,162,0.21503588196962486,0.001901302575390229,0.00884179216033722,-0.0017098894905492878,-0.007951647301313277,11
smallcap250,v4,2021-04-06,162,0.19670846034516298,0.003881456336731981,0.019732025404099122,-0.006493297136914822,-0.0330097501933627,11
smallcap250,v4,2021-05-06,163,0.1814130183093735,0.003267358684323818,0.018010607589097123,0.008818406357462671,0.0486095564675748,9
smallcap250,v4,2021-06-04,163,0.2872095415869185,0.0031048771445372214,0.010810494412483121,-0.010510751282426067,-0.036596107581771224,10
smallcap250,v4,2021-07-02,161,0.2906825225205838,0.007012106860046052,0.024122904945375626,0.007012106860046052,0.024122904945375626,8
smallcap250,v4,2021-08-02,162,0.2333641127954431,0.0009858811984290172,0.0042246478544590875,0.0009858811984290172,0.0042246478544590875,8
smallcap250,v4,2021-08-31,163,0.17330389608884333,0.0025572887371938524,0.014756094899810399,-0.0067989628059754725,-0.03923144810599076,9
smallcap250,v4,2021-09-29,163,0.2251309405502624,0.0036043989542968724,0.016010233624427824,0.0036043989542968724,0.016010233624427824,8
smallcap250,v4,2021-10-28,165,0.18020221045352897,0.0028219689982871277,0.0156600132217294,0.0028219689982871277,0.0156600132217294,8
smallcap250,v4,2021-11-29,163,0.18246339713536075,0.005080580866114515,0.02784438383740865,0.005080580866114515,0.02784438383740865,8
smallcap250,v4,2021-12-27,165,0.1802493235760924,0.00046237563587192554,0.0025652003940904292,-0.009512602084209565,-0.05277468949942445,9
smallcap250,v4,2022-01-24,165,0.1919044501455881,0.0004803366399687148,0.00250299896435079,-0.010498714846206791,-0.05470803224334794,11
smallcap250,v4,2022-02-22,167,0.1624166125491931,0.006575060340229366,0.04048268361857318,-0.0013645154633696865,-0.0084013294080764,12
smallcap250,v4,2022-03-24,168,0.2801565107712997,0.0035689602232549245,0.012739165737855634,0.0035689602232549245,0.012739165737855634,8
smallcap250,v4,2022-04-25,171,0.16800776651351795,0.0006517831456883671,0.0038794822359353516,0.0006517831456883671,0.0038794822359353516,8
smallcap250,v4,2022-05-24,171,0.1883313369535562,0.0008885733545447305,0.004718138621635012,-0.00625625773958971,-0.033219419777880864,10
smallcap250,v4,2022-06-21,172,0.21053286941538701,0.0006398835431082883,0.003039352215571531,-0.006015714773711434,-0.028573755682027333,9
smallcap250,v4,2022-07-19,175,0.17970987761193763,0.0004863735066623631,0.0027064372483332805,-0.007201686170493216,-0.04007395846122833,9
smallcap250,v4,2022-08-18,175,0.20105620016813475,0.0033505147330028517,0.01666456806704274,-0.0051632727575461335,-0.025680743758353674,9
smallcap250,v4,2022-09-16,176,0.31476419554903706,0.0012942758293864598,0.004111890258448486,-0.01204851168785992,-0.03827789773498201,9
smallcap250,v4,2022-10-17,183,0.2411544547470017,0.0013508972343961867,0.005601792576518774,-0.008267086356642306,-0.03428129231664169,11
smallcap250,v4,2022-11-16,182,0.17849586342528795,0.0023927414658300172,0.013405024743509164,-0.009886364852797813,-0.05538708103975695,9
smallcap250,v4,2022-12-14,184,0.2524644090795719,6.685378101645156e-05,0.00026480477489950095,-0.008442647803860837,-0.03344094256549198,10
smallcap250,v4,2023-01-11,189,0.17272295329810133,0.001508756310295345,0.008735123395507215,-0.0013767869839017566,-0.007971071346409701,9
smallcap250,v4,2023-02-09,190,0.17953947773822015,0.0026401438104501906,0.014705087948956197,-0.0073193341638886356,-0.04076726888200424,9
smallcap250,v4,2023-03-10,190,0.2461731417867749,0.0006783466209158151,0.002755567142671361,-0.007073617597016302,-0.028734319047457987,9
smallcap250,v4,2023-04-12,191,0.2407045940346016,0.006103659751106938,0.025357470951424918,-0.014570875970840058,-0.060534266199944134,9
smallcap250,v4,2023-05-12,191,0.21563269758451087,0.00011440526216111024,0.0005305561885681669,0.00011440526216111024,0.0005305561885681669,8
smallcap250,v4,2023-06-09,195,0.2612696686282065,0.007451886914193295,0.028521821738127295,-0.009589111371663961,-0.036701969356073685,9
smallcap250,v4,2023-07-10,196,0.2606895618249025,0.0020085918186903973,0.007704918465586702,-0.010121621736167263,-0.03882634066862124,9
smallcap250,v4,2023-08-07,195,0.1654535526806376,0.005463018401662301,0.033018441206923786,-0.014778126118165313,-0.08931888060868905,10
smallcap250,v4,2023-09-05,197,0.22304179231263777,0.0017674866842242176,0.007924464136957484,-0.013272704102048172,-0.0595077001687819,9
smallcap250,v4,2023-10-05,196,0.23294926150493278,9.161177388916641e-07,3.932692179289287e-06,-0.005654101210748053,-0.02427181427500823,10
smallcap250,v4,2023-11-03,198,0.319060688813382,0.0014354873555715297,0.004499104420886973,0.0014354873555715297,0.004499104420886973,8
smallcap250,v4,2023-12-04,201,0.2760956580931856,0.0014066505177638966,0.005094794056084487,0.005209769800058717,0.018869437629114607,10
smallcap250,v4,2024-01-02,201,0.1763140706929457,0.001483139675799383,0.008411918969202969,-0.0015757225165733413,-0.008937020796924893,9
smallcap250,v4,2024-01-31,201,0.2610431276913614,0.0004035117610369232,0.001545766650152945,-0.0011525817637614288,-0.00441529249957562,9
smallcap250,v4,2024-02-28,203,0.1569049126275196,0.005450437034827393,0.03473719811288713,-0.003613706952722673,-0.023031190624995534,11
smallcap250,v4,2024-03-28,203,0.26788759815288243,0.0012161141101763029,0.004539643188268354,-0.003475819171230743,-0.012974916327582683,10
smallcap250,v4,2024-04-30,203,0.2814475092227437,0.0013789908655166272,0.004899637837708714,-0.0032187833081027684,-0.011436531511655173,11
smallcap250,v4,2024-05-29,202,0.17204291802806726,0.0016341873412387686,0.009498719040397615,-0.009536182067371612,-0.05542908814076189,10
smallcap250,v4,2024-06-27,201,0.2249111187199334,0.0015742714651779677,0.006999527076019311,-0.002380927246164344,-0.01058608066917826,9
smallcap250,v4,2024-07-26,204,0.16375173310523117,0.00017043432353402999,0.0010408092806230295,-0.002343354111407181,-0.014310407999781474,10
smallcap250,v4,2024-08-26,207,0.20986088566656563,0.001588304076224567,0.0075683664022466795,0.001588304076224567,0.0075683664022466795,8
smallcap250,v4,2024-09-23,206,0.31478316416949953,0.005175202440430238,0.01644053122753279,0.005175202440430238,0.01644053122753279,8
smallcap250,v4,2024-10-22,210,0.2772765134434158,0.000487217391361483,0.001757153483037106,0.000487217391361483,0.001757153483037106,8
smallcap250,v4,2024-11-21,212,0.28310589703894395,0.0026866187064436,0.009489801288293296,0.0026866187064436,0.009489801288293296,8
smallcap250,v4,2024-12-19,213,0.3500773678916363,0.0017823509561234463,0.00509130586435156,0.0017823509561234463,0.00509130586435156,8
smallcap250,v4,2025-01-17,214,0.3187959704549463,4.485140426802037e-05,0.00014068999744260875,-0.011598772711608807,-0.03638305934374412,10
smallcap250,v4,2025-02-13,215,0.17841218927166475,0.002927236810658762,0.016407157059215926,-0.005826593694458704,-0.03265804717852917,9
smallcap250,v4,2025-03-17,216,0.24767501811459003,0.0009235491202252977,0.0037288747458494413,-0.0012372373512099522,-0.004995406321672412,11
smallcap250,v4,2025-04-17,216,0.2228452656580392,0.0030886935079744715,0.013860260835489939,-0.00882027486712822,-0.039580265890248344,9
smallcap250,v4,2025-05-19,217,0.2243252824434464,0.000978009538703084,0.0043597829368593145,0.000978009538703084,0.0043597829368593145,8
smallcap250,v4,2025-06-16,220,0.18484438278683946,0.0023701024591502584,0.012822150305121443,-0.006108233239782712,-0.0330452738010798,10
smallcap250,v4,2025-07-14,220,0.2568160250387517,0.0027467072996292252,0.010695233286998996,-0.004404493058739689,-0.017150382489079807,9
smallcap250,v4,2025-08-11,222,0.2932918465703987,0.0004663328450734694,0.001589995939288874,-0.0007529999471379556,-0.002567408388412916,9
smallcap250,v4,2025-09-10,224,0.2687741323996991,0.0005149791636258616,0.00191602948925169,0.0005149791636258616,0.00191602948925169,8
smallcap250,v4,2025-10-09,224,0.2692075999521131,0.00043590071352161974,0.0016191991370197506,-0.001849159721567295,-0.006868898656264628,9
smallcap250,v4,2025-11-10,223,0.25504033820648064,0.00020461855869868817,0.0008022988055051472,-0.011415823294054328,-0.04476085380976902,11
smallcap250,v4,2025-12-08,228,0.3149555595322898,0.002368019328835347,0.007518582406838172,0.002368019328835347,0.007518582406838172,8
smallcap250,v4,2026-01-06,231,0.34842175917132423,0.0032685317671562464,0.009380963390260193,-0.00043473698081064605,-0.0012477320068775594,9
smallcap250,v4,2026-02-04,232,0.22588350790705453,1.6731655768653653e-05,7.407205565241317e-05,-0.001142751819134591,-0.005059031665139559,9
smallcap250,v4,2026-03-05,232,0.22405937737122072,0.0004526723667227506,0.0020203232376780405,0.001259721998896568,0.005622268586462531,9
smallcap250,v4,2026-04-07,232,0.23120202122110245,0.002142995531249192,0.009268930781534167,-0.001375046460560192,-0.005947380794068455,10
smallcap250,v4,2026-05-07,232,0.21990767612059037,0.003254537034443672,0.014799560851431977,-0.0035752018808766772,-0.01625774026603851,10
nifty500,v1,2019-01-01,342,0.23016123165589042,0.0007613273710891377,0.003307800212971503,0.0007613273710891377,0.003307800212971503,8
nifty500,v1,2019-01-29,340,0.20505770868326023,0.0005001233493369117,0.002438939518774302,0.0005001233493369117,0.002438939518774302,8
nifty500,v1,2019-02-26,344,0.32021590987552306,0.0004488189045005475,0.00140161338228015,0.0004488189045005475,0.00140161338228015,8
nifty500,v1,2019-03-28,345,0.3848077906098402,0.0003762223863462699,0.000977689110062028,-0.003164765547213233,-0.008224276182656642,8
nifty500,v1,2019-04-30,349,0.35938945125504324,0.0021162407406153383,0.005888433100151104,-0.025989285026543518,-0.07231510256014732,9
nifty500,v1,2019-05-29,349,0.26138192534014115,0.00374102692534517,0.014312492803306511,0.00011073284527163274,0.00042364385038305165,7
nifty500,v1,2019-06-27,350,0.2555258309336524,0.005094102273401124,0.0199357624815779,-0.013629386361926121,-0.05333858542647694,7
nifty500,v1,2019-07-25,351,0.2092685066711416,3.928007587383764e-05,0.00018770180233361607,3.928007587383764e-05,0.00018770180233361607,8
nifty500,v1,2019-08-26,352,0.2809771430257976,0.008298735880778785,0.02953527034765545,-0.008298735880778785,-0.02953527034765545,8
nifty500,v1,2019-09-25,353,0.2680056597230891,0.00506217319010549,0.018888307042977632,-0.01067849568399648,-0.03984429170275657,8
nifty500,v1,2019-10-27,356,0.30993343269404994,0.00020711136070838965,0.0006682446579192996,0.0002686330680148341,0.0008667444027570095,7
nifty500,v1,2019-11-26,357,0.32966959980139926,0.0006728389096076759,0.0020409492110070506,-0.004635009335147489,-0.014059559443575408,8
nifty500,v1,2019-12-24,358,0.241063503614167,0.0004767422517526487,0.001977662502224709,-0.004605729459053798,-0.019105876211048003,9
nifty500,v1,2020-01-22,356,0.2337824801761456,0.0044293658042160455,0.018946525851204495,0.0044293658042160455,0.018946525851204495,8
nifty500,v1,2020-02-18,360,0.2613243217047323,0.0003890778955312202,0.0014888698189020283,4.888457817653347e-06,1.8706478546519547e-05,7
nifty500,v1,2020-03-19,359,0.3122600978021659,0.006025824229215826,0.01929745193711404,-0.010856197959007496,-0.03476652327792935,7
nifty500,v1,2020-04-22,359,0.251796879497019,0.0020518900887592784,0.008148989347517194,-0.00967788852534368,-0.03843529969345095,8
nifty500,v1,2020-05-21,362,0.23679643952059748,0.0001227810521426953,0.000518508860991617,-0.0001227810521426953,-0.000518508860991617,8
nifty500,v1,2020-06-19,358,0.2158197442912987,0.0011308739897913922,0.0052399005174661685,-0.014678741345738655,-0.06801389462275656,8
nifty500,v1,2020-07-17,362,0.1508049046078942,0.0007752430962877366,0.005140702142967006,0.0007752430962877366,0.005140702142967006,8
nifty500,v1,2020-08-14,361,0.2058306903839942,0.0008535323402953932,0.004146769068806298,-0.0008535323402953932,-0.004146769068806298,8
nifty500,v1,2020-09-11,362,0.15948683772270683,0.0002969753845313283,0.0018620682983737325,-0.001900855912917776,-0.0119185754765714,7
nifty500,v1,2020-10-12,363,0.18398369161288824,0.001434858035059161,0.007798832725229695,0.001434858035059161,0.007798832725229695,8
nifty500,v1,2020-11-09,367,0.20130387417314366,0.0012314329916564004,0.006117284114448942,-0.005347232894130194,-0.026562990484380745,8
nifty500,v1,2020-12-08,365,0.26680582934056796,0.0009435156650325904,0.0035363382702865423,0.0009435156650325904,0.0035363382702865423,8
nifty500,v1,2021-01-06,361,0.1545943222402667,0.0017008290793733005,0.011001885804899832,0.0017008290793733005,0.011001885804899832,8
nifty500,v1,2021-02-04,367,0.19746882617401784,0.0007245308388247329,0.0036690897133618743,-0.011110581615303539,-0.05626499043202103,8
nifty500,v1,2021-03-04,370,0.22291348796224525,0.0006301499592409332,0.002826881248871138,0.0006301499592409332,0.002826881248871138,8
nifty500,v1,2021-04-06,372,0.1701472229223161,0.0023152653085752872,0.013607423434894173,-0.008399702967277212,-0.04936726455483939,8
nifty500,v1,2021-05-06,371,0.18476369661245667,0.0025252868084280067,0.013667656875932807,-0.010737624504020715,-0.05811544530061535,8
nifty500,v1,2021-06-04,371,0.19139537786811267,0.0002693299561112861,0.0014071915378065024,0.001989097734772738,0.010392611132664821,7
nifty500,v1,2021-07-02,368,0.18370742654846073,0.00021668765257620848,0.0011795258180215583,-0.009512623111771923,-0.05178137482244116,7
nifty500,v1,2021-08-02,370,0.19345208182416307,3.1149846113631696e-07,1.610209919681564e-06,-0.002838488299452324,-0.014672823743671824,8
nifty500,v1,2021-08-31,374,0.16074770859371068,0.001107365149752515,0.006888839408289028,0.001107365149752515,0.006888839408289028,8
nifty500,v1,2021-09-29,372,0.20220684762136348,0.00022901651943596502,0.0011325853804160144,-0.010119556809998875,-0.05004556932190524,8
nifty500,v1,2021-10-28,377,0.1774050998167957,0.000424462371100498,0.002392616511807359,-0.0029604967312183428,-0.016687776925666822,7
nifty500,v1,2021-11-29,375,0.18137534873282823,0.003891336336340645,0.02145460429726153,-0.005475458512719578,-0.03018854850437865,7
nifty500,v1,2021-12-27,377,0.21384904975100677,4.532142497637448e-05,0.0002119318511311791,-0.008457134066875205,-0.03954721368517743,8
nifty500,v1,2022-01-24,377,0.21348046637404183,0.0003805976984481152,0.0017828221237874999,-0.009764709513312875,-0.045740529235138556,8
nifty500,v1,2022-02-22,380,0.16704924648296454,0.006167449238613898,0.0369199464736457,-0.012004971025890487,-0.07186486188140177,8
nifty500,v1,2022-03-24,381,0.23913210087226033,0.0024667005413891996,0.010315221304005782,-0.0025791048799121974,-0.010785272535576077,8
nifty500,v1,2022-04-25,386,0.17421099263977396,0.00032932373724847697,0.0018903728878317024,-0.00631146145722794,-0.03622883585927617,8
nifty500,v1,2022-05-24,386,0.17408557835613048,0.0009718736665756955,0.005582735087840036,-0.007349562906084461,-0.04221810316216607,9
nifty500,v1,2022-06-21,387,0.17119827649581276,0.005778935035728683,0.033755801483609134,-0.01119125456107406,-0.06537013567042411,8
nifty500,v1,2022-07-19,390,0.232545540698188,0.0026239259241123136,0.011283492756878134,-0.010337956289835581,-0.04445562042943159,7
nifty500,v1,2022-08-18,388,0.2247001236737745,0.0007002819754393652,0.0031165179795630766,-0.004767846592429681,-0.021218709248917746,8
nifty500,v1,2022-09-16,385,0.18987711185649236,0.0011693642043345553,0.006158531657140181,-0.003162117087717742,-0.016653492655331965,8
nifty500,v1,2022-10-17,399,0.19176854552279193,0.0033074676310564932,0.017247185256788613,0.0033074676310564932,0.017247185256788613,8
nifty500,v1,2022-11-16,398,0.18443395793915773,0.00016009023129326394,0.0008680084355510905,-0.011132578763970669,-0.060360786529578006,8
nifty500,v1,2022-12-14,401,0.20711323458548742,0.0024992858479133684,0.012067243568067453,-0.022982256124517098,-0.11096469122561559,8
nifty500,v1,2023-01-11,404,0.18758169269190944,8.725613458648862e-05,0.00046516338206735913,8.725613458648862e-05,0.00046516338206735913,8
nifty500,v1,2023-02-09,409,0.319370363505678,0.0022906890168622462,0.007172515920756438,-0.03355437874603906,-0.10506415929680496,8
nifty500,v1,2023-03-10,410,0.1964278613549822,0.0010005364146831175,0.005093658342463748,0.0010005364146831175,0.005093658342463748,8
nifty500,v1,2023-04-12,411,0.3204563747933408,0.0007502999735883309,0.0023413482539462417,0.0007502999735883309,0.0023413482539462417,8
nifty500,v1,2023-05-12,410,0.2415747637755863,0.0011416694015774498,0.004725946467810756,-0.009406869721929945,-0.03893978648642524,8
nifty500,v1,2023-06-09,413,0.209652574362168,0.002488896266034879,0.011871527328519189,-0.006300241997881484,-0.030050868762517655,8
nifty500,v1,2023-07-10,411,0.2347066994224678,0.0021378666798655965,0.0091086734427528,-0.020699616725160408,-0.08819354869756603,7
nifty500,v1,2023-08-07,414,0.1788755286710043,9.330101715343542e-05,0.0005215974361984345,0.001444872621970461,0.008077530966395822,7
nifty500,v1,2023-09-05,418,0.2117493118952809,0.00023784456127873277,0.001123236525067704,-0.010321340684397606,-0.04874320767333568,8
nifty500,v1,2023-10-05,416,0.17764009040719875,0.0018551072009469483,0.010443066070809495,-0.014196505135659288,-0.0799172366053017,8
nifty500,v1,2023-11-03,419,0.33168600128091646,0.00013521302338947994,0.0004076536931534934,-0.009759663461326618,-0.029424405683798567,8
nifty500,v1,2023-12-04,423,0.36535380145555835,0.000182569924124798,0.0004997071972357891,0.000182569924124798,0.0004997071972357891,8
nifty500,v1,2024-01-02,417,0.26847643726773707,7.26144134503004e-05,0.0002704684783115099,-0.00314673032711299,-0.011720694594792039,8
nifty500,v1,2024-01-31,412,0.1939059261913061,0.0014003481612309132,0.007221791457004468,0.0014003481612309132,0.007221791457004468,8
nifty500,v1,2024-02-28,421,0.13276551812142567,0.0015433866853200584,0.011624906128927966,-0.009150865638948291,-0.06892501734207089,8
nifty500,v1,2024-03-28,424,0.16513495228938213,0.0015576371782138887,0.009432510541343716,-0.002792372462798842,-0.01690963920167243,7
nifty500,v1,2024-04-30,424,0.2367949398221732,0.001351714801722137,0.0057083770571163366,-0.0001486334431973768,-0.0006276884265727833,7
nifty500,v1,2024-05-29,423,0.1732840710233835,0.0017523030337545098,0.010112314556125868,0.0017523030337545098,0.010112314556125868,8
nifty500,v1,2024-06-27,423,0.22049412956396802,0.001189736244743389,0.005395772881101726,-0.021980685662638444,-0.09968830329454001,8
nifty500,v1,2024-07-26,428,0.18498205642371424,0.0019187513206300189,0.010372634825915146,-0.008054030154214464,-0.04353952112936916,8
nifty500,v1,2024-08-26,430,0.2087093214813472,0.0018099215079206976,0.008671972555296023,-0.006753814195930907,-0.03235990682157678,7
nifty500,v1,2024-09-23,432,0.2959146607386095,0.0036049736608864125,0.012182477380094378,-0.009100986962164659,-0.030755444625313242,8
nifty500,v1,2024-10-22,437,0.21814894089567322,0.0003813217141633851,0.001747987923286536,-0.010417135752448292,-0.047752401224950926,8
nifty500,v1,2024-11-21,439,0.20490049616288625,0.001314178482359929,0.006413739873598056,-0.009960298477775575,-0.04861041658902381,8
nifty500,v1,2024-12-19,440,0.18832829988855065,5.193244195855762e-05,0.0002757548493205233,5.193244195855762e-05,0.0002757548493205233,8
nifty500,v1,2025-01-17,442,0.2514725912126672,0.00038350270615838955,0.0015250278541650935,-0.0018218812607599943,-0.007244850231885719,8
nifty500,v1,2025-02-13,443,0.16821448497048208,0.005069184641286584,0.030135244549101187,-0.010324989896075332,-0.06137990969022162,8
nifty500,v1,2025-03-17,444,0.19932035038090395,0.0001928665263501994,0.0009676208474530012,-0.004134376209249502,-0.02074236876138664,8
nifty500,v1,2025-04-17,444,0.24192958862713576,0.0010210082707362567,0.004220270354404002,-0.0024494363700350297,-0.01012458370195522,8
nifty500,v1,2025-05-19,447,0.24458001567419385,0.0005052309666147003,0.0020657082927319818,0.0005052309666147003,0.0020657082927319818,8
nifty500,v1,2025-06-16,448,0.1970721458617834,0.002159467474272758,0.010957750852255404,0.002159467474272758,0.010957750852255404,8
nifty500,v1,2025-07-14,449,0.3036389503649622,0.0005426287219214565,0.0017870853567015625,0.0005426287219214565,0.0017870853567015625,8
nifty500,v1,2025-08-11,452,0.3678954821047308,0.0009440698811603587,0.0025661361095258173,0.001567042350948289,0.004259477017720458,7
nifty500,v1,2025-09-10,455,0.36731497011989067,0.0014339906503779698,0.0039039809619246363,0.0014339906503779698,0.0039039809619246363,8
nifty500,v1,2025-10-09,456,0.2133425538062348,0.0004341618209922071,0.0020350455792637044,-0.0004341618209922071,-0.0020350455792637044,8
nifty500,v1,2025-11-10,457,0.2071199514802914,0.0013556571755386493,0.006545275652344132,-0.007174014960253938,-0.03463700579775669,8
nifty500,v1,2025-12-08,464,0.20905526786728962,0.0015321438549311672,0.0073288937923524965,-0.0015321438549311672,-0.0073288937923524965,8
nifty500,v1,2026-01-06,468,0.28241951163465534,0.00034325545175206695,0.0012154098339923144,-0.0065632614565404035,-0.02323940516203001,8
nifty500,v1,2026-02-04,470,0.3062457988831698,0.00022778549812141335,0.0007437995850134474,0.0007817282232113199,0.002552616969970395,7
nifty500,v1,2026-03-05,470,0.25934923227439777,0.0007306159446051064,0.002817112424809868,-0.006515334028621922,-0.025121855852376463,7
nifty500,v1,2026-04-07,471,0.29375430307047545,0.0038128351728707877,0.01297967428227269,-0.01163195199062661,-0.03959755438147898,7
nifty500,v1,2026-05-07,470,0.21833205368831637,0.00013160203451278996,0.0006027609427457715,0.00013160203451278996,0.0006027609427457715,8
nifty500,v2,2019-01-01,342,0.23016123165589042,0.0007613273710891377,0.003307800212971503,0.0007613273710891377,0.003307800212971503,8
nifty500,v2,2019-01-29,340,0.20505770868326023,0.0005001233493369117,0.002438939518774302,0.0005001233493369117,0.002438939518774302,8
nifty500,v2,2019-02-26,344,0.32021590987552306,0.0004488189045005475,0.00140161338228015,0.0004488189045005475,0.00140161338228015,8
nifty500,v2,2019-03-28,345,0.3848077906098402,0.0003762223863462699,0.000977689110062028,-0.002788543160866963,-0.007246587072594614,9
nifty500,v2,2019-04-30,349,0.35938945125504324,0.0021162407406153383,0.005888433100151104,-0.018189180084016043,-0.050611335476032,11
nifty500,v2,2019-05-29,349,0.26138192534014115,0.00374102692534517,0.014312492803306511,-0.01974980336604726,-0.07555917778303328,10
nifty500,v2,2019-06-27,350,0.2555258309336524,0.005094102273401124,0.0199357624815779,-0.0018414595796816258,-0.0072065496194776615,9
nifty500,v2,2019-07-25,351,0.2092685066711416,3.928007587383764e-05,0.00018770180233361607,3.928007587383764e-05,0.00018770180233361607,8
nifty500,v2,2019-08-26,352,0.2809771430257976,0.008298735880778785,0.02953527034765545,0.0029354332910909164,0.010447231612791374,9
nifty500,v2,2019-09-25,353,0.2680056597230891,0.00506217319010549,0.018888307042977632,-0.005616322493890991,-0.020955984659778944,9
nifty500,v2,2019-10-27,356,0.30993343269404994,0.00020711136070838965,0.0006682446579192996,0.00020711136070838965,0.0006682446579192996,8
nifty500,v2,2019-11-26,357,0.32966959980139926,0.0006728389096076759,0.0020409492110070506,-0.0017081937263985214,-0.005181532441655456,9
nifty500,v2,2019-12-24,358,0.241063503614167,0.0004767422517526487,0.001977662502224709,-0.004605729459053798,-0.019105876211048003,9
nifty500,v2,2020-01-22,356,0.2337824801761456,0.0044293658042160455,0.018946525851204495,0.0044293658042160455,0.018946525851204495,8
nifty500,v2,2020-02-18,360,0.2613243217047323,0.0003890778955312202,0.0014888698189020283,0.0003890778955312202,0.0014888698189020283,8
nifty500,v2,2020-03-19,359,0.3122600978021659,0.006025824229215826,0.01929745193711404,-0.003509372856686399,-0.01123862088491941,9
nifty500,v2,2020-04-22,359,0.251796879497019,0.0020518900887592784,0.008148989347517194,-0.0076259984365844025,-0.030286310345933758,9
nifty500,v2,2020-05-21,362,0.23679643952059748,0.0001227810521426953,0.000518508860991617,0.0003599145054561381,0.001519932082529608,9
nifty500,v2,2020-06-19,358,0.2158197442912987,0.0011308739897913922,0.0052399005174661685,-6.49649922780382e-05,-0.00030101505537117544,9
nifty500,v2,2020-07-17,362,0.1508049046078942,0.0007752430962877366,0.005140702142967006,0.0007752430962877366,0.005140702142967006,8
nifty500,v2,2020-08-14,361,0.2058306903839942,0.0008535323402953932,0.004146769068806298,0.006252038832958773,0.03037466774898863,9
nifty500,v2,2020-09-11,362,0.15948683772270683,0.0002969753845313283,0.0018620682983737325,-0.00324207730933479,-0.02032818103128771,10
nifty500,v2,2020-10-12,363,0.18398369161288824,0.001434858035059161,0.007798832725229695,-0.0010543826435621684,-0.005730848393783984,9
nifty500,v2,2020-11-09,367,0.20130387417314366,0.0012314329916564004,0.006117284114448942,-0.0018417342659398095,-0.009149025439797119,10
nifty500,v2,2020-12-08,365,0.26680582934056796,0.0009435156650325904,0.0035363382702865423,0.0009435156650325904,0.0035363382702865423,8
nifty500,v2,2021-01-06,361,0.1545943222402667,0.0017008290793733005,0.011001885804899832,0.0017008290793733005,0.011001885804899832,8
nifty500,v2,2021-02-04,367,0.19746882617401784,0.0007245308388247329,0.0036690897133618743,-0.010386050776478806,-0.05259590071865916,9
nifty500,v2,2021-03-04,370,0.22291348796224525,0.0006301499592409332,0.002826881248871138,0.0006301499592409332,0.002826881248871138,8
nifty500,v2,2021-04-06,372,0.1701472229223161,0.0023152653085752872,0.013607423434894173,-0.0027516832087893794,-0.016172366269214467,10
nifty500,v2,2021-05-06,371,0.18476369661245667,0.0025252868084280067,0.013667656875932807,-0.007720319283467725,-0.04178482799930744,9
nifty500,v2,2021-06-04,371,0.19139537786811267,0.0002693299561112861,0.0014071915378065024,0.0002693299561112861,0.0014071915378065024,8
nifty500,v2,2021-07-02,368,0.18370742654846073,0.00021668765257620848,0.0011795258180215583,-0.00830941361637516,-0.04523177844518548,9
nifty500,v2,2021-08-02,370,0.19345208182416307,3.1149846113631696e-07,1.610209919681564e-06,-0.0027873238136468803,-0.014408342300396637,10
nifty500,v2,2021-08-31,374,0.16074770859371068,0.001107365149752515,0.006888839408289028,0.001107365149752515,0.006888839408289028,8
nifty500,v2,2021-09-29,372,0.20220684762136348,0.00022901651943596502,0.0011325853804160144,-0.004641245772165625,-0.022952960430185104,10
nifty500,v2,2021-10-28,377,0.1774050998167957,0.000424462371100498,0.002392616511807359,0.000424462371100498,0.002392616511807359,8
nifty500,v2,2021-11-29,375,0.18137534873282823,0.003891336336340645,0.02145460429726153,-0.0005170241011924759,-0.002850575366523866,9
nifty500,v2,2021-12-27,377,0.21384904975100677,4.532142497637448e-05,0.0002119318511311791,-0.008775254619537876,-0.04103480763536366,10
nifty500,v2,2022-01-24,377,0.21348046637404183,0.0003805976984481152,0.0017828221237874999,-0.006712245177595055,-0.03144196418343234,10
nifty500,v2,2022-02-22,380,0.16704924648296454,0.006167449238613898,0.0369199464736457,-0.0058375217872765894,-0.03494491540775607,9
nifty500,v2,2022-03-24,381,0.23913210087226033,0.0024667005413891996,0.010315221304005782,-0.011326766216528505,-0.04736614689208556,10
nifty500,v2,2022-04-25,386,0.17421099263977396,0.00032932373724847697,0.0018903728878317024,-0.005982137719979463,-0.03433846297144447,10
nifty500,v2,2022-05-24,386,0.17408557835613048,0.0009718736665756955,0.005582735087840036,0.0007866447133173526,0.0045187241858030145,11
nifty500,v2,2022-06-21,387,0.17119827649581276,0.005778935035728683,0.033755801483609134,-0.005412319525345377,-0.03161433418681498,9
nifty500,v2,2022-07-19,390,0.232545540698188,0.0026239259241123136,0.011283492756878134,-0.0010118412357265072,-0.004351153037330169,9
nifty500,v2,2022-08-18,388,0.2247001236737745,0.0007002819754393652,0.0031165179795630766,0.0028273697632327233,0.012582858064366587,9
nifty500,v2,2022-09-16,385,0.18987711185649236,0.0011693642043345553,0.006158531657140181,-0.0019927528833831865,-0.010494960998191786,9
nifty500,v2,2022-10-17,399,0.19176854552279193,0.0033074676310564932,0.017247185256788613,0.0033074676310564932,0.017247185256788613,8
nifty500,v2,2022-11-16,398,0.18443395793915773,0.00016009023129326394,0.0008680084355510905,-0.006610215624079596,-0.03584055614237925,10
nifty500,v2,2022-12-14,401,0.20711323458548742,0.0024992858479133684,0.012067243568067453,-0.015468843327839932,-0.07468785545645593,10
nifty500,v2,2023-01-11,404,0.18758169269190944,8.725613458648862e-05,0.00046516338206735913,8.725613458648862e-05,0.00046516338206735913,8
nifty500,v2,2023-02-09,409,0.319370363505678,0.0022906890168622462,0.007172515920756438,-0.006313427805927585,-0.01976835839313982,9
nifty500,v2,2023-03-10,410,0.1964278613549822,0.0010005364146831175,0.005093658342463748,0.0010005364146831175,0.005093658342463748,8
nifty500,v2,2023-04-12,411,0.3204563747933408,0.0007502999735883309,0.0023413482539462417,0.0007502999735883309,0.0023413482539462417,8
nifty500,v2,2023-05-12,410,0.2415747637755863,0.0011416694015774498,0.004725946467810756,-0.004285344342926933,-0.017739205353866576,11
nifty500,v2,2023-06-09,413,0.209652574362168,0.002488896266034879,0.011871527328519189,-0.003811345731846605,-0.018179341433998464,9
nifty500,v2,2023-07-10,411,0.2347066994224678,0.0021378666798655965,0.0091086734427528,-0.010096929490935103,-0.04301934932313463,10
nifty500,v2,2023-08-07,414,0.1788755286710043,9.330101715343542e-05,0.0005215974361984345,0.0002103286543699845,0.0011758380586359028,9
nifty500,v2,2023-09-05,418,0.2117493118952809,0.00023784456127873277,0.001123236525067704,-0.009106868819357294,-0.043007784714129464,10
nifty500,v2,2023-10-05,416,0.17764009040719875,0.0018551072009469483,0.010443066070809495,-0.010119176879535674,-0.05696448845719345,9
nifty500,v2,2023-11-03,419,0.33168600128091646,0.00013521302338947994,0.0004076536931534934,-0.003335943926748741,-0.010057536084929354,10
nifty500,v2,2023-12-04,423,0.36535380145555835,0.000182569924124798,0.0004997071972357891,-0.00596159934931495,-0.016317332201181763,9
nifty500,v2,2024-01-02,417,0.26847643726773707,7.26144134503004e-05,0.0002704684783115099,-0.0030741159136626894,-0.01145022611648053,9
nifty500,v2,2024-01-31,412,0.1939059261913061,0.0014003481612309132,0.007221791457004468,0.0014003481612309132,0.007221791457004468,8
nifty500,v2,2024-02-28,421,0.13276551812142567,0.0015433866853200584,0.011624906128927966,-0.0069857238445488745,-0.05261700435017938,9
nifty500,v2,2024-03-28,424,0.16513495228938213,0.0015576371782138887,0.009432510541343716,0.0022845254754405575,0.013834293974525515,9
nifty500,v2,2024-04-30,424,0.2367949398221732,0.001351714801722137,0.0057083770571163366,0.001351714801722137,0.0057083770571163366,8
nifty500,v2,2024-05-29,423,0.1732840710233835,0.0017523030337545098,0.010112314556125868,0.0017523030337545098,0.010112314556125868,8
nifty500,v2,2024-06-27,423,0.22049412956396802,0.001189736244743389,0.005395772881101726,-0.01142020985263048,-0.05179371385176647,10
nifty500,v2,2024-07-26,428,0.18498205642371424,0.0019187513206300189,0.010372634825915146,-0.005850789502640286,-0.03162895696887836,10
nifty500,v2,2024-08-26,430,0.2087093214813472,0.0018099215079206976,0.008671972555296023,0.00020764834331232773,0.0009949164792377792,9
nifty500,v2,2024-09-23,432,0.2959146607386095,0.0036049736608864125,0.012182477380094378,-0.005496013301278246,-0.018572967245218862,9
nifty500,v2,2024-10-22,437,0.21814894089567322,0.0003813217141633851,0.001747987923286536,-0.002174039273320494,-0.009965848398779065,10
nifty500,v2,2024-11-21,439,0.20490049616288625,0.001314178482359929,0.006413739873598056,-0.0044285502813476985,-0.02161317500093904,10
nifty500,v2,2024-12-19,440,0.18832829988855065,5.193244195855762e-05,0.0002757548493205233,5.193244195855762e-05,0.0002757548493205233,8
nifty500,v2,2025-01-17,442,0.2514725912126672,0.00038350270615838955,0.0015250278541650935,-0.0014383785546016048,-0.005719822377720625,9
nifty500,v2,2025-02-13,443,0.16821448497048208,0.005069184641286584,0.030135244549101187,-0.005255805254788748,-0.03124466514112043,9
nifty500,v2,2025-03-17,444,0.19932035038090395,0.0001928665263501994,0.0009676208474530012,-0.006503059318722859,-0.03262616840827052,10
nifty500,v2,2025-04-17,444,0.24192958862713576,0.0010210082707362567,0.004220270354404002,-0.001428428099298773,-0.005904313347551218,9
nifty500,v2,2025-05-19,447,0.24458001567419385,0.0005052309666147003,0.0020657082927319818,0.0005052309666147003,0.0020657082927319818,8
nifty500,v2,2025-06-16,448,0.1970721458617834,0.002159467474272758,0.010957750852255404,0.002159467474272758,0.010957750852255404,8
nifty500,v2,2025-07-14,449,0.3036389503649622,0.0005426287219214565,0.0017870853567015625,0.0005426287219214565,0.0017870853567015625,8
nifty500,v2,2025-08-11,452,0.3678954821047308,0.0009440698811603587,0.0025661361095258173,0.0009440698811603587,0.0025661361095258173,8
nifty500,v2,2025-09-10,455,0.36731497011989067,0.0014339906503779698,0.0039039809619246363,0.0014339906503779698,0.0039039809619246363,8
nifty500,v2,2025-10-09,456,0.2133425538062348,0.0004341618209922071,0.0020350455792637044,0.0020580676883710236,0.009646775346282922,9
nifty500,v2,2025-11-10,457,0.2071199514802914,0.0013556571755386493,0.006545275652344132,-0.005818357784715289,-0.028091730145412563,9
nifty500,v2,2025-12-08,464,0.20905526786728962,0.0015321438549311672,0.0073288937923524965,0.001413940481305831,0.0067634769299543054,9
nifty500,v2,2026-01-06,468,0.28241951163465534,0.00034325545175206695,0.0012154098339923144,-0.0062200060047883365,-0.022023995328037695,9
nifty500,v2,2026-02-04,470,0.3062457988831698,0.00022778549812141335,0.0007437995850134474,0.00022778549812141335,0.0007437995850134474,8
nifty500,v2,2026-03-05,470,0.25934923227439777,0.0007306159446051064,0.002817112424809868,-0.0039046630378728464,-0.015055618262797162,10
nifty500,v2,2026-04-07,471,0.29375430307047545,0.0038128351728707877,0.01297967428227269,-0.006059558026688672,-0.02062798046990619,11
nifty500,v2,2026-05-07,470,0.21833205368831637,0.00013160203451278996,0.0006027609427457715,0.00013160203451278996,0.0006027609427457715,8
nifty500,v3,2019-01-01,342,0.23016123165589042,0.0007613273710891377,0.003307800212971503,0.0007613273710891377,0.003307800212971503,8
nifty500,v3,2019-01-29,340,0.20505770868326023,0.0005001233493369117,0.002438939518774302,0.0005001233493369117,0.002438939518774302,8
nifty500,v3,2019-02-26,344,0.32021590987552306,0.0004488189045005475,0.00140161338228015,0.0005131913268888733,0.0016026415648378158,7
nifty500,v3,2019-03-28,345,0.3848077906098402,0.0003762223863462699,0.000977689110062028,-0.003164765547213233,-0.008224276182656642,8
nifty500,v3,2019-04-30,349,0.35938945125504324,0.0021162407406153383,0.005888433100151104,-0.04541236740810772,-0.12635976723724293,8
nifty500,v3,2019-05-29,349,0.26138192534014115,0.00374102692534517,0.014312492803306511,-0.01974980336604726,-0.07555917778303328,9
nifty500,v3,2019-06-27,350,0.2555258309336524,0.005094102273401124,0.0199357624815779,-0.00693556185308275,-0.027142312101055558,8
nifty500,v3,2019-07-25,351,0.2092685066711416,3.928007587383764e-05,0.00018770180233361607,3.928007587383764e-05,0.00018770180233361607,8
nifty500,v3,2019-08-26,352,0.2809771430257976,0.008298735880778785,0.02953527034765545,-0.008298735880778785,-0.02953527034765545,8
nifty500,v3,2019-09-25,353,0.2680056597230891,0.00506217319010549,0.018888307042977632,-0.01067849568399648,-0.03984429170275657,8
nifty500,v3,2019-10-27,356,0.30993343269404994,0.00020711136070838965,0.0006682446579192996,0.00020711136070838965,0.0006682446579192996,8
nifty500,v3,2019-11-26,357,0.32966959980139926,0.0006728389096076759,0.0020409492110070506,-0.0026352231133114357,-0.007993527807535048,8
nifty500,v3,2019-12-24,358,0.241063503614167,0.0004767422517526487,0.001977662502224709,-0.006970239406757561,-0.02891453622077004,8
nifty500,v3,2020-01-22,356,0.2337824801761456,0.0044293658042160455,0.018946525851204495,0.0044293658042160455,0.018946525851204495,8
nifty500,v3,2020-02-18,360,0.2613243217047323,0.0003890778955312202,0.0014888698189020283,0.0003890778955312202,0.0014888698189020283,8
nifty500,v3,2020-03-19,359,0.3122600978021659,0.006025824229215826,0.01929745193711404,-0.009535197085902225,-0.03053607282203345,8
nifty500,v3,2020-04-22,359,0.251796879497019,0.0020518900887592784,0.008148989347517194,-0.00967788852534368,-0.03843529969345095,8
nifty500,v3,2020-05-21,362,0.23679643952059748,0.0001227810521426953,0.000518508860991617,-0.0001227810521426953,-0.000518508860991617,8
nifty500,v3,2020-06-19,358,0.2158197442912987,0.0011308739897913922,0.0052399005174661685,-6.49649922780382e-05,-0.00030101505537117544,9
nifty500,v3,2020-07-17,362,0.1508049046078942,0.0007752430962877366,0.005140702142967006,0.0007752430962877366,0.005140702142967006,8
nifty500,v3,2020-08-14,361,0.2058306903839942,0.0008535323402953932,0.004146769068806298,-0.0008535323402953932,-0.004146769068806298,8
nifty500,v3,2020-09-11,362,0.15948683772270683,0.0002969753845313283,0.0018620682983737325,-0.0009729200700214768,-0.006100315762188806,8
nifty500,v3,2020-10-12,363,0.18398369161288824,0.001434858035059161,0.007798832725229695,-0.0024892406786213295,-0.013529681119013679,8
nifty500,v3,2020-11-09,367,0.20130387417314366,0.0012314329916564004,0.006117284114448942,-0.005347232894130194,-0.026562990484380745,8
nifty500,v3,2020-12-08,365,0.26680582934056796,0.0009435156650325904,0.0035363382702865423,2.3307712056497287e-05,8.735833139067528e-05,7
nifty500,v3,2021-01-06,361,0.1545943222402667,0.0017008290793733005,0.011001885804899832,-0.005872833645503062,-0.037988676171273925,6
nifty500,v3,2021-02-04,367,0.19746882617401784,0.0007245308388247329,0.0036690897133618743,-0.011110581615303539,-0.05626499043202103,8
nifty500,v3,2021-03-04,370,0.22291348796224525,0.0006301499592409332,0.002826881248871138,0.0006301499592409332,0.002826881248871138,8
nifty500,v3,2021-04-06,372,0.1701472229223161,0.0023152653085752872,0.013607423434894173,-0.010280370228559543,-0.06042044090988919,7
nifty500,v3,2021-05-06,371,0.18476369661245667,0.0025252868084280067,0.013667656875932807,-0.010245606091895731,-0.055452484875240245,8
nifty500,v3,2021-06-04,371,0.19139537786811267,0.0002693299561112861,0.0014071915378065024,0.0002693299561112861,0.0014071915378065024,8
nifty500,v3,2021-07-02,368,0.18370742654846073,0.00021668765257620848,0.0011795258180215583,-0.011654794852536288,-0.0634421540354104,7
nifty500,v3,2021-08-02,370,0.19345208182416307,3.1149846113631696e-07,1.610209919681564e-06,-0.003897601477088175,-0.020147632635098094,8
nifty500,v3,2021-08-31,374,0.16074770859371068,0.001107365149752515,0.006888839408289028,-0.010226920572263376,-0.06362094154705424,7
nifty500,v3,2021-09-29,372,0.20220684762136348,0.00022901651943596502,0.0011325853804160144,-0.007484826647745302,-0.03701569326554556,9
nifty500,v3,2021-10-28,377,0.1774050998167957,0.000424462371100498,0.002392616511807359,0.0029604967312183428,0.016687776925666822,7
nifty500,v3,2021-11-29,375,0.18137534873282823,0.003891336336340645,0.02145460429726153,0.003891336336340645,0.02145460429726153,8
nifty500,v3,2021-12-27,377,0.21384904975100677,4.532142497637448e-05,0.0002119318511311791,-0.011565731600862494,-0.054083624006414574,7
nifty500,v3,2022-01-24,377,0.21348046637404183,0.0003805976984481152,0.0017828221237874999,-0.009764709513312875,-0.045740529235138556,8
nifty500,v3,2022-02-22,380,0.16704924648296454,0.006167449238613898,0.0369199464736457,-0.012004971025890487,-0.07186486188140177,8
nifty500,v3,2022-03-24,381,0.23913210087226033,0.0024667005413891996,0.010315221304005782,-0.0025791048799121974,-0.010785272535576077,8
nifty500,v3,2022-04-25,386,0.17421099263977396,0.00032932373724847697,0.0018903728878317024,-0.00631146145722794,-0.03622883585927617,8
nifty500,v3,2022-05-24,386,0.17408557835613048,0.0009718736665756955,0.005582735087840036,-0.008855858420888207,-0.0508707183243611,7
nifty500,v3,2022-06-21,387,0.17119827649581276,0.005778935035728683,0.033755801483609134,-0.01119125456107406,-0.06537013567042411,8
nifty500,v3,2022-07-19,390,0.232545540698188,0.0026239259241123136,0.011283492756878134,-0.003635767159838821,-0.015634645794208302,8
nifty500,v3,2022-08-18,388,0.2247001236737745,0.0007002819754393652,0.0031165179795630766,-0.006533279890182819,-0.029075550931462794,8
nifty500,v3,2022-09-16,385,0.18987711185649236,0.0011693642043345553,0.006158531657140181,-0.007266292566928789,-0.0382683963110867,7
nifty500,v3,2022-10-17,399,0.19176854552279193,0.0033074676310564932,0.017247185256788613,0.0016046123806688906,0.008367443035532543,7
nifty500,v3,2022-11-16,398,0.18443395793915773,0.00016009023129326394,0.0008680084355510905,-0.011132578763970669,-0.060360786529578006,8
nifty500,v3,2022-12-14,401,0.20711323458548742,0.0024992858479133684,0.012067243568067453,-0.022982256124517098,-0.11096469122561559,8
nifty500,v3,2023-01-11,404,0.18758169269190944,8.725613458648862e-05,0.00046516338206735913,0.0004150173705653737,0.002212462019132178,7
nifty500,v3,2023-02-09,409,0.319370363505678,0.0022906890168622462,0.007172515920756438,-0.008604116822789831,-0.02694087431389626,8
nifty500,v3,2023-03-10,410,0.1964278613549822,0.0010005364146831175,0.005093658342463748,0.0010005364146831175,0.005093658342463748,8
nifty500,v3,2023-04-12,411,0.3204563747933408,0.0007502999735883309,0.0023413482539462417,0.0007502999735883309,0.0023413482539462417,8
nifty500,v3,2023-05-12,410,0.2415747637755863,0.0011416694015774498,0.004725946467810756,-0.01738183198641685,-0.07195218455253839,7
nifty500,v3,2023-06-09,413,0.209652574362168,0.002488896266034879,0.011871527328519189,-0.009807320319133339,-0.04677891673388905,7
nifty500,v3,2023-07-10,411,0.2347066994224678,0.0021378666798655965,0.0091086734427528,-0.012522459374122108,-0.05335365119502579,7
nifty500,v3,2023-08-07,414,0.1788755286710043,9.330101715343542e-05,0.0005215974361984345,0.001444872621970461,0.008077530966395822,7
nifty500,v3,2023-09-05,418,0.2117493118952809,0.00023784456127873277,0.001123236525067704,-0.010321340684397606,-0.04874320767333568,8
nifty500,v3,2023-10-05,416,0.17764009040719875,0.0018551072009469483,0.010443066070809495,-0.014196505135659288,-0.0799172366053017,8
nifty500,v3,2023-11-03,419,0.33168600128091646,0.00013521302338947994,0.0004076536931534934,-0.009759663461326618,-0.029424405683798567,8
nifty500,v3,2023-12-04,423,0.36535380145555835,0.000182569924124798,0.0004997071972357891,0.000182569924124798,0.0004997071972357891,8
nifty500,v3,2024-01-02,417,0.26847643726773707,7.26144134503004e-05,0.0002704684783115099,-0.00314673032711299,-0.011720694594792039,8
nifty500,v3,2024-01-31,412,0.1939059261913061,0.0014003481612309132,0.007221791457004468,0.0006465829042001658,0.003334518531229686,7
nifty500,v3,2024-02-28,421,0.13276551812142567,0.0015433866853200584,0.011624906128927966,-0.008529110529868933,-0.06424191047910735,8
nifty500,v3,2024-03-28,424,0.16513495228938213,0.0015576371782138887,0.009432510541343716,-0.002792372462798842,-0.01690963920167243,7
nifty500,v3,2024-04-30,424,0.2367949398221732,0.001351714801722137,0.0057083770571163366,-0.0001486334431973768,-0.0006276884265727833,7
nifty500,v3,2024-05-29,423,0.1732840710233835,0.0017523030337545098,0.010112314556125868,0.0016518276676321664,0.009532484191286477,7
nifty500,v3,2024-06-27,423,0.22049412956396802,0.001189736244743389,0.005395772881101726,-0.021980685662638444,-0.09968830329454001,7
nifty500,v3,2024-07-26,428,0.18498205642371424,0.0019187513206300189,0.010372634825915146,-0.013417480915030033,-0.07253395910085658,8
nifty500,v3,2024-08-26,430,0.2087093214813472,0.0018099215079206976,0.008671972555296023,0.0018099215079206976,0.008671972555296023,8
nifty500,v3,2024-09-23,432,0.2959146607386095,0.0036049736608864125,0.012182477380094378,-0.009182163770844687,-0.031029769690781132,8
nifty500,v3,2024-10-22,437,0.21814894089567322,0.0003813217141633851,0.001747987923286536,-0.010417135752448292,-0.047752401224950926,8
nifty500,v3,2024-11-21,439,0.20490049616288625,0.001314178482359929,0.006413739873598056,-0.009960298477775575,-0.04861041658902381,8
nifty500,v3,2024-12-19,440,0.18832829988855065,5.193244195855762e-05,0.0002757548493205233,5.193244195855762e-05,0.0002757548493205233,8
nifty500,v3,2025-01-17,442,0.2514725912126672,0.00038350270615838955,0.0015250278541650935,-0.0018218812607599943,-0.007244850231885719,8
nifty500,v3,2025-02-13,443,0.16821448497048208,0.005069184641286584,0.030135244549101187,-0.010324989896075332,-0.06137990969022162,8
nifty500,v3,2025-03-17,444,0.19932035038090395,0.0001928665263501994,0.0009676208474530012,-0.004134376209249502,-0.02074236876138664,8
nifty500,v3,2025-04-17,444,0.24192958862713576,0.0010210082707362567,0.004220270354404002,-0.0024494363700350297,-0.01012458370195522,8
nifty500,v3,2025-05-19,447,0.24458001567419385,0.0005052309666147003,0.0020657082927319818,0.0005052309666147003,0.0020657082927319818,8
nifty500,v3,2025-06-16,448,0.1970721458617834,0.002159467474272758,0.010957750852255404,0.002159467474272758,0.010957750852255404,8
nifty500,v3,2025-07-14,449,0.3036389503649622,0.0005426287219214565,0.0017870853567015625,0.0005426287219214565,0.0017870853567015625,8
nifty500,v3,2025-08-11,452,0.3678954821047308,0.0009440698811603587,0.0025661361095258173,0.0009440698811603587,0.0025661361095258173,8
nifty500,v3,2025-09-10,455,0.36731497011989067,0.0014339906503779698,0.0039039809619246363,0.0014339906503779698,0.0039039809619246363,8
nifty500,v3,2025-10-09,456,0.2133425538062348,0.0004341618209922071,0.0020350455792637044,-0.0008095141828811103,-0.003794433733161081,8
nifty500,v3,2025-11-10,457,0.2071199514802914,0.0013556571755386493,0.006545275652344132,-0.0077279236545962915,-0.037311343496194506,8
nifty500,v3,2025-12-08,464,0.20905526786728962,0.0015321438549311672,0.0073288937923524965,-0.00173685250325184,-0.008308102067795831,7
nifty500,v3,2026-01-06,468,0.28241951163465534,0.00034325545175206695,0.0012154098339923144,-0.0065632614565404035,-0.02323940516203001,8
nifty500,v3,2026-02-04,470,0.3062457988831698,0.00022778549812141335,0.0007437995850134474,0.00022778549812141335,0.0007437995850134474,8
nifty500,v3,2026-03-05,470,0.25934923227439777,0.0007306159446051064,0.002817112424809868,-0.005343012580997675,-0.02060161325384082,9
nifty500,v3,2026-04-07,471,0.29375430307047545,0.0038128351728707877,0.01297967428227269,-0.011541443556715603,-0.03928944507732594,9
nifty500,v3,2026-05-07,470,0.21833205368831637,0.00013160203451278996,0.0006027609427457715,-0.004738308111783218,-0.021702301754315333,7
nifty500,v4,2019-01-01,342,0.23016123165589042,0.0007613273710891377,0.003307800212971503,0.0007613273710891377,0.003307800212971503,8
nifty500,v4,2019-01-29,340,0.20505770868326023,0.0005001233493369117,0.002438939518774302,0.0005001233493369117,0.002438939518774302,8
nifty500,v4,2019-02-26,344,0.32021590987552306,0.0004488189045005475,0.00140161338228015,0.0004488189045005475,0.00140161338228015,8
nifty500,v4,2019-03-28,345,0.3848077906098402,0.0003762223863462699,0.000977689110062028,-0.002788543160866963,-0.007246587072594614,9
nifty500,v4,2019-04-30,349,0.35938945125504324,0.0021162407406153383,0.005888433100151104,-0.018189180084016043,-0.050611335476032,11
nifty500,v4,2019-05-29,349,0.26138192534014115,0.00374102692534517,0.014312492803306511,-0.01974980336604726,-0.07555917778303328,10
nifty500,v4,2019-06-27,350,0.2555258309336524,0.005094102273401124,0.0199357624815779,-0.0018414595796816258,-0.0072065496194776615,9
nifty500,v4,2019-07-25,351,0.2092685066711416,3.928007587383764e-05,0.00018770180233361607,3.928007587383764e-05,0.00018770180233361607,8
nifty500,v4,2019-08-26,352,0.2809771430257976,0.008298735880778785,0.02953527034765545,0.0029354332910909164,0.010447231612791374,9
nifty500,v4,2019-09-25,353,0.2680056597230891,0.00506217319010549,0.018888307042977632,-0.005616322493890991,-0.020955984659778944,9
nifty500,v4,2019-10-27,356,0.30993343269404994,0.00020711136070838965,0.0006682446579192996,0.00020711136070838965,0.0006682446579192996,8
nifty500,v4,2019-11-26,357,0.32966959980139926,0.0006728389096076759,0.0020409492110070506,-0.0017081937263985214,-0.005181532441655456,9
nifty500,v4,2019-12-24,358,0.241063503614167,0.0004767422517526487,0.001977662502224709,-0.004605729459053798,-0.019105876211048003,9
nifty500,v4,2020-01-22,356,0.2337824801761456,0.0044293658042160455,0.018946525851204495,0.0044293658042160455,0.018946525851204495,8
nifty500,v4,2020-02-18,360,0.2613243217047323,0.0003890778955312202,0.0014888698189020283,0.0003890778955312202,0.0014888698189020283,8
nifty500,v4,2020-03-19,359,0.3122600978021659,0.006025824229215826,0.01929745193711404,-0.003509372856686399,-0.01123862088491941,9
nifty500,v4,2020-04-22,359,0.251796879497019,0.0020518900887592784,0.008148989347517194,-0.0076259984365844025,-0.030286310345933758,9
nifty500,v4,2020-05-21,362,0.23679643952059748,0.0001227810521426953,0.000518508860991617,0.0003599145054561381,0.001519932082529608,9
nifty500,v4,2020-06-19,358,0.2158197442912987,0.0011308739897913922,0.0052399005174661685,-6.49649922780382e-05,-0.00030101505537117544,9
nifty500,v4,2020-07-17,362,0.1508049046078942,0.0007752430962877366,0.005140702142967006,0.0007752430962877366,0.005140702142967006,8
nifty500,v4,2020-08-14,361,0.2058306903839942,0.0008535323402953932,0.004146769068806298,0.006252038832958773,0.03037466774898863,9
nifty500,v4,2020-09-11,362,0.15948683772270683,0.0002969753845313283,0.0018620682983737325,-0.00324207730933479,-0.02032818103128771,10
nifty500,v4,2020-10-12,363,0.18398369161288824,0.001434858035059161,0.007798832725229695,-0.0010543826435621684,-0.005730848393783984,9
nifty500,v4,2020-11-09,367,0.20130387417314366,0.0012314329916564004,0.006117284114448942,-0.0018417342659398095,-0.009149025439797119,10
nifty500,v4,2020-12-08,365,0.26680582934056796,0.0009435156650325904,0.0035363382702865423,0.0009435156650325904,0.0035363382702865423,8
nifty500,v4,2021-01-06,361,0.1545943222402667,0.0017008290793733005,0.011001885804899832,0.0017008290793733005,0.011001885804899832,8
nifty500,v4,2021-02-04,367,0.19746882617401784,0.0007245308388247329,0.0036690897133618743,-0.010386050776478806,-0.05259590071865916,9
nifty500,v4,2021-03-04,370,0.22291348796224525,0.0006301499592409332,0.002826881248871138,0.0006301499592409332,0.002826881248871138,8
nifty500,v4,2021-04-06,372,0.1701472229223161,0.0023152653085752872,0.013607423434894173,-0.0027516832087893794,-0.016172366269214467,10
nifty500,v4,2021-05-06,371,0.18476369661245667,0.0025252868084280067,0.013667656875932807,-0.007720319283467725,-0.04178482799930744,9
nifty500,v4,2021-06-04,371,0.19139537786811267,0.0002693299561112861,0.0014071915378065024,0.0002693299561112861,0.0014071915378065024,8
nifty500,v4,2021-07-02,368,0.18370742654846073,0.00021668765257620848,0.0011795258180215583,-0.00830941361637516,-0.04523177844518548,9
nifty500,v4,2021-08-02,370,0.19345208182416307,3.1149846113631696e-07,1.610209919681564e-06,-0.0027873238136468803,-0.014408342300396637,10
nifty500,v4,2021-08-31,374,0.16074770859371068,0.001107365149752515,0.006888839408289028,0.001107365149752515,0.006888839408289028,8
nifty500,v4,2021-09-29,372,0.20220684762136348,0.00022901651943596502,0.0011325853804160144,-0.004641245772165625,-0.022952960430185104,10
nifty500,v4,2021-10-28,377,0.1774050998167957,0.000424462371100498,0.002392616511807359,0.000424462371100498,0.002392616511807359,8
nifty500,v4,2021-11-29,375,0.18137534873282823,0.003891336336340645,0.02145460429726153,-0.0005170241011924759,-0.002850575366523866,9
nifty500,v4,2021-12-27,377,0.21384904975100677,4.532142497637448e-05,0.0002119318511311791,-0.008775254619537876,-0.04103480763536366,10
nifty500,v4,2022-01-24,377,0.21348046637404183,0.0003805976984481152,0.0017828221237874999,-0.006712245177595055,-0.03144196418343234,10
nifty500,v4,2022-02-22,380,0.16704924648296454,0.006167449238613898,0.0369199464736457,-0.0058375217872765894,-0.03494491540775607,9
nifty500,v4,2022-03-24,381,0.23913210087226033,0.0024667005413891996,0.010315221304005782,-0.011326766216528505,-0.04736614689208556,10
nifty500,v4,2022-04-25,386,0.17421099263977396,0.00032932373724847697,0.0018903728878317024,-0.005982137719979463,-0.03433846297144447,10
nifty500,v4,2022-05-24,386,0.17408557835613048,0.0009718736665756955,0.005582735087840036,0.0007866447133173526,0.0045187241858030145,11
nifty500,v4,2022-06-21,387,0.17119827649581276,0.005778935035728683,0.033755801483609134,-0.005412319525345377,-0.03161433418681498,9
nifty500,v4,2022-07-19,390,0.232545540698188,0.0026239259241123136,0.011283492756878134,-0.0010118412357265072,-0.004351153037330169,9
nifty500,v4,2022-08-18,388,0.2247001236737745,0.0007002819754393652,0.0031165179795630766,0.0028273697632327233,0.012582858064366587,9
nifty500,v4,2022-09-16,385,0.18987711185649236,0.0011693642043345553,0.006158531657140181,-0.0019927528833831865,-0.010494960998191786,9
nifty500,v4,2022-10-17,399,0.19176854552279193,0.0033074676310564932,0.017247185256788613,0.0033074676310564932,0.017247185256788613,8
nifty500,v4,2022-11-16,398,0.18443395793915773,0.00016009023129326394,0.0008680084355510905,-0.006610215624079596,-0.03584055614237925,10
nifty500,v4,2022-12-14,401,0.20711323458548742,0.0024992858479133684,0.012067243568067453,-0.015468843327839932,-0.07468785545645593,10
nifty500,v4,2023-01-11,404,0.18758169269190944,8.725613458648862e-05,0.00046516338206735913,8.725613458648862e-05,0.00046516338206735913,8
nifty500,v4,2023-02-09,409,0.319370363505678,0.0022906890168622462,0.007172515920756438,-0.006313427805927585,-0.01976835839313982,9
nifty500,v4,2023-03-10,410,0.1964278613549822,0.0010005364146831175,0.005093658342463748,0.0010005364146831175,0.005093658342463748,8
nifty500,v4,2023-04-12,411,0.3204563747933408,0.0007502999735883309,0.0023413482539462417,0.0007502999735883309,0.0023413482539462417,8
nifty500,v4,2023-05-12,410,0.2415747637755863,0.0011416694015774498,0.004725946467810756,-0.004285344342926933,-0.017739205353866576,11
nifty500,v4,2023-06-09,413,0.209652574362168,0.002488896266034879,0.011871527328519189,-0.003811345731846605,-0.018179341433998464,9
nifty500,v4,2023-07-10,411,0.2347066994224678,0.0021378666798655965,0.0091086734427528,-0.009091289529745472,-0.038734682700221165,11
nifty500,v4,2023-08-07,414,0.1788755286710043,9.330101715343542e-05,0.0005215974361984345,0.0002103286543699845,0.0011758380586359028,9
nifty500,v4,2023-09-05,418,0.2117493118952809,0.00023784456127873277,0.001123236525067704,-0.009106868819357294,-0.043007784714129464,10
nifty500,v4,2023-10-05,416,0.17764009040719875,0.0018551072009469483,0.010443066070809495,-0.010119176879535674,-0.05696448845719345,9
nifty500,v4,2023-11-03,419,0.33168600128091646,0.00013521302338947994,0.0004076536931534934,-0.003335943926748741,-0.010057536084929354,10
nifty500,v4,2023-12-04,423,0.36535380145555835,0.000182569924124798,0.0004997071972357891,-0.00596159934931495,-0.016317332201181763,9
nifty500,v4,2024-01-02,417,0.26847643726773707,7.26144134503004e-05,0.0002704684783115099,-0.0030741159136626894,-0.01145022611648053,9
nifty500,v4,2024-01-31,412,0.1939059261913061,0.0014003481612309132,0.007221791457004468,0.0014003481612309132,0.007221791457004468,8
nifty500,v4,2024-02-28,421,0.13276551812142567,0.0015433866853200584,0.011624906128927966,-0.0069857238445488745,-0.05261700435017938,9
nifty500,v4,2024-03-28,424,0.16513495228938213,0.0015576371782138887,0.009432510541343716,0.0022845254754405575,0.013834293974525515,9
nifty500,v4,2024-04-30,424,0.2367949398221732,0.001351714801722137,0.0057083770571163366,0.001351714801722137,0.0057083770571163366,8
nifty500,v4,2024-05-29,423,0.1732840710233835,0.0017523030337545098,0.010112314556125868,0.0017523030337545098,0.010112314556125868,8
nifty500,v4,2024-06-27,423,0.22049412956396802,0.001189736244743389,0.005395772881101726,-0.01142020985263048,-0.05179371385176647,10
nifty500,v4,2024-07-26,428,0.18498205642371424,0.0019187513206300189,0.010372634825915146,-0.005850789502640286,-0.03162895696887836,10
nifty500,v4,2024-08-26,430,0.2087093214813472,0.0018099215079206976,0.008671972555296023,0.00020764834331232773,0.0009949164792377792,9
nifty500,v4,2024-09-23,432,0.2959146607386095,0.0036049736608864125,0.012182477380094378,-0.005496013301278246,-0.018572967245218862,9
nifty500,v4,2024-10-22,437,0.21814894089567322,0.0003813217141633851,0.001747987923286536,-0.002174039273320494,-0.009965848398779065,10
nifty500,v4,2024-11-21,439,0.20490049616288625,0.001314178482359929,0.006413739873598056,-0.0044285502813476985,-0.02161317500093904,10
nifty500,v4,2024-12-19,440,0.18832829988855065,5.193244195855762e-05,0.0002757548493205233,5.193244195855762e-05,0.0002757548493205233,8
nifty500,v4,2025-01-17,442,0.2514725912126672,0.00038350270615838955,0.0015250278541650935,-0.0014383785546016048,-0.005719822377720625,9
nifty500,v4,2025-02-13,443,0.16821448497048208,0.005069184641286584,0.030135244549101187,-0.005255805254788748,-0.03124466514112043,9
nifty500,v4,2025-03-17,444,0.19932035038090395,0.0001928665263501994,0.0009676208474530012,-0.006503059318722859,-0.03262616840827052,10
nifty500,v4,2025-04-17,444,0.24192958862713576,0.0010210082707362567,0.004220270354404002,-0.001428428099298773,-0.005904313347551218,9
nifty500,v4,2025-05-19,447,0.24458001567419385,0.0005052309666147003,0.0020657082927319818,0.0005052309666147003,0.0020657082927319818,8
nifty500,v4,2025-06-16,448,0.1970721458617834,0.002159467474272758,0.010957750852255404,0.002159467474272758,0.010957750852255404,8
nifty500,v4,2025-07-14,449,0.3036389503649622,0.0005426287219214565,0.0017870853567015625,0.0005426287219214565,0.0017870853567015625,8
nifty500,v4,2025-08-11,452,0.3678954821047308,0.0009440698811603587,0.0025661361095258173,0.0009440698811603587,0.0025661361095258173,8
nifty500,v4,2025-09-10,455,0.36731497011989067,0.0014339906503779698,0.0039039809619246363,0.0014339906503779698,0.0039039809619246363,8
nifty500,v4,2025-10-09,456,0.2133425538062348,0.0004341618209922071,0.0020350455792637044,0.0020580676883710236,0.009646775346282922,9
nifty500,v4,2025-11-10,457,0.2071199514802914,0.0013556571755386493,0.006545275652344132,-0.005818357784715289,-0.028091730145412563,9
nifty500,v4,2025-12-08,464,0.20905526786728962,0.0015321438549311672,0.0073288937923524965,0.001413940481305831,0.0067634769299543054,9
nifty500,v4,2026-01-06,468,0.28241951163465534,0.00034325545175206695,0.0012154098339923144,-0.0062200060047883365,-0.022023995328037695,9
nifty500,v4,2026-02-04,470,0.3062457988831698,0.00022778549812141335,0.0007437995850134474,0.00022778549812141335,0.0007437995850134474,8
nifty500,v4,2026-03-05,470,0.25934923227439777,0.0007306159446051064,0.002817112424809868,-0.0039046630378728464,-0.015055618262797162,10
nifty500,v4,2026-04-07,471,0.29375430307047545,0.0038128351728707877,0.01297967428227269,-0.006059558026688672,-0.02062798046990619,11
nifty500,v4,2026-05-07,470,0.21833205368831637,0.00013160203451278996,0.0006027609427457715,0.00013160203451278996,0.0006027609427457715,8
