universe,arm,decided_on,scored,spread,gap_8_9,gap_8_9_share,held_gap,held_gap_share,n_held
nifty100,v1,2019-01-01,85,0.23146110040329726,0.0017001371019195188,0.0073452390010986905,0.0017001371019195188,0.0073452390010986905,8
nifty100,v1,2019-01-29,85,0.2160923262570048,0.0008188981578113319,0.0037895753726922853,-0.026668435695765047,-0.1234122291971049,9
nifty100,v1,2019-02-26,85,0.21268926887889344,0.0027283937310605966,0.012828074239204615,-0.018391281588610142,-0.08647019045931391,8
nifty100,v1,2019-03-28,85,0.2958603304923145,0.002887492602709485,0.009759647729402143,-0.010278551144950798,-0.034741227821408795,7
nifty100,v1,2019-04-30,86,0.23171697272590436,0.0034954206498546414,0.015084871033548927,0.0034954206498546414,0.015084871033548927,8
nifty100,v1,2019-05-29,86,0.22078480490092445,0.0032001754524293435,0.014494545735905143,-0.011516245749391696,-0.052160499698154165,8
nifty100,v1,2019-06-27,87,0.263401574325137,0.0030842533435374575,0.011709320080715707,-0.01196135634456963,-0.045411104224475134,7
nifty100,v1,2019-07-25,87,0.2826029082936227,0.002549749399450185,0.009022374945982547,-0.025067208766995752,-0.08870117055182983,8
nifty100,v1,2019-08-26,88,0.22057421615047984,0.006371521942702074,0.02888606861626702,-0.002794927489782495,-0.012671143248564208,7
nifty100,v1,2019-09-25,88,0.1669219211403946,0.004634038523420703,0.02776171333136711,-0.04007420379669657,-0.24007753758711523,8
nifty100,v1,2019-10-27,88,0.19125228359208624,0.00037088659222883624,0.0019392531438729604,-0.01722348009168506,-0.09005633693985209,7
nifty100,v1,2019-11-26,88,0.22791945705608435,0.0018208800590286955,0.007989138279583695,-0.02091700453979839,-0.09177366781218385,8
nifty100,v1,2019-12-24,88,0.22938941045944877,0.0016309543518360226,0.00710998100814397,-0.012066892072963298,-0.05260439899468014,8
nifty100,v1,2020-01-22,88,0.21761121127477812,0.004657372727931652,0.0214022646197708,-0.01968708527445584,-0.09046907629036134,7
nifty100,v1,2020-02-18,88,0.1914147022793058,0.0011450721479755455,0.005982153587683643,-0.02425717575950459,-0.12672577116939193,9
nifty100,v1,2020-03-19,88,0.3223857825673168,0.00036801649527318236,0.00114154071045716,-0.007099437549699994,-0.022021559056245206,9
nifty100,v1,2020-04-22,88,0.28746180734271765,0.0003669381713952147,0.00127647625535779,-0.017428491293173365,-0.06062889346686245,8
nifty100,v1,2020-05-21,88,0.4409589014472722,0.0005115399394775011,0.0011600626221595137,-0.044947828580737426,-0.1019320132402681,8
nifty100,v1,2020-06-19,86,0.25694236646212903,0.0037840068322249065,0.014727064611131909,-0.01749616565400325,-0.06809373594129337,8
nifty100,v1,2020-07-17,87,0.3384704791554932,0.006672550093293705,0.019713831793963747,-0.017119847843190206,-0.05058003252131585,8
nifty100,v1,2020-08-14,87,0.17597274221400167,0.0016374423133732607,0.009305090622398529,-0.022521682461417503,-0.12798392624937746,7
nifty100,v1,2020-09-11,86,0.19760830217797304,0.007014738960078204,0.03549819963414534,0.007014738960078204,0.03549819963414534,8
nifty100,v1,2020-10-12,86,0.19641662268920795,0.0007686849780615956,0.00391354340349235,-0.01853692162709819,-0.09437552368685899,8
nifty100,v1,2020-11-09,88,0.2505968763025326,0.0004541918546276946,0.0018124402080709593,-0.022799528504657718,-0.09098089665384748,8
nifty100,v1,2020-12-08,87,0.23188701984455462,0.0032858849219282726,0.014170197728751546,-0.018275489236918907,-0.07881204066174068,8
nifty100,v1,2021-01-06,85,0.3125877127953803,0.0069431650192629535,0.022211893606348964,-0.0215791975101155,-0.06903405548842295,8
nifty100,v1,2021-02-04,88,0.2330726908285703,0.0014242445911649693,0.006110731317778152,0.0014242445911649693,0.006110731317778152,8
nifty100,v1,2021-03-04,88,0.22205567111640706,0.003186758247444521,0.014351168026570885,-0.024225717338248742,-0.10909749440962949,8
nifty100,v1,2021-04-06,88,0.22549096099870647,0.0007324226978424608,0.0032481244241389456,0.0007324226978424608,0.0032481244241389456,8
nifty100,v1,2021-05-06,87,0.23599897207662218,0.004695365295969589,0.019895702318758986,-0.017286827439132235,-0.07324958785633902,8
nifty100,v1,2021-06-04,88,0.30252509775050873,0.0001486730348996268,0.0004914403333975182,-0.001868815911394428,-0.006177391314936896,9
nifty100,v1,2021-07-02,88,0.33612191761602933,0.012965836923283902,0.038574803497627,-0.027961830657174946,-0.08318954876699619,9
nifty100,v1,2021-08-02,88,0.17277517290794814,0.003335361104731205,0.01930463184376746,-0.042841463813181435,-0.2479607636451719,8
nifty100,v1,2021-08-31,89,0.25399354801206436,0.0025476665304559054,0.010030437979215498,-0.0025476665304559054,-0.010030437979215498,8
nifty100,v1,2021-09-29,88,0.2461349487173199,0.006548999758196894,0.026607354186496547,-0.013387354093098325,-0.05439030159212937,7
nifty100,v1,2021-10-28,90,0.25605168711922643,0.001937072253199501,0.007565161061788021,-0.007011776452183316,-0.02738422281481939,8
nifty100,v1,2021-11-29,90,0.27601697458646846,0.00431224190677304,0.015623104025517583,-0.017359827484079715,-0.06289405754877356,8
nifty100,v1,2021-12-27,90,0.33716403220754304,0.0009091810067408668,0.0026965539615483535,0.011779234282801143,0.034936212518511985,7
nifty100,v1,2022-01-24,90,0.3256815807086928,0.0007134749718754607,0.0021907133044580477,-0.010102665303300618,-0.031020069606997477,8
nifty100,v1,2022-02-22,91,0.24891763679362167,0.0033236879076350423,0.013352560913113286,0.0033236879076350423,0.013352560913113286,8
nifty100,v1,2022-03-24,91,0.20151700262383054,0.0025184671053452012,0.012497541510412373,-0.010732822216680038,-0.05326013228131858,8
nifty100,v1,2022-04-25,92,0.2974359999368655,0.008091607622383257,0.02720453349325839,-0.04549705232135315,-0.15296417491833694,8
nifty100,v1,2022-05-24,92,0.38568294255228,0.002063195103100157,0.005349459038677832,-0.020017866980765242,-0.05190239124472503,8
nifty100,v1,2022-06-21,92,0.20053539576632157,0.013012469370506041,0.06488864133326926,0.013012469370506041,0.06488864133326926,8
nifty100,v1,2022-07-19,92,0.2010329046894096,0.0023889414112128193,0.011883335292317788,-0.030231053815240827,-0.15037863508935012,8
nifty100,v1,2022-08-18,90,0.18252248416773842,0.001981201040641478,0.010854558821480599,-0.017899888719314583,-0.09806949977113263,8
nifty100,v1,2022-09-16,89,0.20475694577017767,0.001472357947675862,0.00719075947405691,-0.019541551119676703,-0.09543779355651476,9
nifty100,v1,2022-10-17,93,0.21633445220047243,0.0017513365241376144,0.008095504466919994,-0.012406106901782676,-0.0573468847684335,8
nifty100,v1,2022-11-16,92,0.28766863565337464,0.004579998754404957,0.015921091793697006,-0.0028896680934100694,-0.010045127397524022,7
nifty100,v1,2022-12-14,91,0.23346964366814443,0.005769696726995677,0.024712834766633596,-0.013103500576847504,-0.05612507206921051,7
nifty100,v1,2023-01-11,89,0.2456771956135287,0.004225162262742388,0.017198023822239207,-9.135337276577893e-05,-0.00037184311119166965,7
nifty100,v1,2023-02-09,93,0.39439270783499736,0.01336556212638107,0.033888968687455646,0.01336556212638107,0.033888968687455646,8
nifty100,v1,2023-03-10,93,0.3104813282814828,0.008095743980928383,0.026074817528443355,-0.02987769960673403,-0.09623026212915087,8
nifty100,v1,2023-04-12,93,0.25815995844636647,0.0013408713053697507,0.005193955381149168,-0.004882080495666186,-0.018911067870660714,8
nifty100,v1,2023-05-12,93,0.33190815421443876,0.00012125535388285424,0.0003653280353109787,-0.011268941090769258,-0.03395198625788698,9
nifty100,v1,2023-06-09,92,0.40889557101995416,0.003078679884871205,0.0075292571088302765,-0.03757518580200281,-0.09189433308919145,8
nifty100,v1,2023-07-10,89,0.4036457409422507,0.0018302818751000371,0.004534376780063422,-0.0385349394134219,-0.09546722659198097,9
nifty100,v1,2023-08-07,92,0.1751913365454355,0.0013854549823449913,0.007908239126799952,-0.009159155879115533,-0.05228087221504886,8
nifty100,v1,2023-09-05,93,0.31177153417397907,0.0016087864920907302,0.005160145541680444,-0.02335373726543377,-0.074906573261437,8
nifty100,v1,2023-10-05,93,0.24527530676443438,6.865543501310967e-05,0.00027991172824848304,-0.01776644300534891,-0.07243469894999269,8
nifty100,v1,2023-11-03,93,0.34955311865328703,0.012308155084927441,0.03521111507271543,-0.017860296070509873,-0.05109465519666856,9
nifty100,v1,2023-12-04,93,0.2620578627454369,0.006976060789975813,0.02662030712183729,-0.012856788533108565,-0.04906087685526785,8
nifty100,v1,2024-01-02,89,0.33559783241235397,0.0023253300270857924,0.006928918492621923,-0.01957324905645974,-0.058323526453561245,9
nifty100,v1,2024-01-31,90,0.24265878142868624,0.003362096182505714,0.013855242174673918,-0.022647458035283452,-0.0933304696493714,8
nifty100,v1,2024-02-28,92,0.1409225847982235,0.001734488030283421,0.012308091231557414,-0.009401621271854954,-0.06671479440514401,7
nifty100,v1,2024-03-28,92,0.24478708993304277,0.0030489969405386175,0.012455709740953322,-0.0030489969405386175,-0.012455709740953322,8
nifty100,v1,2024-04-30,92,0.28205949268410885,0.0011017083948153816,0.0039059433324913286,-0.011112662853852484,-0.03939829412619009,8
nifty100,v1,2024-05-29,92,0.22305077033549608,0.0001368636926569744,0.0006135988342524637,-0.00721831355308622,-0.03236175128303291,8
nifty100,v1,2024-06-27,92,0.18699001794358794,0.00028603725931009016,0.0015296926673186548,-0.018096889706081698,-0.09677997737580439,9
nifty100,v1,2024-07-26,93,0.15382476831431008,0.008473099491002944,0.05508280352933712,-0.015803357391177664,-0.10273610397310445,8
nifty100,v1,2024-08-26,93,0.21458804798816788,0.0020183913720278612,0.009405889055569175,-0.009353938655758398,-0.0435902127050159,9
nifty100,v1,2024-09-23,95,0.33718910559914894,0.01193475410159206,0.03539483898919356,-0.033297056092277955,-0.09874890837031242,8
nifty100,v1,2024-10-22,95,0.35076361203827894,0.00024072823894671913,0.000686297639449694,-0.005181063428301047,-0.014770812166615606,8
nifty100,v1,2024-11-21,95,0.2951384584983618,0.001456964146690276,0.004936544542867033,-0.01666722863431791,-0.05647257466586796,9
nifty100,v1,2024-12-19,95,0.2691433502203346,0.014708954372450567,0.05465100423402273,0.014708954372450567,0.05465100423402273,8
nifty100,v1,2025-01-17,95,0.2936666993220804,0.0019102039410543448,0.006504666499347681,-0.014943564167007595,-0.050886137929510925,7
nifty100,v1,2025-02-13,95,0.3157088729664909,0.002030091287904212,0.0064302636439352925,0.002030091287904212,0.0064302636439352925,8
nifty100,v1,2025-03-17,95,0.21493469947100236,0.004659549105642591,0.021678905812373157,-0.011703786537756833,-0.05445275503007291,7
nifty100,v1,2025-04-17,95,0.17766419709967418,0.0008973625465767965,0.005050891295072541,-0.01768031294183403,-0.09951533978404732,8
nifty100,v1,2025-05-19,95,0.15744852959570016,0.00306482139514197,0.019465544727612805,-0.020743942618645428,-0.13175062778872682,9
nifty100,v1,2025-06-16,94,0.30583339014598376,0.001967401979311445,0.006432920808196721,-0.0065893690179232856,-0.021545616764663843,8
nifty100,v1,2025-07-14,94,0.3565095298581614,0.005301764658214525,0.014871312585455572,0.005301764658214525,0.014871312585455572,8
nifty100,v1,2025-08-11,95,0.35313994039800417,0.007971497700465902,0.022573197728587922,-0.025037677764956134,-0.07090015855113295,8
nifty100,v1,2025-09-10,95,0.26333492764517263,0.00031519460616735717,0.00119693429575002,-0.01481641434535097,-0.05626452395754794,8
nifty100,v1,2025-10-09,95,0.24619226868385097,0.007952800440390151,0.0323032095317452,-0.0011562591414830958,-0.004696569667538633,7
nifty100,v1,2025-11-10,96,0.2809136188095769,0.00441000065287489,0.01569877840584262,-0.009987802290828296,-0.035554710138844266,8
nifty100,v1,2025-12-08,96,0.19417070883923798,0.0007623485094381266,0.003926176682340418,-0.0018874434159940057,-0.009720536260475305,8
nifty100,v1,2026-01-06,96,0.23483250615264617,0.00440103674394432,0.01874117351148802,-0.008115794502869589,-0.034559927992226715,8
nifty100,v1,2026-02-04,96,0.275662210273355,0.003387134487733867,0.012287264490751496,0.00028915368473936276,0.001048942052857478,7
nifty100,v1,2026-03-05,95,0.24618146087551668,0.004378629487721941,0.01778618695392349,-0.004445110850596623,-0.01805623719506776,8
nifty100,v1,2026-04-07,96,0.2455150115815557,9.088502496745754e-05,0.0003701811322329965,-0.0039007599703864138,-0.015888071141795135,8
nifty100,v1,2026-05-07,96,0.17423218229251258,0.01128156260310409,0.0647501652947436,0.0024346476531972305,0.013973581809988363,7
nifty100,v2,2019-01-01,85,0.23146110040329726,0.0017001371019195188,0.0073452390010986905,0.0017001371019195188,0.0073452390010986905,8
nifty100,v2,2019-01-29,85,0.2160923262570048,0.0008188981578113319,0.0037895753726922853,-0.02466963914759923,-0.11416249514690735,11
nifty100,v2,2019-02-26,85,0.21268926887889344,0.0027283937310605966,0.012828074239204615,-0.01302009459949216,-0.061216509267827145,11
nifty100,v2,2019-03-28,85,0.2958603304923145,0.002887492602709485,0.009759647729402143,-0.00677786983619888,-0.022909018674184663,9
nifty100,v2,2019-04-30,86,0.23171697272590436,0.0034954206498546414,0.015084871033548927,0.0034954206498546414,0.015084871033548927,8
nifty100,v2,2019-05-29,86,0.22078480490092445,0.0032001754524293435,0.014494545735905143,-0.00026278804040202886,-0.0011902451372047685,10
nifty100,v2,2019-06-27,87,0.263401574325137,0.0030842533435374575,0.011709320080715707,-0.006629260112987256,-0.025167883411373413,11
nifty100,v2,2019-07-25,87,0.2826029082936227,0.002549749399450185,0.009022374945982547,-0.020818490475968177,-0.07366693641502758,10
nifty100,v2,2019-08-26,88,0.22057421615047984,0.006371521942702074,0.02888606861626702,0.006371521942702074,0.02888606861626702,8
nifty100,v2,2019-09-25,88,0.1669219211403946,0.004634038523420703,0.02776171333136711,-0.011016026263206968,-0.06599508433611673,11
nifty100,v2,2019-10-27,88,0.19125228359208624,0.00037088659222883624,0.0019392531438729604,-0.01660656702920993,-0.08683068623969667,9
nifty100,v2,2019-11-26,88,0.22791945705608435,0.0018208800590286955,0.007989138279583695,-0.004020221251598177,-0.01763878039867793,10
nifty100,v2,2019-12-24,88,0.22938941045944877,0.0016309543518360226,0.00710998100814397,-0.009168502874118634,-0.039969163597198536,9
nifty100,v2,2020-01-22,88,0.21761121127477812,0.004657372727931652,0.0214022646197708,-0.00504519967257433,-0.023184465740617315,9
nifty100,v2,2020-02-18,88,0.1914147022793058,0.0011450721479755455,0.005982153587683643,-0.01630536300450125,-0.08518344103322335,11
nifty100,v2,2020-03-19,88,0.3223857825673168,0.00036801649527318236,0.00114154071045716,-0.09516176486386518,-0.2951797815215211,5
nifty100,v2,2020-04-22,88,0.28746180734271765,0.0003669381713952147,0.00127647625535779,-0.009609202980656928,-0.03342775539291258,10
nifty100,v2,2020-05-21,88,0.4409589014472722,0.0005115399394775011,0.0011600626221595137,-0.019725794363914972,-0.04473386136252812,11
nifty100,v2,2020-06-19,86,0.25694236646212903,0.0037840068322249065,0.014727064611131909,-0.009222740470491098,-0.035894199144657,10
nifty100,v2,2020-07-17,87,0.3384704791554932,0.006672550093293705,0.019713831793963747,-0.0104472977498965,-0.030866200727352106,9
nifty100,v2,2020-08-14,87,0.17597274221400167,0.0016374423133732607,0.009305090622398529,-0.011993863888431266,-0.06815750972298565,10
nifty100,v2,2020-09-11,86,0.19760830217797304,0.007014738960078204,0.03549819963414534,-0.020170163108521044,-0.10207143569481752,9
nifty100,v2,2020-10-12,86,0.19641662268920795,0.0007686849780615956,0.00391354340349235,-0.012856641883665865,-0.06545597672763706,11
nifty100,v2,2020-11-09,88,0.2505968763025326,0.0004541918546276946,0.0018124402080709593,-0.0156198220045205,-0.06233047368740344,11
nifty100,v2,2020-12-08,87,0.23188701984455462,0.0032858849219282726,0.014170197728751546,-0.013122446028064005,-0.05658982566967583,10
nifty100,v2,2021-01-06,85,0.3125877127953803,0.0069431650192629535,0.022211893606348964,-0.014636032490852546,-0.04682216188207399,9
nifty100,v2,2021-02-04,88,0.2330726908285703,0.0014242445911649693,0.006110731317778152,0.0014242445911649693,0.006110731317778152,8
nifty100,v2,2021-03-04,88,0.22205567111640706,0.003186758247444521,0.014351168026570885,-0.019857154706602098,-0.0894242178403653,10
nifty100,v2,2021-04-06,88,0.22549096099870647,0.0007324226978424608,0.0032481244241389456,0.0007324226978424608,0.0032481244241389456,8
nifty100,v2,2021-05-06,87,0.23599897207662218,0.004695365295969589,0.019895702318758986,-0.009485425325903685,-0.04019265525793916,10
nifty100,v2,2021-06-04,88,0.30252509775050873,0.0001486730348996268,0.0004914403333975182,-0.0037265689795288326,-0.012318214281190381,10
nifty100,v2,2021-07-02,88,0.33612191761602933,0.012965836923283902,0.038574803497627,-0.014995993733891044,-0.044614745269369184,10
nifty100,v2,2021-08-02,88,0.17277517290794814,0.003335361104731205,0.01930463184376746,-0.014908943731881674,-0.08629100744598833,10
nifty100,v2,2021-08-31,89,0.25399354801206436,0.0025476665304559054,0.010030437979215498,-0.0032867985822385704,-0.012940480606548524,10
nifty100,v2,2021-09-29,88,0.2461349487173199,0.006548999758196894,0.026607354186496547,-0.0070294148860486905,-0.028559190487498814,10
nifty100,v2,2021-10-28,90,0.25605168711922643,0.001937072253199501,0.007565161061788021,-0.005074704198983815,-0.019819061753031365,9
nifty100,v2,2021-11-29,90,0.27601697458646846,0.00431224190677304,0.015623104025517583,-0.013047585577306675,-0.04727095352325597,9
nifty100,v2,2021-12-27,90,0.33716403220754304,0.0009091810067408668,0.0026965539615483535,0.0009091810067408668,0.0026965539615483535,8
nifty100,v2,2022-01-24,90,0.3256815807086928,0.0007134749718754607,0.0021907133044580477,-0.009389190331425157,-0.02882935630253943,9
nifty100,v2,2022-02-22,91,0.24891763679362167,0.0033236879076350423,0.013352560913113286,-0.01041121991535432,-0.04182596319595583,9
nifty100,v2,2022-03-24,91,0.20151700262383054,0.0025184671053452012,0.012497541510412373,-0.0023247945968952743,-0.011536468717902388,9
nifty100,v2,2022-04-25,92,0.2974359999368655,0.008091607622383257,0.02720453349325839,-0.02350713612092581,-0.07903258558451395,10
nifty100,v2,2022-05-24,92,0.38568294255228,0.002063195103100157,0.005349459038677832,-0.009161514974709628,-0.02375400611207422,10
nifty100,v2,2022-06-21,92,0.20053539576632157,0.013012469370506041,0.06488864133326926,0.013012469370506041,0.06488864133326926,8
nifty100,v2,2022-07-19,92,0.2010329046894096,0.0023889414112128193,0.011883335292317788,-0.016273412244902197,-0.08094899822516209,10
nifty100,v2,2022-08-18,90,0.18252248416773842,0.001981201040641478,0.010854558821480599,-0.012437426283152697,-0.0681418858606082,9
nifty100,v2,2022-09-16,89,0.20475694577017767,0.001472357947675862,0.00719075947405691,-0.009136075131755073,-0.044619121941824345,10
nifty100,v2,2022-10-17,93,0.21633445220047243,0.0017513365241376144,0.008095504466919994,-0.012619979780523871,-0.05833550621344959,11
nifty100,v2,2022-11-16,92,0.28766863565337464,0.004579998754404957,0.015921091793697006,-0.006736479522283845,-0.023417497381956313,10
nifty100,v2,2022-12-14,91,0.23346964366814443,0.005769696726995677,0.024712834766633596,-0.016090908010904625,-0.06892077170330703,10
nifty100,v2,2023-01-11,89,0.2456771956135287,0.004225162262742388,0.017198023822239207,0.004225162262742388,0.017198023822239207,8
nifty100,v2,2023-02-09,93,0.39439270783499736,0.01336556212638107,0.033888968687455646,0.01336556212638107,0.033888968687455646,8
nifty100,v2,2023-03-10,93,0.3104813282814828,0.008095743980928383,0.026074817528443355,-0.01786656797852526,-0.05754474215057276,10
nifty100,v2,2023-04-12,93,0.25815995844636647,0.0013408713053697507,0.005193955381149168,-0.0023069850901187294,-0.008936262246098916,9
nifty100,v2,2023-05-12,93,0.33190815421443876,0.00012125535388285424,0.0003653280353109787,-0.011268941090769258,-0.03395198625788698,9
nifty100,v2,2023-06-09,92,0.40889557101995416,0.003078679884871205,0.0075292571088302765,-0.03179201946076027,-0.0777509508881641,10
nifty100,v2,2023-07-10,89,0.4036457409422507,0.0018302818751000371,0.004534376780063422,-0.0385349394134219,-0.09546722659198097,10
nifty100,v2,2023-08-07,92,0.1751913365454355,0.0013854549823449913,0.007908239126799952,-0.007551069107518571,-0.043101840858210574,11
nifty100,v2,2023-09-05,93,0.31177153417397907,0.0016087864920907302,0.005160145541680444,-0.021627851578745694,-0.06937083475580108,10
nifty100,v2,2023-10-05,93,0.24527530676443438,6.865543501310967e-05,0.00027991172824848304,-0.015905615381974658,-0.06484800933202224,10
nifty100,v2,2023-11-03,93,0.34955311865328703,0.012308155084927441,0.03521111507271543,-0.017860296070509873,-0.05109465519666856,9
nifty100,v2,2023-12-04,93,0.2620578627454369,0.006976060789975813,0.02662030712183729,-0.011050556278431212,-0.04216838282454332,9
nifty100,v2,2024-01-02,89,0.33559783241235397,0.0023253300270857924,0.006928918492621923,-0.014796884919617725,-0.04409112184442412,10
nifty100,v2,2024-01-31,90,0.24265878142868624,0.003362096182505714,0.013855242174673918,-0.022708606160341094,-0.09358246186946591,9
nifty100,v2,2024-02-28,92,0.1409225847982235,0.001734488030283421,0.012308091231557414,0.004588644395129959,0.0325614549413786,10
nifty100,v2,2024-03-28,92,0.24478708993304277,0.0030489969405386175,0.012455709740953322,0.0003496551831791983,0.0014284053267467674,9
nifty100,v2,2024-04-30,92,0.28205949268410885,0.0011017083948153816,0.0039059433324913286,-0.010010954459037102,-0.035492350793698765,9
nifty100,v2,2024-05-29,92,0.22305077033549608,0.0001368636926569744,0.0006135988342524637,-0.007081449860429245,-0.031748152448780445,9
nifty100,v2,2024-06-27,92,0.18699001794358794,0.00028603725931009016,0.0015296926673186548,-0.005267132724671719,-0.028167988765372135,12
nifty100,v2,2024-07-26,93,0.15382476831431008,0.008473099491002944,0.05508280352933712,-0.005179427207092413,-0.03367095730974411,10
nifty100,v2,2024-08-26,93,0.21458804798816788,0.0020183913720278612,0.009405889055569175,-0.009353938655758398,-0.0435902127050159,9
nifty100,v2,2024-09-23,95,0.33718910559914894,0.01193475410159206,0.03539483898919356,-0.021362301990685895,-0.06335406938111886,9
nifty100,v2,2024-10-22,95,0.35076361203827894,0.00024072823894671913,0.000686297639449694,-0.004940335189354328,-0.014084514527165913,9
nifty100,v2,2024-11-21,95,0.2951384584983618,0.001456964146690276,0.004936544542867033,-0.005543986192767081,-0.018784357080993068,11
nifty100,v2,2024-12-19,95,0.2691433502203346,0.014708954372450567,0.05465100423402273,0.014708954372450567,0.05465100423402273,8
nifty100,v2,2025-01-17,95,0.2936666993220804,0.0019102039410543448,0.006504666499347681,-0.00810568626614605,-0.027601652774583405,9
nifty100,v2,2025-02-13,95,0.3157088729664909,0.002030091287904212,0.0064302636439352925,0.002030091287904212,0.0064302636439352925,8
nifty100,v2,2025-03-17,95,0.21493469947100236,0.004659549105642591,0.021678905812373157,-0.002109898614445327,-0.009816463417206309,10
nifty100,v2,2025-04-17,95,0.17766419709967418,0.0008973625465767965,0.005050891295072541,-0.005608654097809973,-0.03156884836320384,12
nifty100,v2,2025-05-19,95,0.15744852959570016,0.00306482139514197,0.019465544727612805,-0.009703889837718749,-0.06163214011992753,12
nifty100,v2,2025-06-16,94,0.30583339014598376,0.001967401979311445,0.006432920808196721,-0.0005217699517937602,-0.0017060594709580375,9
nifty100,v2,2025-07-14,94,0.3565095298581614,0.005301764658214525,0.014871312585455572,0.005301764658214525,0.014871312585455572,8
nifty100,v2,2025-08-11,95,0.35313994039800417,0.007971497700465902,0.022573197728587922,-0.011401165184255824,-0.03228511952345637,11
nifty100,v2,2025-09-10,95,0.26333492764517263,0.00031519460616735717,0.00119693429575002,-0.01429933581356535,-0.054300946484519566,10
nifty100,v2,2025-10-09,95,0.24619226868385097,0.007952800440390151,0.0323032095317452,0.007952800440390151,0.0323032095317452,8
nifty100,v2,2025-11-10,96,0.2809136188095769,0.00441000065287489,0.01569877840584262,-0.005537391135975289,-0.019712077895835036,9
nifty100,v2,2025-12-08,96,0.19417070883923798,0.0007623485094381266,0.003926176682340418,-0.001125094906555879,-0.005794359578134888,9
nifty100,v2,2026-01-06,96,0.23483250615264617,0.00440103674394432,0.01874117351148802,-0.003714757758925269,-0.015818754480738696,9
nifty100,v2,2026-02-04,96,0.275662210273355,0.003387134487733867,0.012287264490751496,0.003387134487733867,0.012287264490751496,8
nifty100,v2,2026-03-05,95,0.24618146087551668,0.004378629487721941,0.01778618695392349,-6.648136287468187e-05,-0.0002700502411442697,9
nifty100,v2,2026-04-07,96,0.2455150115815557,9.088502496745754e-05,0.0003701811322329965,-0.003809874945418956,-0.01551789000956214,9
nifty100,v2,2026-05-07,96,0.17423218229251258,0.01128156260310409,0.0647501652947436,0.01128156260310409,0.0647501652947436,8
nifty100,v3,2019-01-01,85,0.23146110040329726,0.0017001371019195188,0.0073452390010986905,0.0017001371019195188,0.0073452390010986905,8
nifty100,v3,2019-01-29,85,0.2160923262570048,0.0008188981578113319,0.0037895753726922853,-0.042866693477465634,-0.19837212278645677,7
nifty100,v3,2019-02-26,85,0.21268926887889344,0.0027283937310605966,0.012828074239204615,-0.0330567874818426,-0.15542292122253396,8
nifty100,v3,2019-03-28,85,0.2958603304923145,0.002887492602709485,0.009759647729402143,-0.00677786983619888,-0.022909018674184663,9
nifty100,v3,2019-04-30,86,0.23171697272590436,0.0034954206498546414,0.015084871033548927,0.0034954206498546414,0.015084871033548927,8
nifty100,v3,2019-05-29,86,0.22078480490092445,0.0032001754524293435,0.014494545735905143,-0.011516245749391696,-0.052160499698154165,8
nifty100,v3,2019-06-27,87,0.263401574325137,0.0030842533435374575,0.011709320080715707,-0.010131159717505445,-0.03846279105758027,8
nifty100,v3,2019-07-25,87,0.2826029082936227,0.002549749399450185,0.009022374945982547,-0.04706880156584348,-0.1665545547639562,7
nifty100,v3,2019-08-26,88,0.22057421615047984,0.006371521942702074,0.02888606861626702,-0.002794927489782495,-0.012671143248564208,7
nifty100,v3,2019-09-25,88,0.1669219211403946,0.004634038523420703,0.02776171333136711,-0.05136793080387991,-0.3077362784524592,8
nifty100,v3,2019-10-27,88,0.19125228359208624,0.00037088659222883624,0.0019392531438729604,-0.07651679052782168,-0.4000830164779682,8
nifty100,v3,2019-11-26,88,0.22791945705608435,0.0018208800590286955,0.007989138279583695,-0.03047005097847988,-0.1336878008224725,7
nifty100,v3,2019-12-24,88,0.22938941045944877,0.0016309543518360226,0.00710998100814397,-0.010799457225954656,-0.04707914460534251,8
nifty100,v3,2020-01-22,88,0.21761121127477812,0.004657372727931652,0.0214022646197708,-0.009702572400505982,-0.04458673036038811,8
nifty100,v3,2020-02-18,88,0.1914147022793058,0.0011450721479755455,0.005982153587683643,-0.03635050140902163,-0.18990443772694232,7
nifty100,v3,2020-03-19,88,0.3223857825673168,0.00036801649527318236,0.00114154071045716,-0.007099437549699994,-0.022021559056245206,8
nifty100,v3,2020-04-22,88,0.28746180734271765,0.0003669381713952147,0.00127647625535779,-0.006269403423079911,-0.021809517866160928,8
nifty100,v3,2020-05-21,88,0.4409589014472722,0.0005115399394775011,0.0011600626221595137,-0.020237334303392474,-0.04589392398468763,9
nifty100,v3,2020-06-19,86,0.25694236646212903,0.0037840068322249065,0.014727064611131909,-0.01749616565400325,-0.06809373594129337,7
nifty100,v3,2020-07-17,87,0.3384704791554932,0.006672550093293705,0.019713831793963747,-0.02143332772278983,-0.06332406825040528,7
nifty100,v3,2020-08-14,87,0.17597274221400167,0.0016374423133732607,0.009305090622398529,-0.013631306201804527,-0.07746260034538419,8
nifty100,v3,2020-09-11,86,0.19760830217797304,0.007014738960078204,0.03549819963414534,-0.00163409415202731,-0.008269359809364623,7
nifty100,v3,2020-10-12,86,0.19641662268920795,0.0007686849780615956,0.00391354340349235,-0.016931307761147707,-0.08620099220389453,8
nifty100,v3,2020-11-09,88,0.2505968763025326,0.0004541918546276946,0.0018124402080709593,-0.022799528504657718,-0.09098089665384748,8
nifty100,v3,2020-12-08,87,0.23188701984455462,0.0032858849219282726,0.014170197728751546,-0.018275489236918907,-0.07881204066174068,8
nifty100,v3,2021-01-06,85,0.3125877127953803,0.0069431650192629535,0.022211893606348964,-0.0215791975101155,-0.06903405548842295,8
nifty100,v3,2021-02-04,88,0.2330726908285703,0.0014242445911649693,0.006110731317778152,0.006076763473023994,0.026072395918291334,7
nifty100,v3,2021-03-04,88,0.22205567111640706,0.003186758247444521,0.014351168026570885,-0.024225717338248742,-0.10909749440962949,8
nifty100,v3,2021-04-06,88,0.22549096099870647,0.0007324226978424608,0.0032481244241389456,0.0007324226978424608,0.0032481244241389456,8
nifty100,v3,2021-05-06,87,0.23599897207662218,0.004695365295969589,0.019895702318758986,-0.017286827439132235,-0.07324958785633902,8
nifty100,v3,2021-06-04,88,0.30252509775050873,0.0001486730348996268,0.0004914403333975182,-0.01167050872380404,-0.038576993481144704,7
nifty100,v3,2021-07-02,88,0.33612191761602933,0.012965836923283902,0.038574803497627,-0.08091985946713831,-0.2407455605426408,7
nifty100,v3,2021-08-02,88,0.17277517290794814,0.003335361104731205,0.01930463184376746,-0.024639271257392514,-0.1426088647037264,8
nifty100,v3,2021-08-31,89,0.25399354801206436,0.0025476665304559054,0.010030437979215498,-0.0025476665304559054,-0.010030437979215498,8
nifty100,v3,2021-09-29,88,0.2461349487173199,0.006548999758196894,0.026607354186496547,-0.011967212598957833,-0.04862053382228905,8
nifty100,v3,2021-10-28,90,0.25605168711922643,0.001937072253199501,0.007565161061788021,-0.01582896679719903,-0.061819420036972925,7
nifty100,v3,2021-11-29,90,0.27601697458646846,0.00431224190677304,0.015623104025517583,-0.017359827484079715,-0.06289405754877356,8
nifty100,v3,2021-12-27,90,0.33716403220754304,0.0009091810067408668,0.0026965539615483535,0.0009091810067408668,0.0026965539615483535,8
nifty100,v3,2022-01-24,90,0.3256815807086928,0.0007134749718754607,0.0021907133044580477,-0.010102665303300618,-0.031020069606997477,8
nifty100,v3,2022-02-22,91,0.24891763679362167,0.0033236879076350423,0.013352560913113286,0.0033236879076350423,0.013352560913113286,8
nifty100,v3,2022-03-24,91,0.20151700262383054,0.0025184671053452012,0.012497541510412373,-0.010480102841922245,-0.0520060476558662,8
nifty100,v3,2022-04-25,92,0.2974359999368655,0.008091607622383257,0.02720453349325839,-0.03273709304872907,-0.11006432663052869,8
nifty100,v3,2022-05-24,92,0.38568294255228,0.002063195103100157,0.005349459038677832,-0.025528749174472454,-0.06619102469384419,7
nifty100,v3,2022-06-21,92,0.20053539576632157,0.013012469370506041,0.06488864133326926,0.00013742775581504496,0.0006853042341472015,7
nifty100,v3,2022-07-19,92,0.2010329046894096,0.0023889414112128193,0.011883335292317788,-0.030231053815240827,-0.15037863508935012,8
nifty100,v3,2022-08-18,90,0.18252248416773842,0.001981201040641478,0.010854558821480599,-0.025185372852632337,-0.137985043143983,7
nifty100,v3,2022-09-16,89,0.20475694577017767,0.001472357947675862,0.00719075947405691,-0.030448117257230845,-0.14870370889105894,7
nifty100,v3,2022-10-17,93,0.21633445220047243,0.0017513365241376144,0.008095504466919994,-0.013504614237902057,-0.06242470443583172,6
nifty100,v3,2022-11-16,92,0.28766863565337464,0.004579998754404957,0.015921091793697006,-0.0028896680934100694,-0.010045127397524022,7
nifty100,v3,2022-12-14,91,0.23346964366814443,0.005769696726995677,0.024712834766633596,-0.008798733575736128,-0.03768684201292874,8
nifty100,v3,2023-01-11,89,0.2456771956135287,0.004225162262742388,0.017198023822239207,-9.135337276577893e-05,-0.00037184311119166965,7
nifty100,v3,2023-02-09,93,0.39439270783499736,0.01336556212638107,0.033888968687455646,-0.022984907952249833,-0.05827924171931207,5
nifty100,v3,2023-03-10,93,0.3104813282814828,0.008095743980928383,0.026074817528443355,-0.07558651981245079,-0.24344948609574343,6
nifty100,v3,2023-04-12,93,0.25815995844636647,0.0013408713053697507,0.005193955381149168,-0.0666878685851715,-0.25831995397933144,6
nifty100,v3,2023-05-12,93,0.33190815421443876,0.00012125535388285424,0.0003653280353109787,-0.07611217762505496,-0.2293169862162546,6
nifty100,v3,2023-06-09,92,0.40889557101995416,0.003078679884871205,0.0075292571088302765,-0.010189774704919441,-0.024920237408054925,7
nifty100,v3,2023-07-10,89,0.4036457409422507,0.0018302818751000371,0.004534376780063422,-0.0473984154188859,-0.11742577862519094,7
nifty100,v3,2023-08-07,92,0.1751913365454355,0.0013854549823449913,0.007908239126799952,-0.00930154695801133,-0.05309364687447883,7
nifty100,v3,2023-09-05,93,0.31177153417397907,0.0016087864920907302,0.005160145541680444,-0.028315692441876372,-0.0908219299651496,7
nifty100,v3,2023-10-05,93,0.24527530676443438,6.865543501310967e-05,0.00027991172824848304,-0.008006947124244546,-0.03264473391092126,8
nifty100,v3,2023-11-03,93,0.34955311865328703,0.012308155084927441,0.03521111507271543,-0.03604382493085667,-0.10311401331426151,7
nifty100,v3,2023-12-04,93,0.2620578627454369,0.006976060789975813,0.02662030712183729,-0.016222586106133585,-0.06190459593991351,8
nifty100,v3,2024-01-02,89,0.33559783241235397,0.0023253300270857924,0.006928918492621923,-0.035811667673209424,-0.10671006846434904,6
nifty100,v3,2024-01-31,90,0.24265878142868624,0.003362096182505714,0.013855242174673918,-0.004632744013247536,-0.01909159844111815,7
nifty100,v3,2024-02-28,92,0.1409225847982235,0.001734488030283421,0.012308091231557414,-0.001926554950762771,-0.013671016278343608,9
nifty100,v3,2024-03-28,92,0.24478708993304277,0.0030489969405386175,0.012455709740953322,-0.0054928097877186,-0.02243913185626359,8
nifty100,v3,2024-04-30,92,0.28205949268410885,0.0011017083948153816,0.0039059433324913286,-0.011112662853852484,-0.03939829412619009,8
nifty100,v3,2024-05-29,92,0.22305077033549608,0.0001368636926569744,0.0006135988342524637,-0.10708762594822197,-0.48010426409713297,7
nifty100,v3,2024-06-27,92,0.18699001794358794,0.00028603725931009016,0.0015296926673186548,-0.02877152270450234,-0.15386662358191908,7
nifty100,v3,2024-07-26,93,0.15382476831431008,0.008473099491002944,0.05508280352933712,-0.015280190624645584,-0.0993350472234977,8
nifty100,v3,2024-08-26,93,0.21458804798816788,0.0020183913720278612,0.009405889055569175,-0.021338024335189054,-0.09943715195342849,7
nifty100,v3,2024-09-23,95,0.33718910559914894,0.01193475410159206,0.03539483898919356,-0.033297056092277955,-0.09874890837031242,8
nifty100,v3,2024-10-22,95,0.35076361203827894,0.00024072823894671913,0.000686297639449694,-0.005181063428301047,-0.014770812166615606,8
nifty100,v3,2024-11-21,95,0.2951384584983618,0.001456964146690276,0.004936544542867033,-0.04076663331540431,-0.13812714724750313,7
nifty100,v3,2024-12-19,95,0.2691433502203346,0.014708954372450567,0.05465100423402273,0.014708954372450567,0.05465100423402273,8
nifty100,v3,2025-01-17,95,0.2936666993220804,0.0019102039410543448,0.006504666499347681,-0.014943564167007595,-0.050886137929510925,8
nifty100,v3,2025-02-13,95,0.3157088729664909,0.002030091287904212,0.0064302636439352925,0.002030091287904212,0.0064302636439352925,8
nifty100,v3,2025-03-17,95,0.21493469947100236,0.004659549105642591,0.021678905812373157,-0.009626474541445162,-0.04478790332662831,9
nifty100,v3,2025-04-17,95,0.17766419709967418,0.0008973625465767965,0.005050891295072541,-0.01768031294183403,-0.09951533978404732,8
nifty100,v3,2025-05-19,95,0.15744852959570016,0.00306482139514197,0.019465544727612805,-0.026787710478358928,-0.17013630134968555,8
nifty100,v3,2025-06-16,94,0.30583339014598376,0.001967401979311445,0.006432920808196721,-0.002489171931105205,-0.008138980279154759,8
nifty100,v3,2025-07-14,94,0.3565095298581614,0.005301764658214525,0.014871312585455572,0.005301764658214525,0.014871312585455572,8
nifty100,v3,2025-08-11,95,0.35313994039800417,0.007971497700465902,0.022573197728587922,-0.03239654733829367,-0.09173855356542605,8
nifty100,v3,2025-09-10,95,0.26333492764517263,0.00031519460616735717,0.00119693429575002,-0.025091124898916073,-0.09528217590917068,7
nifty100,v3,2025-10-09,95,0.24619226868385097,0.007952800440390151,0.0323032095317452,-0.0011562591414830958,-0.004696569667538633,7
nifty100,v3,2025-11-10,96,0.2809136188095769,0.00441000065287489,0.01569877840584262,-0.009987802290828296,-0.035554710138844266,8
nifty100,v3,2025-12-08,96,0.19417070883923798,0.0007623485094381266,0.003926176682340418,-0.009269314829319142,-0.04773796668267609,7
nifty100,v3,2026-01-06,96,0.23483250615264617,0.00440103674394432,0.01874117351148802,-0.016672078911586286,-0.07099561804594921,7
nifty100,v3,2026-02-04,96,0.275662210273355,0.003387134487733867,0.012287264490751496,0.00028915368473936276,0.001048942052857478,7
nifty100,v3,2026-03-05,95,0.24618146087551668,0.004378629487721941,0.01778618695392349,-0.004445110850596623,-0.01805623719506776,8
nifty100,v3,2026-04-07,96,0.2455150115815557,9.088502496745754e-05,0.0003701811322329965,-0.0039007599703864138,-0.015888071141795135,8
nifty100,v3,2026-05-07,96,0.17423218229251258,0.01128156260310409,0.0647501652947436,0.01128156260310409,0.0647501652947436,8
nifty100,v4,2019-01-01,85,0.23146110040329726,0.0017001371019195188,0.0073452390010986905,0.0017001371019195188,0.0073452390010986905,8
nifty100,v4,2019-01-29,85,0.2160923262570048,0.0008188981578113319,0.0037895753726922853,-0.02466963914759923,-0.11416249514690735,11
nifty100,v4,2019-02-26,85,0.21268926887889344,0.0027283937310605966,0.012828074239204615,-0.01302009459949216,-0.061216509267827145,11
nifty100,v4,2019-03-28,85,0.2958603304923145,0.002887492602709485,0.009759647729402143,-0.00677786983619888,-0.022909018674184663,9
nifty100,v4,2019-04-30,86,0.23171697272590436,0.0034954206498546414,0.015084871033548927,0.0034954206498546414,0.015084871033548927,8
nifty100,v4,2019-05-29,86,0.22078480490092445,0.0032001754524293435,0.014494545735905143,-0.00026278804040202886,-0.0011902451372047685,10
nifty100,v4,2019-06-27,87,0.263401574325137,0.0030842533435374575,0.011709320080715707,-0.006629260112987256,-0.025167883411373413,11
nifty100,v4,2019-07-25,87,0.2826029082936227,0.002549749399450185,0.009022374945982547,-0.020818490475968177,-0.07366693641502758,10
nifty100,v4,2019-08-26,88,0.22057421615047984,0.006371521942702074,0.02888606861626702,0.006371521942702074,0.02888606861626702,8
nifty100,v4,2019-09-25,88,0.1669219211403946,0.004634038523420703,0.02776171333136711,-0.011016026263206968,-0.06599508433611673,11
nifty100,v4,2019-10-27,88,0.19125228359208624,0.00037088659222883624,0.0019392531438729604,-0.01660656702920993,-0.08683068623969667,9
nifty100,v4,2019-11-26,88,0.22791945705608435,0.0018208800590286955,0.007989138279583695,-0.004020221251598177,-0.01763878039867793,10
nifty100,v4,2019-12-24,88,0.22938941045944877,0.0016309543518360226,0.00710998100814397,-0.009168502874118634,-0.039969163597198536,9
nifty100,v4,2020-01-22,88,0.21761121127477812,0.004657372727931652,0.0214022646197708,-0.00504519967257433,-0.023184465740617315,9
nifty100,v4,2020-02-18,88,0.1914147022793058,0.0011450721479755455,0.005982153587683643,-0.01630536300450125,-0.08518344103322335,11
nifty100,v4,2020-03-19,88,0.3223857825673168,0.00036801649527318236,0.00114154071045716,-0.09516176486386518,-0.2951797815215211,5
nifty100,v4,2020-04-22,88,0.28746180734271765,0.0003669381713952147,0.00127647625535779,-0.009609202980656928,-0.03342775539291258,10
nifty100,v4,2020-05-21,88,0.4409589014472722,0.0005115399394775011,0.0011600626221595137,-0.019725794363914972,-0.04473386136252812,11
nifty100,v4,2020-06-19,86,0.25694236646212903,0.0037840068322249065,0.014727064611131909,-0.009222740470491098,-0.035894199144657,10
nifty100,v4,2020-07-17,87,0.3384704791554932,0.006672550093293705,0.019713831793963747,-0.0104472977498965,-0.030866200727352106,9
nifty100,v4,2020-08-14,87,0.17597274221400167,0.0016374423133732607,0.009305090622398529,-0.011993863888431266,-0.06815750972298565,10
nifty100,v4,2020-09-11,86,0.19760830217797304,0.007014738960078204,0.03549819963414534,-0.020170163108521044,-0.10207143569481752,9
nifty100,v4,2020-10-12,86,0.19641662268920795,0.0007686849780615956,0.00391354340349235,-0.012856641883665865,-0.06545597672763706,11
nifty100,v4,2020-11-09,88,0.2505968763025326,0.0004541918546276946,0.0018124402080709593,-0.0156198220045205,-0.06233047368740344,11
nifty100,v4,2020-12-08,87,0.23188701984455462,0.0032858849219282726,0.014170197728751546,-0.013122446028064005,-0.05658982566967583,10
nifty100,v4,2021-01-06,85,0.3125877127953803,0.0069431650192629535,0.022211893606348964,-0.014636032490852546,-0.04682216188207399,9
nifty100,v4,2021-02-04,88,0.2330726908285703,0.0014242445911649693,0.006110731317778152,0.0014242445911649693,0.006110731317778152,8
nifty100,v4,2021-03-04,88,0.22205567111640706,0.003186758247444521,0.014351168026570885,-0.019857154706602098,-0.0894242178403653,10
nifty100,v4,2021-04-06,88,0.22549096099870647,0.0007324226978424608,0.0032481244241389456,0.0007324226978424608,0.0032481244241389456,8
nifty100,v4,2021-05-06,87,0.23599897207662218,0.004695365295969589,0.019895702318758986,-0.009485425325903685,-0.04019265525793916,10
nifty100,v4,2021-06-04,88,0.30252509775050873,0.0001486730348996268,0.0004914403333975182,-0.0037265689795288326,-0.012318214281190381,10
nifty100,v4,2021-07-02,88,0.33612191761602933,0.012965836923283902,0.038574803497627,-0.014995993733891044,-0.044614745269369184,10
nifty100,v4,2021-08-02,88,0.17277517290794814,0.003335361104731205,0.01930463184376746,-0.014908943731881674,-0.08629100744598833,10
nifty100,v4,2021-08-31,89,0.25399354801206436,0.0025476665304559054,0.010030437979215498,-0.0032867985822385704,-0.012940480606548524,10
nifty100,v4,2021-09-29,88,0.2461349487173199,0.006548999758196894,0.026607354186496547,-0.0070294148860486905,-0.028559190487498814,10
nifty100,v4,2021-10-28,90,0.25605168711922643,0.001937072253199501,0.007565161061788021,-0.005074704198983815,-0.019819061753031365,9
nifty100,v4,2021-11-29,90,0.27601697458646846,0.00431224190677304,0.015623104025517583,-0.013047585577306675,-0.04727095352325597,9
nifty100,v4,2021-12-27,90,0.33716403220754304,0.0009091810067408668,0.0026965539615483535,0.0009091810067408668,0.0026965539615483535,8
nifty100,v4,2022-01-24,90,0.3256815807086928,0.0007134749718754607,0.0021907133044580477,-0.009389190331425157,-0.02882935630253943,9
nifty100,v4,2022-02-22,91,0.24891763679362167,0.0033236879076350423,0.013352560913113286,-0.01041121991535432,-0.04182596319595583,9
nifty100,v4,2022-03-24,91,0.20151700262383054,0.0025184671053452012,0.012497541510412373,-0.0023247945968952743,-0.011536468717902388,9
nifty100,v4,2022-04-25,92,0.2974359999368655,0.008091607622383257,0.02720453349325839,-0.02350713612092581,-0.07903258558451395,10
nifty100,v4,2022-05-24,92,0.38568294255228,0.002063195103100157,0.005349459038677832,-0.009161514974709628,-0.02375400611207422,10
nifty100,v4,2022-06-21,92,0.20053539576632157,0.013012469370506041,0.06488864133326926,0.013012469370506041,0.06488864133326926,8
nifty100,v4,2022-07-19,92,0.2010329046894096,0.0023889414112128193,0.011883335292317788,-0.016273412244902197,-0.08094899822516209,10
nifty100,v4,2022-08-18,90,0.18252248416773842,0.001981201040641478,0.010854558821480599,-0.012437426283152697,-0.0681418858606082,9
nifty100,v4,2022-09-16,89,0.20475694577017767,0.001472357947675862,0.00719075947405691,-0.019541551119676703,-0.09543779355651476,9
nifty100,v4,2022-10-17,93,0.21633445220047243,0.0017513365241376144,0.008095504466919994,-0.008690379010160454,-0.04017103573547901,10
nifty100,v4,2022-11-16,92,0.28766863565337464,0.004579998754404957,0.015921091793697006,-0.006736479522283845,-0.023417497381956313,10
nifty100,v4,2022-12-14,91,0.23346964366814443,0.005769696726995677,0.024712834766633596,-0.016090908010904625,-0.06892077170330703,10
nifty100,v4,2023-01-11,89,0.2456771956135287,0.004225162262742388,0.017198023822239207,0.004225162262742388,0.017198023822239207,8
nifty100,v4,2023-02-09,93,0.39439270783499736,0.01336556212638107,0.033888968687455646,0.01336556212638107,0.033888968687455646,8
nifty100,v4,2023-03-10,93,0.3104813282814828,0.008095743980928383,0.026074817528443355,-0.01786656797852526,-0.05754474215057276,10
nifty100,v4,2023-04-12,93,0.25815995844636647,0.0013408713053697507,0.005193955381149168,-0.0023069850901187294,-0.008936262246098916,9
nifty100,v4,2023-05-12,93,0.33190815421443876,0.00012125535388285424,0.0003653280353109787,-0.011268941090769258,-0.03395198625788698,9
nifty100,v4,2023-06-09,92,0.40889557101995416,0.003078679884871205,0.0075292571088302765,-0.03179201946076027,-0.0777509508881641,10
nifty100,v4,2023-07-10,89,0.4036457409422507,0.0018302818751000371,0.004534376780063422,-0.0385349394134219,-0.09546722659198097,9
nifty100,v4,2023-08-07,92,0.1751913365454355,0.0013854549823449913,0.007908239126799952,-0.007551069107518571,-0.043101840858210574,11
nifty100,v4,2023-09-05,93,0.31177153417397907,0.0016087864920907302,0.005160145541680444,-0.021627851578745694,-0.06937083475580108,10
nifty100,v4,2023-10-05,93,0.24527530676443438,6.865543501310967e-05,0.00027991172824848304,-0.015905615381974658,-0.06484800933202224,10
nifty100,v4,2023-11-03,93,0.34955311865328703,0.012308155084927441,0.03521111507271543,-0.017860296070509873,-0.05109465519666856,9
nifty100,v4,2023-12-04,93,0.2620578627454369,0.006976060789975813,0.02662030712183729,-0.012856788533108565,-0.04906087685526785,8
nifty100,v4,2024-01-02,89,0.33559783241235397,0.0023253300270857924,0.006928918492621923,-0.055861787814046715,-0.1664545548834431,8
nifty100,v4,2024-01-31,90,0.24265878142868624,0.003362096182505714,0.013855242174673918,-0.022708606160341094,-0.09358246186946591,9
nifty100,v4,2024-02-28,92,0.1409225847982235,0.001734488030283421,0.012308091231557414,0.004588644395129959,0.0325614549413786,10
nifty100,v4,2024-03-28,92,0.24478708993304277,0.0030489969405386175,0.012455709740953322,0.0003496551831791983,0.0014284053267467674,9
nifty100,v4,2024-04-30,92,0.28205949268410885,0.0011017083948153816,0.0039059433324913286,-0.010010954459037102,-0.035492350793698765,9
nifty100,v4,2024-05-29,92,0.22305077033549608,0.0001368636926569744,0.0006135988342524637,-0.007081449860429245,-0.031748152448780445,9
nifty100,v4,2024-06-27,92,0.18699001794358794,0.00028603725931009016,0.0015296926673186548,-0.005553169983981809,-0.02969768143269079,11
nifty100,v4,2024-07-26,93,0.15382476831431008,0.008473099491002944,0.05508280352933712,-0.005179427207092413,-0.03367095730974411,10
nifty100,v4,2024-08-26,93,0.21458804798816788,0.0020183913720278612,0.009405889055569175,-0.009353938655758398,-0.0435902127050159,9
nifty100,v4,2024-09-23,95,0.33718910559914894,0.01193475410159206,0.03539483898919356,-0.021362301990685895,-0.06335406938111886,9
nifty100,v4,2024-10-22,95,0.35076361203827894,0.00024072823894671913,0.000686297639449694,-0.004940335189354328,-0.014084514527165913,9
nifty100,v4,2024-11-21,95,0.2951384584983618,0.001456964146690276,0.004936544542867033,-0.005543986192767081,-0.018784357080993068,11
nifty100,v4,2024-12-19,95,0.2691433502203346,0.014708954372450567,0.05465100423402273,0.014708954372450567,0.05465100423402273,8
nifty100,v4,2025-01-17,95,0.2936666993220804,0.0019102039410543448,0.006504666499347681,-0.00810568626614605,-0.027601652774583405,9
nifty100,v4,2025-02-13,95,0.3157088729664909,0.002030091287904212,0.0064302636439352925,0.002030091287904212,0.0064302636439352925,8
nifty100,v4,2025-03-17,95,0.21493469947100236,0.004659549105642591,0.021678905812373157,-0.002109898614445327,-0.009816463417206309,10
nifty100,v4,2025-04-17,95,0.17766419709967418,0.0008973625465767965,0.005050891295072541,-0.005608654097809973,-0.03156884836320384,12
nifty100,v4,2025-05-19,95,0.15744852959570016,0.00306482139514197,0.019465544727612805,-0.013319122284174534,-0.0845935006085841,12
nifty100,v4,2025-06-16,94,0.30583339014598376,0.001967401979311445,0.006432920808196721,-0.0005217699517937602,-0.0017060594709580375,9
nifty100,v4,2025-07-14,94,0.3565095298581614,0.005301764658214525,0.014871312585455572,0.005301764658214525,0.014871312585455572,8
nifty100,v4,2025-08-11,95,0.35313994039800417,0.007971497700465902,0.022573197728587922,-0.011401165184255824,-0.03228511952345637,11
nifty100,v4,2025-09-10,95,0.26333492764517263,0.00031519460616735717,0.00119693429575002,-0.01429933581356535,-0.054300946484519566,10
nifty100,v4,2025-10-09,95,0.24619226868385097,0.007952800440390151,0.0323032095317452,0.007952800440390151,0.0323032095317452,8
nifty100,v4,2025-11-10,96,0.2809136188095769,0.00441000065287489,0.01569877840584262,-0.005537391135975289,-0.019712077895835036,9
nifty100,v4,2025-12-08,96,0.19417070883923798,0.0007623485094381266,0.003926176682340418,-0.001125094906555879,-0.005794359578134888,9
nifty100,v4,2026-01-06,96,0.23483250615264617,0.00440103674394432,0.01874117351148802,-0.003714757758925269,-0.015818754480738696,9
nifty100,v4,2026-02-04,96,0.275662210273355,0.003387134487733867,0.012287264490751496,0.003387134487733867,0.012287264490751496,8
nifty100,v4,2026-03-05,95,0.24618146087551668,0.004378629487721941,0.01778618695392349,-6.648136287468187e-05,-0.0002700502411442697,9
nifty100,v4,2026-04-07,96,0.2455150115815557,9.088502496745754e-05,0.0003701811322329965,-0.003809874945418956,-0.01551789000956214,9
nifty100,v4,2026-05-07,96,0.17423218229251258,0.01128156260310409,0.0647501652947436,0.01128156260310409,0.0647501652947436,8
midcap150,v1,2019-01-01,110,0.24731842803701243,0.0032710618319663487,0.013226114438495534,0.0032710618319663487,0.013226114438495534,8
midcap150,v1,2019-01-29,110,0.1907976654985548,0.005373984076219918,0.028165879609573223,-0.01189709851872578,-0.06235452874980744,8
midcap150,v1,2019-02-26,110,0.32630763003348817,0.003477263466184377,0.010656396437397169,0.003477263466184377,0.010656396437397169,8
midcap150,v1,2019-03-28,110,0.22811912184326533,0.001819993515655982,0.00797825934516113,-0.013620005708742111,-0.05970567306540861,10
midcap150,v1,2019-04-30,111,0.2539281515340691,0.00418214995001609,0.01646981606706564,-0.013171556283387176,-0.05187119350026052,10
midcap150,v1,2019-05-29,111,0.2879412124459935,0.005372223653508645,0.01865736275774092,-0.00573634257725486,-0.019921922702644635,9
midcap150,v1,2019-06-27,111,0.342307030406707,0.002595548931580871,0.0075825171586368185,-0.012263315564912336,-0.03582548553075834,8
midcap150,v1,2019-07-25,111,0.2539510816646405,0.002472989213350596,0.009738053475260819,-0.015212429722524345,-0.05990299242990973,9
midcap150,v1,2019-08-26,111,0.2743237839009629,0.007793484617724111,0.028409802850115743,-0.013854425314456464,-0.050503915910762684,8
midcap150,v1,2019-09-25,111,0.4483585185492618,0.002569049629401965,0.005729900343400523,0.007756057207822797,0.017298784091175082,7
midcap150,v1,2019-10-27,111,0.26576565546508757,0.0018355311758192494,0.006906577799178325,0.0018355311758192494,0.006906577799178325,8
midcap150,v1,2019-11-26,112,0.2372687379511657,0.0032357362105210896,0.013637431709132553,0.0032357362105210896,0.013637431709132553,8
midcap150,v1,2019-12-24,112,0.22773682999654588,0.0003474839676571584,0.0015258136668646382,-0.015143662275709735,-0.0664963250605509,8
midcap150,v1,2020-01-22,111,0.22483547656664732,0.0009379342014063097,0.0041716468225079266,0.00373795248103459,0.016625278795477632,9
midcap150,v1,2020-02-18,113,0.3593057405990795,0.001513839006770823,0.004213233566062043,-0.007360976511847306,-0.02048666547763519,9
midcap150,v1,2020-03-19,111,0.3063719624378066,0.0028558702659748914,0.009321578395263997,-0.005167182077643773,-0.016865714592577016,8
midcap150,v1,2020-04-22,111,0.2677203743927736,0.004521570400125241,0.016889153133678305,0.002062211934011904,0.007702857650222859,7
midcap150,v1,2020-05-21,114,0.28561954671955525,0.0014475738252445192,0.005068188931291408,-0.0017422195046272737,-0.006099790874389728,8
midcap150,v1,2020-06-19,116,0.27857369116602937,0.002291534254330929,0.00822595358786117,0.002291534254330929,0.00822595358786117,8
midcap150,v1,2020-07-17,116,0.17976064860860397,0.012406243522496752,0.06901534689891492,-0.023932865060703246,-0.13313739823454185,8
midcap150,v1,2020-08-14,115,0.24808262505005907,0.00033847139214926436,0.0013643494464030534,-0.006589296076935369,-0.02656089307183748,8
midcap150,v1,2020-09-11,115,0.3679055190281532,0.004056151237461947,0.011024980674866033,-0.010562919538382953,-0.028710957004085193,8
midcap150,v1,2020-10-12,117,0.3104713189617336,0.00017603207756811123,0.0005669833791951895,-0.013800221365077192,-0.04444926317583012,7
midcap150,v1,2020-11-09,119,0.2304158952573102,0.0029186276510255738,0.01266678085626984,-0.03293946105707135,-0.14295654828972268,8
midcap150,v1,2020-12-08,118,0.280270747399991,0.004450545921726001,0.01587945214765622,0.004450545921726001,0.01587945214765622,8
midcap150,v1,2021-01-06,116,0.21677247828958118,0.002098438687543114,0.00968037411437378,-0.014875377660042322,-0.06862207683103876,9
midcap150,v1,2021-02-04,118,0.23620694430717887,0.005563070916488777,0.02355168233011049,0.005563070916488777,0.02355168233011049,8
midcap150,v1,2021-03-04,120,0.40748289492892453,0.006946839361403723,0.01704817416352024,0.006946839361403723,0.01704817416352024,8
midcap150,v1,2021-04-06,122,0.25150725166620364,0.006174071172853957,0.024548282930020978,0.006174071172853957,0.024548282930020978,8
midcap150,v1,2021-05-06,121,0.31666286100260665,0.005210956453370885,0.016455849722547634,-0.0052140969554335115,-0.016465767216669563,7
midcap150,v1,2021-06-04,120,0.2825037423082027,0.012815406695747988,0.04536367055189939,-0.047314732580107655,-0.16748356037170217,8
midcap150,v1,2021-07-02,120,0.20309003839420015,0.00010433188212732869,0.0005137223024440976,0.00010433188212732869,0.0005137223024440976,8
midcap150,v1,2021-08-02,121,0.21442533966854188,0.0015415245218267648,0.007189096793362432,-0.04432204402550788,-0.20670152181650162,8
midcap150,v1,2021-08-31,122,0.2553621629040319,0.010799711197471362,0.04229174390855242,-0.02792429997622048,-0.10935175226689617,8
midcap150,v1,2021-09-29,121,0.3561339850210991,0.005235922334294263,0.01470211368337695,-0.019265821912456293,-0.05409711716031508,8
midcap150,v1,2021-10-28,122,0.38948151373310796,0.0008543911831276896,0.0021936629929839514,-0.020845467003501872,-0.05352106908413173,8
midcap150,v1,2021-11-29,122,0.3903079498333625,0.01446571555410936,0.037062313386866275,-0.01659678937694753,-0.042522293957971746,8
midcap150,v1,2021-12-27,122,0.30911928494010565,0.0036200784573845457,0.011710943424594052,0.0036200784573845457,0.011710943424594052,8
midcap150,v1,2022-01-24,122,0.21523405003035362,0.00043890151522651966,0.0020391825325250493,-0.0061828824367388124,-0.028726321118182113,8
midcap150,v1,2022-02-22,122,0.2123583881184296,0.0064073960793319396,0.030172559398777388,-0.03991402945406464,-0.18795598237355748,8
midcap150,v1,2022-03-24,122,0.24032804002380126,0.016079529131525994,0.06690658788684638,-0.026413912732176303,-0.10990774413822191,8
midcap150,v1,2022-04-25,123,0.19995586966178813,0.002520942617910693,0.012607494954635227,0.002520942617910693,0.012607494954635227,8
midcap150,v1,2022-05-24,123,0.25245254871182254,0.001262522875216554,0.005001030418028135,-0.009317905383090297,-0.03690953183335373,8
midcap150,v1,2022-06-21,123,0.2350330250715778,0.01080740633729238,0.04598250111447552,0.01080740633729238,0.04598250111447552,8
midcap150,v1,2022-07-19,123,0.20713336384094505,0.004180980689761693,0.0201849697809775,-0.012999902613298309,-0.06276102686808466,7
midcap150,v1,2022-08-18,123,0.2811376286708299,0.003956394944545472,0.014072804708678175,0.0008420153830859256,0.0029950291146255614,7
midcap150,v1,2022-09-16,120,0.1861680238374201,0.0032392858435638106,0.01739979711227245,-0.018132329645894618,-0.09739765869636947,8
midcap150,v1,2022-10-17,123,0.1366571544666486,0.0035159872279044713,0.025728526557038427,-0.027718062164001855,-0.20282920621449418,7
midcap150,v1,2022-11-16,124,0.23995045795106945,0.0009870339029055542,0.00411349039019892,-0.03272054686480008,-0.13636376085380272,8
midcap150,v1,2022-12-14,126,0.29652530215603606,0.0009953396056859853,0.0033566768112160044,-0.0030904668283832093,-0.0104222702275739,8
midcap150,v1,2023-01-11,126,0.2993762733806795,0.001126853759619073,0.0037640048988992307,-0.01570282251786781,-0.0524517936593475,8
midcap150,v1,2023-02-09,126,0.3123990343540379,0.001655555904458872,0.005299491107205701,-0.0206538755764204,-0.06611376254452062,8
midcap150,v1,2023-03-10,127,0.251143050421755,0.0017678069018817189,0.007039043680137543,-0.027436816091491956,-0.10924776156623155,8
midcap150,v1,2023-04-12,127,0.40061908825936193,0.002166359328510503,0.005407528977021674,3.548218796667335e-06,8.856839078946254e-06,7
midcap150,v1,2023-05-12,126,0.2421011577907604,0.0025496839823935247,0.010531481987364668,-0.016763376603862512,-0.06924120791834673,7
midcap150,v1,2023-06-09,126,0.32831297584220126,0.0021062115442715967,0.006415255257178492,-0.006988168358236013,-0.021285081225649673,8
midcap150,v1,2023-07-10,126,0.43248620381096864,0.0003952962126961834,0.0009140088382309641,0.00024082532334113171,0.0005568393193101526,9
midcap150,v1,2023-08-07,127,0.3090810778216922,0.002470898209618988,0.00799433671913245,-0.017367361682966154,-0.05619031033981745,9
midcap150,v1,2023-09-05,128,0.1880278461172028,0.00924195655938731,0.04915206311317607,-0.016505270667772298,-0.08778099100004645,8
midcap150,v1,2023-10-05,127,0.22146481471227641,0.0002583697874189994,0.0011666403430931878,-0.0003213084936207755,-0.0014508331449319136,8
midcap150,v1,2023-11-03,128,0.23710999480203865,0.0007254694753947577,0.0030596326232491663,-0.018952755381624997,-0.07993233434739228,8
midcap150,v1,2023-12-04,129,0.2950908888846658,0.003841528183553433,0.013018118580593886,-0.033537109453373515,-0.11365010143190582,9
midcap150,v1,2024-01-02,127,0.2467338403973528,0.00562519442086018,0.022798633587517138,-0.023786034148094437,-0.09640361496334751,8
midcap150,v1,2024-01-31,122,0.29118797384679174,0.0007891364369548848,0.0027100584771062287,-0.003968186091528936,-0.013627575476783917,8
midcap150,v1,2024-02-28,126,0.20121029206099844,0.005387094467657949,0.02677345384511847,-0.0011472396833853704,-0.005701694836949871,9
midcap150,v1,2024-03-28,129,0.2949134450057429,0.00028218393748835613,0.0009568364625860348,-0.004377241420057021,-0.014842461387176776,8
midcap150,v1,2024-04-30,129,0.42625702134360144,0.00963624700415433,0.022606658709761522,-0.027270298360349665,-0.06397618571628726,9
midcap150,v1,2024-05-29,129,0.3889418198123061,0.006612876881583185,0.0170022264121004,-0.006612876881583185,-0.0170022264121004,8
midcap150,v1,2024-06-27,130,0.2750410879002516,0.00013949061145412944,0.0005071628116331408,-0.006126578069007627,-0.022275137565008235,8
midcap150,v1,2024-07-26,131,0.21925118206668703,0.0005436748173850425,0.002479689332847836,0.0022779985467801245,0.01038990314810368,7
midcap150,v1,2024-08-26,130,0.23109940402006346,0.0009014865962676533,0.003900860757691043,-0.018218264113105676,-0.07883302075293977,8
midcap150,v1,2024-09-23,131,0.3793847304463793,0.008090679459521688,0.021325790972141382,-0.023628035950476245,-0.0622798812242016,8
midcap150,v1,2024-10-22,132,0.23684255986516178,0.003731120682454403,0.0157535904213271,0.003731120682454403,0.0157535904213271,8
midcap150,v1,2024-11-21,132,0.40710757014796334,0.003715576903155937,0.009126769374014613,0.003715576903155937,0.009126769374014613,8
midcap150,v1,2024-12-19,132,0.37964779168111534,0.0015119843866883143,0.003982597607095535,-0.014442923995174661,-0.038042955369818075,9
midcap150,v1,2025-01-17,133,0.2480750811402015,0.0025100364139135634,0.010118051367259243,-0.023940512321637852,-0.09650510729091606,9
midcap150,v1,2025-02-13,133,0.23615496882589382,0.0027432782275288448,0.011616432384072924,-0.028408201284448653,-0.12029474300577903,8
midcap150,v1,2025-03-17,133,0.2365556542909667,0.006273570147078411,0.026520482741713855,-0.034566443250194756,-0.14612393583996752,8
midcap150,v1,2025-04-17,133,0.2378862468407078,0.005843885973937368,0.024565884121289794,0.005843885973937368,0.024565884121289794,8
midcap150,v1,2025-05-19,135,0.31526520073671993,0.0012454612572747603,0.003950519290947222,0.0012454612572747603,0.003950519290947222,8
midcap150,v1,2025-06-16,134,0.33064499042616635,0.0019932202983610203,0.006028279139484226,-0.01462203451903743,-0.04422276139793069,8
midcap150,v1,2025-07-14,135,0.3292645375441512,0.0020596701813386797,0.0062553659640996045,0.0020596701813386797,0.0062553659640996045,8
midcap150,v1,2025-08-11,135,0.3939097336107094,0.006428976793412811,0.016320939151420917,0.006428976793412811,0.016320939151420917,8
midcap150,v1,2025-09-10,136,0.2659864819880202,0.005216056312499107,0.019610230841483264,-0.013992801867516946,-0.052607191775058584,8
midcap150,v1,2025-10-09,137,0.4369358367699612,0.002066572881851636,0.004729694174615504,0.002066572881851636,0.004729694174615504,8
midcap150,v1,2025-11-10,138,0.33506538566719146,0.0001846091489066115,0.0005509645484239223,-0.0025457418038662416,-0.007597746328816061,8
midcap150,v1,2025-12-08,140,0.2025508332687958,0.002290948442411289,0.011310486387242248,-0.017595391825994677,-0.08686901723403255,7
midcap150,v1,2026-01-06,141,0.21881224457519854,0.0029260108877069424,0.013372244745203777,-0.015844703089540557,-0.07241232372667909,7
midcap150,v1,2026-02-04,142,0.3029517463890858,0.0014330668634886523,0.004730346930062392,-0.015702274873927058,-0.051830943577926676,8
midcap150,v1,2026-03-05,143,0.32872996658866316,0.0007381083471358352,0.0022453333196100845,-0.032577592806878775,-0.09910137838952426,8
midcap150,v1,2026-04-07,143,0.18303554921124765,0.0002754852204349678,0.0015050913422125492,0.0002754852204349678,0.0015050913422125492,8
midcap150,v1,2026-05-07,142,0.2544771725079541,0.0015458865506370323,0.006074755292986891,0.0015458865506370323,0.006074755292986891,8
midcap150,v2,2019-01-01,110,0.24731842803701243,0.0032710618319663487,0.013226114438495534,0.0032710618319663487,0.013226114438495534,8
midcap150,v2,2019-01-29,110,0.1907976654985548,0.005373984076219918,0.028165879609573223,-0.006523114442505862,-0.034188649140234215,9
midcap150,v2,2019-02-26,110,0.32630763003348817,0.003477263466184377,0.010656396437397169,0.003477263466184377,0.010656396437397169,8
midcap150,v2,2019-03-28,110,0.22811912184326533,0.001819993515655982,0.00797825934516113,-0.008253930308896651,-0.03618254463809356,11
midcap150,v2,2019-04-30,111,0.2539281515340691,0.00418214995001609,0.01646981606706564,-0.006073619135570141,-0.023918652181246055,11
midcap150,v2,2019-05-29,111,0.2879412124459935,0.005372223653508645,0.01865736275774092,0.004039791495116685,0.014029917637699714,10
midcap150,v2,2019-06-27,111,0.342307030406707,0.002595548931580871,0.0075825171586368185,-0.005051829687392595,-0.01475818268000613,9
midcap150,v2,2019-07-25,111,0.2539510816646405,0.002472989213350596,0.009738053475260819,-0.015212429722524345,-0.05990299242990973,9
midcap150,v2,2019-08-26,111,0.2743237839009629,0.007793484617724111,0.028409802850115743,-0.006060940696732353,-0.02209411306064694,9
midcap150,v2,2019-09-25,111,0.4483585185492618,0.002569049629401965,0.005729900343400523,0.002569049629401965,0.005729900343400523,8
midcap150,v2,2019-10-27,111,0.26576565546508757,0.0018355311758192494,0.006906577799178325,0.0018355311758192494,0.006906577799178325,8
midcap150,v2,2019-11-26,112,0.2372687379511657,0.0032357362105210896,0.013637431709132553,0.0032357362105210896,0.013637431709132553,8
midcap150,v2,2019-12-24,112,0.22773682999654588,0.0003474839676571584,0.0015258136668646382,-0.01368479437082959,-0.060090387536513745,9
midcap150,v2,2020-01-22,111,0.22483547656664732,0.0009379342014063097,0.0041716468225079266,0.00373795248103459,0.016625278795477632,9
midcap150,v2,2020-02-18,113,0.3593057405990795,0.001513839006770823,0.004213233566062043,-0.005590462657996009,-0.015559068576736041,10
midcap150,v2,2020-03-19,111,0.3063719624378066,0.0028558702659748914,0.009321578395263997,-0.0018640576769156647,-0.00608429590646392,9
midcap150,v2,2020-04-22,111,0.2677203743927736,0.004521570400125241,0.016889153133678305,0.004521570400125241,0.016889153133678305,8
midcap150,v2,2020-05-21,114,0.28561954671955525,0.0014475738252445192,0.005068188931291408,0.004524327727755573,0.015840399509484307,9
midcap150,v2,2020-06-19,116,0.27857369116602937,0.002291534254330929,0.00822595358786117,0.002291534254330929,0.00822595358786117,8
midcap150,v2,2020-07-17,116,0.17976064860860397,0.012406243522496752,0.06901534689891492,-0.011526621538206494,-0.06412205133562691,9
midcap150,v2,2020-08-14,115,0.24808262505005907,0.00033847139214926436,0.0013643494464030534,-0.006250824684786105,-0.02519654362543443,9
midcap150,v2,2020-09-11,115,0.3679055190281532,0.004056151237461947,0.011024980674866033,-0.0065067683009210064,-0.017685976329219158,9
midcap150,v2,2020-10-12,117,0.3104713189617336,0.00017603207756811123,0.0005669833791951895,0.003991640371847294,0.01285671212785769,9
midcap150,v2,2020-11-09,119,0.2304158952573102,0.0029186276510255738,0.01266678085626984,-0.008543651844196809,-0.03707926414823047,12
midcap150,v2,2020-12-08,118,0.280270747399991,0.004450545921726001,0.01587945214765622,0.004450545921726001,0.01587945214765622,8
midcap150,v2,2021-01-06,116,0.21677247828958118,0.002098438687543114,0.00968037411437378,-0.012776938972499208,-0.05894170271666498,10
midcap150,v2,2021-02-04,118,0.23620694430717887,0.005563070916488777,0.02355168233011049,0.005563070916488777,0.02355168233011049,8
midcap150,v2,2021-03-04,120,0.40748289492892453,0.006946839361403723,0.01704817416352024,0.006946839361403723,0.01704817416352024,8
midcap150,v2,2021-04-06,122,0.25150725166620364,0.006174071172853957,0.024548282930020978,0.006174071172853957,0.024548282930020978,8
midcap150,v2,2021-05-06,121,0.31666286100260665,0.005210956453370885,0.016455849722547634,0.005210956453370885,0.016455849722547634,8
midcap150,v2,2021-06-04,120,0.2825037423082027,0.012815406695747988,0.04536367055189939,-0.021275550771447604,-0.07531068649786822,11
midcap150,v2,2021-07-02,120,0.20309003839420015,0.00010433188212732869,0.0005137223024440976,0.00010433188212732869,0.0005137223024440976,8
midcap150,v2,2021-08-02,121,0.21442533966854188,0.0015415245218267648,0.007189096793362432,-0.007715582005396682,-0.03598260362941902,11
midcap150,v2,2021-08-31,122,0.2553621629040319,0.010799711197471362,0.04229174390855242,-0.012229322034626455,-0.047890109856339125,10
midcap150,v2,2021-09-29,121,0.3561339850210991,0.005235922334294263,0.01470211368337695,-0.011890495795501832,-0.03338770321174875,11
midcap150,v2,2021-10-28,122,0.38948151373310796,0.0008543911831276896,0.0021936629929839514,-0.012930487084646614,-0.033199231872933575,11
midcap150,v2,2021-11-29,122,0.3903079498333625,0.01446571555410936,0.037062313386866275,-0.00213107382283817,-0.005459980571105476,9
midcap150,v2,2021-12-27,122,0.30911928494010565,0.0036200784573845457,0.011710943424594052,0.0036200784573845457,0.011710943424594052,8
midcap150,v2,2022-01-24,122,0.21523405003035362,0.00043890151522651966,0.0020391825325250493,-0.005743980921512293,-0.026687138585657064,9
midcap150,v2,2022-02-22,122,0.2123583881184296,0.0064073960793319396,0.030172559398777388,-0.009835700790437496,-0.04631651651524238,10
midcap150,v2,2022-03-24,122,0.24032804002380126,0.016079529131525994,0.06690658788684638,-0.009461618881965062,-0.039369600322242945,10
midcap150,v2,2022-04-25,123,0.19995586966178813,0.002520942617910693,0.012607494954635227,0.002520942617910693,0.012607494954635227,8
midcap150,v2,2022-05-24,123,0.25245254871182254,0.001262522875216554,0.005001030418028135,0.009314777756040948,0.03689714286336587,9
midcap150,v2,2022-06-21,123,0.2350330250715778,0.01080740633729238,0.04598250111447552,0.01080740633729238,0.04598250111447552,8
midcap150,v2,2022-07-19,123,0.20713336384094505,0.004180980689761693,0.0201849697809775,-0.006193832581053327,-0.029902631165732857,9
midcap150,v2,2022-08-18,123,0.2811376286708299,0.003956394944545472,0.014072804708678175,0.003956394944545472,0.014072804708678175,8
midcap150,v2,2022-09-16,120,0.1861680238374201,0.0032392858435638106,0.01739979711227245,-0.011164075483244607,-0.059967739105369434,11
midcap150,v2,2022-10-17,123,0.1366571544666486,0.0035159872279044713,0.025728526557038427,-0.008434943405809747,-0.06172339412985734,11
midcap150,v2,2022-11-16,124,0.23995045795106945,0.0009870339029055542,0.00411349039019892,-0.022141599426132363,-0.09227571230827768,10
midcap150,v2,2022-12-14,126,0.29652530215603606,0.0009953396056859853,0.0033566768112160044,-0.010870105321020063,-0.0366582724711298,10
midcap150,v2,2023-01-11,126,0.2993762733806795,0.001126853759619073,0.0037640048988992307,-0.002329602186202262,-0.007781519089323412,9
midcap150,v2,2023-02-09,126,0.3123990343540379,0.001655555904458872,0.005299491107205701,-0.012017448067944914,-0.03846826253094525,10
midcap150,v2,2023-03-10,127,0.251143050421755,0.0017678069018817189,0.007039043680137543,-0.018622052695469793,-0.07414918574970322,10
midcap150,v2,2023-04-12,127,0.40061908825936193,0.002166359328510503,0.005407528977021674,-0.00604594761961641,-0.015091511604914457,9
midcap150,v2,2023-05-12,126,0.2421011577907604,0.0025496839823935247,0.010531481987364668,-0.0028865533280134636,-0.01192292244429583,10
midcap150,v2,2023-06-09,126,0.32831297584220126,0.0021062115442715967,0.006415255257178492,-0.013301574869952093,-0.040514922798376686,10
midcap150,v2,2023-07-10,126,0.43248620381096864,0.0003952962126961834,0.0009140088382309641,-0.0027611343827372847,-0.006384329392259928,10
midcap150,v2,2023-08-07,127,0.3090810778216922,0.002470898209618988,0.00799433671913245,-0.014896463473347166,-0.048195973620685006,10
midcap150,v2,2023-09-05,128,0.1880278461172028,0.00924195655938731,0.04915206311317607,-0.002359760589621618,-0.012550059144700917,10
midcap150,v2,2023-10-05,127,0.22146481471227641,0.0002583697874189994,0.0011666403430931878,-6.29387062017761e-05,-0.00028419280183872585,9
midcap150,v2,2023-11-03,128,0.23710999480203865,0.0007254694753947577,0.0030596326232491663,-0.009003010484252671,-0.03796976374517328,10
midcap150,v2,2023-12-04,129,0.2950908888846658,0.003841528183553433,0.013018118580593886,-0.02969558126982008,-0.10063198285131193,10
midcap150,v2,2024-01-02,127,0.2467338403973528,0.00562519442086018,0.022798633587517138,-0.023786034148094437,-0.09640361496334751,9
midcap150,v2,2024-01-31,122,0.29118797384679174,0.0007891364369548848,0.0027100584771062287,-0.014748832739801654,-0.050650555876190606,10
midcap150,v2,2024-02-28,126,0.20121029206099844,0.005387094467657949,0.02677345384511847,-0.0014639834634249116,-0.007275887572297216,10
midcap150,v2,2024-03-28,129,0.2949134450057429,0.00028218393748835613,0.0009568364625860348,-0.004095057482568665,-0.013885624924590742,9
midcap150,v2,2024-04-30,129,0.42625702134360144,0.00963624700415433,0.022606658709761522,-0.0029791460329728903,-0.006989083777628688,10
midcap150,v2,2024-05-29,129,0.3889418198123061,0.006612876881583185,0.0170022264121004,0.0018684073672530221,0.004803822248156987,9
midcap150,v2,2024-06-27,130,0.2750410879002516,0.00013949061145412944,0.0005071628116331408,-0.005383282273840773,-0.019572647544911954,9
midcap150,v2,2024-07-26,131,0.21925118206668703,0.0005436748173850425,0.002479689332847836,0.0005436748173850425,0.002479689332847836,8
midcap150,v2,2024-08-26,130,0.23109940402006346,0.0009014865962676533,0.003900860757691043,-0.017316777516838022,-0.07493215999524873,9
midcap150,v2,2024-09-23,131,0.3793847304463793,0.008090679459521688,0.021325790972141382,-0.015537356490954557,-0.04095409025206022,9
midcap150,v2,2024-10-22,132,0.23684255986516178,0.003731120682454403,0.0157535904213271,0.003731120682454403,0.0157535904213271,8
midcap150,v2,2024-11-21,132,0.40710757014796334,0.003715576903155937,0.009126769374014613,0.003715576903155937,0.009126769374014613,8
midcap150,v2,2024-12-19,132,0.37964779168111534,0.0015119843866883143,0.003982597607095535,-0.012930939608486347,-0.034060357762722544,10
midcap150,v2,2025-01-17,133,0.2480750811402015,0.0025100364139135634,0.010118051367259243,-0.007276232543334649,-0.029330767563963554,11
midcap150,v2,2025-02-13,133,0.23615496882589382,0.0027432782275288448,0.011616432384072924,-0.02021166041785527,-0.08558642876896821,10
midcap150,v2,2025-03-17,133,0.2365556542909667,0.006273570147078411,0.026520482741713855,-0.0243762349580261,-0.10304651153272792,9
midcap150,v2,2025-04-17,133,0.2378862468407078,0.005843885973937368,0.024565884121289794,0.005843885973937368,0.024565884121289794,8
midcap150,v2,2025-05-19,135,0.31526520073671993,0.0012454612572747603,0.003950519290947222,0.0012454612572747603,0.003950519290947222,8
midcap150,v2,2025-06-16,134,0.33064499042616635,0.0019932202983610203,0.006028279139484226,-0.01262881422067641,-0.03819448225844646,9
midcap150,v2,2025-07-14,135,0.3292645375441512,0.0020596701813386797,0.0062553659640996045,0.0020596701813386797,0.0062553659640996045,8
midcap150,v2,2025-08-11,135,0.3939097336107094,0.006428976793412811,0.016320939151420917,0.006428976793412811,0.016320939151420917,8
midcap150,v2,2025-09-10,136,0.2659864819880202,0.005216056312499107,0.019610230841483264,-0.00877674555501784,-0.03299696093357533,9
midcap150,v2,2025-10-09,137,0.4369358367699612,0.002066572881851636,0.004729694174615504,0.002066572881851636,0.004729694174615504,8
midcap150,v2,2025-11-10,138,0.33506538566719146,0.0001846091489066115,0.0005509645484239223,0.002264164553618553,0.006757381246976872,9
midcap150,v2,2025-12-08,140,0.2025508332687958,0.002290948442411289,0.011310486387242248,-0.006360793407868326,-0.031403442312316794,10
midcap150,v2,2026-01-06,141,0.21881224457519854,0.0029260108877069424,0.013372244745203777,-0.00738965469106545,-0.03377166897314958,9
midcap150,v2,2026-02-04,142,0.3029517463890858,0.0014330668634886523,0.004730346930062392,-0.014269208010438406,-0.047100596647864285,9
midcap150,v2,2026-03-05,143,0.32872996658866316,0.0007381083471358352,0.0022453333196100845,-0.013813521020046404,-0.04202087556359332,9
midcap150,v2,2026-04-07,143,0.18303554921124765,0.0002754852204349678,0.0015050913422125492,0.0002754852204349678,0.0015050913422125492,8
midcap150,v2,2026-05-07,142,0.2544771725079541,0.0015458865506370323,0.006074755292986891,0.0015458865506370323,0.006074755292986891,8
midcap150,v3,2019-01-01,110,0.24731842803701243,0.0032710618319663487,0.013226114438495534,0.0032710618319663487,0.013226114438495534,8
midcap150,v3,2019-01-29,110,0.1907976654985548,0.005373984076219918,0.028165879609573223,-0.01189709851872578,-0.06235452874980744,8
midcap150,v3,2019-02-26,110,0.32630763003348817,0.003477263466184377,0.010656396437397169,0.00010915133655287068,0.00033450439556583075,7
midcap150,v3,2019-03-28,110,0.22811912184326533,0.001819993515655982,0.00797825934516113,-0.021016848131777066,-0.09213102330902884,7
midcap150,v3,2019-04-30,111,0.2539281515340691,0.00418214995001609,0.01646981606706564,-0.011186251738654618,-0.044052822308493736,7
midcap150,v3,2019-05-29,111,0.2879412124459935,0.005372223653508645,0.01865736275774092,-0.00573634257725486,-0.019921922702644635,8
midcap150,v3,2019-06-27,111,0.342307030406707,0.002595548931580871,0.0075825171586368185,-0.012263315564912336,-0.03582548553075834,8
midcap150,v3,2019-07-25,111,0.2539510816646405,0.002472989213350596,0.009738053475260819,-0.0283387929958292,-0.1115915427887505,7
midcap150,v3,2019-08-26,111,0.2743237839009629,0.007793484617724111,0.028409802850115743,-0.013854425314456464,-0.050503915910762684,8
midcap150,v3,2019-09-25,111,0.4483585185492618,0.002569049629401965,0.005729900343400523,0.002569049629401965,0.005729900343400523,8
midcap150,v3,2019-10-27,111,0.26576565546508757,0.0018355311758192494,0.006906577799178325,0.0018355311758192494,0.006906577799178325,8
midcap150,v3,2019-11-26,112,0.2372687379511657,0.0032357362105210896,0.013637431709132553,0.0032357362105210896,0.013637431709132553,8
midcap150,v3,2019-12-24,112,0.22773682999654588,0.0003474839676571584,0.0015258136668646382,-0.014032278338486748,-0.06161620120337838,8
midcap150,v3,2020-01-22,111,0.22483547656664732,0.0009379342014063097,0.0041716468225079266,-0.00916762385073211,-0.04077481005545216,8
midcap150,v3,2020-02-18,113,0.3593057405990795,0.001513839006770823,0.004213233566062043,-0.007360976511847306,-0.02048666547763519,8
midcap150,v3,2020-03-19,111,0.3063719624378066,0.0028558702659748914,0.009321578395263997,-0.005167182077643773,-0.016865714592577016,8
midcap150,v3,2020-04-22,111,0.2677203743927736,0.004521570400125241,0.016889153133678305,0.004521570400125241,0.016889153133678305,8
midcap150,v3,2020-05-21,114,0.28561954671955525,0.0014475738252445192,0.005068188931291408,-0.0014475738252445192,-0.005068188931291408,8
midcap150,v3,2020-06-19,116,0.27857369116602937,0.002291534254330929,0.00822595358786117,0.002291534254330929,0.00822595358786117,8
midcap150,v3,2020-07-17,116,0.17976064860860397,0.012406243522496752,0.06901534689891492,-0.023932865060703246,-0.13313739823454185,8
midcap150,v3,2020-08-14,115,0.24808262505005907,0.00033847139214926436,0.0013643494464030534,-0.009066496158692816,-0.036546276293486266,8
midcap150,v3,2020-09-11,115,0.3679055190281532,0.004056151237461947,0.011024980674866033,-0.010562919538382953,-0.028710957004085193,8
midcap150,v3,2020-10-12,117,0.3104713189617336,0.00017603207756811123,0.0005669833791951895,0.003991640371847294,0.01285671212785769,9
midcap150,v3,2020-11-09,119,0.2304158952573102,0.0029186276510255738,0.01266678085626984,-0.03293946105707135,-0.14295654828972268,8
midcap150,v3,2020-12-08,118,0.280270747399991,0.004450545921726001,0.01587945214765622,-0.005652516399150875,-0.02016805696487416,7
midcap150,v3,2021-01-06,116,0.21677247828958118,0.002098438687543114,0.00968037411437378,-0.015419509123392627,-0.07113222695546283,8
midcap150,v3,2021-02-04,118,0.23620694430717887,0.005563070916488777,0.02355168233011049,0.0004481762841461734,0.0018973882646029906,7
midcap150,v3,2021-03-04,120,0.40748289492892453,0.006946839361403723,0.01704817416352024,0.006946839361403723,0.01704817416352024,8
midcap150,v3,2021-04-06,122,0.25150725166620364,0.006174071172853957,0.024548282930020978,0.006174071172853957,0.024548282930020978,8
midcap150,v3,2021-05-06,121,0.31666286100260665,0.005210956453370885,0.016455849722547634,0.005210956453370885,0.016455849722547634,8
midcap150,v3,2021-06-04,120,0.2825037423082027,0.012815406695747988,0.04536367055189939,-0.05815042610504462,-0.2058394895229541,8
midcap150,v3,2021-07-02,120,0.20309003839420015,0.00010433188212732869,0.0005137223024440976,0.003177477930131789,0.015645661181885578,7
midcap150,v3,2021-08-02,121,0.21442533966854188,0.0015415245218267648,0.007189096793362432,-0.05086666733510781,-0.23722320978358885,7
midcap150,v3,2021-08-31,122,0.2553621629040319,0.010799711197471362,0.04229174390855242,-0.02972629348664313,-0.11640837134440554,7
midcap150,v3,2021-09-29,121,0.3561339850210991,0.005235922334294263,0.01470211368337695,-0.017620920538777396,-0.04947834601556896,8
midcap150,v3,2021-10-28,122,0.38948151373310796,0.0008543911831276896,0.0021936629929839514,-0.012975950347854592,-0.0333159595265062,8
midcap150,v3,2021-11-29,122,0.3903079498333625,0.01446571555410936,0.037062313386866275,-0.01659678937694753,-0.042522293957971746,8
midcap150,v3,2021-12-27,122,0.30911928494010565,0.0036200784573845457,0.011710943424594052,0.0036200784573845457,0.011710943424594052,8
midcap150,v3,2022-01-24,122,0.21523405003035362,0.00043890151522651966,0.0020391825325250493,-0.0061828824367388124,-0.028726321118182113,8
midcap150,v3,2022-02-22,122,0.2123583881184296,0.0064073960793319396,0.030172559398777388,-0.03292585123260505,-0.15504850796966269,8
midcap150,v3,2022-03-24,122,0.24032804002380126,0.016079529131525994,0.06690658788684638,-0.026413912732176303,-0.10990774413822191,8
midcap150,v3,2022-04-25,123,0.19995586966178813,0.002520942617910693,0.012607494954635227,0.0028195994069437624,0.01410110846814812,7
midcap150,v3,2022-05-24,123,0.25245254871182254,0.001262522875216554,0.005001030418028135,-0.009764377791093626,-0.03867807174424598,7
midcap150,v3,2022-06-21,123,0.2350330250715778,0.01080740633729238,0.04598250111447552,0.01080740633729238,0.04598250111447552,8
midcap150,v3,2022-07-19,123,0.20713336384094505,0.004180980689761693,0.0201849697809775,-0.01037481327081502,-0.05008760094671035,8
midcap150,v3,2022-08-18,123,0.2811376286708299,0.003956394944545472,0.014072804708678175,0.003956394944545472,0.014072804708678175,8
midcap150,v3,2022-09-16,120,0.1861680238374201,0.0032392858435638106,0.01739979711227245,-0.019976622161560487,-0.10730426068767858,8
midcap150,v3,2022-10-17,123,0.1366571544666486,0.0035159872279044713,0.025728526557038427,-0.009262991532597353,-0.06778270459932634,9
midcap150,v3,2022-11-16,124,0.23995045795106945,0.0009870339029055542,0.00411349039019892,-0.03272054686480008,-0.13636376085380272,8
midcap150,v3,2022-12-14,126,0.29652530215603606,0.0009953396056859853,0.0033566768112160044,-0.0030904668283832093,-0.0104222702275739,8
midcap150,v3,2023-01-11,126,0.2993762733806795,0.001126853759619073,0.0037640048988992307,-0.003456455945821335,-0.011545523988222643,8
midcap150,v3,2023-02-09,126,0.3123990343540379,0.001655555904458872,0.005299491107205701,-0.012979878530648858,-0.041549035378703914,8
midcap150,v3,2023-03-10,127,0.251143050421755,0.0017678069018817189,0.007039043680137543,-0.02641561766965206,-0.10518155937538869,8
midcap150,v3,2023-04-12,127,0.40061908825936193,0.002166359328510503,0.005407528977021674,0.002166359328510503,0.005407528977021674,8
midcap150,v3,2023-05-12,126,0.2421011577907604,0.0025496839823935247,0.010531481987364668,-0.009042242706300607,-0.03734902711252419,9
midcap150,v3,2023-06-09,126,0.32831297584220126,0.0021062115442715967,0.006415255257178492,-0.030520983828315584,-0.09296307509632223,8
midcap150,v3,2023-07-10,126,0.43248620381096864,0.0003952962126961834,0.0009140088382309641,-0.048351439398630625,-0.11179880184054172,6
midcap150,v3,2023-08-07,127,0.3090810778216922,0.002470898209618988,0.00799433671913245,-0.052270964755283145,-0.16911732391925358,6
midcap150,v3,2023-09-05,128,0.1880278461172028,0.00924195655938731,0.04915206311317607,0.000960134333647833,0.005106341180174746,6
midcap150,v3,2023-10-05,127,0.22146481471227641,0.0002583697874189994,0.0011666403430931878,-0.004992852887418131,-0.022544677780552937,7
midcap150,v3,2023-11-03,128,0.23710999480203865,0.0007254694753947577,0.0030596326232491663,-0.030507629215861476,-0.12866445904708515,6
midcap150,v3,2023-12-04,129,0.2950908888846658,0.003841528183553433,0.013018118580593886,-0.05343402035489708,-0.18107648310274127,6
midcap150,v3,2024-01-02,127,0.2467338403973528,0.00562519442086018,0.022798633587517138,-0.023786034148094437,-0.09640361496334751,7
midcap150,v3,2024-01-31,122,0.29118797384679174,0.0007891364369548848,0.0027100584771062287,0.0007891364369548848,0.0027100584771062287,8
midcap150,v3,2024-02-28,126,0.20121029206099844,0.005387094467657949,0.02677345384511847,0.0012162203244554526,0.006044523428685974,7
midcap150,v3,2024-03-28,129,0.2949134450057429,0.00028218393748835613,0.0009568364625860348,-0.004377241420057021,-0.014842461387176776,8
midcap150,v3,2024-04-30,129,0.42625702134360144,0.00963624700415433,0.022606658709761522,-0.02169957109407772,-0.050907246115685485,8
midcap150,v3,2024-05-29,129,0.3889418198123061,0.006612876881583185,0.0170022264121004,-0.006612876881583185,-0.0170022264121004,8
midcap150,v3,2024-06-27,130,0.2750410879002516,0.00013949061145412944,0.0005071628116331408,-0.005522772885294902,-0.020079810356545096,8
midcap150,v3,2024-07-26,131,0.21925118206668703,0.0005436748173850425,0.002479689332847836,0.0005436748173850425,0.002479689332847836,8
midcap150,v3,2024-08-26,130,0.23109940402006346,0.0009014865962676533,0.003900860757691043,-0.031337243239052626,-0.13560070988470402,7
midcap150,v3,2024-09-23,131,0.3793847304463793,0.008090679459521688,0.021325790972141382,-0.023628035950476245,-0.0622798812242016,8
midcap150,v3,2024-10-22,132,0.23684255986516178,0.003731120682454403,0.0157535904213271,0.005442617077631606,0.022979894663907426,7
midcap150,v3,2024-11-21,132,0.40710757014796334,0.003715576903155937,0.009126769374014613,0.003715576903155937,0.009126769374014613,8
midcap150,v3,2024-12-19,132,0.37964779168111534,0.0015119843866883143,0.003982597607095535,-0.01715628361932886,-0.045189999771523125,7
midcap150,v3,2025-01-17,133,0.2480750811402015,0.0025100364139135634,0.010118051367259243,-0.02138040012867992,-0.08618519857138182,7
midcap150,v3,2025-02-13,133,0.23615496882589382,0.0027432782275288448,0.011616432384072924,-0.028408201284448653,-0.12029474300577903,7
midcap150,v3,2025-03-17,133,0.2365556542909667,0.006273570147078411,0.026520482741713855,-0.03064980510510451,-0.12956699427444177,8
midcap150,v3,2025-04-17,133,0.2378862468407078,0.005843885973937368,0.024565884121289794,0.010472250407820405,0.04402209268883367,7
midcap150,v3,2025-05-19,135,0.31526520073671993,0.0012454612572747603,0.003950519290947222,0.0012454612572747603,0.003950519290947222,8
midcap150,v3,2025-06-16,134,0.33064499042616635,0.0019932202983610203,0.006028279139484226,-0.01462203451903743,-0.04422276139793069,8
midcap150,v3,2025-07-14,135,0.3292645375441512,0.0020596701813386797,0.0062553659640996045,0.0020596701813386797,0.0062553659640996045,8
midcap150,v3,2025-08-11,135,0.3939097336107094,0.006428976793412811,0.016320939151420917,0.006428976793412811,0.016320939151420917,8
midcap150,v3,2025-09-10,136,0.2659864819880202,0.005216056312499107,0.019610230841483264,-0.02529114108962005,-0.09508430992654408,7
midcap150,v3,2025-10-09,137,0.4369358367699612,0.002066572881851636,0.004729694174615504,0.002066572881851636,0.004729694174615504,8
midcap150,v3,2025-11-10,138,0.33506538566719146,0.0001846091489066115,0.0005509645484239223,-0.004115830700272993,-0.012283664252806768,7
midcap150,v3,2025-12-08,140,0.2025508332687958,0.002290948442411289,0.011310486387242248,-0.008651741850279615,-0.04271392869955904,8
midcap150,v3,2026-01-06,141,0.21881224457519854,0.0029260108877069424,0.013372244745203777,-0.010315665578772393,-0.04714391371835336,8
midcap150,v3,2026-02-04,142,0.3029517463890858,0.0014330668634886523,0.004730346930062392,-0.020769863277560363,-0.06855832166382463,7
midcap150,v3,2026-03-05,143,0.32872996658866316,0.0007381083471358352,0.0022453333196100845,-0.044832527671450184,-0.1363810185505501,8
midcap150,v3,2026-04-07,143,0.18303554921124765,0.0002754852204349678,0.0015050913422125492,0.0002754852204349678,0.0015050913422125492,8
midcap150,v3,2026-05-07,142,0.2544771725079541,0.0015458865506370323,0.006074755292986891,0.0015458865506370323,0.006074755292986891,8
midcap150,v4,2019-01-01,110,0.24731842803701243,0.0032710618319663487,0.013226114438495534,0.0032710618319663487,0.013226114438495534,8
midcap150,v4,2019-01-29,110,0.1907976654985548,0.005373984076219918,0.028165879609573223,-0.006523114442505862,-0.034188649140234215,9
midcap150,v4,2019-02-26,110,0.32630763003348817,0.003477263466184377,0.010656396437397169,0.003477263466184377,0.010656396437397169,8
midcap150,v4,2019-03-28,110,0.22811912184326533,0.001819993515655982,0.00797825934516113,-0.008253930308896651,-0.03618254463809356,11
midcap150,v4,2019-04-30,111,0.2539281515340691,0.00418214995001609,0.01646981606706564,-0.006073619135570141,-0.023918652181246055,11
midcap150,v4,2019-05-29,111,0.2879412124459935,0.005372223653508645,0.01865736275774092,0.004039791495116685,0.014029917637699714,10
midcap150,v4,2019-06-27,111,0.342307030406707,0.002595548931580871,0.0075825171586368185,-0.005051829687392595,-0.01475818268000613,9
midcap150,v4,2019-07-25,111,0.2539510816646405,0.002472989213350596,0.009738053475260819,-0.015212429722524345,-0.05990299242990973,9
midcap150,v4,2019-08-26,111,0.2743237839009629,0.007793484617724111,0.028409802850115743,-0.006060940696732353,-0.02209411306064694,9
midcap150,v4,2019-09-25,111,0.4483585185492618,0.002569049629401965,0.005729900343400523,0.002569049629401965,0.005729900343400523,8
midcap150,v4,2019-10-27,111,0.26576565546508757,0.0018355311758192494,0.006906577799178325,0.0018355311758192494,0.006906577799178325,8
midcap150,v4,2019-11-26,112,0.2372687379511657,0.0032357362105210896,0.013637431709132553,0.0032357362105210896,0.013637431709132553,8
midcap150,v4,2019-12-24,112,0.22773682999654588,0.0003474839676571584,0.0015258136668646382,-0.01368479437082959,-0.060090387536513745,9
midcap150,v4,2020-01-22,111,0.22483547656664732,0.0009379342014063097,0.0041716468225079266,0.00373795248103459,0.016625278795477632,9
midcap150,v4,2020-02-18,113,0.3593057405990795,0.001513839006770823,0.004213233566062043,-0.005590462657996009,-0.015559068576736041,10
midcap150,v4,2020-03-19,111,0.3063719624378066,0.0028558702659748914,0.009321578395263997,-0.0018640576769156647,-0.00608429590646392,9
midcap150,v4,2020-04-22,111,0.2677203743927736,0.004521570400125241,0.016889153133678305,0.004521570400125241,0.016889153133678305,8
midcap150,v4,2020-05-21,114,0.28561954671955525,0.0014475738252445192,0.005068188931291408,0.004524327727755573,0.015840399509484307,9
midcap150,v4,2020-06-19,116,0.27857369116602937,0.002291534254330929,0.00822595358786117,0.002291534254330929,0.00822595358786117,8
midcap150,v4,2020-07-17,116,0.17976064860860397,0.012406243522496752,0.06901534689891492,-0.011526621538206494,-0.06412205133562691,9
midcap150,v4,2020-08-14,115,0.24808262505005907,0.00033847139214926436,0.0013643494464030534,-0.006250824684786105,-0.02519654362543443,9
midcap150,v4,2020-09-11,115,0.3679055190281532,0.004056151237461947,0.011024980674866033,-0.0065067683009210064,-0.017685976329219158,9
midcap150,v4,2020-10-12,117,0.3104713189617336,0.00017603207756811123,0.0005669833791951895,0.003991640371847294,0.01285671212785769,9
midcap150,v4,2020-11-09,119,0.2304158952573102,0.0029186276510255738,0.01266678085626984,-0.008543651844196809,-0.03707926414823047,12
midcap150,v4,2020-12-08,118,0.280270747399991,0.004450545921726001,0.01587945214765622,0.004450545921726001,0.01587945214765622,8
midcap150,v4,2021-01-06,116,0.21677247828958118,0.002098438687543114,0.00968037411437378,-0.014875377660042322,-0.06862207683103876,9
midcap150,v4,2021-02-04,118,0.23620694430717887,0.005563070916488777,0.02355168233011049,0.005563070916488777,0.02355168233011049,8
midcap150,v4,2021-03-04,120,0.40748289492892453,0.006946839361403723,0.01704817416352024,0.006946839361403723,0.01704817416352024,8
midcap150,v4,2021-04-06,122,0.25150725166620364,0.006174071172853957,0.024548282930020978,0.006174071172853957,0.024548282930020978,8
midcap150,v4,2021-05-06,121,0.31666286100260665,0.005210956453370885,0.016455849722547634,0.005210956453370885,0.016455849722547634,8
midcap150,v4,2021-06-04,120,0.2825037423082027,0.012815406695747988,0.04536367055189939,-0.021275550771447604,-0.07531068649786822,11
midcap150,v4,2021-07-02,120,0.20309003839420015,0.00010433188212732869,0.0005137223024440976,0.00010433188212732869,0.0005137223024440976,8
midcap150,v4,2021-08-02,121,0.21442533966854188,0.0015415245218267648,0.007189096793362432,-0.007715582005396682,-0.03598260362941902,11
midcap150,v4,2021-08-31,122,0.2553621629040319,0.010799711197471362,0.04229174390855242,-0.012229322034626455,-0.047890109856339125,10
midcap150,v4,2021-09-29,121,0.3561339850210991,0.005235922334294263,0.01470211368337695,-0.011890495795501832,-0.03338770321174875,11
midcap150,v4,2021-10-28,122,0.38948151373310796,0.0008543911831276896,0.0021936629929839514,-0.012930487084646614,-0.033199231872933575,11
midcap150,v4,2021-11-29,122,0.3903079498333625,0.01446571555410936,0.037062313386866275,-0.00213107382283817,-0.005459980571105476,9
midcap150,v4,2021-12-27,122,0.30911928494010565,0.0036200784573845457,0.011710943424594052,0.0036200784573845457,0.011710943424594052,8
midcap150,v4,2022-01-24,122,0.21523405003035362,0.00043890151522651966,0.0020391825325250493,-0.005743980921512293,-0.026687138585657064,9
midcap150,v4,2022-02-22,122,0.2123583881184296,0.0064073960793319396,0.030172559398777388,-0.009835700790437496,-0.04631651651524238,10
midcap150,v4,2022-03-24,122,0.24032804002380126,0.016079529131525994,0.06690658788684638,-0.009461618881965062,-0.039369600322242945,10
midcap150,v4,2022-04-25,123,0.19995586966178813,0.002520942617910693,0.012607494954635227,0.002520942617910693,0.012607494954635227,8
midcap150,v4,2022-05-24,123,0.25245254871182254,0.001262522875216554,0.005001030418028135,0.009314777756040948,0.03689714286336587,9
midcap150,v4,2022-06-21,123,0.2350330250715778,0.01080740633729238,0.04598250111447552,0.01080740633729238,0.04598250111447552,8
midcap150,v4,2022-07-19,123,0.20713336384094505,0.004180980689761693,0.0201849697809775,-0.006193832581053327,-0.029902631165732857,9
midcap150,v4,2022-08-18,123,0.2811376286708299,0.003956394944545472,0.014072804708678175,0.003956394944545472,0.014072804708678175,8
midcap150,v4,2022-09-16,120,0.1861680238374201,0.0032392858435638106,0.01739979711227245,-0.011164075483244607,-0.059967739105369434,11
midcap150,v4,2022-10-17,123,0.1366571544666486,0.0035159872279044713,0.025728526557038427,-0.008434943405809747,-0.06172339412985734,11
midcap150,v4,2022-11-16,124,0.23995045795106945,0.0009870339029055542,0.00411349039019892,-0.022141599426132363,-0.09227571230827768,10
midcap150,v4,2022-12-14,126,0.29652530215603606,0.0009953396056859853,0.0033566768112160044,-0.010870105321020063,-0.0366582724711298,10
midcap150,v4,2023-01-11,126,0.2993762733806795,0.001126853759619073,0.0037640048988992307,-0.002329602186202262,-0.007781519089323412,9
midcap150,v4,2023-02-09,126,0.3123990343540379,0.001655555904458872,0.005299491107205701,-0.012017448067944914,-0.03846826253094525,10
midcap150,v4,2023-03-10,127,0.251143050421755,0.0017678069018817189,0.007039043680137543,-0.018622052695469793,-0.07414918574970322,10
midcap150,v4,2023-04-12,127,0.40061908825936193,0.002166359328510503,0.005407528977021674,-0.00604594761961641,-0.015091511604914457,9
midcap150,v4,2023-05-12,126,0.2421011577907604,0.0025496839823935247,0.010531481987364668,-0.0028865533280134636,-0.01192292244429583,10
midcap150,v4,2023-06-09,126,0.32831297584220126,0.0021062115442715967,0.006415255257178492,-0.008014859133693486,-0.024412252099185103,11
midcap150,v4,2023-07-10,126,0.43248620381096864,0.0003952962126961834,0.0009140088382309641,-0.013992528810150784,-0.03235369981019475,8
midcap150,v4,2023-08-07,127,0.3090810778216922,0.002470898209618988,0.00799433671913245,-0.02131600518929333,-0.06896573979721418,9
midcap150,v4,2023-09-05,128,0.1880278461172028,0.00924195655938731,0.04915206311317607,-0.006185657203967687,-0.03289755922700939,9
midcap150,v4,2023-10-05,127,0.22146481471227641,0.0002583697874189994,0.0011666403430931878,-6.29387062017761e-05,-0.00028419280183872585,9
midcap150,v4,2023-11-03,128,0.23710999480203865,0.0007254694753947577,0.0030596326232491663,-0.009003010484252671,-0.03796976374517328,10
midcap150,v4,2023-12-04,129,0.2950908888846658,0.003841528183553433,0.013018118580593886,-0.02969558126982008,-0.10063198285131193,10
midcap150,v4,2024-01-02,127,0.2467338403973528,0.00562519442086018,0.022798633587517138,-0.014703213254299685,-0.059591393019380226,10
midcap150,v4,2024-01-31,122,0.29118797384679174,0.0007891364369548848,0.0027100584771062287,-0.014748832739801654,-0.050650555876190606,11
midcap150,v4,2024-02-28,126,0.20121029206099844,0.005387094467657949,0.02677345384511847,-0.0014639834634249116,-0.007275887572297216,10
midcap150,v4,2024-03-28,129,0.2949134450057429,0.00028218393748835613,0.0009568364625860348,-0.004095057482568665,-0.013885624924590742,9
midcap150,v4,2024-04-30,129,0.42625702134360144,0.00963624700415433,0.022606658709761522,-0.0029791460329728903,-0.006989083777628688,10
midcap150,v4,2024-05-29,129,0.3889418198123061,0.006612876881583185,0.0170022264121004,0.0018684073672530221,0.004803822248156987,9
midcap150,v4,2024-06-27,130,0.2750410879002516,0.00013949061145412944,0.0005071628116331408,-0.005383282273840773,-0.019572647544911954,9
midcap150,v4,2024-07-26,131,0.21925118206668703,0.0005436748173850425,0.002479689332847836,0.0005436748173850425,0.002479689332847836,8
midcap150,v4,2024-08-26,130,0.23109940402006346,0.0009014865962676533,0.003900860757691043,-0.017316777516838022,-0.07493215999524873,9
midcap150,v4,2024-09-23,131,0.3793847304463793,0.008090679459521688,0.021325790972141382,-0.015537356490954557,-0.04095409025206022,9
midcap150,v4,2024-10-22,132,0.23684255986516178,0.003731120682454403,0.0157535904213271,0.003731120682454403,0.0157535904213271,8
midcap150,v4,2024-11-21,132,0.40710757014796334,0.003715576903155937,0.009126769374014613,0.003715576903155937,0.009126769374014613,8
midcap150,v4,2024-12-19,132,0.37964779168111534,0.0015119843866883143,0.003982597607095535,-0.012930939608486347,-0.034060357762722544,10
midcap150,v4,2025-01-17,133,0.2480750811402015,0.0025100364139135634,0.010118051367259243,-0.007276232543334649,-0.029330767563963554,11
midcap150,v4,2025-02-13,133,0.23615496882589382,0.0027432782275288448,0.011616432384072924,-0.02021166041785527,-0.08558642876896821,10
midcap150,v4,2025-03-17,133,0.2365556542909667,0.006273570147078411,0.026520482741713855,-0.0243762349580261,-0.10304651153272792,9
midcap150,v4,2025-04-17,133,0.2378862468407078,0.005843885973937368,0.024565884121289794,0.005843885973937368,0.024565884121289794,8
midcap150,v4,2025-05-19,135,0.31526520073671993,0.0012454612572747603,0.003950519290947222,0.0012454612572747603,0.003950519290947222,8
midcap150,v4,2025-06-16,134,0.33064499042616635,0.0019932202983610203,0.006028279139484226,-0.01262881422067641,-0.03819448225844646,9
midcap150,v4,2025-07-14,135,0.3292645375441512,0.0020596701813386797,0.0062553659640996045,0.0020596701813386797,0.0062553659640996045,8
midcap150,v4,2025-08-11,135,0.3939097336107094,0.006428976793412811,0.016320939151420917,0.006428976793412811,0.016320939151420917,8
midcap150,v4,2025-09-10,136,0.2659864819880202,0.005216056312499107,0.019610230841483264,-0.00877674555501784,-0.03299696093357533,9
midcap150,v4,2025-10-09,137,0.4369358367699612,0.002066572881851636,0.004729694174615504,0.002066572881851636,0.004729694174615504,8
midcap150,v4,2025-11-10,138,0.33506538566719146,0.0001846091489066115,0.0005509645484239223,0.002264164553618553,0.006757381246976872,9
midcap150,v4,2025-12-08,140,0.2025508332687958,0.002290948442411289,0.011310486387242248,-0.006360793407868326,-0.031403442312316794,10
midcap150,v4,2026-01-06,141,0.21881224457519854,0.0029260108877069424,0.013372244745203777,-0.00738965469106545,-0.03377166897314958,9
midcap150,v4,2026-02-04,142,0.3029517463890858,0.0014330668634886523,0.004730346930062392,-0.014269208010438406,-0.047100596647864285,9
midcap150,v4,2026-03-05,143,0.32872996658866316,0.0007381083471358352,0.0022453333196100845,-0.013813521020046404,-0.04202087556359332,9
midcap150,v4,2026-04-07,143,0.18303554921124765,0.0002754852204349678,0.0015050913422125492,0.0002754852204349678,0.0015050913422125492,8
midcap150,v4,2026-05-07,142,0.2544771725079541,0.0015458865506370323,0.006074755292986891,0.0015458865506370323,0.006074755292986891,8
nifty50,v1,2019-01-01,46,0.3620862168441591,0.007543319437561147,0.02083293725816625,0.007543319437561147,0.02083293725816625,8
nifty50,v1,2019-01-29,46,0.34013550595594555,0.004586234751104978,0.013483551910334785,-0.04088274462499675,-0.1201954630114149,9
nifty50,v1,2019-02-26,46,0.23245528546728478,3.5143167173679046e-05,0.00015118248269999012,-0.001661991283106068,-0.007149724643881986,8
nifty50,v1,2019-03-28,46,0.20631867639687745,0.003172735043549979,0.015377837328923448,-0.008356409598983983,-0.0405024389692646,8
nifty50,v1,2019-04-30,46,0.33466831764570915,0.007707229783501468,0.023029457457220657,-0.010032913983040292,-0.029978678751603444,8
nifty50,v1,2019-05-29,46,0.20980354461836037,0.01108024319372114,0.05281246898795953,-0.024961935777916278,-0.11897766466873984,8
nifty50,v1,2019-06-27,46,0.1675019892388604,0.003404688112520371,0.020326254798474268,-0.060903279589565984,-0.36359735109006364,8
nifty50,v1,2019-07-25,46,0.27888331035318703,0.01295577366941636,0.04645589459264787,-0.0443294588390275,-0.1589534303178172,9
nifty50,v1,2019-08-26,46,0.4174581689743629,0.004420647626833918,0.010589438548285781,-0.05130766089450267,-0.12290491528901809,8
nifty50,v1,2019-09-25,46,0.42196034948364414,0.004071653121412444,0.009649373753706846,-0.025994029600647783,-0.061603014672958874,8
nifty50,v1,2019-10-27,46,0.20606986529653792,0.005669521051937854,0.027512615897425464,0.005669521051937854,0.027512615897425464,8
nifty50,v1,2019-11-26,46,0.2650107463945687,0.0022578653885695354,0.008519901246600202,-0.02544632568078342,-0.09601997664991647,8
nifty50,v1,2019-12-24,46,0.21831396168449646,0.0005616111058862616,0.0025724928518217824,-0.030470115045009627,-0.13957016220998503,9
nifty50,v1,2020-01-22,46,0.2134867130445991,0.0037738822265782623,0.017677363489079848,-0.02247523191359424,-0.10527695889391947,9
nifty50,v1,2020-02-18,46,0.18796431707751216,0.007432980383971555,0.03954463538367426,-0.01396326222426858,-0.07428677124132264,8
nifty50,v1,2020-03-19,46,0.23852664216400438,0.0006284529629789759,0.002634728587454264,-0.013499457087128408,-0.05659517513287489,9
nifty50,v1,2020-04-22,46,0.1956840935014405,0.001746383402276952,0.008924503627394203,-0.011195338795016219,-0.057211286797482115,8
nifty50,v1,2020-05-21,46,0.2721395694774236,0.0051291865273861426,0.01884763225441809,-0.07269510238035404,-0.2671243381473224,8
nifty50,v1,2020-06-19,45,0.19164799604571542,0.0028253940803353306,0.014742622613498997,-0.032775608823498725,-0.17101983584362906,8
nifty50,v1,2020-07-17,46,0.15890984389243829,0.005978157616544522,0.03761980674143115,-0.02158629155591618,-0.1358398638320188,8
nifty50,v1,2020-08-14,46,0.1675991338995534,0.006456099015251349,0.03852107624327379,-0.04105406145121482,-0.24495389979652046,7
nifty50,v1,2020-09-11,45,0.2487804883752856,0.00035586736161430377,0.0014304472345816666,-0.008758361349459065,-0.0352051778925969,7
nifty50,v1,2020-10-12,45,0.18658845022554038,0.008708736594137068,0.04667350301484528,-0.03464084653301125,-0.185653755584222,8
nifty50,v1,2020-11-09,46,0.23992681401397004,0.007704534584488498,0.03211201972631492,-0.038378400618740205,-0.15995878066594746,8
nifty50,v1,2020-12-08,46,0.22255504162310735,0.009285283396657906,0.04172128983886311,-0.031989026757079486,-0.14373534979833116,8
nifty50,v1,2021-01-06,44,0.277697196564749,0.005751905936319135,0.020712870016237263,-0.018585598936900594,-0.06692757135042629,8
nifty50,v1,2021-02-04,46,0.2025193219710376,0.00047773036038101235,0.0023589371904441433,-0.009271739767849896,-0.04578200083632441,8
nifty50,v1,2021-03-04,46,0.20346396725134652,0.002731187329634177,0.013423444782536069,-0.007550725212827958,-0.03711087184051744,8
nifty50,v1,2021-04-06,46,0.17516580004962468,0.0023419702729090552,0.013370020130902107,-0.0023419702729090552,-0.013370020130902107,8
nifty50,v1,2021-05-06,46,0.30242767733115944,0.00010129031409922273,0.00033492408827486204,-0.01787182926156472,-0.05909455582663157,8
nifty50,v1,2021-06-04,46,0.2234687544904177,0.0010237406441264696,0.004581135499058628,-0.018299707059996617,-0.08188933214276856,8
nifty50,v1,2021-07-02,46,0.14938890055141374,0.005829062725059897,0.039019382989928124,0.00012704647904371313,0.0008504412213676395,7
nifty50,v1,2021-08-02,46,0.24401138105279818,0.003861355934688171,0.01582449112835711,-0.03840743294786253,-0.1574001703615295,8
nifty50,v1,2021-08-31,47,0.3229621258522402,0.002364024732372294,0.007319820322999326,0.002364024732372294,0.007319820322999326,8
nifty50,v1,2021-09-29,46,0.2361403924731123,0.0036940107612107864,0.01564328204303886,0.0036940107612107864,0.01564328204303886,8
nifty50,v1,2021-10-28,47,0.17288868469322505,0.016565337529383717,0.09581504746118795,-0.016565337529383717,-0.09581504746118795,8
nifty50,v1,2021-11-29,47,0.1885212282920185,6.418303134281267e-05,0.0003404551939550991,-0.02221921917684755,-0.11786056869112947,8
nifty50,v1,2021-12-27,47,0.2489114768031933,0.0003391958794224381,0.0013627169135741776,-0.004867877448897051,-0.019556661313555795,8
nifty50,v1,2022-01-24,47,0.3077264849704825,0.011241328556349739,0.03653026016733016,-0.03762220532251903,-0.12225858728450949,8
nifty50,v1,2022-02-22,47,0.2584080507710761,0.006357248350224554,0.024601587803688225,-0.0004964165658700725,-0.0019210568880837556,7
nifty50,v1,2022-03-24,47,0.17263193787605985,0.00024128197954831343,0.0013976670975074177,-0.00024128197954831343,-0.0013976670975074177,8
nifty50,v1,2022-04-25,47,0.21513022177669527,0.0032895020517046403,0.015290748201427212,-0.02434740823713788,-0.11317521097714685,8
nifty50,v1,2022-05-24,47,0.2762357501162881,0.0004863245601769428,0.0017605417111007998,-0.017571889227406934,-0.06361193009959654,8
nifty50,v1,2022-06-21,47,0.2583678283311568,0.0009176961216623702,0.003551897802408027,-0.022373929722959707,-0.08659719697872932,8
nifty50,v1,2022-07-19,47,0.19824838197274003,0.013889561260966299,0.07006141045265213,-0.04900015009301195,-0.24716544773490093,8
nifty50,v1,2022-08-18,47,0.17405705742203903,0.012483425669976844,0.07172030743750928,-0.024815230906243158,-0.1425695187186421,8
nifty50,v1,2022-09-16,46,0.1382322912062649,0.0019932355333309726,0.014419463903385232,-0.007798547318413895,-0.056416248695300895,8
nifty50,v1,2022-10-17,48,0.184097139455699,0.0006082633861953513,0.003304034967592331,-0.012242133432457725,-0.06649822734156965,9
nifty50,v1,2022-11-16,48,0.24955647395715952,0.006637692160894271,0.02659795618860098,-0.025643133252947647,-0.10275483078571511,8
nifty50,v1,2022-12-14,47,0.2557904263153511,0.0046138844166284665,0.018037752558183087,-0.011176658148397967,-0.04369459134728846,8
nifty50,v1,2023-01-11,48,0.18942566735717598,0.0014093499316454317,0.00744012124285142,-0.007391756566704988,-0.03902193757495012,8
nifty50,v1,2023-02-09,48,0.28117321131556305,0.0049770199928309555,0.017700903900283744,-0.03380926487107039,-0.12024354920898196,9
nifty50,v1,2023-03-10,48,0.23574826062013432,0.0006139832050938709,0.0026044018457603547,-0.013304392616365068,-0.05643474349022957,8
nifty50,v1,2023-04-12,48,0.17001802605205535,0.0017326460112701003,0.010190954756406868,0.0009287173070875454,0.005462463767243098,7
nifty50,v1,2023-05-12,48,0.1963715563522832,0.0030940460719525165,0.015756080612825178,-0.016292158927133094,-0.08296598157986573,8
nifty50,v1,2023-06-09,48,0.3362399769047665,0.009648028695755206,0.028693877463856196,-0.07812945273037819,-0.23236217611478976,8
nifty50,v1,2023-07-10,46,0.2553581753378262,0.005729015541862448,0.022435214906604203,-0.02654485921246741,-0.10395147591162836,8
nifty50,v1,2023-08-07,48,0.26794266966303126,0.004347257386659309,0.016224580400450907,0.0013595310967491336,0.005073962644542209,9
nifty50,v1,2023-09-05,48,0.4157693868538562,0.004447203894397345,0.010696323575070105,-0.004667937851777215,-0.011227228361134739,7
nifty50,v1,2023-10-05,48,0.3800803803990821,0.012717682790149287,0.03346050847664327,-0.020385836843375138,-0.05363559366566128,8
nifty50,v1,2023-11-03,48,0.2492559901565764,0.0004219257915485386,0.0016927408295523624,0.00011675504503549927,0.00046841419924213923,7
nifty50,v1,2023-12-04,48,0.32901081004940025,0.00764675154536254,0.02324164225550643,-0.02216383498088781,-0.06736506614344968,8
nifty50,v1,2024-01-02,45,0.4738224564547789,0.0011019502782021462,0.0023256607262710336,-0.003930248099126787,-0.008294769582120652,8
nifty50,v1,2024-01-31,47,0.220506324100533,0.0004750411048980441,0.002154319640653317,0.0004750411048980441,0.002154319640653317,8
nifty50,v1,2024-02-28,48,0.1603637932908461,0.00011307252972647674,0.0007051001189613987,-0.0015028465421744741,-0.009371482872376402,8
nifty50,v1,2024-03-28,48,0.41670299508126446,0.0012960787296718568,0.003110317768220261,-0.03560134564631601,-0.08543578055966004,8
nifty50,v1,2024-04-30,48,0.19593035641294698,0.001506942322705318,0.0076912141145155394,-0.018523773678466804,-0.09454264268996533,9
nifty50,v1,2024-05-29,48,0.28679938849884573,0.002770093093239945,0.009658643652411739,-0.024276757420453543,-0.08464717288109297,8
nifty50,v1,2024-06-27,48,0.322670507495218,0.002608357172085407,0.008083655343443694,-0.02420797711719136,-0.07502382943241295,8
nifty50,v1,2024-07-26,48,0.22980064714540538,0.002660276512873594,0.011576453530134383,-0.017350498605349207,-0.07550239227294583,8
nifty50,v1,2024-08-26,48,0.1424344870016856,0.021422382162294085,0.1504016521085976,-0.03464998382272044,-0.2432696220706042,8
nifty50,v1,2024-09-23,50,0.2552859968860743,0.0004222644600281322,0.0016540839105114525,-0.025950349208848977,-0.10165206680110137,8
nifty50,v1,2024-10-22,50,0.33618003782181094,0.0018940166243276435,0.005633935425194845,-0.04570766085651967,-0.13596185291866314,9
nifty50,v1,2024-11-21,50,0.3596410510733826,0.004001396070856034,0.011126082684147123,-0.09116848643406383,-0.2534985540776363,9
nifty50,v1,2024-12-19,50,0.23302342600624187,0.005497026873311994,0.023590018254923212,-0.006615903400575829,-0.028391580683388512,9
nifty50,v1,2025-01-17,50,0.18881347066590348,0.00368518551081487,0.019517598494524956,0.00368518551081487,0.019517598494524956,8
nifty50,v1,2025-02-13,50,0.2289268787146682,0.00426439523711708,0.018627761235639667,-0.011156609214909685,-0.048734378756874384,8
nifty50,v1,2025-03-17,50,0.17098767183568153,0.0008238127028704634,0.004817965494390403,0.0016942204453538334,0.009908436246690185,7
nifty50,v1,2025-04-17,50,0.18986441959852007,0.004379169437636721,0.023064718744548043,-0.01152382196580426,-0.0606950053631538,8
nifty50,v1,2025-05-19,50,0.27030723651777666,0.005923207392672825,0.021912870217528517,-0.021975636213829697,-0.08129873434736727,8
nifty50,v1,2025-06-16,50,0.19167022399209466,0.0011202190148663638,0.00584451247321841,-0.0011202190148663638,-0.00584451247321841,8
nifty50,v1,2025-07-14,50,0.17582945926226817,0.01595469111974157,0.09073957905963566,-0.033821207721531965,-0.19235233881419192,8
nifty50,v1,2025-08-11,50,0.29658417121072667,0.0013923995432164604,0.004694787107256454,0.0013923995432164604,0.004694787107256454,8
nifty50,v1,2025-09-10,50,0.25039225318208447,0.016164509162531093,0.06455674629348981,-0.031188504676551432,-0.1245585847013855,8
nifty50,v1,2025-10-09,50,0.18848798351796142,0.0019338942221045485,0.010260039849809648,-0.026215530902404915,-0.139083300765997,8
nifty50,v1,2025-11-10,50,0.31706900687782813,0.0034354089535318932,0.01083489360048241,-0.03191888276882959,-0.1006685676507274,9
nifty50,v1,2025-12-08,50,0.4692676765810313,0.006259284829819078,0.0133384103406028,-0.02241066352888621,-0.0477566741697719,8
nifty50,v1,2026-01-06,50,0.2442085407353764,0.00426139784324675,0.017449831322092817,-0.012667174145176818,-0.05187031586623716,8
nifty50,v1,2026-02-04,50,0.2530907693218404,0.005450867755485422,0.021537204893292177,-0.033786176631476206,-0.13349430610214136,8
nifty50,v1,2026-03-05,50,0.22543778537623493,0.008565663762468034,0.037995688026178615,-0.005835898569405806,-0.025886958389279013,7
nifty50,v1,2026-04-07,50,0.25691452894360733,0.0008122740711613563,0.0031616509759152243,0.0008122740711613563,0.0031616509759152243,8
nifty50,v1,2026-05-07,50,0.23301517325583632,0.0009584776317376198,0.004113370036573843,-0.042124282656626155,-0.18077914012224555,9
nifty50,v2,2019-01-01,46,0.3620862168441591,0.007543319437561147,0.02083293725816625,0.007543319437561147,0.02083293725816625,8
nifty50,v2,2019-01-29,46,0.34013550595594555,0.004586234751104978,0.013483551910334785,-0.02212686943178499,-0.06505310102689152,11
nifty50,v2,2019-02-26,46,0.23245528546728478,3.5143167173679046e-05,0.00015118248269999012,0.0022090118290665206,0.009502953760014254,9
nifty50,v2,2019-03-28,46,0.20631867639687745,0.003172735043549979,0.015377837328923448,-0.0006342587294349,-0.003074170213339442,9
nifty50,v2,2019-04-30,46,0.33466831764570915,0.007707229783501468,0.023029457457220657,-0.0023256841995388244,-0.006949221294382787,9
nifty50,v2,2019-05-29,46,0.20980354461836037,0.01108024319372114,0.05281246898795953,-0.013881692584195138,-0.06616519568078032,9
nifty50,v2,2019-06-27,46,0.1675019892388604,0.003404688112520371,0.020326254798474268,-0.009819287012785005,-0.05862191283461447,11
nifty50,v2,2019-07-25,46,0.27888331035318703,0.01295577366941636,0.04645589459264787,-0.010460244357443305,-0.03750760253166855,12
nifty50,v2,2019-08-26,46,0.4174581689743629,0.004420647626833918,0.010589438548285781,-0.01716339315872606,-0.04111404311692869,10
nifty50,v2,2019-09-25,46,0.42196034948364414,0.004071653121412444,0.009649373753706846,-0.02192237647923534,-0.051953640919252024,9
nifty50,v2,2019-10-27,46,0.20606986529653792,0.005669521051937854,0.027512615897425464,0.005669521051937854,0.027512615897425464,8
nifty50,v2,2019-11-26,46,0.2650107463945687,0.0022578653885695354,0.008519901246600202,-0.006298526732291587,-0.02376706159271688,12
nifty50,v2,2019-12-24,46,0.21831396168449646,0.0005616111058862616,0.0025724928518217824,-0.013860227701426253,-0.0634875918813512,10
nifty50,v2,2020-01-22,46,0.2134867130445991,0.0037738822265782623,0.017677363489079848,-0.01388772842740249,-0.06505195676745106,11
nifty50,v2,2020-02-18,46,0.18796431707751216,0.007432980383971555,0.03954463538367426,-0.005103629598318005,-0.027152119496241328,11
nifty50,v2,2020-03-19,46,0.23852664216400438,0.0006284529629789759,0.002634728587454264,-0.035812845726437725,-0.15014191036074617,5
nifty50,v2,2020-04-22,46,0.1956840935014405,0.001746383402276952,0.008924503627394203,-0.007066615410487365,-0.03611236500648605,9
nifty50,v2,2020-05-21,46,0.2721395694774236,0.0051291865273861426,0.01884763225441809,-0.013146207902604234,-0.0483068593363628,10
nifty50,v2,2020-06-19,45,0.19164799604571542,0.0028253940803353306,0.014742622613498997,-0.02125370405891225,-0.1108996936959488,10
nifty50,v2,2020-07-17,46,0.15890984389243829,0.005978157616544522,0.03761980674143115,-0.012147712062060667,-0.07644405006327437,11
nifty50,v2,2020-08-14,46,0.1675991338995534,0.006456099015251349,0.03852107624327379,-0.032970757532120865,-0.1967239135727343,10
nifty50,v2,2020-09-11,45,0.2487804883752856,0.00035586736161430377,0.0014304472345816666,0.0033786639060776613,0.013580903905056025,9
nifty50,v2,2020-10-12,45,0.18658845022554038,0.008708736594137068,0.04667350301484528,-0.019901873357818012,-0.10666187180268367,10
nifty50,v2,2020-11-09,46,0.23992681401397004,0.007704534584488498,0.03211201972631492,-0.02647143498066562,-0.11033129035391721,13
nifty50,v2,2020-12-08,46,0.22255504162310735,0.009285283396657906,0.04172128983886311,-0.01117745128742087,-0.05022331197668246,11
nifty50,v2,2021-01-06,44,0.277697196564749,0.005751905936319135,0.020712870016237263,-0.011293378047264047,-0.04066795843446996,10
nifty50,v2,2021-02-04,46,0.2025193219710376,0.00047773036038101235,0.0023589371904441433,-0.008705796945129185,-0.042987488109278806,9
nifty50,v2,2021-03-04,46,0.20346396725134652,0.002731187329634177,0.013423444782536069,-0.003605516645457829,-0.01772066422455924,10
nifty50,v2,2021-04-06,46,0.17516580004962468,0.0023419702729090552,0.013370020130902107,0.001460327827142005,0.008336831885723654,9
nifty50,v2,2021-05-06,46,0.30242767733115944,0.00010129031409922273,0.00033492408827486204,-0.02221810339239938,-0.07346584012570541,11
nifty50,v2,2021-06-04,46,0.2234687544904177,0.0010237406441264696,0.004581135499058628,-0.023253184011586936,-0.1040556388503254,10
nifty50,v2,2021-07-02,46,0.14938890055141374,0.005829062725059897,0.039019382989928124,-0.0005074900115662473,-0.0033971065433444927,9
nifty50,v2,2021-08-02,46,0.24401138105279818,0.003861355934688171,0.01582449112835711,-0.04781680329085847,-0.19596136493531857,10
nifty50,v2,2021-08-31,47,0.3229621258522402,0.002364024732372294,0.007319820322999326,0.002364024732372294,0.007319820322999326,8
nifty50,v2,2021-09-29,46,0.2361403924731123,0.0036940107612107864,0.01564328204303886,0.0036940107612107864,0.01564328204303886,8
nifty50,v2,2021-10-28,47,0.17288868469322505,0.016565337529383717,0.09581504746118795,0.0011216181938957792,0.006487516495865457,9
nifty50,v2,2021-11-29,47,0.1885212282920185,6.418303134281267e-05,0.0003404551939550991,-0.018888654691428974,-0.10019378115959725,10
nifty50,v2,2021-12-27,47,0.2489114768031933,0.0003391958794224381,0.0013627169135741776,-0.004528681569474613,-0.018193944399981617,9
nifty50,v2,2022-01-24,47,0.3077264849704825,0.011241328556349739,0.03653026016733016,-0.01460772816845668,-0.047469843779802935,10
nifty50,v2,2022-02-22,47,0.2584080507710761,0.006357248350224554,0.024601587803688225,-0.00906429691526478,-0.03507745555224535,9
nifty50,v2,2022-03-24,47,0.17263193787605985,0.00024128197954831343,0.0013976670975074177,0.003090575117212113,0.01790268449301064,9
nifty50,v2,2022-04-25,47,0.21513022177669527,0.0032895020517046403,0.015290748201427212,-0.02365002650824477,-0.10993353845371595,10
nifty50,v2,2022-05-24,47,0.2762357501162881,0.0004863245601769428,0.0017605417111007998,-0.01708556466722999,-0.061851388388495736,9
nifty50,v2,2022-06-21,47,0.2583678283311568,0.0009176961216623702,0.003551897802408027,-0.011534506703174907,-0.04464374213182157,10
nifty50,v2,2022-07-19,47,0.19824838197274003,0.013889561260966299,0.07006141045265213,-0.0205875568354702,-0.10384728808682572,12
nifty50,v2,2022-08-18,47,0.17405705742203903,0.012483425669976844,0.07172030743750928,-0.0026047590890602157,-0.014964972564969963,10
nifty50,v2,2022-09-16,46,0.1382322912062649,0.0019932355333309726,0.014419463903385232,-0.005805311785082923,-0.04199678479191566,9
nifty50,v2,2022-10-17,48,0.184097139455699,0.0006082633861953513,0.003304034967592331,-0.011633870046262373,-0.06319419237397732,10
nifty50,v2,2022-11-16,48,0.24955647395715952,0.006637692160894271,0.02659795618860098,-0.017476731911399868,-0.07003117023684201,10
nifty50,v2,2022-12-14,47,0.2557904263153511,0.0046138844166284665,0.018037752558183087,-0.005821981976995794,-0.022760750122126017,10
nifty50,v2,2023-01-11,48,0.18942566735717598,0.0014093499316454317,0.00744012124285142,-0.005982406635059556,-0.0315818163320987,9
nifty50,v2,2023-02-09,48,0.28117321131556305,0.0049770199928309555,0.017700903900283744,-0.015115262436404375,-0.05375783263875871,11
nifty50,v2,2023-03-10,48,0.23574826062013432,0.0006139832050938709,0.0026044018457603547,-0.009332412521697586,-0.03958634730601504,10
nifty50,v2,2023-04-12,48,0.17001802605205535,0.0017326460112701003,0.010190954756406868,0.0017326460112701003,0.010190954756406868,8
nifty50,v2,2023-05-12,48,0.1963715563522832,0.0030940460719525165,0.015756080612825178,-0.013198112855180577,-0.06720990096704055,9
nifty50,v2,2023-06-09,48,0.3362399769047665,0.009648028695755206,0.028693877463856196,-0.02594804169410836,-0.07717119758623361,11
nifty50,v2,2023-07-10,46,0.2553581753378262,0.005729015541862448,0.022435214906604203,-0.02081584367060496,-0.08151626100502415,9
nifty50,v2,2023-08-07,48,0.26794266966303126,0.004347257386659309,0.016224580400450907,0.0013595310967491336,0.005073962644542209,9
nifty50,v2,2023-09-05,48,0.4157693868538562,0.004447203894397345,0.010696323575070105,0.004447203894397345,0.010696323575070105,8
nifty50,v2,2023-10-05,48,0.3800803803990821,0.012717682790149287,0.03346050847664327,-0.01880782407725401,-0.049483806708217636,10
nifty50,v2,2023-11-03,48,0.2492559901565764,0.0004219257915485386,0.0016927408295523624,0.0004219257915485386,0.0016927408295523624,8
nifty50,v2,2023-12-04,48,0.32901081004940025,0.00764675154536254,0.02324164225550643,-0.0168865522789009,-0.05132522021499969,9
nifty50,v2,2024-01-02,45,0.4738224564547789,0.0011019502782021462,0.0023256607262710336,-0.002828297820924641,-0.005969108855849619,9
nifty50,v2,2024-01-31,47,0.220506324100533,0.0004750411048980441,0.002154319640653317,-0.0062704299113487405,-0.028436508281231575,9
nifty50,v2,2024-02-28,48,0.1603637932908461,0.00011307252972647674,0.0007051001189613987,-0.0013897740124479974,-0.008666382753415004,9
nifty50,v2,2024-03-28,48,0.41670299508126446,0.0012960787296718568,0.003110317768220261,-0.03430526691664415,-0.08232546279143978,9
nifty50,v2,2024-04-30,48,0.19593035641294698,0.001506942322705318,0.0076912141145155394,-0.017016831355761486,-0.0868514285754498,10
nifty50,v2,2024-05-29,48,0.28679938849884573,0.002770093093239945,0.009658643652411739,-0.009585326600373367,-0.033421712126181696,11
nifty50,v2,2024-06-27,48,0.322670507495218,0.002608357172085407,0.008083655343443694,-0.014855738857763812,-0.04603996495708235,10
nifty50,v2,2024-07-26,48,0.22980064714540538,0.002660276512873594,0.011576453530134383,-0.0030168838224982064,-0.013128265128815264,11
nifty50,v2,2024-08-26,48,0.1424344870016856,0.021422382162294085,0.1504016521085976,-0.0037276712297671377,-0.02617112827262841,10
nifty50,v2,2024-09-23,50,0.2552859968860743,0.0004222644600281322,0.0016540839105114525,-0.025528084748820845,-0.0999979828905899,9
nifty50,v2,2024-10-22,50,0.33618003782181094,0.0018940166243276435,0.005633935425194845,-0.027943910655770843,-0.08312186183577697,12
nifty50,v2,2024-11-21,50,0.3596410510733826,0.004001396070856034,0.011126082684147123,-0.03952301652479695,-0.10989573188832805,13
nifty50,v2,2024-12-19,50,0.23302342600624187,0.005497026873311994,0.023590018254923212,0.006131627087310965,0.026313350517585817,10
nifty50,v2,2025-01-17,50,0.18881347066590348,0.00368518551081487,0.019517598494524956,0.006091274906842914,0.03226080684476765,9
nifty50,v2,2025-02-13,50,0.2289268787146682,0.00426439523711708,0.018627761235639667,-0.006892213977792605,-0.030106617521234717,9
nifty50,v2,2025-03-17,50,0.17098767183568153,0.0008238127028704634,0.004817965494390403,0.0008238127028704634,0.004817965494390403,8
nifty50,v2,2025-04-17,50,0.18986441959852007,0.004379169437636721,0.023064718744548043,-0.007144652528167539,-0.037630286618605756,9
nifty50,v2,2025-05-19,50,0.27030723651777666,0.005923207392672825,0.021912870217528517,-0.008928669557165536,-0.03303155946614232,10
nifty50,v2,2025-06-16,50,0.19167022399209466,0.0011202190148663638,0.00584451247321841,8.501703347563172e-05,0.000443558898742343,9
nifty50,v2,2025-07-14,50,0.17582945926226817,0.01595469111974157,0.09073957905963566,-0.017047817958316114,-0.09695655113678929,10
nifty50,v2,2025-08-11,50,0.29658417121072667,0.0013923995432164604,0.004694787107256454,0.0013923995432164604,0.004694787107256454,8
nifty50,v2,2025-09-10,50,0.25039225318208447,0.016164509162531093,0.06455674629348981,-0.0058532479197886955,-0.0233763139450334,10
nifty50,v2,2025-10-09,50,0.18848798351796142,0.0019338942221045485,0.010260039849809648,-0.024281636680300367,-0.12882326091618737,10
nifty50,v2,2025-11-10,50,0.31706900687782813,0.0034354089535318932,0.01083489360048241,-0.024213903222364497,-0.07636792842289536,10
nifty50,v2,2025-12-08,50,0.4692676765810313,0.006259284829819078,0.0133384103406028,-0.013928936665103753,-0.029682284462008025,10
nifty50,v2,2026-01-06,50,0.2442085407353764,0.00426139784324675,0.017449831322092817,-0.008405776301930068,-0.03442048454414434,9
nifty50,v2,2026-02-04,50,0.2530907693218404,0.005450867755485422,0.021537204893292177,-0.02198898155506157,-0.0868817998142773,10
nifty50,v2,2026-03-05,50,0.22543778537623493,0.008565663762468034,0.037995688026178615,-0.013688233668975758,-0.06071845341335018,9
nifty50,v2,2026-04-07,50,0.25691452894360733,0.0008122740711613563,0.0031616509759152243,-0.011564493375682883,-0.04501299877135904,9
nifty50,v2,2026-05-07,50,0.23301517325583632,0.0009584776317376198,0.004113370036573843,-0.027357743443869764,-0.11740756218408424,12
nifty50,v3,2019-01-01,46,0.3620862168441591,0.007543319437561147,0.02083293725816625,0.007543319437561147,0.02083293725816625,8
nifty50,v3,2019-01-29,46,0.34013550595594555,0.004586234751104978,0.013483551910334785,-0.08454922687696442,-0.24857512784306401,8
nifty50,v3,2019-02-26,46,0.23245528546728478,3.5143167173679046e-05,0.00015118248269999012,-3.5143167173679046e-05,-0.00015118248269999012,8
nifty50,v3,2019-03-28,46,0.20631867639687745,0.003172735043549979,0.015377837328923448,-0.008356409598983983,-0.0405024389692646,8
nifty50,v3,2019-04-30,46,0.33466831764570915,0.007707229783501468,0.023029457457220657,-0.010032913983040292,-0.029978678751603444,8
nifty50,v3,2019-05-29,46,0.20980354461836037,0.01108024319372114,0.05281246898795953,-0.013881692584195138,-0.06616519568078032,9
nifty50,v3,2019-06-27,46,0.1675019892388604,0.003404688112520371,0.020326254798474268,-0.060903279589565984,-0.36359735109006364,9
nifty50,v3,2019-07-25,46,0.27888331035318703,0.01295577366941636,0.04645589459264787,-0.0443294588390275,-0.1589534303178172,8
nifty50,v3,2019-08-26,46,0.4174581689743629,0.004420647626833918,0.010589438548285781,-0.05228211636120317,-0.12523917423787181,8
nifty50,v3,2019-09-25,46,0.42196034948364414,0.004071653121412444,0.009649373753706846,-0.030492161813604812,-0.07226309735243676,7
nifty50,v3,2019-10-27,46,0.20606986529653792,0.005669521051937854,0.027512615897425464,0.0017087252827603372,0.008291970688200593,7
nifty50,v3,2019-11-26,46,0.2650107463945687,0.0022578653885695354,0.008519901246600202,-0.05584396593253427,-0.21072340156874023,7
nifty50,v3,2019-12-24,46,0.21831396168449646,0.0005616111058862616,0.0025724928518217824,-0.054719858264665855,-0.25064754375968884,6
nifty50,v3,2020-01-22,46,0.2134867130445991,0.0037738822265782623,0.017677363489079848,-0.05304076684257164,-0.24844996714849882,7
nifty50,v3,2020-02-18,46,0.18796431707751216,0.007432980383971555,0.03954463538367426,-0.016918727181522653,-0.0900103138966837,7
nifty50,v3,2020-03-19,46,0.23852664216400438,0.0006284529629789759,0.002634728587454264,-0.01385462204774357,-0.05808417006188144,7
nifty50,v3,2020-04-22,46,0.1956840935014405,0.001746383402276952,0.008924503627394203,-0.011195338795016219,-0.057211286797482115,7
nifty50,v3,2020-05-21,46,0.2721395694774236,0.0051291865273861426,0.01884763225441809,-0.07302854447251617,-0.26834959948216763,7
nifty50,v3,2020-06-19,45,0.19164799604571542,0.0028253940803353306,0.014742622613498997,-0.032775608823498725,-0.17101983584362906,7
nifty50,v3,2020-07-17,46,0.15890984389243829,0.005978157616544522,0.03761980674143115,-0.038900280281956356,-0.24479465418320395,6
nifty50,v3,2020-08-14,46,0.1675991338995534,0.006456099015251349,0.03852107624327379,-0.039326719178298664,-0.23464750839266396,8
nifty50,v3,2020-09-11,45,0.2487804883752856,0.00035586736161430377,0.0014304472345816666,-0.00035586736161430377,-0.0014304472345816666,8
nifty50,v3,2020-10-12,45,0.18658845022554038,0.008708736594137068,0.04667350301484528,-0.02908791493788654,-0.15589343768452052,8
nifty50,v3,2020-11-09,46,0.23992681401397004,0.007704534584488498,0.03211201972631492,-0.09645277589685253,-0.4020091555553955,9
nifty50,v3,2020-12-08,46,0.22255504162310735,0.009285283396657906,0.04172128983886311,-0.04312255675589172,-0.19376131154520834,8
nifty50,v3,2021-01-06,44,0.277697196564749,0.005751905936319135,0.020712870016237263,-0.03195375157529445,-0.11506688569628389,8
nifty50,v3,2021-02-04,46,0.2025193219710376,0.00047773036038101235,0.0023589371904441433,-0.02628758936669684,-0.12980287071302876,7
nifty50,v3,2021-03-04,46,0.20346396725134652,0.002731187329634177,0.013423444782536069,-0.002731187329634177,-0.013423444782536069,8
nifty50,v3,2021-04-06,46,0.17516580004962468,0.0023419702729090552,0.013370020130902107,-0.0023419702729090552,-0.013370020130902107,8
nifty50,v3,2021-05-06,46,0.30242767733115944,0.00010129031409922273,0.00033492408827486204,-0.018061800684145646,-0.059722710710659946,7
nifty50,v3,2021-06-04,46,0.2234687544904177,0.0010237406441264696,0.004581135499058628,-0.0021819838371913702,-0.009764156256059203,7
nifty50,v3,2021-07-02,46,0.14938890055141374,0.005829062725059897,0.039019382989928124,0.00012704647904371313,0.0008504412213676395,7
nifty50,v3,2021-08-02,46,0.24401138105279818,0.003861355934688171,0.01582449112835711,-0.027662148430947386,-0.11336417306273909,8
nifty50,v3,2021-08-31,47,0.3229621258522402,0.002364024732372294,0.007319820322999326,0.002364024732372294,0.007319820322999326,8
nifty50,v3,2021-09-29,46,0.2361403924731123,0.0036940107612107864,0.01564328204303886,0.004148546262364272,0.017568134866366155,7
nifty50,v3,2021-10-28,47,0.17288868469322505,0.016565337529383717,0.09581504746118795,-0.03051982998013747,-0.17652878807130773,7
nifty50,v3,2021-11-29,47,0.1885212282920185,6.418303134281267e-05,0.0003404551939550991,-0.00487477438839512,-0.025857960042802802,8
nifty50,v3,2021-12-27,47,0.2489114768031933,0.0003391958794224381,0.0013627169135741776,-0.004867877448897051,-0.019556661313555795,8
nifty50,v3,2022-01-24,47,0.3077264849704825,0.011241328556349739,0.03653026016733016,-0.03762220532251903,-0.12225858728450949,8
nifty50,v3,2022-02-22,47,0.2584080507710761,0.006357248350224554,0.024601587803688225,0.006357248350224554,0.024601587803688225,8
nifty50,v3,2022-03-24,47,0.17263193787605985,0.00024128197954831343,0.0013976670975074177,-0.00024128197954831343,-0.0013976670975074177,8
nifty50,v3,2022-04-25,47,0.21513022177669527,0.0032895020517046403,0.015290748201427212,-0.02434740823713788,-0.11317521097714685,8
nifty50,v3,2022-05-24,47,0.2762357501162881,0.0004863245601769428,0.0017605417111007998,-0.027026712451083235,-0.09783930008952747,7
nifty50,v3,2022-06-21,47,0.2583678283311568,0.0009176961216623702,0.003551897802408027,-0.012452202824837277,-0.048195639934229595,8
nifty50,v3,2022-07-19,47,0.19824838197274003,0.013889561260966299,0.07006141045265213,-0.06459713476365059,-0.3258394046945259,8
nifty50,v3,2022-08-18,47,0.17405705742203903,0.012483425669976844,0.07172030743750928,-0.019873177781861928,-0.11417622517698381,8
nifty50,v3,2022-09-16,46,0.1382322912062649,0.0019932355333309726,0.014419463903385232,-0.011672650903015835,-0.08444228769671737,7
nifty50,v3,2022-10-17,48,0.184097139455699,0.0006082633861953513,0.003304034967592331,-0.021372308386541916,-0.1160925609693405,7
nifty50,v3,2022-11-16,48,0.24955647395715952,0.006637692160894271,0.02659795618860098,-0.025643133252947647,-0.10275483078571511,8
nifty50,v3,2022-12-14,47,0.2557904263153511,0.0046138844166284665,0.018037752558183087,-0.011176658148397967,-0.04369459134728846,8
nifty50,v3,2023-01-11,48,0.18942566735717598,0.0014093499316454317,0.00744012124285142,-0.007391756566704988,-0.03902193757495012,8
nifty50,v3,2023-02-09,48,0.28117321131556305,0.0049770199928309555,0.017700903900283744,-0.17928714108212096,-0.6376394829481301,8
nifty50,v3,2023-03-10,48,0.23574826062013432,0.0006139832050938709,0.0026044018457603547,-0.04421408193775733,-0.18754786067753995,7
nifty50,v3,2023-04-12,48,0.17001802605205535,0.0017326460112701003,0.010190954756406868,0.0017326460112701003,0.010190954756406868,8
nifty50,v3,2023-05-12,48,0.1963715563522832,0.0030940460719525165,0.015756080612825178,-0.016292158927133094,-0.08296598157986573,8
nifty50,v3,2023-06-09,48,0.3362399769047665,0.009648028695755206,0.028693877463856196,-0.07812945273037819,-0.23236217611478976,8
nifty50,v3,2023-07-10,46,0.2553581753378262,0.005729015541862448,0.022435214906604203,-0.04115394898232361,-0.16116166607111357,7
nifty50,v3,2023-08-07,48,0.26794266966303126,0.004347257386659309,0.016224580400450907,-0.0008791861170921456,-0.003281247134686772,6
nifty50,v3,2023-09-05,48,0.4157693868538562,0.004447203894397345,0.010696323575070105,0.004447203894397345,0.010696323575070105,8
nifty50,v3,2023-10-05,48,0.3800803803990821,0.012717682790149287,0.03346050847664327,-0.05829248396799713,-0.15336883189495437,8
nifty50,v3,2023-11-03,48,0.2492559901565764,0.0004219257915485386,0.0016927408295523624,0.0004219257915485386,0.0016927408295523624,8
nifty50,v3,2023-12-04,48,0.32901081004940025,0.00764675154536254,0.02324164225550643,-0.02216383498088781,-0.06736506614344968,8
nifty50,v3,2024-01-02,45,0.4738224564547789,0.0011019502782021462,0.0023256607262710336,-0.003930248099126787,-0.008294769582120652,8
nifty50,v3,2024-01-31,47,0.220506324100533,0.0004750411048980441,0.002154319640653317,0.0004750411048980441,0.002154319640653317,8
nifty50,v3,2024-02-28,48,0.1603637932908461,0.00011307252972647674,0.0007051001189613987,-0.002908109326390851,-0.018134450842756736,7
nifty50,v3,2024-03-28,48,0.41670299508126446,0.0012960787296718568,0.003110317768220261,-0.036290042303409153,-0.08708850843832297,7
nifty50,v3,2024-04-30,48,0.19593035641294698,0.001506942322705318,0.0076912141145155394,-0.023422690560803483,-0.11954600088327978,8
nifty50,v3,2024-05-29,48,0.28679938849884573,0.002770093093239945,0.009658643652411739,-0.008256513243799724,-0.028788461813031213,8
nifty50,v3,2024-06-27,48,0.322670507495218,0.002608357172085407,0.008083655343443694,-0.02420797711719136,-0.07502382943241295,8
nifty50,v3,2024-07-26,48,0.22980064714540538,0.002660276512873594,0.011576453530134383,-0.017187081418671202,-0.07479126639620014,7
nifty50,v3,2024-08-26,48,0.1424344870016856,0.021422382162294085,0.1504016521085976,-0.042723916191321654,-0.29995485707626446,8
nifty50,v3,2024-09-23,50,0.2552859968860743,0.0004222644600281322,0.0016540839105114525,-0.03852955633625221,-0.15092702618329154,8
nifty50,v3,2024-10-22,50,0.33618003782181094,0.0018940166243276435,0.005633935425194845,-0.06551805511388342,-0.194889784469031,7
nifty50,v3,2024-11-21,50,0.3596410510733826,0.004001396070856034,0.011126082684147123,-0.09116848643406383,-0.2534985540776363,7
nifty50,v3,2024-12-19,50,0.23302342600624187,0.005497026873311994,0.023590018254923212,-0.015227004706329761,-0.06534538165240898,8
nifty50,v3,2025-01-17,50,0.18881347066590348,0.00368518551081487,0.019517598494524956,0.012071573960184212,0.0639338597908848,7
nifty50,v3,2025-02-13,50,0.2289268787146682,0.00426439523711708,0.018627761235639667,-0.01264788707557063,-0.05524858918526036,7
nifty50,v3,2025-03-17,50,0.17098767183568153,0.0008238127028704634,0.004817965494390403,0.0008238127028704634,0.004817965494390403,8
nifty50,v3,2025-04-17,50,0.18986441959852007,0.004379169437636721,0.023064718744548043,-0.012358498596918843,-0.06509117728878136,7
nifty50,v3,2025-05-19,50,0.27030723651777666,0.005923207392672825,0.021912870217528517,-0.022938346935927223,-0.08486027688873468,7
nifty50,v3,2025-06-16,50,0.19167022399209466,0.0011202190148663638,0.00584451247321841,-0.021061542165817015,-0.10988426750461609,6
nifty50,v3,2025-07-14,50,0.17582945926226817,0.01595469111974157,0.09073957905963566,-0.039261595605086796,-0.2232936151303519,8
nifty50,v3,2025-08-11,50,0.29658417121072667,0.0013923995432164604,0.004694787107256454,-0.011520515878513105,-0.03884400111942467,7
nifty50,v3,2025-09-10,50,0.25039225318208447,0.016164509162531093,0.06455674629348981,-0.031188504676551432,-0.1245585847013855,7
nifty50,v3,2025-10-09,50,0.18848798351796142,0.0019338942221045485,0.010260039849809648,-0.028326487067038886,-0.15028272114938082,8
nifty50,v3,2025-11-10,50,0.31706900687782813,0.0034354089535318932,0.01083489360048241,-0.03769697625118196,-0.11889202486986443,8
nifty50,v3,2025-12-08,50,0.4692676765810313,0.006259284829819078,0.0133384103406028,-0.014689977346506677,-0.031304046879031246,8
nifty50,v3,2026-01-06,50,0.2442085407353764,0.00426139784324675,0.017449831322092817,-0.012667174145176818,-0.05187031586623716,8
nifty50,v3,2026-02-04,50,0.2530907693218404,0.005450867755485422,0.021537204893292177,-0.03423193890442411,-0.1352555804233753,8
nifty50,v3,2026-03-05,50,0.22543778537623493,0.008565663762468034,0.037995688026178615,-0.0280897960008496,-0.12460109982880781,8
nifty50,v3,2026-04-07,50,0.25691452894360733,0.0008122740711613563,0.0031616509759152243,-0.012376767446844239,-0.04817464974727426,8
nifty50,v3,2026-05-07,50,0.23301517325583632,0.0009584776317376198,0.004113370036573843,-0.048566247356232384,-0.20842525693770866,8
nifty50,v4,2019-01-01,46,0.3620862168441591,0.007543319437561147,0.02083293725816625,0.007543319437561147,0.02083293725816625,8
nifty50,v4,2019-01-29,46,0.34013550595594555,0.004586234751104978,0.013483551910334785,-0.02212686943178499,-0.06505310102689152,11
nifty50,v4,2019-02-26,46,0.23245528546728478,3.5143167173679046e-05,0.00015118248269999012,0.0022090118290665206,0.009502953760014254,9
nifty50,v4,2019-03-28,46,0.20631867639687745,0.003172735043549979,0.015377837328923448,-0.0006342587294349,-0.003074170213339442,9
nifty50,v4,2019-04-30,46,0.33466831764570915,0.007707229783501468,0.023029457457220657,-0.0023256841995388244,-0.006949221294382787,9
nifty50,v4,2019-05-29,46,0.20980354461836037,0.01108024319372114,0.05281246898795953,-0.013881692584195138,-0.06616519568078032,9
nifty50,v4,2019-06-27,46,0.1675019892388604,0.003404688112520371,0.020326254798474268,-0.009819287012785005,-0.05862191283461447,11
nifty50,v4,2019-07-25,46,0.27888331035318703,0.01295577366941636,0.04645589459264787,-0.010460244357443305,-0.03750760253166855,12
nifty50,v4,2019-08-26,46,0.4174581689743629,0.004420647626833918,0.010589438548285781,-0.01716339315872606,-0.04111404311692869,10
nifty50,v4,2019-09-25,46,0.42196034948364414,0.004071653121412444,0.009649373753706846,-0.02192237647923534,-0.051953640919252024,9
nifty50,v4,2019-10-27,46,0.20606986529653792,0.005669521051937854,0.027512615897425464,0.005669521051937854,0.027512615897425464,8
nifty50,v4,2019-11-26,46,0.2650107463945687,0.0022578653885695354,0.008519901246600202,-0.006298526732291587,-0.02376706159271688,12
nifty50,v4,2019-12-24,46,0.21831396168449646,0.0005616111058862616,0.0025724928518217824,-0.013860227701426253,-0.0634875918813512,10
nifty50,v4,2020-01-22,46,0.2134867130445991,0.0037738822265782623,0.017677363489079848,-0.01388772842740249,-0.06505195676745106,11
nifty50,v4,2020-02-18,46,0.18796431707751216,0.007432980383971555,0.03954463538367426,-0.005103629598318005,-0.027152119496241328,11
nifty50,v4,2020-03-19,46,0.23852664216400438,0.0006284529629789759,0.002634728587454264,-0.035812845726437725,-0.15014191036074617,5
nifty50,v4,2020-04-22,46,0.1956840935014405,0.001746383402276952,0.008924503627394203,-0.007066615410487365,-0.03611236500648605,9
nifty50,v4,2020-05-21,46,0.2721395694774236,0.0051291865273861426,0.01884763225441809,-0.013146207902604234,-0.0483068593363628,10
nifty50,v4,2020-06-19,45,0.19164799604571542,0.0028253940803353306,0.014742622613498997,-0.02125370405891225,-0.1108996936959488,10
nifty50,v4,2020-07-17,46,0.15890984389243829,0.005978157616544522,0.03761980674143115,-0.02069698203435566,-0.13024354896707896,10
nifty50,v4,2020-08-14,46,0.1675991338995534,0.006456099015251349,0.03852107624327379,-0.026514658516869516,-0.15820283732946053,11
nifty50,v4,2020-09-11,45,0.2487804883752856,0.00035586736161430377,0.0014304472345816666,0.0033786639060776613,0.013580903905056025,9
nifty50,v4,2020-10-12,45,0.18658845022554038,0.008708736594137068,0.04667350301484528,-0.019901873357818012,-0.10666187180268367,10
nifty50,v4,2020-11-09,46,0.23992681401397004,0.007704534584488498,0.03211201972631492,-0.01143492317891004,-0.0476600467767818,14
nifty50,v4,2020-12-08,46,0.22255504162310735,0.009285283396657906,0.04172128983886311,-0.020462734684078776,-0.09194460181554558,11
nifty50,v4,2021-01-06,44,0.277697196564749,0.005751905936319135,0.020712870016237263,-0.012833693000581459,-0.04621470133418903,9
nifty50,v4,2021-02-04,46,0.2025193219710376,0.00047773036038101235,0.0023589371904441433,-0.008705796945129185,-0.042987488109278806,9
nifty50,v4,2021-03-04,46,0.20346396725134652,0.002731187329634177,0.013423444782536069,-0.003605516645457829,-0.01772066422455924,10
nifty50,v4,2021-04-06,46,0.17516580004962468,0.0023419702729090552,0.013370020130902107,0.001460327827142005,0.008336831885723654,9
nifty50,v4,2021-05-06,46,0.30242767733115944,0.00010129031409922273,0.00033492408827486204,-0.02221810339239938,-0.07346584012570541,11
nifty50,v4,2021-06-04,46,0.2234687544904177,0.0010237406441264696,0.004581135499058628,-0.020047459530269096,-0.08971034709520756,11
nifty50,v4,2021-07-02,46,0.14938890055141374,0.005829062725059897,0.039019382989928124,-0.0005074900115662473,-0.0033971065433444927,9
nifty50,v4,2021-08-02,46,0.24401138105279818,0.003861355934688171,0.01582449112835711,-0.04781680329085847,-0.19596136493531857,10
nifty50,v4,2021-08-31,47,0.3229621258522402,0.002364024732372294,0.007319820322999326,0.002364024732372294,0.007319820322999326,8
nifty50,v4,2021-09-29,46,0.2361403924731123,0.0036940107612107864,0.01564328204303886,0.0036940107612107864,0.01564328204303886,8
nifty50,v4,2021-10-28,47,0.17288868469322505,0.016565337529383717,0.09581504746118795,0.0011216181938957792,0.006487516495865457,9
nifty50,v4,2021-11-29,47,0.1885212282920185,6.418303134281267e-05,0.0003404551939550991,-0.018888654691428974,-0.10019378115959725,10
nifty50,v4,2021-12-27,47,0.2489114768031933,0.0003391958794224381,0.0013627169135741776,-0.004528681569474613,-0.018193944399981617,9
nifty50,v4,2022-01-24,47,0.3077264849704825,0.011241328556349739,0.03653026016733016,-0.01460772816845668,-0.047469843779802935,10
nifty50,v4,2022-02-22,47,0.2584080507710761,0.006357248350224554,0.024601587803688225,-0.00906429691526478,-0.03507745555224535,9
nifty50,v4,2022-03-24,47,0.17263193787605985,0.00024128197954831343,0.0013976670975074177,0.003090575117212113,0.01790268449301064,9
nifty50,v4,2022-04-25,47,0.21513022177669527,0.0032895020517046403,0.015290748201427212,-0.02365002650824477,-0.10993353845371595,10
nifty50,v4,2022-05-24,47,0.2762357501162881,0.0004863245601769428,0.0017605417111007998,-0.01708556466722999,-0.061851388388495736,9
nifty50,v4,2022-06-21,47,0.2583678283311568,0.0009176961216623702,0.003551897802408027,-0.011534506703174907,-0.04464374213182157,10
nifty50,v4,2022-07-19,47,0.19824838197274003,0.013889561260966299,0.07006141045265213,-0.0205875568354702,-0.10384728808682572,12
nifty50,v4,2022-08-18,47,0.17405705742203903,0.012483425669976844,0.07172030743750928,-0.0026047590890602157,-0.014964972564969963,10
nifty50,v4,2022-09-16,46,0.1382322912062649,0.0019932355333309726,0.014419463903385232,-0.005805311785082923,-0.04199678479191566,9
nifty50,v4,2022-10-17,48,0.184097139455699,0.0006082633861953513,0.003304034967592331,-0.011633870046262373,-0.06319419237397732,10
nifty50,v4,2022-11-16,48,0.24955647395715952,0.006637692160894271,0.02659795618860098,-0.017476731911399868,-0.07003117023684201,10
nifty50,v4,2022-12-14,47,0.2557904263153511,0.0046138844166284665,0.018037752558183087,-0.005821981976995794,-0.022760750122126017,10
nifty50,v4,2023-01-11,48,0.18942566735717598,0.0014093499316454317,0.00744012124285142,-0.005982406635059556,-0.0315818163320987,9
nifty50,v4,2023-02-09,48,0.28117321131556305,0.0049770199928309555,0.017700903900283744,-0.015115262436404375,-0.05375783263875871,11
nifty50,v4,2023-03-10,48,0.23574826062013432,0.0006139832050938709,0.0026044018457603547,-0.009332412521697586,-0.03958634730601504,10
nifty50,v4,2023-04-12,48,0.17001802605205535,0.0017326460112701003,0.010190954756406868,0.0017326460112701003,0.010190954756406868,8
nifty50,v4,2023-05-12,48,0.1963715563522832,0.0030940460719525165,0.015756080612825178,-0.013198112855180577,-0.06720990096704055,9
nifty50,v4,2023-06-09,48,0.3362399769047665,0.009648028695755206,0.028693877463856196,-0.01384303016125854,-0.04117009015016472,12
nifty50,v4,2023-07-10,46,0.2553581753378262,0.005729015541862448,0.022435214906604203,-0.02081584367060496,-0.08151626100502415,9
nifty50,v4,2023-08-07,48,0.26794266966303126,0.004347257386659309,0.016224580400450907,0.0013595310967491336,0.005073962644542209,9
nifty50,v4,2023-09-05,48,0.4157693868538562,0.004447203894397345,0.010696323575070105,0.004447203894397345,0.010696323575070105,8
nifty50,v4,2023-10-05,48,0.3800803803990821,0.012717682790149287,0.03346050847664327,-0.01880782407725401,-0.049483806708217636,10
nifty50,v4,2023-11-03,48,0.2492559901565764,0.0004219257915485386,0.0016927408295523624,0.0004219257915485386,0.0016927408295523624,8
nifty50,v4,2023-12-04,48,0.32901081004940025,0.00764675154536254,0.02324164225550643,-0.0007640445574238486,-0.0023222475799780833,10
nifty50,v4,2024-01-02,45,0.4738224564547789,0.0011019502782021462,0.0023256607262710336,-0.018803598016341683,-0.0396849025625198,10
nifty50,v4,2024-01-31,47,0.220506324100533,0.0004750411048980441,0.002154319640653317,-0.0062704299113487405,-0.028436508281231575,9
nifty50,v4,2024-02-28,48,0.1603637932908461,0.00011307252972647674,0.0007051001189613987,-0.0013897740124479974,-0.008666382753415004,9
nifty50,v4,2024-03-28,48,0.41670299508126446,0.0012960787296718568,0.003110317768220261,-0.03430526691664415,-0.08232546279143978,9
nifty50,v4,2024-04-30,48,0.19593035641294698,0.001506942322705318,0.0076912141145155394,-0.017016831355761486,-0.0868514285754498,10
nifty50,v4,2024-05-29,48,0.28679938849884573,0.002770093093239945,0.009658643652411739,-0.009585326600373367,-0.033421712126181696,11
nifty50,v4,2024-06-27,48,0.322670507495218,0.002608357172085407,0.008083655343443694,-0.014855738857763812,-0.04603996495708235,10
nifty50,v4,2024-07-26,48,0.22980064714540538,0.002660276512873594,0.011576453530134383,-0.0030168838224982064,-0.013128265128815264,11
nifty50,v4,2024-08-26,48,0.1424344870016856,0.021422382162294085,0.1504016521085976,-0.0037276712297671377,-0.02617112827262841,10
nifty50,v4,2024-09-23,50,0.2552859968860743,0.0004222644600281322,0.0016540839105114525,-0.025528084748820845,-0.0999979828905899,9
nifty50,v4,2024-10-22,50,0.33618003782181094,0.0018940166243276435,0.005633935425194845,-0.027943910655770843,-0.08312186183577697,12
nifty50,v4,2024-11-21,50,0.3596410510733826,0.004001396070856034,0.011126082684147123,-0.03952301652479695,-0.10989573188832805,13
nifty50,v4,2024-12-19,50,0.23302342600624187,0.005497026873311994,0.023590018254923212,0.006131627087310965,0.026313350517585817,10
nifty50,v4,2025-01-17,50,0.18881347066590348,0.00368518551081487,0.019517598494524956,0.006091274906842914,0.03226080684476765,9
nifty50,v4,2025-02-13,50,0.2289268787146682,0.00426439523711708,0.018627761235639667,-0.006892213977792605,-0.030106617521234717,9
nifty50,v4,2025-03-17,50,0.17098767183568153,0.0008238127028704634,0.004817965494390403,0.0008238127028704634,0.004817965494390403,8
nifty50,v4,2025-04-17,50,0.18986441959852007,0.004379169437636721,0.023064718744548043,-0.007144652528167539,-0.037630286618605756,9
nifty50,v4,2025-05-19,50,0.27030723651777666,0.005923207392672825,0.021912870217528517,-0.019946030404120796,-0.07379021982938681,9
nifty50,v4,2025-06-16,50,0.19167022399209466,0.0011202190148663638,0.00584451247321841,8.501703347563172e-05,0.000443558898742343,9
nifty50,v4,2025-07-14,50,0.17582945926226817,0.01595469111974157,0.09073957905963566,-0.017047817958316114,-0.09695655113678929,10
nifty50,v4,2025-08-11,50,0.29658417121072667,0.0013923995432164604,0.004694787107256454,0.0013923995432164604,0.004694787107256454,8
nifty50,v4,2025-09-10,50,0.25039225318208447,0.016164509162531093,0.06455674629348981,-0.0058532479197886955,-0.0233763139450334,10
nifty50,v4,2025-10-09,50,0.18848798351796142,0.0019338942221045485,0.010260039849809648,-0.024281636680300367,-0.12882326091618737,10
nifty50,v4,2025-11-10,50,0.31706900687782813,0.0034354089535318932,0.01083489360048241,-0.024213903222364497,-0.07636792842289536,10
nifty50,v4,2025-12-08,50,0.4692676765810313,0.006259284829819078,0.0133384103406028,-0.013928936665103753,-0.029682284462008025,10
nifty50,v4,2026-01-06,50,0.2442085407353764,0.00426139784324675,0.017449831322092817,-0.008405776301930068,-0.03442048454414434,9
nifty50,v4,2026-02-04,50,0.2530907693218404,0.005450867755485422,0.021537204893292177,-0.02198898155506157,-0.0868817998142773,10
nifty50,v4,2026-03-05,50,0.22543778537623493,0.008565663762468034,0.037995688026178615,-0.013688233668975758,-0.06071845341335018,9
nifty50,v4,2026-04-07,50,0.25691452894360733,0.0008122740711613563,0.0031616509759152243,-0.011564493375682883,-0.04501299877135904,9
nifty50,v4,2026-05-07,50,0.23301517325583632,0.0009584776317376198,0.004113370036573843,-0.027357743443869764,-0.11740756218408424,12
midcap50,v1,2019-01-01,41,0.2315177055038531,0.002490087016326248,0.01075549280737324,0.002490087016326248,0.01075549280737324,8
midcap50,v1,2019-01-29,41,0.2873823474163311,0.0014591069308663718,0.005077232279519807,-0.03011003632482001,-0.10477343718401592,7
midcap50,v1,2019-02-26,41,0.2377172682393015,1.605698054008009e-05,6.754654661400576e-05,-0.016104918733933493,-0.06774820715893995,7
midcap50,v1,2019-03-28,41,0.19311955376868106,0.0033027866480468404,0.0171022901803249,-0.02878897498407551,-0.1490733300811113,8
midcap50,v1,2019-04-30,41,0.18941117748498987,0.006646342636226765,0.035089495374439894,-0.018763572632064074,-0.0990626471003857,8
midcap50,v1,2019-05-29,41,0.2602407737378678,0.002329040301875862,0.008949559549887558,-0.03673564666424789,-0.14116022687993746,7
midcap50,v1,2019-06-27,41,0.2700676147515727,0.0004975662676660608,0.0018423766512092072,0.0004975662676660608,0.0018423766512092072,8
midcap50,v1,2019-07-25,41,0.19887068573876415,0.00279155945695142,0.014037058536713666,-0.00866809132843016,-0.04358657132513002,9
midcap50,v1,2019-08-26,41,0.21614915311929683,0.002453975586743651,0.011353158461783355,-0.01567810474909548,-0.07253373202180641,8
midcap50,v1,2019-09-25,41,0.5501786089401385,0.0012668142038138042,0.0023025508139151198,7.136667075324787e-05,0.00012971545893201536,7
midcap50,v1,2019-10-27,41,0.3544467244238934,0.003373205520180389,0.009516819560578791,-0.024812614184134385,-0.07000379034243871,7
midcap50,v1,2019-11-26,41,0.2109833701846528,0.002329734547320772,0.011042266247248713,-0.01694394309163172,-0.08030937735425484,8
midcap50,v1,2019-12-24,41,0.23406630362158853,0.006438214401374265,0.027505942981792156,0.006438214401374265,0.027505942981792156,8
midcap50,v1,2020-01-22,41,0.21268211128694914,0.002881214509499519,0.013547046773539904,-0.02750851538024479,-0.12934099259119403,8
midcap50,v1,2020-02-18,41,0.3537017243517866,0.004249866695018034,0.012015397162133082,-0.03535823275454564,-0.09996624364595648,8
midcap50,v1,2020-03-19,40,0.39201914651163444,0.003304521321353393,0.008429489607225909,-0.026457714356588946,-0.06749087281073331,8
midcap50,v1,2020-04-22,40,0.3050752729147658,0.0023945869143546794,0.007849167490620246,-0.014767773652687555,-0.048406983337563,8
midcap50,v1,2020-05-21,41,0.25946929730916823,0.018707654678660424,0.07209968529097102,-0.08173943838464781,-0.3150254740438594,7
midcap50,v1,2020-06-19,42,0.2934995723103559,0.002797385945615849,0.009531141471844473,-0.015164796259576452,-0.051668887079469775,8
midcap50,v1,2020-07-17,42,0.3133255488605923,0.008712732237199261,0.027807283092244135,-0.023215724245956415,-0.07409457776545944,8
midcap50,v1,2020-08-14,41,0.2630843713446387,0.0029355600743022903,0.011158245772253522,-0.01870994750306021,-0.0711176699985356,8
midcap50,v1,2020-09-11,41,0.20842058103783684,0.00714445988579715,0.03427905176264785,-0.010519829184826412,-0.050474042114471575,8
midcap50,v1,2020-10-12,42,0.258412409419292,0.011404642546820942,0.044133494101346045,-0.004929509349844152,-0.019076132454017264,7
midcap50,v1,2020-11-09,42,0.37330060058139203,0.010523739275387634,0.028191059052671164,-0.02633515217063509,-0.07054677150162565,7
midcap50,v1,2020-12-08,42,0.26712937570400225,0.01403662873158118,0.052546181768996954,-0.034995567564707564,-0.13100606203446927,7
midcap50,v1,2021-01-06,40,0.24052937145821018,0.001644644624300362,0.0068376041326250435,-0.008163350041264561,-0.03393909854656927,8
midcap50,v1,2021-02-04,40,0.23351541120296704,0.0008135961398094693,0.0034841218214172057,0.0008135961398094693,0.0034841218214172057,8
midcap50,v1,2021-03-04,42,0.2253269745281784,0.002192491068641056,0.00973026453327217,-0.029187305946393405,-0.12953311962542402,9
midcap50,v1,2021-04-06,43,0.24981104644054375,0.0005929104335319346,0.0023734356105547566,-0.03978209498303964,-0.15924874239901946,8
midcap50,v1,2021-05-06,43,0.34693007932558656,0.0031288978646275556,0.009018814023592203,-0.1911190871467794,-0.5508864711826217,8
midcap50,v1,2021-06-04,42,0.24860544601842932,0.002896694846898362,0.011651775507297728,-0.012559266817924075,-0.05051887245057796,7
midcap50,v1,2021-07-02,41,0.30898520169421556,0.0028693956819969557,0.009286514908363241,-0.0040479961794621655,-0.013100938676889221,7
midcap50,v1,2021-08-02,43,0.2622277627876249,0.0011908087535644762,0.004541123872260993,-0.02918566890263652,-0.11129892804780415,8
midcap50,v1,2021-08-31,43,0.3356158760805314,0.0017797121178171338,0.005302824582082911,-0.021042055277182836,-0.06269684117128527,8
midcap50,v1,2021-09-29,43,0.2719989083694011,0.007921732215932953,0.02912413238502585,-0.016425222811991547,-0.06038709092789626,8
midcap50,v1,2021-10-28,43,0.21457057574535676,0.0007644224583419623,0.00356256889224712,-0.03100593396675433,-0.1445022639243456,9
midcap50,v1,2021-11-29,43,0.1343045273383665,0.004666952012751691,0.03474902972551166,-0.02202106564795514,-0.1639636882267961,8
midcap50,v1,2021-12-27,43,0.37476054747991283,0.009093266354817997,0.024264203945601814,0.009093266354817997,0.024264203945601814,8
midcap50,v1,2022-01-24,43,0.27615252968172077,0.010519853975696991,0.03809436034434171,-0.020565874245007332,-0.07447288014602112,8
midcap50,v1,2022-02-22,43,0.3027094725028324,0.015913277935676762,0.052569474632241195,-0.09342093599473267,-0.30861583293816,9
midcap50,v1,2022-03-24,43,0.344767788058393,0.0002398221818062929,0.0006956049553146608,-0.032493583920000346,-0.09424773730455625,9
midcap50,v1,2022-04-25,43,0.2968024806465585,0.0007441568171349111,0.0025072459485979697,0.00343052889296791,0.011558289154102754,7
midcap50,v1,2022-05-24,43,0.25727903425803533,0.014513763731717755,0.056412539690899675,-0.014513763731717755,-0.056412539690899675,8
midcap50,v1,2022-06-21,43,0.31900282302001753,0.004874467706104557,0.015280327803866121,-0.007207233132441537,-0.02259300737281965,8
midcap50,v1,2022-07-19,43,0.305810635703143,0.0021858026858961876,0.00714756921671617,-0.004761104291274965,-0.015568798908278232,8
midcap50,v1,2022-08-18,43,0.26481742493427834,0.001709637948665521,0.006455911838466877,-0.08111153863344445,-0.30629230177574035,7
midcap50,v1,2022-09-16,43,0.3686754397938402,0.002504593231399288,0.0067934908623146495,-0.02328878584708194,-0.06316880196875822,7
midcap50,v1,2022-10-17,43,0.25134107254373056,0.0011966389795615706,0.004761016444510352,-0.01744737975313837,-0.0694171453020386,8
midcap50,v1,2022-11-16,44,0.21650086079114028,0.004111642370432045,0.018991344216402778,-0.04315526708382178,-0.199330695158085,7
midcap50,v1,2022-12-14,46,0.16410286856316952,0.0010170341070129263,0.0061975400912716565,0.0010170341070129263,0.0061975400912716565,8
midcap50,v1,2023-01-11,46,0.23505266067420227,0.0010750355748282425,0.00457359457980486,-0.02660369315271971,-0.11318184221532424,8
midcap50,v1,2023-02-09,46,0.32925425516711204,0.01620927165260677,0.04923025715910582,-0.0056162927922420725,-0.01705761642895561,9
midcap50,v1,2023-03-10,46,0.21599211995929313,1.9660622305850417e-05,9.102472029792452e-05,-0.03260420068708181,-0.1509508804915038,8
midcap50,v1,2023-04-12,46,0.23334287162367662,0.0016939693700610547,0.007259571969239332,0.0016939693700610547,0.007259571969239332,8
midcap50,v1,2023-05-12,46,0.22873323853556848,0.0026649530282546463,0.011650921594590375,-0.03695486560307348,-0.161563163446081,7
midcap50,v1,2023-06-09,45,0.35215777895902767,0.0006820261610392953,0.0019367062203065706,0.010725696160141074,0.030457075779629368,7
midcap50,v1,2023-07-10,45,0.24620968107158286,0.001077716318454769,0.004377229659549554,-0.026196050194524645,-0.10639731987999457,8
midcap50,v1,2023-08-07,45,0.23355507101088913,0.00024401076436020297,0.0010447675715370202,-0.009858277971412144,-0.042209650720675285,7
midcap50,v1,2023-09-05,46,0.2440881529635831,0.0057894425737549104,0.02371865452486205,-0.021989170595470564,-0.09008700475008818,8
midcap50,v1,2023-10-05,46,0.17126129913042032,0.0009584295248199481,0.005596299512419773,-0.011551018702562477,-0.06744675394390212,7
midcap50,v1,2023-11-03,46,0.20959042630272834,9.610271617677135e-05,0.0004585262689334982,0.004528294189762194,0.0216054438632689,7
midcap50,v1,2023-12-04,46,0.509235847497596,0.0016750440879860218,0.0032893286994960217,-0.03268397816253221,-0.06418239863344756,8
midcap50,v1,2024-01-02,45,0.16283658459217992,8.808720449993146e-05,0.0005409546308069751,-0.013448017530935719,-0.08258597147941868,8
midcap50,v1,2024-01-31,45,0.18914034604904184,0.00396131172107439,0.020943769025606355,-0.035931994681315915,-0.18997530369326476,8
midcap50,v1,2024-02-28,46,0.24124896594446144,0.0006955097658851717,0.0028829543917932763,-0.012521759171283176,-0.051903887431235016,8
midcap50,v1,2024-03-28,46,0.15048270873137592,0.009738488232950426,0.06471499825494524,-0.02676185059808689,-0.1778400377272515,8
midcap50,v1,2024-04-30,46,0.30126520991929606,0.006284412199098033,0.02086006612174543,-0.044798675333117655,-0.14870178785369367,8
midcap50,v1,2024-05-29,46,0.1499469191508837,0.005349973359674132,0.03567911491593058,-0.005564934795318943,-0.03711269845910766,8
midcap50,v1,2024-06-27,47,0.15922734601163835,0.0026917267211540308,0.016904927379479687,-0.012232969132568439,-0.07682706167616647,8
midcap50,v1,2024-07-26,47,0.3016712319545891,0.006968082654676411,0.02309826697603477,0.006968082654676411,0.02309826697603477,8
midcap50,v1,2024-08-26,46,0.258325429272721,0.00017388636965653959,0.0006731291230061719,-0.01689496323997819,-0.06540185876219615,8
midcap50,v1,2024-09-23,47,0.27670052500055126,0.00023245413845629503,0.000840092871004968,-0.031038537615040607,-0.11217375758495135,8
midcap50,v1,2024-10-22,47,0.28408407284964554,0.008743664655595396,0.030778440226823526,-0.052302876718695046,-0.1841105564069299,8
midcap50,v1,2024-11-21,47,0.3298659159490848,0.0032548285524125475,0.009867125989806519,-0.027268303520378123,-0.08266481076689056,9
midcap50,v1,2024-12-19,46,0.22177671468992793,0.002679535880701578,0.01208213352987896,-0.004281944052374698,-0.019307455511555396,8
midcap50,v1,2025-01-17,47,0.21370655372156233,0.005448802805127162,0.025496657497113502,-0.005448802805127162,-0.025496657497113502,8
midcap50,v1,2025-02-13,47,0.24190802377511678,0.005522336126922989,0.022828247036802213,-0.03709947297956828,-0.15336189515589116,8
midcap50,v1,2025-03-17,47,0.29740186127368895,0.007545245166344805,0.025370537810458317,-0.062109670170576003,-0.2088408926042953,9
midcap50,v1,2025-04-17,47,0.2980802312321575,0.014570630888837477,0.04888157402658901,-0.03664818252805235,-0.12294737687421209,8
midcap50,v1,2025-05-19,47,0.29154147561730986,0.010342309295022889,0.035474572779478755,-0.02027098472180633,-0.06953036331755044,8
midcap50,v1,2025-06-16,46,0.32909265404474225,0.0021453803403915783,0.006519076965175589,-0.047881444341158486,-0.1454953301225882,8
midcap50,v1,2025-07-14,47,0.3047897204639894,0.0048093181203099356,0.0157791349163239,-0.02877293711245521,-0.09440258375070332,8
midcap50,v1,2025-08-11,47,0.2738833320550492,0.002260764433756557,0.008254479806394915,-0.07882053693758606,-0.2877887323268855,8
midcap50,v1,2025-09-10,47,0.15856705740189464,0.004408041926341588,0.027799228910259884,-0.004408041926341588,-0.027799228910259884,8
midcap50,v1,2025-10-09,47,0.21916422245047706,0.0014343911875872584,0.006544823655746901,-0.012159686081824495,-0.05548207616127732,8
midcap50,v1,2025-11-10,48,0.26227317183878035,0.0011512819781378525,0.004389629217759058,-0.02118399537966731,-0.08077072935499914,8
midcap50,v1,2025-12-08,49,0.23918009268752655,0.0002578134611475047,0.0010779051811988444,-0.0015544481024929446,-0.006499069738733362,8
midcap50,v1,2026-01-06,49,0.17344821652469944,0.006314471502489871,0.03640551415869229,0.006314471502489871,0.03640551415869229,8
midcap50,v1,2026-02-04,49,0.20924432914369917,0.008500414576608328,0.04062434863298323,-0.0173779298222958,-0.08305089984236302,8
midcap50,v1,2026-03-05,49,0.2539057302161669,0.0024938477786075053,0.009821943665801974,-0.024893720945057374,-0.0980431632002306,9
midcap50,v1,2026-04-07,49,0.16159397162313294,0.00031229219475459313,0.0019325732984824234,0.00031229219475459313,0.0019325732984824234,8
midcap50,v1,2026-05-07,49,0.21574033780437596,0.002278647278314949,0.01056198994358268,-0.015002957246417092,-0.06954173428624705,8
midcap50,v2,2019-01-01,41,0.2315177055038531,0.002490087016326248,0.01075549280737324,0.002490087016326248,0.01075549280737324,8
midcap50,v2,2019-01-29,41,0.2873823474163311,0.0014591069308663718,0.005077232279519807,-0.019913025459015188,-0.06929105297538393,9
midcap50,v2,2019-02-26,41,0.2377172682393015,1.605698054008009e-05,6.754654661400576e-05,-0.00582308166669121,-0.024495829477685742,11
midcap50,v2,2019-03-28,41,0.19311955376868106,0.0033027866480468404,0.0171022901803249,-0.009600661462526583,-0.049713564862656386,11
midcap50,v2,2019-04-30,41,0.18941117748498987,0.006646342636226765,0.035089495374439894,-0.009558895077437568,-0.05046637270493224,10
midcap50,v2,2019-05-29,41,0.2602407737378678,0.002329040301875862,0.008949559549887558,-0.017370471292637357,-0.06674769308107759,12
midcap50,v2,2019-06-27,41,0.2700676147515727,0.0004975662676660608,0.0018423766512092072,-0.0017488083322323433,-0.0064754462834835675,10
midcap50,v2,2019-07-25,41,0.19887068573876415,0.00279155945695142,0.014037058536713666,-0.011692271964409584,-0.05879334061214287,11
midcap50,v2,2019-08-26,41,0.21614915311929683,0.002453975586743651,0.011353158461783355,-0.0012346472411461917,-0.005712015167900132,10
midcap50,v2,2019-09-25,41,0.5501786089401385,0.0012668142038138042,0.0023025508139151198,-0.006807779718016604,-0.012373763006037403,9
midcap50,v2,2019-10-27,41,0.3544467244238934,0.003373205520180389,0.009516819560578791,-0.007247408455983817,-0.02044710236147203,12
midcap50,v2,2019-11-26,41,0.2109833701846528,0.002329734547320772,0.011042266247248713,-0.01357768577359797,-0.06435429371383522,10
midcap50,v2,2019-12-24,41,0.23406630362158853,0.006438214401374265,0.027505942981792156,-0.010095075319405677,-0.04312912693202621,9
midcap50,v2,2020-01-22,41,0.21268211128694914,0.002881214509499519,0.013547046773539904,-0.007839714290215682,-0.03686118330675398,11
midcap50,v2,2020-02-18,41,0.3537017243517866,0.004249866695018034,0.012015397162133082,-0.01844193340957634,-0.052139789375847824,11
midcap50,v2,2020-03-19,40,0.39201914651163444,0.003304521321353393,0.008429489607225909,-0.016578510813947345,-0.04229005384423315,12
midcap50,v2,2020-04-22,40,0.3050752729147658,0.0023945869143546794,0.007849167490620246,0.004120076866524158,0.013505115728193597,11
midcap50,v2,2020-05-21,41,0.25946929730916823,0.018707654678660424,0.07209968529097102,-0.02812188103817337,-0.10838230700052733,9
midcap50,v2,2020-06-19,42,0.2934995723103559,0.002797385945615849,0.009531141471844473,-0.009418165253232802,-0.032089195834581086,9
midcap50,v2,2020-07-17,42,0.3133255488605923,0.008712732237199261,0.027807283092244135,-0.0042130139336731265,-0.013446123206338402,11
midcap50,v2,2020-08-14,41,0.2630843713446387,0.0029355600743022903,0.011158245772253522,-0.01870994750306021,-0.0711176699985356,9
midcap50,v2,2020-09-11,41,0.20842058103783684,0.00714445988579715,0.03427905176264785,-0.011995534618013504,-0.057554462991521095,10
midcap50,v2,2020-10-12,42,0.258412409419292,0.011404642546820942,0.044133494101346045,0.006498199363420776,0.025146622710664788,10
midcap50,v2,2020-11-09,42,0.37330060058139203,0.010523739275387634,0.028191059052671164,-0.009407522609373387,-0.02520093081747462,9
midcap50,v2,2020-12-08,42,0.26712937570400225,0.01403662873158118,0.052546181768996954,-0.034598831127727325,-0.1295208774270682,10
midcap50,v2,2021-01-06,40,0.24052937145821018,0.001644644624300362,0.0068376041326250435,-0.008637623856196264,-0.035910890232783786,10
midcap50,v2,2021-02-04,40,0.23351541120296704,0.0008135961398094693,0.0034841218214172057,0.0008135961398094693,0.0034841218214172057,8
midcap50,v2,2021-03-04,42,0.2253269745281784,0.002192491068641056,0.00973026453327217,-0.018226548785787666,-0.08088933348505212,11
midcap50,v2,2021-04-06,43,0.24981104644054375,0.0005929104335319346,0.0023734356105547566,-0.03134816313583133,-0.1254874977808171,11
midcap50,v2,2021-05-06,43,0.34693007932558656,0.0031288978646275556,0.009018814023592203,-0.014129223783391986,-0.04072643055585851,11
midcap50,v2,2021-06-04,42,0.24860544601842932,0.002896694846898362,0.011651775507297728,-0.006427299335990733,-0.025853413265589813,9
midcap50,v2,2021-07-02,41,0.30898520169421556,0.0028693956819969557,0.009286514908363241,9.670054172628006e-05,0.0003129617250148403,9
midcap50,v2,2021-08-02,43,0.2622277627876249,0.0011908087535644762,0.004541123872260993,-0.018319494806623537,-0.06986100408239487,10
midcap50,v2,2021-08-31,43,0.3356158760805314,0.0017797121178171338,0.005302824582082911,-0.008467764097478736,-0.025230523050247144,11
midcap50,v2,2021-09-29,43,0.2719989083694011,0.007921732215932953,0.02912413238502585,-0.03185823627548956,-0.11712633872862079,10
midcap50,v2,2021-10-28,43,0.21457057574535676,0.0007644224583419623,0.00356256889224712,-0.02047871461446027,-0.09544046075899772,11
midcap50,v2,2021-11-29,43,0.1343045273383665,0.004666952012751691,0.03474902972551166,-0.018518598575625322,-0.1378851401559205,10
midcap50,v2,2021-12-27,43,0.37476054747991283,0.009093266354817997,0.024264203945601814,0.0006026189993965092,0.0016080107776788046,9
midcap50,v2,2022-01-24,43,0.27615252968172077,0.010519853975696991,0.03809436034434171,-0.01004602026931034,-0.036378519801679415,9
midcap50,v2,2022-02-22,43,0.3027094725028324,0.015913277935676762,0.052569474632241195,-0.03103261351471376,-0.10251616263651409,10
midcap50,v2,2022-03-24,43,0.344767788058393,0.0002398221818062929,0.0006956049553146608,-0.03225376173819405,-0.09355213234924159,10
midcap50,v2,2022-04-25,43,0.2968024806465585,0.0007441568171349111,0.0025072459485979697,-0.028550938765326217,-0.09619508133197023,9
midcap50,v2,2022-05-24,43,0.25727903425803533,0.014513763731717755,0.056412539690899675,0.0018663531734176564,0.007254198457328695,9
midcap50,v2,2022-06-21,43,0.31900282302001753,0.004874467706104557,0.015280327803866121,0.0003946555948514119,0.0012371539258342146,10
midcap50,v2,2022-07-19,43,0.305810635703143,0.0021858026858961876,0.00714756921671617,-0.002575301605378777,-0.008421229691562062,9
midcap50,v2,2022-08-18,43,0.26481742493427834,0.001709637948665521,0.006455911838466877,-0.016698938815655873,-0.06305830826578035,10
midcap50,v2,2022-09-16,43,0.3686754397938402,0.002504593231399288,0.0067934908623146495,-0.004684342954296095,-0.01270587201825957,10
midcap50,v2,2022-10-17,43,0.25134107254373056,0.0011966389795615706,0.004761016444510352,-0.011151538172459619,-0.04436814906373639,10
midcap50,v2,2022-11-16,44,0.21650086079114028,0.004111642370432045,0.018991344216402778,-0.026379932787601756,-0.12184678015229991,11
midcap50,v2,2022-12-14,46,0.16410286856316952,0.0010170341070129263,0.0061975400912716565,0.0010170341070129263,0.0061975400912716565,8
midcap50,v2,2023-01-11,46,0.23505266067420227,0.0010750355748282425,0.00457359457980486,-0.013341765396699845,-0.05676075037156192,10
midcap50,v2,2023-02-09,46,0.32925425516711204,0.01620927165260677,0.04923025715910582,-0.0056162927922420725,-0.01705761642895561,9
midcap50,v2,2023-03-10,46,0.21599211995929313,1.9660622305850417e-05,9.102472029792452e-05,-0.008664727249342974,-0.04011594150275467,13
midcap50,v2,2023-04-12,46,0.23334287162367662,0.0016939693700610547,0.007259571969239332,0.0088693328865872,0.03800987287450205,9
midcap50,v2,2023-05-12,46,0.22873323853556848,0.0026649530282546463,0.011650921594590375,-0.029667532171469002,-0.12970363363633153,10
midcap50,v2,2023-06-09,45,0.35215777895902767,0.0006820261610392953,0.0019367062203065706,0.0006820261610392953,0.0019367062203065706,8
midcap50,v2,2023-07-10,45,0.24620968107158286,0.001077716318454769,0.004377229659549554,-0.026058665016680638,-0.1058393191659444,10
midcap50,v2,2023-08-07,45,0.23355507101088913,0.00024401076436020297,0.0010447675715370202,-0.01037132364676796,-0.04440633038656829,10
midcap50,v2,2023-09-05,46,0.2440881529635831,0.0057894425737549104,0.02371865452486205,-0.011232393839436305,-0.04601777555796462,12
midcap50,v2,2023-10-05,46,0.17126129913042032,0.0009584295248199481,0.005596299512419773,-0.004416488902737381,-0.025788014718807546,9
midcap50,v2,2023-11-03,46,0.20959042630272834,9.610271617677135e-05,0.0004585262689334982,9.610271617677135e-05,0.0004585262689334982,8
midcap50,v2,2023-12-04,46,0.509235847497596,0.0016750440879860218,0.0032893286994960217,-0.020870049045623396,-0.04098307129825914,11
midcap50,v2,2024-01-02,45,0.16283658459217992,8.808720449993146e-05,0.0005409546308069751,-0.012560122090500503,-0.07713329361431283,9
midcap50,v2,2024-01-31,45,0.18914034604904184,0.00396131172107439,0.020943769025606355,-0.0217489105526687,-0.11498821381573165,10
midcap50,v2,2024-02-28,46,0.24124896594446144,0.0006955097658851717,0.0028829543917932763,-0.009204208651380608,-0.038152323743014645,10
midcap50,v2,2024-03-28,46,0.15048270873137592,0.009738488232950426,0.06471499825494524,-0.013955908090625968,-0.09274094152264642,9
midcap50,v2,2024-04-30,46,0.30126520991929606,0.006284412199098033,0.02086006612174543,-0.03091062086786578,-0.10260268975679675,12
midcap50,v2,2024-05-29,46,0.1499469191508837,0.005349973359674132,0.03567911491593058,-0.010511089343923863,-0.07009873496198415,10
midcap50,v2,2024-06-27,47,0.15922734601163835,0.0026917267211540308,0.016904927379479687,-0.009541242411414408,-0.05992213429668678,9
midcap50,v2,2024-07-26,47,0.3016712319545891,0.006968082654676411,0.02309826697603477,0.006968082654676411,0.02309826697603477,8
midcap50,v2,2024-08-26,46,0.258325429272721,0.00017388636965653959,0.0006731291230061719,-0.0049421211718116975,-0.019131376983386985,11
midcap50,v2,2024-09-23,47,0.27670052500055126,0.00023245413845629503,0.000840092871004968,-0.023967613838065782,-0.08661932910325354,9
midcap50,v2,2024-10-22,47,0.28408407284964554,0.008743664655595396,0.030778440226823526,-0.02052642855456821,-0.07225476721967457,11
midcap50,v2,2024-11-21,47,0.3298659159490848,0.0032548285524125475,0.009867125989806519,-0.008985643296880008,-0.027240290258624213,11
midcap50,v2,2024-12-19,46,0.22177671468992793,0.002679535880701578,0.01208213352987896,-0.00957507404118041,-0.04317438850407528,11
midcap50,v2,2025-01-17,47,0.21370655372156233,0.005448802805127162,0.025496657497113502,0.004465629038745478,0.02089607904380758,10
midcap50,v2,2025-02-13,47,0.24190802377511678,0.005522336126922989,0.022828247036802213,-0.019753717880563126,-0.08165796889369256,11
midcap50,v2,2025-03-17,47,0.29740186127368895,0.007545245166344805,0.025370537810458317,-0.02617908438416572,-0.08802596013369932,10
midcap50,v2,2025-04-17,47,0.2980802312321575,0.014570630888837477,0.04888157402658901,-0.010378249710672027,-0.034816967457962714,11
midcap50,v2,2025-05-19,47,0.29154147561730986,0.010342309295022889,0.035474572779478755,-0.0037539381404863015,-0.012876171846690813,10
midcap50,v2,2025-06-16,46,0.32909265404474225,0.0021453803403915783,0.006519076965175589,-0.022312963481645465,-0.06780146322747112,11
midcap50,v2,2025-07-14,47,0.3047897204639894,0.0048093181203099356,0.0157791349163239,-0.022967838402194296,-0.07535634196333706,11
midcap50,v2,2025-08-11,47,0.2738833320550492,0.002260764433756557,0.008254479806394915,-0.007692034656527125,-0.02808507768183959,11
midcap50,v2,2025-09-10,47,0.15856705740189464,0.004408041926341588,0.027799228910259884,0.0014382345354326809,0.009070197549213625,9
midcap50,v2,2025-10-09,47,0.21916422245047706,0.0014343911875872584,0.006544823655746901,-0.009710393404341877,-0.04430647163013143,11
midcap50,v2,2025-11-10,48,0.26227317183878035,0.0011512819781378525,0.004389629217759058,0.003313689365771033,0.01263449609633715,10
midcap50,v2,2025-12-08,49,0.23918009268752655,0.0002578134611475047,0.0010779051811988444,-0.0015693280069438709,-0.006561281874717296,10
midcap50,v2,2026-01-06,49,0.17344821652469944,0.006314471502489871,0.03640551415869229,0.006314471502489871,0.03640551415869229,8
midcap50,v2,2026-02-04,49,0.20924432914369917,0.008500414576608328,0.04062434863298323,-0.008877515245687473,-0.04242655120937979,9
midcap50,v2,2026-03-05,49,0.2539057302161669,0.0024938477786075053,0.009821943665801974,-0.02239987316644987,-0.08822121953442863,10
midcap50,v2,2026-04-07,49,0.16159397162313294,0.00031229219475459313,0.0019325732984824234,0.00031229219475459313,0.0019325732984824234,8
midcap50,v2,2026-05-07,49,0.21574033780437596,0.002278647278314949,0.01056198994358268,-0.0036044184999065587,-0.016707207083243237,11
midcap50,v3,2019-01-01,41,0.2315177055038531,0.002490087016326248,0.01075549280737324,0.002490087016326248,0.01075549280737324,8
midcap50,v3,2019-01-29,41,0.2873823474163311,0.0014591069308663718,0.005077232279519807,-0.02137213238988156,-0.07436828525490373,8
midcap50,v3,2019-02-26,41,0.2377172682393015,1.605698054008009e-05,6.754654661400576e-05,-0.012298271361734447,-0.05173486744494395,8
midcap50,v3,2019-03-28,41,0.19311955376868106,0.0033027866480468404,0.0171022901803249,-0.04583208563365315,-0.2373249354570843,8
midcap50,v3,2019-04-30,41,0.18941117748498987,0.006646342636226765,0.035089495374439894,-0.018763572632064074,-0.0990626471003857,8
midcap50,v3,2019-05-29,41,0.2602407737378678,0.002329040301875862,0.008949559549887558,-0.034423857165622795,-0.1322769551872638,8
midcap50,v3,2019-06-27,41,0.2700676147515727,0.0004975662676660608,0.0018423766512092072,-0.02144651736460701,-0.07941165912964068,7
midcap50,v3,2019-07-25,41,0.19887068573876415,0.00279155945695142,0.014037058536713666,-0.022182630853774032,-0.11154298971399465,8
midcap50,v3,2019-08-26,41,0.21614915311929683,0.002453975586743651,0.011353158461783355,-0.07937123274457103,-0.36720584651453403,8
midcap50,v3,2019-09-25,41,0.5501786089401385,0.0012668142038138042,0.0023025508139151198,-0.008074593921830409,-0.014676313819952522,8
midcap50,v3,2019-10-27,41,0.3544467244238934,0.003373205520180389,0.009516819560578791,-0.01910990240168997,-0.05391473833691257,9
midcap50,v3,2019-11-26,41,0.2109833701846528,0.002329734547320772,0.011042266247248713,-0.01761577764664657,-0.08349367834644611,8
midcap50,v3,2019-12-24,41,0.23406630362158853,0.006438214401374265,0.027505942981792156,-0.016777153941162637,-0.07167692949210669,8
midcap50,v3,2020-01-22,41,0.21268211128694914,0.002881214509499519,0.013547046773539904,-0.012032789438179425,-0.05657640581696537,8
midcap50,v3,2020-02-18,41,0.3537017243517866,0.004249866695018034,0.012015397162133082,-0.02020222655821735,-0.05711656225380601,8
midcap50,v3,2020-03-19,40,0.39201914651163444,0.003304521321353393,0.008429489607225909,-0.03207501130763857,-0.08182001209139064,8
midcap50,v3,2020-04-22,40,0.3050752729147658,0.0023945869143546794,0.007849167490620246,-0.02248958141642632,-0.07371813913843363,9
midcap50,v3,2020-05-21,41,0.25946929730916823,0.018707654678660424,0.07209968529097102,-0.02812188103817337,-0.10838230700052733,9
midcap50,v3,2020-06-19,42,0.2934995723103559,0.002797385945615849,0.009531141471844473,-0.009418165253232802,-0.032089195834581086,9
midcap50,v3,2020-07-17,42,0.3133255488605923,0.008712732237199261,0.027807283092244135,-0.025739646276145667,-0.08214984820021169,9
midcap50,v3,2020-08-14,41,0.2630843713446387,0.0029355600743022903,0.011158245772253522,-0.017512443454453686,-0.06656588289508276,9
midcap50,v3,2020-09-11,41,0.20842058103783684,0.00714445988579715,0.03427905176264785,-0.034790622593094955,-0.16692508206173284,9
midcap50,v3,2020-10-12,42,0.258412409419292,0.011404642546820942,0.044133494101346045,-0.02109484748079382,-0.08163248633530587,9
midcap50,v3,2020-11-09,42,0.37330060058139203,0.010523739275387634,0.028191059052671164,-0.009407522609373387,-0.02520093081747462,9
midcap50,v3,2020-12-08,42,0.26712937570400225,0.01403662873158118,0.052546181768996954,-0.034598831127727325,-0.1295208774270682,9
midcap50,v3,2021-01-06,40,0.24052937145821018,0.001644644624300362,0.0068376041326250435,-0.02506464401368602,-0.10420616767811568,8
midcap50,v3,2021-02-04,40,0.23351541120296704,0.0008135961398094693,0.0034841218214172057,0.0008135961398094693,0.0034841218214172057,8
midcap50,v3,2021-03-04,42,0.2253269745281784,0.002192491068641056,0.00973026453327217,-0.029187305946393405,-0.12953311962542402,8
midcap50,v3,2021-04-06,43,0.24981104644054375,0.0005929104335319346,0.0023734356105547566,-0.03978209498303964,-0.15924874239901946,8
midcap50,v3,2021-05-06,43,0.34693007932558656,0.0031288978646275556,0.009018814023592203,-0.023114185320032066,-0.06662491002499639,9
midcap50,v3,2021-06-04,42,0.24860544601842932,0.002896694846898362,0.011651775507297728,-0.012559266817924075,-0.05051887245057796,8
midcap50,v3,2021-07-02,41,0.30898520169421556,0.0028693956819969557,0.009286514908363241,9.670054172628006e-05,0.0003129617250148403,9
midcap50,v3,2021-08-02,43,0.2622277627876249,0.0011908087535644762,0.004541123872260993,-0.02609110431023054,-0.0994978717465603,9
midcap50,v3,2021-08-31,43,0.3356158760805314,0.0017797121178171338,0.005302824582082911,-0.07225513095111846,-0.2152911590325982,8
midcap50,v3,2021-09-29,43,0.2719989083694011,0.007921732215932953,0.02912413238502585,-0.017152359967906428,-0.06306040002414953,8
midcap50,v3,2021-10-28,43,0.21457057574535676,0.0007644224583419623,0.00356256889224712,-0.03592081329760177,-0.1674079177577035,7
midcap50,v3,2021-11-29,43,0.1343045273383665,0.004666952012751691,0.03474902972551166,-0.02202106564795514,-0.1639636882267961,7
midcap50,v3,2021-12-27,43,0.37476054747991283,0.009093266354817997,0.024264203945601814,0.0012484523561305805,0.0033313334728690925,7
midcap50,v3,2022-01-24,43,0.27615252968172077,0.010519853975696991,0.03809436034434171,-0.026112254622724484,-0.09455736166103612,7
midcap50,v3,2022-02-22,43,0.3027094725028324,0.015913277935676762,0.052569474632241195,-0.09342093599473267,-0.30861583293816,7
midcap50,v3,2022-03-24,43,0.344767788058393,0.0002398221818062929,0.0006956049553146608,-0.1215283922774465,-0.3524934651286603,7
midcap50,v3,2022-04-25,43,0.2968024806465585,0.0007441568171349111,0.0025072459485979697,0.0007441568171349111,0.0025072459485979697,8
midcap50,v3,2022-05-24,43,0.25727903425803533,0.014513763731717755,0.056412539690899675,-0.014513763731717755,-0.056412539690899675,8
midcap50,v3,2022-06-21,43,0.31900282302001753,0.004874467706104557,0.015280327803866121,-0.007207233132441537,-0.02259300737281965,8
midcap50,v3,2022-07-19,43,0.305810635703143,0.0021858026858961876,0.00714756921671617,-0.004761104291274965,-0.015568798908278232,8
midcap50,v3,2022-08-18,43,0.26481742493427834,0.001709637948665521,0.006455911838466877,-0.05117570623666112,-0.1932490139172744,8
midcap50,v3,2022-09-16,43,0.3686754397938402,0.002504593231399288,0.0067934908623146495,-0.019797255013017767,-0.05369832887183427,8
midcap50,v3,2022-10-17,43,0.25134107254373056,0.0011966389795615706,0.004761016444510352,-0.019886800993893394,-0.07912276649664297,8
midcap50,v3,2022-11-16,44,0.21650086079114028,0.004111642370432045,0.018991344216402778,-0.029201934893043013,-0.13488138008473924,9
midcap50,v3,2022-12-14,46,0.16410286856316952,0.0010170341070129263,0.0061975400912716565,0.0010170341070129263,0.0061975400912716565,8
midcap50,v3,2023-01-11,46,0.23505266067420227,0.0010750355748282425,0.00457359457980486,-0.051572623640317894,-0.21940880606240312,7
midcap50,v3,2023-02-09,46,0.32925425516711204,0.01620927165260677,0.04923025715910582,-0.06324841566255879,-0.19209597042400328,6
midcap50,v3,2023-03-10,46,0.21599211995929313,1.9660622305850417e-05,9.102472029792452e-05,-0.03260420068708181,-0.1509508804915038,7
midcap50,v3,2023-04-12,46,0.23334287162367662,0.0016939693700610547,0.007259571969239332,-0.003155523117633008,-0.013523117700900129,7
midcap50,v3,2023-05-12,46,0.22873323853556848,0.0026649530282546463,0.011650921594590375,-0.03420102467620989,-0.1495236323989334,8
midcap50,v3,2023-06-09,45,0.35215777895902767,0.0006820261610392953,0.0019367062203065706,0.0006820261610392953,0.0019367062203065706,8
midcap50,v3,2023-07-10,45,0.24620968107158286,0.001077716318454769,0.004377229659549554,-0.03553799267154267,-0.14434035459885258,8
midcap50,v3,2023-08-07,45,0.23355507101088913,0.00024401076436020297,0.0010447675715370202,-0.013065105222174744,-0.05594014793010255,8
midcap50,v3,2023-09-05,46,0.2440881529635831,0.0057894425737549104,0.02371865452486205,-0.06313591737023228,-0.25866031023493335,7
midcap50,v3,2023-10-05,46,0.17126129913042032,0.0009584295248199481,0.005596299512419773,0.0009584295248199481,0.005596299512419773,8
midcap50,v3,2023-11-03,46,0.20959042630272834,9.610271617677135e-05,0.0004585262689334982,9.610271617677135e-05,0.0004585262689334982,8
midcap50,v3,2023-12-04,46,0.509235847497596,0.0016750440879860218,0.0032893286994960217,-0.06328639716936091,-0.12427718409918044,8
midcap50,v3,2024-01-02,45,0.16283658459217992,8.808720449993146e-05,0.0005409546308069751,-0.02724903842405013,-0.16733978112040765,7
midcap50,v3,2024-01-31,45,0.18914034604904184,0.00396131172107439,0.020943769025606355,-0.035931994681315915,-0.18997530369326476,7
midcap50,v3,2024-02-28,46,0.24124896594446144,0.0006955097658851717,0.0028829543917932763,-0.012521759171283176,-0.051903887431235016,7
midcap50,v3,2024-03-28,46,0.15048270873137592,0.009738488232950426,0.06471499825494524,-0.025839652170921212,-0.17171176933721422,8
midcap50,v3,2024-04-30,46,0.30126520991929606,0.006284412199098033,0.02086006612174543,-0.04980552045101716,-0.16532118150767966,8
midcap50,v3,2024-05-29,46,0.1499469191508837,0.005349973359674132,0.03567911491593058,-0.020275972796058306,-0.13522100294475314,8
midcap50,v3,2024-06-27,47,0.15922734601163835,0.0026917267211540308,0.016904927379479687,-0.013541499068823182,-0.08504505920630868,8
midcap50,v3,2024-07-26,47,0.3016712319545891,0.006968082654676411,0.02309826697603477,0.006968082654676411,0.02309826697603477,8
midcap50,v3,2024-08-26,46,0.258325429272721,0.00017388636965653959,0.0006731291230061719,-0.020264685756178236,-0.07844634503552599,8
midcap50,v3,2024-09-23,47,0.27670052500055126,0.00023245413845629503,0.000840092871004968,0.00023245413845629503,0.000840092871004968,8
midcap50,v3,2024-10-22,47,0.28408407284964554,0.008743664655595396,0.030778440226823526,-0.052302876718695046,-0.1841105564069299,8
midcap50,v3,2024-11-21,47,0.3298659159490848,0.0032548285524125475,0.009867125989806519,-0.020232479232178413,-0.0613354646658957,8
midcap50,v3,2024-12-19,46,0.22177671468992793,0.002679535880701578,0.01208213352987896,-0.008977971891766745,-0.040482031237224755,7
midcap50,v3,2025-01-17,47,0.21370655372156233,0.005448802805127162,0.025496657497113502,-0.009429587204773715,-0.04412399638927077,7
midcap50,v3,2025-02-13,47,0.24190802377511678,0.005522336126922989,0.022828247036802213,-0.03709947297956828,-0.15336189515589116,8
midcap50,v3,2025-03-17,47,0.29740186127368895,0.007545245166344805,0.025370537810458317,-0.06864682156079904,-0.2308217617294119,8
midcap50,v3,2025-04-17,47,0.2980802312321575,0.014570630888837477,0.04888157402658901,-0.03664818252805235,-0.12294737687421209,8
midcap50,v3,2025-05-19,47,0.29154147561730986,0.010342309295022889,0.035474572779478755,-0.02027098472180633,-0.06953036331755044,8
midcap50,v3,2025-06-16,46,0.32909265404474225,0.0021453803403915783,0.006519076965175589,-0.02263220878938521,-0.06877154051061929,8
midcap50,v3,2025-07-14,47,0.3047897204639894,0.0048093181203099356,0.0157791349163239,-0.0314964846250364,-0.10333840845120523,8
midcap50,v3,2025-08-11,47,0.2738833320550492,0.002260764433756557,0.008254479806394915,-0.011580281143439897,-0.042281803191704694,9
midcap50,v3,2025-09-10,47,0.15856705740189464,0.004408041926341588,0.027799228910259884,-0.004408041926341588,-0.027799228910259884,8
midcap50,v3,2025-10-09,47,0.21916422245047706,0.0014343911875872584,0.006544823655746901,-0.012159686081824495,-0.05548207616127732,8
midcap50,v3,2025-11-10,48,0.26227317183878035,0.0011512819781378525,0.004389629217759058,-0.029403695379292327,-0.11211095352660323,7
midcap50,v3,2025-12-08,49,0.23918009268752655,0.0002578134611475047,0.0010779051811988444,-0.0015544481024929446,-0.006499069738733362,8
midcap50,v3,2026-01-06,49,0.17344821652469944,0.006314471502489871,0.03640551415869229,0.006314471502489871,0.03640551415869229,8
midcap50,v3,2026-02-04,49,0.20924432914369917,0.008500414576608328,0.04062434863298323,-0.022924132850311363,-0.10955677004067406,8
midcap50,v3,2026-03-05,49,0.2539057302161669,0.0024938477786075053,0.009821943665801974,-0.0268785179363763,-0.10586022581488343,7
midcap50,v3,2026-04-07,49,0.16159397162313294,0.00031229219475459313,0.0019325732984824234,0.00031229219475459313,0.0019325732984824234,8
midcap50,v3,2026-05-07,49,0.21574033780437596,0.002278647278314949,0.01056198994358268,-0.014088739427803865,-0.06530415021681725,8
midcap50,v4,2019-01-01,41,0.2315177055038531,0.002490087016326248,0.01075549280737324,0.002490087016326248,0.01075549280737324,8
midcap50,v4,2019-01-29,41,0.2873823474163311,0.0014591069308663718,0.005077232279519807,-0.019913025459015188,-0.06929105297538393,9
midcap50,v4,2019-02-26,41,0.2377172682393015,1.605698054008009e-05,6.754654661400576e-05,-0.00582308166669121,-0.024495829477685742,11
midcap50,v4,2019-03-28,41,0.19311955376868106,0.0033027866480468404,0.0171022901803249,-0.009600661462526583,-0.049713564862656386,11
midcap50,v4,2019-04-30,41,0.18941117748498987,0.006646342636226765,0.035089495374439894,-0.009558895077437568,-0.05046637270493224,10
midcap50,v4,2019-05-29,41,0.2602407737378678,0.002329040301875862,0.008949559549887558,-0.017370471292637357,-0.06674769308107759,12
midcap50,v4,2019-06-27,41,0.2700676147515727,0.0004975662676660608,0.0018423766512092072,-0.0017488083322323433,-0.0064754462834835675,10
midcap50,v4,2019-07-25,41,0.19887068573876415,0.00279155945695142,0.014037058536713666,-0.011692271964409584,-0.05879334061214287,11
midcap50,v4,2019-08-26,41,0.21614915311929683,0.002453975586743651,0.011353158461783355,-0.0012346472411461917,-0.005712015167900132,10
midcap50,v4,2019-09-25,41,0.5501786089401385,0.0012668142038138042,0.0023025508139151198,-0.006807779718016604,-0.012373763006037403,9
midcap50,v4,2019-10-27,41,0.3544467244238934,0.003373205520180389,0.009516819560578791,-0.007247408455983817,-0.02044710236147203,12
midcap50,v4,2019-11-26,41,0.2109833701846528,0.002329734547320772,0.011042266247248713,-0.01357768577359797,-0.06435429371383522,10
midcap50,v4,2019-12-24,41,0.23406630362158853,0.006438214401374265,0.027505942981792156,-0.010095075319405677,-0.04312912693202621,9
midcap50,v4,2020-01-22,41,0.21268211128694914,0.002881214509499519,0.013547046773539904,-0.007839714290215682,-0.03686118330675398,11
midcap50,v4,2020-02-18,41,0.3537017243517866,0.004249866695018034,0.012015397162133082,-0.01844193340957634,-0.052139789375847824,11
midcap50,v4,2020-03-19,40,0.39201914651163444,0.003304521321353393,0.008429489607225909,-0.016578510813947345,-0.04229005384423315,12
midcap50,v4,2020-04-22,40,0.3050752729147658,0.0023945869143546794,0.007849167490620246,0.004120076866524158,0.013505115728193597,11
midcap50,v4,2020-05-21,41,0.25946929730916823,0.018707654678660424,0.07209968529097102,-0.02812188103817337,-0.10838230700052733,9
midcap50,v4,2020-06-19,42,0.2934995723103559,0.002797385945615849,0.009531141471844473,-0.009418165253232802,-0.032089195834581086,9
midcap50,v4,2020-07-17,42,0.3133255488605923,0.008712732237199261,0.027807283092244135,-0.0042130139336731265,-0.013446123206338402,11
midcap50,v4,2020-08-14,41,0.2630843713446387,0.0029355600743022903,0.011158245772253522,-0.012398925938910121,-0.04712908591087539,10
midcap50,v4,2020-09-11,41,0.20842058103783684,0.00714445988579715,0.03427905176264785,-0.011995534618013504,-0.057554462991521095,11
midcap50,v4,2020-10-12,42,0.258412409419292,0.011404642546820942,0.044133494101346045,0.006498199363420776,0.025146622710664788,10
midcap50,v4,2020-11-09,42,0.37330060058139203,0.010523739275387634,0.028191059052671164,-0.009407522609373387,-0.02520093081747462,9
midcap50,v4,2020-12-08,42,0.26712937570400225,0.01403662873158118,0.052546181768996954,-0.01766026054797709,-0.06611126350830797,11
midcap50,v4,2021-01-06,40,0.24052937145821018,0.001644644624300362,0.0068376041326250435,-0.027477690835378987,-0.11423840119314904,9
midcap50,v4,2021-02-04,40,0.23351541120296704,0.0008135961398094693,0.0034841218214172057,0.0008135961398094693,0.0034841218214172057,8
midcap50,v4,2021-03-04,42,0.2253269745281784,0.002192491068641056,0.00973026453327217,-0.018226548785787666,-0.08088933348505212,11
midcap50,v4,2021-04-06,43,0.24981104644054375,0.0005929104335319346,0.0023734356105547566,-0.03134816313583133,-0.1254874977808171,11
midcap50,v4,2021-05-06,43,0.34693007932558656,0.0031288978646275556,0.009018814023592203,-0.014129223783391986,-0.04072643055585851,11
midcap50,v4,2021-06-04,42,0.24860544601842932,0.002896694846898362,0.011651775507297728,-0.006427299335990733,-0.025853413265589813,9
midcap50,v4,2021-07-02,41,0.30898520169421556,0.0028693956819969557,0.009286514908363241,9.670054172628006e-05,0.0003129617250148403,9
midcap50,v4,2021-08-02,43,0.2622277627876249,0.0011908087535644762,0.004541123872260993,-0.018319494806623537,-0.06986100408239487,10
midcap50,v4,2021-08-31,43,0.3356158760805314,0.0017797121178171338,0.005302824582082911,-0.008467764097478736,-0.025230523050247144,11
midcap50,v4,2021-09-29,43,0.2719989083694011,0.007921732215932953,0.02912413238502585,-0.03185823627548956,-0.11712633872862079,10
midcap50,v4,2021-10-28,43,0.21457057574535676,0.0007644224583419623,0.00356256889224712,-0.02047871461446027,-0.09544046075899772,11
midcap50,v4,2021-11-29,43,0.1343045273383665,0.004666952012751691,0.03474902972551166,-0.018518598575625322,-0.1378851401559205,10
midcap50,v4,2021-12-27,43,0.37476054747991283,0.009093266354817997,0.024264203945601814,0.0006026189993965092,0.0016080107776788046,9
midcap50,v4,2022-01-24,43,0.27615252968172077,0.010519853975696991,0.03809436034434171,-0.01004602026931034,-0.036378519801679415,9
midcap50,v4,2022-02-22,43,0.3027094725028324,0.015913277935676762,0.052569474632241195,-0.03103261351471376,-0.10251616263651409,10
midcap50,v4,2022-03-24,43,0.344767788058393,0.0002398221818062929,0.0006956049553146608,-0.03225376173819405,-0.09355213234924159,10
midcap50,v4,2022-04-25,43,0.2968024806465585,0.0007441568171349111,0.0025072459485979697,-0.028550938765326217,-0.09619508133197023,9
midcap50,v4,2022-05-24,43,0.25727903425803533,0.014513763731717755,0.056412539690899675,0.0018663531734176564,0.007254198457328695,9
midcap50,v4,2022-06-21,43,0.31900282302001753,0.004874467706104557,0.015280327803866121,0.0003946555948514119,0.0012371539258342146,10
midcap50,v4,2022-07-19,43,0.305810635703143,0.0021858026858961876,0.00714756921671617,-0.002575301605378777,-0.008421229691562062,9
midcap50,v4,2022-08-18,43,0.26481742493427834,0.001709637948665521,0.006455911838466877,-0.016698938815655873,-0.06305830826578035,10
midcap50,v4,2022-09-16,43,0.3686754397938402,0.002504593231399288,0.0067934908623146495,-0.004684342954296095,-0.01270587201825957,10
midcap50,v4,2022-10-17,43,0.25134107254373056,0.0011966389795615706,0.004761016444510352,-0.011151538172459619,-0.04436814906373639,10
midcap50,v4,2022-11-16,44,0.21650086079114028,0.004111642370432045,0.018991344216402778,-0.026379932787601756,-0.12184678015229991,11
midcap50,v4,2022-12-14,46,0.16410286856316952,0.0010170341070129263,0.0061975400912716565,0.0010170341070129263,0.0061975400912716565,8
midcap50,v4,2023-01-11,46,0.23505266067420227,0.0010750355748282425,0.00457359457980486,-0.013341765396699845,-0.05676075037156192,10
midcap50,v4,2023-02-09,46,0.32925425516711204,0.01620927165260677,0.04923025715910582,-0.0056162927922420725,-0.01705761642895561,9
midcap50,v4,2023-03-10,46,0.21599211995929313,1.9660622305850417e-05,9.102472029792452e-05,-0.008664727249342974,-0.04011594150275467,13
midcap50,v4,2023-04-12,46,0.23334287162367662,0.0016939693700610547,0.007259571969239332,0.0088693328865872,0.03800987287450205,9
midcap50,v4,2023-05-12,46,0.22873323853556848,0.0026649530282546463,0.011650921594590375,-0.029667532171469002,-0.12970363363633153,10
midcap50,v4,2023-06-09,45,0.35215777895902767,0.0006820261610392953,0.0019367062203065706,0.0006820261610392953,0.0019367062203065706,8
midcap50,v4,2023-07-10,45,0.24620968107158286,0.001077716318454769,0.004377229659549554,-0.026058665016680638,-0.1058393191659444,10
midcap50,v4,2023-08-07,45,0.23355507101088913,0.00024401076436020297,0.0010447675715370202,-0.01037132364676796,-0.04440633038656829,10
midcap50,v4,2023-09-05,46,0.2440881529635831,0.0057894425737549104,0.02371865452486205,-0.02326200321704741,-0.0953016479276567,11
midcap50,v4,2023-10-05,46,0.17126129913042032,0.0009584295248199481,0.005596299512419773,-0.004416488902737381,-0.025788014718807546,9
midcap50,v4,2023-11-03,46,0.20959042630272834,9.610271617677135e-05,0.0004585262689334982,9.610271617677135e-05,0.0004585262689334982,8
midcap50,v4,2023-12-04,46,0.509235847497596,0.0016750440879860218,0.0032893286994960217,-0.0215617593038836,-0.042341401159872956,11
midcap50,v4,2024-01-02,45,0.16283658459217992,8.808720449993146e-05,0.0005409546308069751,-0.009279784499621968,-0.05698832681158814,10
midcap50,v4,2024-01-31,45,0.18914034604904184,0.00396131172107439,0.020943769025606355,-0.0217489105526687,-0.11498821381573165,10
midcap50,v4,2024-02-28,46,0.24124896594446144,0.0006955097658851717,0.0028829543917932763,-0.009204208651380608,-0.038152323743014645,10
midcap50,v4,2024-03-28,46,0.15048270873137592,0.009738488232950426,0.06471499825494524,-0.013955908090625968,-0.09274094152264642,9
midcap50,v4,2024-04-30,46,0.30126520991929606,0.006284412199098033,0.02086006612174543,-0.007266583802451931,-0.024120222193589922,13
midcap50,v4,2024-05-29,46,0.1499469191508837,0.005349973359674132,0.03567911491593058,-0.010511089343923863,-0.07009873496198415,10
midcap50,v4,2024-06-27,47,0.15922734601163835,0.0026917267211540308,0.016904927379479687,-0.009541242411414408,-0.05992213429668678,9
midcap50,v4,2024-07-26,47,0.3016712319545891,0.006968082654676411,0.02309826697603477,0.006968082654676411,0.02309826697603477,8
midcap50,v4,2024-08-26,46,0.258325429272721,0.00017388636965653959,0.0006731291230061719,-0.0049421211718116975,-0.019131376983386985,11
midcap50,v4,2024-09-23,47,0.27670052500055126,0.00023245413845629503,0.000840092871004968,-0.023967613838065782,-0.08661932910325354,9
midcap50,v4,2024-10-22,47,0.28408407284964554,0.008743664655595396,0.030778440226823526,-0.02052642855456821,-0.07225476721967457,11
midcap50,v4,2024-11-21,47,0.3298659159490848,0.0032548285524125475,0.009867125989806519,-0.008985643296880008,-0.027240290258624213,11
midcap50,v4,2024-12-19,46,0.22177671468992793,0.002679535880701578,0.01208213352987896,-0.00957507404118041,-0.04317438850407528,11
midcap50,v4,2025-01-17,47,0.21370655372156233,0.005448802805127162,0.025496657497113502,0.004465629038745478,0.02089607904380758,10
midcap50,v4,2025-02-13,47,0.24190802377511678,0.005522336126922989,0.022828247036802213,-0.019753717880563126,-0.08165796889369256,11
midcap50,v4,2025-03-17,47,0.29740186127368895,0.007545245166344805,0.025370537810458317,-0.02617908438416572,-0.08802596013369932,10
midcap50,v4,2025-04-17,47,0.2980802312321575,0.014570630888837477,0.04888157402658901,-0.010378249710672027,-0.034816967457962714,11
midcap50,v4,2025-05-19,47,0.29154147561730986,0.010342309295022889,0.035474572779478755,-0.0037539381404863015,-0.012876171846690813,10
midcap50,v4,2025-06-16,46,0.32909265404474225,0.0021453803403915783,0.006519076965175589,-0.022312963481645465,-0.06780146322747112,11
midcap50,v4,2025-07-14,47,0.3047897204639894,0.0048093181203099356,0.0157791349163239,-0.022967838402194296,-0.07535634196333706,11
midcap50,v4,2025-08-11,47,0.2738833320550492,0.002260764433756557,0.008254479806394915,-0.007692034656527125,-0.02808507768183959,11
midcap50,v4,2025-09-10,47,0.15856705740189464,0.004408041926341588,0.027799228910259884,0.0014382345354326809,0.009070197549213625,9
midcap50,v4,2025-10-09,47,0.21916422245047706,0.0014343911875872584,0.006544823655746901,-0.009710393404341877,-0.04430647163013143,11
midcap50,v4,2025-11-10,48,0.26227317183878035,0.0011512819781378525,0.004389629217759058,0.003313689365771033,0.01263449609633715,10
midcap50,v4,2025-12-08,49,0.23918009268752655,0.0002578134611475047,0.0010779051811988444,-0.0015693280069438709,-0.006561281874717296,10
midcap50,v4,2026-01-06,49,0.17344821652469944,0.006314471502489871,0.03640551415869229,0.006314471502489871,0.03640551415869229,8
midcap50,v4,2026-02-04,49,0.20924432914369917,0.008500414576608328,0.04062434863298323,-0.008877515245687473,-0.04242655120937979,9
midcap50,v4,2026-03-05,49,0.2539057302161669,0.0024938477786075053,0.009821943665801974,-0.02239987316644987,-0.08822121953442863,10
midcap50,v4,2026-04-07,49,0.16159397162313294,0.00031229219475459313,0.0019325732984824234,0.00031229219475459313,0.0019325732984824234,8
midcap50,v4,2026-05-07,49,0.21574033780437596,0.002278647278314949,0.01056198994358268,-0.0036044184999065587,-0.016707207083243237,11
midcap100,v1,2019-01-01,75,0.2581529937680798,0.0013195526456407647,0.0051115140149264665,0.0013195526456407647,0.0051115140149264665,8
midcap100,v1,2019-01-29,75,0.22704103836151407,0.003090880185252498,0.013613751097856307,-0.02926659216876082,-0.1289044147259407,8
midcap100,v1,2019-02-26,75,0.19487633798782256,0.002098251619138347,0.010767092817956497,-0.01868395246872523,-0.09587594195193032,8
midcap100,v1,2019-03-28,75,0.31290958571131094,0.004898857972274406,0.015655825823099174,-0.010763946075724284,-0.03439954084901399,8
midcap100,v1,2019-04-30,76,0.2889466570266671,0.0048141259497983535,0.0166609504997805,-0.018628398483682695,-0.06447002597425264,8
midcap100,v1,2019-05-29,76,0.20400025610354489,0.0007968788813503824,0.003906264122266145,-0.023311156388191923,-0.11427023099598377,8
midcap100,v1,2019-06-27,76,0.4067158692270304,0.0054787672094133155,0.013470748559247995,-0.09277935703563844,-0.22811835990556995,9
midcap100,v1,2019-07-25,76,0.17108928625619957,9.491333738020913e-05,0.0005547590936704248,-0.012636888861021989,-0.073861368748121,8
midcap100,v1,2019-08-26,76,0.34959167031970073,0.002922391302020211,0.00835944202946166,-0.0020246184218961627,-0.005791380612829402,9
midcap100,v1,2019-09-25,76,0.482467654095115,0.001056159323447381,0.0021890779920329473,-0.008150957082377008,-0.01689430786332073,8
midcap100,v1,2019-10-27,76,0.4821244250213247,0.0005947256156566549,0.001233552138808047,-0.0016231014632528407,-0.0033665613667696877,8
midcap100,v1,2019-11-26,77,0.23339791585254044,0.0007051590825433163,0.0030212741187836145,-0.017115408621243278,-0.07333145439077829,8
midcap100,v1,2019-12-24,77,0.2995579059575323,0.001888407835331285,0.006303982628316946,-0.0060809386901553575,-0.020299710237049927,8
midcap100,v1,2020-01-22,76,0.28521939919321665,0.012258326556483512,0.04297858627834544,0.0024870815649555844,0.00871988922208884,9
midcap100,v1,2020-02-18,77,0.39510967042366585,0.005758476202808005,0.01457437424053261,-0.03642924669191849,-0.09220034187686765,8
midcap100,v1,2020-03-19,75,0.2553042532082443,0.00566774360754263,0.02219995764394734,-0.04120814732133671,-0.16140799380934878,8
midcap100,v1,2020-04-22,75,0.27893340038273984,0.0036011748604940497,0.012910518623989382,-0.021164795248158175,-0.07587759378803971,8
midcap100,v1,2020-05-21,78,0.30703705456793806,0.001214685198652643,0.003956151808327974,0.001214685198652643,0.003956151808327974,8
midcap100,v1,2020-06-19,80,0.3345653823271159,0.0030562554130475483,0.00913500192933692,-0.010972965466273354,-0.03279767138473614,8
midcap100,v1,2020-07-17,80,0.22030779851124582,0.0020505287137909667,0.009307562998893548,-0.01834570448180939,-0.08327305980896955,8
midcap100,v1,2020-08-14,79,0.23353413149945923,0.001455837047107944,0.0062339369314472785,0.001455837047107944,0.0062339369314472785,8
midcap100,v1,2020-09-11,79,0.4498364913372238,0.0066322736976092145,0.014743743171865694,-0.007839044299293718,-0.01742643038138298,7
midcap100,v1,2020-10-12,81,0.26202374426652064,0.009825663534704265,0.0374991341422477,-0.004376388002771847,-0.016702257327947924,7
midcap100,v1,2020-11-09,82,0.1849244173379767,0.0005954984500223803,0.003220226179942581,-0.034222745119515396,-0.18506342002942894,7
midcap100,v1,2020-12-08,82,0.28249935415475,0.006861652231646365,0.02428908997748585,-0.017229005624922245,-0.0609877699595886,7
midcap100,v1,2021-01-06,80,0.2556036614441014,0.0011899873883973733,0.004655596017968681,0.0011899873883973733,0.004655596017968681,8
midcap100,v1,2021-02-04,81,0.19343734167548876,0.0020082674353212315,0.010382004932068954,-0.006690600484993703,-0.034587946810279685,9
midcap100,v1,2021-03-04,83,0.2570092717985839,0.004228366387488247,0.01645219395353948,0.004228366387488247,0.01645219395353948,8
midcap100,v1,2021-04-06,85,0.31493633963613255,0.0003177218018921568,0.0010088445247672672,-0.049984049086229665,-0.15871159594977083,9
midcap100,v1,2021-05-06,84,0.28641694759726094,0.0009321684303512656,0.0032545854502367445,0.0009321684303512656,0.0032545854502367445,8
midcap100,v1,2021-06-04,83,0.27414018312080385,0.0018795868363519208,0.006856298171813994,-0.016888837826324887,-0.06160657527131867,9
midcap100,v1,2021-07-02,83,0.14662013937007878,0.009564904640349314,0.06523595381536824,-0.02136128548907068,-0.14569134622872923,8
midcap100,v1,2021-08-02,84,0.23771808292044883,0.002251298602890306,0.009470455824110326,-0.0590101229125799,-0.24823573447850555,9
midcap100,v1,2021-08-31,85,0.28726538027127757,0.0013970458640677474,0.004863258714810864,-0.0013970458640677474,-0.004863258714810864,8
midcap100,v1,2021-09-29,84,0.2632064014438783,0.002253648431447375,0.008562285792003826,-0.016461594687300574,-0.06254253162915784,8
midcap100,v1,2021-10-28,85,0.28387376017536947,0.011901320611987898,0.041924694288882444,-0.035042936461293195,-0.12344549365761959,8
midcap100,v1,2021-11-29,85,0.289269963557664,5.784080501336497e-05,0.00019995441041300785,-0.01656567206792703,-0.057267169616194095,7
midcap100,v1,2021-12-27,85,0.3025176524986688,0.004241212894507185,0.014019720368304286,-0.019551499863311284,-0.06462928593364421,7
midcap100,v1,2022-01-24,85,0.24384990031720022,0.0008592845062573851,0.003523825538331682,-0.0040789536124155035,-0.016727313019646906,8
midcap100,v1,2022-02-22,85,0.24122447994199958,0.004928964197983499,0.020433101147813135,-0.03252461250802685,-0.13483130947508778,7
midcap100,v1,2022-03-24,85,0.2272890235071114,0.000445866050534538,0.001961669963884498,-0.029603884923353863,-0.13024775445184497,7
midcap100,v1,2022-04-25,86,0.34702220066319517,0.006936619797471177,0.019988979910261023,-0.025404728651896136,-0.07320779075040468,7
midcap100,v1,2022-05-24,86,0.23418558292794833,0.0004992830841084039,0.002131997528908592,-0.02633416095978114,-0.11244996652028467,7
midcap100,v1,2022-06-21,86,0.2388362564221309,8.724591564324147e-05,0.0003652959435481971,-0.01146778148412897,-0.048015245490451205,8
midcap100,v1,2022-07-19,86,0.20677012808951356,0.0018112520716676572,0.008759737629429441,-0.010781005378633135,-0.052140052715767014,8
midcap100,v1,2022-08-18,86,0.2013781589357706,0.0010345277395609198,0.005137239038374969,-0.03314783460382853,-0.1646049143512182,8
midcap100,v1,2022-09-16,83,0.2443738783899448,0.0007284365364276235,0.002980828152447886,-0.013833234283249563,-0.05660684511122755,8
midcap100,v1,2022-10-17,86,0.27664592896143925,0.0016741558296151648,0.006051619251727792,-0.005406884500607001,-0.01954442098933127,9
midcap100,v1,2022-11-16,87,0.2850880392939922,0.00010606187553341417,0.00037203200736190715,-0.029370417053655284,-0.10302227033582262,9
midcap100,v1,2022-12-14,89,0.24284247215172527,0.006676373220604215,0.02749260935061183,-0.027262581549009512,-0.11226447049170277,8
midcap100,v1,2023-01-11,89,0.3984706609058344,0.0035133748795794784,0.008817148222638531,-0.012171106437620094,-0.03054454852448055,8
midcap100,v1,2023-02-09,89,0.40524446753897697,0.003346385686530451,0.00825769616758208,-0.021108268301488042,-0.052087739604878926,8
midcap100,v1,2023-03-10,89,0.261017107275071,0.0031879415535494005,0.012213534916658973,-0.030337061267966647,-0.11622633314986575,7
midcap100,v1,2023-04-12,89,0.37780639324688015,0.0021401100928097883,0.005664568231409781,-0.008207025409620261,-0.021722833589682862,7
midcap100,v1,2023-05-12,88,0.15970142290085898,0.004504686185228035,0.028206925795673708,-0.0372210537632498,-0.2330665130413788,7
midcap100,v1,2023-06-09,88,0.30724103776478473,0.0015884086410116183,0.005169910414856951,-0.02140482870612659,-0.06966787009264543,8
midcap100,v1,2023-07-10,88,0.4608452513137228,0.002667226066090822,0.005787682651578619,-0.01292954099270005,-0.02805614456445424,8
midcap100,v1,2023-08-07,88,0.46121288088196305,0.003794941344199776,0.008228177272375454,0.003794941344199776,0.008228177272375454,8
midcap100,v1,2023-09-05,89,0.2631756237503761,0.003220918004842366,0.012238663896537123,0.0004969129503566982,0.0018881420067537243,7
midcap100,v1,2023-10-05,88,0.22507032280812167,0.00022549101645019665,0.0010018691653205368,-0.007693308085225614,-0.03418179700121708,8
midcap100,v1,2023-11-03,89,0.22268704537234313,0.0028730604026895312,0.012901785094349067,0.0006106297526317084,0.002742098228528323,7
midcap100,v1,2023-12-04,89,0.24713274165683824,0.005255822325498372,0.02126720356947467,-0.040504580066906826,-0.16389807273352058,7
midcap100,v1,2024-01-02,87,0.23436565793825898,0.00884876988884531,0.03775625646986394,-0.00884876988884531,-0.03775625646986394,8
midcap100,v1,2024-01-31,84,0.4466253482093113,0.0009038497447065863,0.0020237314078353575,-0.012932952930723385,-0.028957050876257804,8
midcap100,v1,2024-02-28,88,0.2469066663016593,0.0005504908538733755,0.002229550388893959,-0.025233042817179085,-0.10219668506783249,8
midcap100,v1,2024-03-28,89,0.2561136396761986,0.0018978338644909387,0.007410124142120456,-0.01606860426040657,-0.06274013473363588,8
midcap100,v1,2024-04-30,89,0.219375648664844,0.0004422187493097196,0.002015806002175424,0.011301408352728193,0.051516239024296494,7
midcap100,v1,2024-05-29,89,0.29630096751522544,0.0018015014389098916,0.0060799715033577175,-0.013698457583982027,-0.0462315654884864,8
midcap100,v1,2024-06-27,90,0.24198417210965084,0.0005784288616371702,0.0023903582477909566,0.0005784288616371702,0.0023903582477909566,8
midcap100,v1,2024-07-26,90,0.19387965845130178,0.002442424972612267,0.01259763397626239,-0.026672897792408223,-0.13757450371776808,8
midcap100,v1,2024-08-26,89,0.21909919597380356,0.025307077251972565,0.11550511237384178,-0.02821089614260064,-0.1287585562202321,8
midcap100,v1,2024-09-23,90,0.3766955279358376,0.0002128563500399805,0.000565062057429671,0.0002128563500399805,0.000565062057429671,8
midcap100,v1,2024-10-22,90,0.25049583305094686,0.001953270052199474,0.007797614947958874,-0.0007930733522704125,-0.003166014151257814,7
midcap100,v1,2024-11-21,90,0.27087690584891044,0.00034525731824164296,0.0012745911917430878,-0.02715189621080194,-0.10023702879250514,7
midcap100,v1,2024-12-19,90,0.17527668262911633,0.002642523154076759,0.015076296027739817,-0.007945956452165448,-0.04533379074145881,8
midcap100,v1,2025-01-17,91,0.1923589989782435,0.0020677240530588836,0.010749297220520215,-0.015519096173480906,-0.08067777570019573,8
midcap100,v1,2025-02-13,91,0.19234715934064817,0.01368336818349103,0.07113891481629676,0.01368336818349103,0.07113891481629676,8
midcap100,v1,2025-03-17,91,0.24348408721982678,0.0009822798457613802,0.004034267113622666,-0.0304758909934153,-0.12516584283350105,8
midcap100,v1,2025-04-17,91,0.2725679240136899,0.004030012034216601,0.01478534955570998,-0.001774395604874024,-0.00650992082540462,7
midcap100,v1,2025-05-19,91,0.21863709783816498,0.005952050873562542,0.027223426090151662,0.0064902171334744185,0.029684885125389252,7
midcap100,v1,2025-06-16,90,0.38610619574870997,0.0011378523108329652,0.0029469931416835258,-0.0225477327392829,-0.05839774908444534,8
midcap100,v1,2025-07-14,91,0.2605319326258439,0.0006654623050277308,0.002554244688244865,-0.010718649637280642,-0.04114140454588325,8
midcap100,v1,2025-08-11,91,0.35509769701003496,0.001467940458847794,0.004133905883389355,0.001467940458847794,0.004133905883389355,8
midcap100,v1,2025-09-10,92,0.26577169558447383,0.007464361414681875,0.02808561460341579,-0.008880635680355131,-0.03341452768634829,8
midcap100,v1,2025-10-09,92,0.28354934060230047,0.000863942358284242,0.003046885443108778,-0.0036991889363264807,-0.013046014949175547,8
midcap100,v1,2025-11-10,93,0.20687529856421727,0.0006182432143989613,0.002988482523963822,-0.025255197170985344,-0.12207932675512607,8
midcap100,v1,2025-12-08,94,0.2508845375628694,0.0031488184065648905,0.012550866773827484,-0.01691112418023355,-0.06740600415039837,8
midcap100,v1,2026-01-06,95,0.19078991068894785,0.0053811346692480555,0.028204503318947128,-0.04177505185215202,-0.2189583909405959,8
midcap100,v1,2026-02-04,95,0.19966925262278867,0.0006427062307652331,0.0032188542918995216,-0.007137419845637982,-0.03574621406091933,8
midcap100,v1,2026-03-05,95,0.2552931170637086,0.002296696262383824,0.008996310941711293,-0.012224211946271546,-0.04788304552378897,7
midcap100,v1,2026-04-07,95,0.26152227668366324,0.0004038208673275978,0.001544116518288263,0.00022077184449686982,0.000844179881333455,7
midcap100,v1,2026-05-07,94,0.23981161509275878,0.0022411064283655024,0.009345278907773695,0.0022411064283655024,0.009345278907773695,8
midcap100,v2,2019-01-01,75,0.2581529937680798,0.0013195526456407647,0.0051115140149264665,0.0013195526456407647,0.0051115140149264665,8
midcap100,v2,2019-01-29,75,0.22704103836151407,0.003090880185252498,0.013613751097856307,-0.023206154356613218,-0.10221127653434356,9
midcap100,v2,2019-02-26,75,0.19487633798782256,0.002098251619138347,0.010767092817956497,-0.013495124038967687,-0.06924967996787261,12
midcap100,v2,2019-03-28,75,0.31290958571131094,0.004898857972274406,0.015655825823099174,-0.005865088103449878,-0.018743715025914813,9
midcap100,v2,2019-04-30,76,0.2889466570266671,0.0048141259497983535,0.0166609504997805,-0.013806377127129732,-0.047781750684367776,10
midcap100,v2,2019-05-29,76,0.20400025610354489,0.0007968788813503824,0.003906264122266145,-0.019083912914731216,-0.09354847527762293,10
midcap100,v2,2019-06-27,76,0.4067158692270304,0.0054787672094133155,0.013470748559247995,-0.010896422140426743,-0.026791239203760493,12
midcap100,v2,2019-07-25,76,0.17108928625619957,9.491333738020913e-05,0.0005547590936704248,-0.007064672897096003,-0.04129231614489834,10
midcap100,v2,2019-08-26,76,0.34959167031970073,0.002922391302020211,0.00835944202946166,-0.0020246184218961627,-0.005791380612829402,9
midcap100,v2,2019-09-25,76,0.482467654095115,0.001056159323447381,0.0021890779920329473,-0.007094797758929627,-0.014705229871287785,9
midcap100,v2,2019-10-27,76,0.4821244250213247,0.0005947256156566549,0.001233552138808047,-0.0010283758475961857,-0.002133009227961641,9
midcap100,v2,2019-11-26,77,0.23339791585254044,0.0007051590825433163,0.0030212741187836145,-0.007582326749910218,-0.03248669433149819,11
midcap100,v2,2019-12-24,77,0.2995579059575323,0.001888407835331285,0.006303982628316946,-0.0041925308548240725,-0.01399572760873298,9
midcap100,v2,2020-01-22,76,0.28521939919321665,0.012258326556483512,0.04297858627834544,0.0024870815649555844,0.00871988922208884,9
midcap100,v2,2020-02-18,77,0.39510967042366585,0.005758476202808005,0.01457437424053261,-0.014648813312843512,-0.037075309488466754,10
midcap100,v2,2020-03-19,75,0.2553042532082443,0.00566774360754263,0.02219995764394734,-0.019079650337411214,-0.07473299053051222,10
midcap100,v2,2020-04-22,75,0.27893340038273984,0.0036011748604940497,0.012910518623989382,-0.017563620387664125,-0.06296707516405033,10
midcap100,v2,2020-05-21,78,0.30703705456793806,0.001214685198652643,0.003956151808327974,0.001214685198652643,0.003956151808327974,8
midcap100,v2,2020-06-19,80,0.3345653823271159,0.0030562554130475483,0.00913500192933692,-0.007916710053225806,-0.023662669455399216,9
midcap100,v2,2020-07-17,80,0.22030779851124582,0.0020505287137909667,0.009307562998893548,-0.013016233123673615,-0.059082035278062064,10
midcap100,v2,2020-08-14,79,0.23353413149945923,0.001455837047107944,0.0062339369314472785,-0.002683992546781533,-0.011492934799501664,9
midcap100,v2,2020-09-11,79,0.4498364913372238,0.0066322736976092145,0.014743743171865694,-0.015172637811861178,-0.03372922851758347,10
midcap100,v2,2020-10-12,81,0.26202374426652064,0.009825663534704265,0.0374991341422477,-0.000712597265488224,-0.002719590422932805,9
midcap100,v2,2020-11-09,82,0.1849244173379767,0.0005954984500223803,0.003220226179942581,-0.006738541825460964,-0.036439437919900446,10
midcap100,v2,2020-12-08,82,0.28249935415475,0.006861652231646365,0.02428908997748585,0.004762931308453067,0.01685997238012794,9
midcap100,v2,2021-01-06,80,0.2556036614441014,0.0011899873883973733,0.004655596017968681,0.0011899873883973733,0.004655596017968681,8
midcap100,v2,2021-02-04,81,0.19343734167548876,0.0020082674353212315,0.010382004932068954,-0.006690600484993703,-0.034587946810279685,9
midcap100,v2,2021-03-04,83,0.2570092717985839,0.004228366387488247,0.01645219395353948,0.004228366387488247,0.01645219395353948,8
midcap100,v2,2021-04-06,85,0.31493633963613255,0.0003177218018921568,0.0010088445247672672,-0.019269655597991098,-0.061185875279603,12
midcap100,v2,2021-05-06,84,0.28641694759726094,0.0009321684303512656,0.0032545854502367445,0.0009321684303512656,0.0032545854502367445,8
midcap100,v2,2021-06-04,83,0.27414018312080385,0.0018795868363519208,0.006856298171813994,-0.015009250989972966,-0.05475027709950468,10
midcap100,v2,2021-07-02,83,0.14662013937007878,0.009564904640349314,0.06523595381536824,-0.011796380848721366,-0.08045539241336098,9
midcap100,v2,2021-08-02,84,0.23771808292044883,0.002251298602890306,0.009470455824110326,-0.014441795442583283,-0.060751774813093025,11
midcap100,v2,2021-08-31,85,0.28726538027127757,0.0013970458640677474,0.004863258714810864,0.000625184762679587,0.002176331732313852,9
midcap100,v2,2021-09-29,84,0.2632064014438783,0.002253648431447375,0.008562285792003826,-0.007840981127858249,-0.029790237185892028,10
midcap100,v2,2021-10-28,85,0.28387376017536947,0.011901320611987898,0.041924694288882444,-0.014220067789309287,-0.05009292785823007,11
midcap100,v2,2021-11-29,85,0.289269963557664,5.784080501336497e-05,0.00019995441041300785,-0.00913458227876529,-0.03157805313217172,11
midcap100,v2,2021-12-27,85,0.3025176524986688,0.004241212894507185,0.014019720368304286,0.00407425772681147,0.013467834664059474,10
midcap100,v2,2022-01-24,85,0.24384990031720022,0.0008592845062573851,0.003523825538331682,-0.0032196691061581184,-0.013203487481315224,9
midcap100,v2,2022-02-22,85,0.24122447994199958,0.004928964197983499,0.020433101147813135,-0.012886282011824957,-0.05342029140211373,9
midcap100,v2,2022-03-24,85,0.2272890235071114,0.000445866050534538,0.001961669963884498,-0.010126512346856797,-0.044553459690234276,10
midcap100,v2,2022-04-25,86,0.34702220066319517,0.006936619797471177,0.019988979910261023,-0.016297865233501962,-0.046964906574723644,10
midcap100,v2,2022-05-24,86,0.23418558292794833,0.0004992830841084039,0.002131997528908592,-0.005810198896730956,-0.024810233081336074,10
midcap100,v2,2022-06-21,86,0.2388362564221309,8.724591564324147e-05,0.0003652959435481971,-0.0064923244552396175,-0.027183161185397098,9
midcap100,v2,2022-07-19,86,0.20677012808951356,0.0018112520716676572,0.008759737629429441,0.0008373660196672184,0.004049743681082943,10
midcap100,v2,2022-08-18,86,0.2013781589357706,0.0010345277395609198,0.005137239038374969,-0.029911609257305183,-0.14853452536948392,10
midcap100,v2,2022-09-16,83,0.2443738783899448,0.0007284365364276235,0.002980828152447886,-0.01068402678894853,-0.043720003379003315,11
midcap100,v2,2022-10-17,86,0.27664592896143925,0.0016741558296151648,0.006051619251727792,-0.003672855192687008,-0.013276375352694797,11
midcap100,v2,2022-11-16,87,0.2850880392939922,0.00010606187553341417,0.00037203200736190715,-0.0068936100402891,-0.024180635769079677,13
midcap100,v2,2022-12-14,89,0.24284247215172527,0.006676373220604215,0.02749260935061183,-0.013360582639503571,-0.0550174873493959,11
midcap100,v2,2023-01-11,89,0.3984706609058344,0.0035133748795794784,0.008817148222638531,-0.003081615414090688,-0.007733606803284642,12
midcap100,v2,2023-02-09,89,0.40524446753897697,0.003346385686530451,0.00825769616758208,-0.017373605479061083,-0.04287191280998812,10
midcap100,v2,2023-03-10,89,0.261017107275071,0.0031879415535494005,0.012213534916658973,-0.015377210041707334,-0.05891265213318824,9
midcap100,v2,2023-04-12,89,0.37780639324688015,0.0021401100928097883,0.005664568231409781,-0.0007562409276637982,-0.0020016626006898394,9
midcap100,v2,2023-05-12,88,0.15970142290085898,0.004504686185228035,0.028206925795673708,-0.011721252818673866,-0.07339479264345879,11
midcap100,v2,2023-06-09,88,0.30724103776478473,0.0015884086410116183,0.005169910414856951,-0.008285520442079974,-0.026967492696802896,11
midcap100,v2,2023-07-10,88,0.4608452513137228,0.002667226066090822,0.005787682651578619,-0.010262314926609228,-0.02226846191287562,10
midcap100,v2,2023-08-07,88,0.46121288088196305,0.003794941344199776,0.008228177272375454,0.003794941344199776,0.008228177272375454,8
midcap100,v2,2023-09-05,89,0.2631756237503761,0.003220918004842366,0.012238663896537123,0.003220918004842366,0.012238663896537123,8
midcap100,v2,2023-10-05,88,0.22507032280812167,0.00022549101645019665,0.0010018691653205368,-0.005039224074059767,-0.022389553678988754,10
midcap100,v2,2023-11-03,89,0.22268704537234313,0.0028730604026895312,0.012901785094349067,0.0028730604026895312,0.012901785094349067,8
midcap100,v2,2023-12-04,89,0.24713274165683824,0.005255822325498372,0.02126720356947467,-0.02242807926083823,-0.09075316815762619,10
midcap100,v2,2024-01-02,87,0.23436565793825898,0.00884876988884531,0.03775625646986394,-0.0016649571769856708,-0.0071041004541044376,10
midcap100,v2,2024-01-31,84,0.4466253482093113,0.0009038497447065863,0.0020237314078353575,-0.005996469187767084,-0.013426172992216361,11
midcap100,v2,2024-02-28,88,0.2469066663016593,0.0005504908538733755,0.002229550388893959,-0.022718098576293366,-0.09201087567452484,11
midcap100,v2,2024-03-28,89,0.2561136396761986,0.0018978338644909387,0.007410124142120456,-0.016497616831971595,-0.0644152215119403,11
midcap100,v2,2024-04-30,89,0.219375648664844,0.0004422187493097196,0.002015806002175424,-0.007685557233008011,-0.03503377553426539,9
midcap100,v2,2024-05-29,89,0.29630096751522544,0.0018015014389098916,0.0060799715033577175,-0.00841940745153047,-0.028415052175277955,10
midcap100,v2,2024-06-27,90,0.24198417210965084,0.0005784288616371702,0.0023903582477909566,0.006740819924806685,0.027856449725778765,9
midcap100,v2,2024-07-26,90,0.19387965845130178,0.002442424972612267,0.01259763397626239,-0.020361611105135013,-0.10502190517448942,11
midcap100,v2,2024-08-26,89,0.21909919597380356,0.025307077251972565,0.11550511237384178,0.001466430582715228,0.006692998466733583,11
midcap100,v2,2024-09-23,90,0.3766955279358376,0.0002128563500399805,0.000565062057429671,0.0002128563500399805,0.000565062057429671,8
midcap100,v2,2024-10-22,90,0.25049583305094686,0.001953270052199474,0.007797614947958874,0.001953270052199474,0.007797614947958874,8
midcap100,v2,2024-11-21,90,0.27087690584891044,0.00034525731824164296,0.0012745911917430878,0.00034525731824164296,0.0012745911917430878,8
midcap100,v2,2024-12-19,90,0.17527668262911633,0.002642523154076759,0.015076296027739817,-0.0033968671617785606,-0.019380028825433084,10
midcap100,v2,2025-01-17,91,0.1923589989782435,0.0020677240530588836,0.010749297220520215,-0.013451372120422023,-0.06992847847967551,11
midcap100,v2,2025-02-13,91,0.19234715934064817,0.01368336818349103,0.07113891481629676,-0.012976647101412109,-0.06746471923939555,10
midcap100,v2,2025-03-17,91,0.24348408721982678,0.0009822798457613802,0.004034267113622666,-0.012793478798038604,-0.05254338771834465,10
midcap100,v2,2025-04-17,91,0.2725679240136899,0.004030012034216601,0.01478534955570998,0.004030012034216601,0.01478534955570998,8
midcap100,v2,2025-05-19,91,0.21863709783816498,0.005952050873562542,0.027223426090151662,0.005952050873562542,0.027223426090151662,8
midcap100,v2,2025-06-16,90,0.38610619574870997,0.0011378523108329652,0.0029469931416835258,-0.011597218250329666,-0.030036343311821652,10
midcap100,v2,2025-07-14,91,0.2605319326258439,0.0006654623050277308,0.002554244688244865,-0.01005318733225291,-0.03858715985763838,10
midcap100,v2,2025-08-11,91,0.35509769701003496,0.001467940458847794,0.004133905883389355,-0.015205972145730717,-0.04282193963454796,9
midcap100,v2,2025-09-10,92,0.26577169558447383,0.007464361414681875,0.02808561460341579,-0.0014162742656732563,-0.0053289130829325,9
midcap100,v2,2025-10-09,92,0.28354934060230047,0.000863942358284242,0.003046885443108778,-0.0028352465780422387,-0.009999129506066769,9
midcap100,v2,2025-11-10,93,0.20687529856421727,0.0006182432143989613,0.002988482523963822,-0.01009166321183208,-0.04878138319012249,11
midcap100,v2,2025-12-08,94,0.2508845375628694,0.0031488184065648905,0.012550866773827484,-0.013343834331583149,-0.05318715318690896,11
midcap100,v2,2026-01-06,95,0.19078991068894785,0.0053811346692480555,0.028204503318947128,-0.015709755870630615,-0.08234060078912053,13
midcap100,v2,2026-02-04,95,0.19966925262278867,0.0006427062307652331,0.0032188542918995216,-0.0007276533219426895,-0.00364429331198709,9
midcap100,v2,2026-03-05,95,0.2552931170637086,0.002296696262383824,0.008996310941711293,-0.005156396152372955,-0.02019794427550576,9
midcap100,v2,2026-04-07,95,0.26152227668366324,0.0004038208673275978,0.001544116518288263,0.0004038208673275978,0.001544116518288263,8
midcap100,v2,2026-05-07,94,0.23981161509275878,0.0022411064283655024,0.009345278907773695,0.0022411064283655024,0.009345278907773695,8
midcap100,v3,2019-01-01,75,0.2581529937680798,0.0013195526456407647,0.0051115140149264665,0.0013195526456407647,0.0051115140149264665,8
midcap100,v3,2019-01-29,75,0.22704103836151407,0.003090880185252498,0.013613751097856307,-0.026297034541865716,-0.11582502763219986,8
midcap100,v3,2019-02-26,75,0.19487633798782256,0.002098251619138347,0.010767092817956497,-0.022965491670959515,-0.11784648617727302,9
midcap100,v3,2019-03-28,75,0.31290958571131094,0.004898857972274406,0.015655825823099174,-0.011722553095374288,-0.03746306802562919,8
midcap100,v3,2019-04-30,76,0.2889466570266671,0.0048141259497983535,0.0166609504997805,-0.06432184111870276,-0.2226080127750585,7
midcap100,v3,2019-05-29,76,0.20400025610354489,0.0007968788813503824,0.003906264122266145,-0.03147006621877135,-0.15426483681862643,7
midcap100,v3,2019-06-27,76,0.4067158692270304,0.0054787672094133155,0.013470748559247995,-0.19370836518631185,-0.4762744211443175,8
midcap100,v3,2019-07-25,76,0.17108928625619957,9.491333738020913e-05,0.0005547590936704248,-9.491333738020913e-05,-0.0005547590936704248,8
midcap100,v3,2019-08-26,76,0.34959167031970073,0.002922391302020211,0.00835944202946166,-0.0049470097239163735,-0.014150822642291063,8
midcap100,v3,2019-09-25,76,0.482467654095115,0.001056159323447381,0.0021890779920329473,-0.008150957082377008,-0.01689430786332073,8
midcap100,v3,2019-10-27,76,0.4821244250213247,0.0005947256156566549,0.001233552138808047,-0.007329129838377302,-0.015201739339493389,7
midcap100,v3,2019-11-26,77,0.23339791585254044,0.0007051590825433163,0.0030212741187836145,-0.017493953701328002,-0.07495334153875045,7
midcap100,v3,2019-12-24,77,0.2995579059575323,0.001888407835331285,0.006303982628316946,-0.00825050821749862,-0.027542281653779078,7
midcap100,v3,2020-01-22,76,0.28521939919321665,0.012258326556483512,0.04297858627834544,-0.055399284996329734,-0.1942339306268593,5
midcap100,v3,2020-02-18,77,0.39510967042366585,0.005758476202808005,0.01457437424053261,-0.060037349516182004,-0.15195110120135888,5
midcap100,v3,2020-03-19,75,0.2553042532082443,0.00566774360754263,0.02219995764394734,-0.04120814732133671,-0.16140799380934878,7
midcap100,v3,2020-04-22,75,0.27893340038273984,0.0036011748604940497,0.012910518623989382,0.0036011748604940497,0.012910518623989382,8
midcap100,v3,2020-05-21,78,0.30703705456793806,0.001214685198652643,0.003956151808327974,0.001214685198652643,0.003956151808327974,8
midcap100,v3,2020-06-19,80,0.3345653823271159,0.0030562554130475483,0.00913500192933692,-0.010972965466273354,-0.03279767138473614,8
midcap100,v3,2020-07-17,80,0.22030779851124582,0.0020505287137909667,0.009307562998893548,-0.01834570448180939,-0.08327305980896955,8
midcap100,v3,2020-08-14,79,0.23353413149945923,0.001455837047107944,0.0062339369314472785,0.001455837047107944,0.0062339369314472785,8
midcap100,v3,2020-09-11,79,0.4498364913372238,0.0066322736976092145,0.014743743171865694,-0.007839044299293718,-0.01742643038138298,8
midcap100,v3,2020-10-12,81,0.26202374426652064,0.009825663534704265,0.0374991341422477,-0.014914648802964336,-0.056920981893128435,8
midcap100,v3,2020-11-09,82,0.1849244173379767,0.0005954984500223803,0.003220226179942581,-0.016986282424400145,-0.0918552707582969,8
midcap100,v3,2020-12-08,82,0.28249935415475,0.006861652231646365,0.02428908997748585,-0.017229005624922245,-0.0609877699595886,8
midcap100,v3,2021-01-06,80,0.2556036614441014,0.0011899873883973733,0.004655596017968681,0.0011899873883973733,0.004655596017968681,8
midcap100,v3,2021-02-04,81,0.19343734167548876,0.0020082674353212315,0.010382004932068954,-0.027693826814167433,-0.14316691169498547,7
midcap100,v3,2021-03-04,83,0.2570092717985839,0.004228366387488247,0.01645219395353948,0.004228366387488247,0.01645219395353948,8
midcap100,v3,2021-04-06,85,0.31493633963613255,0.0003177218018921568,0.0010088445247672672,-0.06350377153629572,-0.20164002544027138,8
midcap100,v3,2021-05-06,84,0.28641694759726094,0.0009321684303512656,0.0032545854502367445,0.0009321684303512656,0.0032545854502367445,8
midcap100,v3,2021-06-04,83,0.27414018312080385,0.0018795868363519208,0.006856298171813994,-0.05424914817054538,-0.1978883487746111,7
midcap100,v3,2021-07-02,83,0.14662013937007878,0.009564904640349314,0.06523595381536824,-0.02136128548907068,-0.14569134622872923,8
midcap100,v3,2021-08-02,84,0.23771808292044883,0.002251298602890306,0.009470455824110326,-0.06312102198911174,-0.26552890387490996,7
midcap100,v3,2021-08-31,85,0.28726538027127757,0.0013970458640677474,0.004863258714810864,-0.01524923007256107,-0.05308412053746449,7
midcap100,v3,2021-09-29,84,0.2632064014438783,0.002253648431447375,0.008562285792003826,-0.016461594687300574,-0.06254253162915784,7
midcap100,v3,2021-10-28,85,0.28387376017536947,0.011901320611987898,0.041924694288882444,-0.03744745406227801,-0.13191587006542624,9
midcap100,v3,2021-11-29,85,0.289269963557664,5.784080501336497e-05,0.00019995441041300785,-0.01656567206792703,-0.057267169616194095,9
midcap100,v3,2021-12-27,85,0.3025176524986688,0.004241212894507185,0.014019720368304286,-0.013162854708060778,-0.043511030180689046,8
midcap100,v3,2022-01-24,85,0.24384990031720022,0.0008592845062573851,0.003523825538331682,-0.0040789536124155035,-0.016727313019646906,8
midcap100,v3,2022-02-22,85,0.24122447994199958,0.004928964197983499,0.020433101147813135,-0.026603939722461667,-0.11028706426834607,8
midcap100,v3,2022-03-24,85,0.2272890235071114,0.000445866050534538,0.001961669963884498,-0.015833432407515113,-0.06966210758092205,9
midcap100,v3,2022-04-25,86,0.34702220066319517,0.006936619797471177,0.019988979910261023,-0.02403247572763778,-0.06925342436797774,8
midcap100,v3,2022-05-24,86,0.23418558292794833,0.0004992830841084039,0.002131997528908592,-0.017442354577776875,-0.07448090680775746,9
midcap100,v3,2022-06-21,86,0.2388362564221309,8.724591564324147e-05,0.0003652959435481971,-0.01146778148412897,-0.048015245490451205,8
midcap100,v3,2022-07-19,86,0.20677012808951356,0.0018112520716676572,0.008759737629429441,-0.010781005378633135,-0.052140052715767014,8
midcap100,v3,2022-08-18,86,0.2013781589357706,0.0010345277395609198,0.005137239038374969,-0.03314783460382853,-0.1646049143512182,8
midcap100,v3,2022-09-16,83,0.2443738783899448,0.0007284365364276235,0.002980828152447886,-0.027120635486968192,-0.11098009192165818,7
midcap100,v3,2022-10-17,86,0.27664592896143925,0.0016741558296151648,0.006051619251727792,-0.007806322206327487,-0.028217737508855895,8
midcap100,v3,2022-11-16,87,0.2850880392939922,0.00010606187553341417,0.00037203200736190715,-0.05469821941628683,-0.19186430813353142,8
midcap100,v3,2022-12-14,89,0.24284247215172527,0.006676373220604215,0.02749260935061183,-0.027262581549009512,-0.11226447049170277,8
midcap100,v3,2023-01-11,89,0.3984706609058344,0.0035133748795794784,0.008817148222638531,-0.012171106437620094,-0.03054454852448055,8
midcap100,v3,2023-02-09,89,0.40524446753897697,0.003346385686530451,0.00825769616758208,-0.021108268301488042,-0.052087739604878926,8
midcap100,v3,2023-03-10,89,0.261017107275071,0.0031879415535494005,0.012213534916658973,-0.018565151595256735,-0.07112618704984722,8
midcap100,v3,2023-04-12,89,0.37780639324688015,0.0021401100928097883,0.005664568231409781,-0.0028963510204735865,-0.0076662308320996205,8
midcap100,v3,2023-05-12,88,0.15970142290085898,0.004504686185228035,0.028206925795673708,-0.020253134104325166,-0.12681874548417835,9
midcap100,v3,2023-06-09,88,0.30724103776478473,0.0015884086410116183,0.005169910414856951,-0.02348081660484036,-0.07642474057393539,8
midcap100,v3,2023-07-10,88,0.4608452513137228,0.002667226066090822,0.005787682651578619,-0.028326099454266007,-0.061465533980262,7
midcap100,v3,2023-08-07,88,0.46121288088196305,0.003794941344199776,0.008228177272375454,-0.005952282874736592,-0.012905716907459798,7
midcap100,v3,2023-09-05,89,0.2631756237503761,0.003220918004842366,0.012238663896537123,0.003220918004842366,0.012238663896537123,8
midcap100,v3,2023-10-05,88,0.22507032280812167,0.00022549101645019665,0.0010018691653205368,-0.009467769601994469,-0.04206582851025628,8
midcap100,v3,2023-11-03,89,0.22268704537234313,0.0028730604026895312,0.012901785094349067,0.0028730604026895312,0.012901785094349067,8
midcap100,v3,2023-12-04,89,0.24713274165683824,0.005255822325498372,0.02126720356947467,-0.040504580066906826,-0.16389807273352058,8
midcap100,v3,2024-01-02,87,0.23436565793825898,0.00884876988884531,0.03775625646986394,-0.009753397681298015,-0.04161615557116922,7
midcap100,v3,2024-01-31,84,0.4466253482093113,0.0009038497447065863,0.0020237314078353575,-0.0084423330437704,-0.01890249417687304,8
midcap100,v3,2024-02-28,88,0.2469066663016593,0.0005504908538733755,0.002229550388893959,-0.025233042817179085,-0.10219668506783249,8
midcap100,v3,2024-03-28,89,0.2561136396761986,0.0018978338644909387,0.007410124142120456,-0.02239848909353115,-0.08745527618852822,8
midcap100,v3,2024-04-30,89,0.219375648664844,0.0004422187493097196,0.002015806002175424,-0.008127775982317731,-0.037049581536440813,8
midcap100,v3,2024-05-29,89,0.29630096751522544,0.0018015014389098916,0.0060799715033577175,-0.013698457583982027,-0.0462315654884864,8
midcap100,v3,2024-06-27,90,0.24198417210965084,0.0005784288616371702,0.0023903582477909566,-0.0005784288616371702,-0.0023903582477909566,8
midcap100,v3,2024-07-26,90,0.19387965845130178,0.002442424972612267,0.01259763397626239,-0.035780909239881975,-0.1845521573830776,8
midcap100,v3,2024-08-26,89,0.21909919597380356,0.025307077251972565,0.11550511237384178,-0.028390250396268524,-0.1295771546311972,8
midcap100,v3,2024-09-23,90,0.3766955279358376,0.0002128563500399805,0.000565062057429671,0.0002128563500399805,0.000565062057429671,8
midcap100,v3,2024-10-22,90,0.25049583305094686,0.001953270052199474,0.007797614947958874,0.001953270052199474,0.007797614947958874,8
midcap100,v3,2024-11-21,90,0.27087690584891044,0.00034525731824164296,0.0012745911917430878,0.00034525731824164296,0.0012745911917430878,8
midcap100,v3,2024-12-19,90,0.17527668262911633,0.002642523154076759,0.015076296027739817,-0.018113660969805156,-0.10334324393926075,8
midcap100,v3,2025-01-17,91,0.1923589989782435,0.0020677240530588836,0.010749297220520215,-0.018065540232353627,-0.09391575298432961,8
midcap100,v3,2025-02-13,91,0.19234715934064817,0.01368336818349103,0.07113891481629676,-0.026660015284903138,-0.13860363405569232,8
midcap100,v3,2025-03-17,91,0.24348408721982678,0.0009822798457613802,0.004034267113622666,-0.02729760781700774,-0.11211249214969195,8
midcap100,v3,2025-04-17,91,0.2725679240136899,0.004030012034216601,0.01478534955570998,0.004030012034216601,0.01478534955570998,8
midcap100,v3,2025-05-19,91,0.21863709783816498,0.005952050873562542,0.027223426090151662,0.005952050873562542,0.027223426090151662,8
midcap100,v3,2025-06-16,90,0.38610619574870997,0.0011378523108329652,0.0029469931416835258,-0.020392278006400866,-0.05281520532675627,8
midcap100,v3,2025-07-14,91,0.2605319326258439,0.0006654623050277308,0.002554244688244865,-0.011998123288891938,-0.046052409652688246,7
midcap100,v3,2025-08-11,91,0.35509769701003496,0.001467940458847794,0.004133905883389355,0.001467940458847794,0.004133905883389355,8
midcap100,v3,2025-09-10,92,0.26577169558447383,0.007464361414681875,0.02808561460341579,-0.011223123530085366,-0.042228437853037544,8
midcap100,v3,2025-10-09,92,0.28354934060230047,0.000863942358284242,0.003046885443108778,-0.02534425970930554,-0.08938218532080028,8
midcap100,v3,2025-11-10,93,0.20687529856421727,0.0006182432143989613,0.002988482523963822,-0.01859137540670497,-0.08986754598415199,9
midcap100,v3,2025-12-08,94,0.2508845375628694,0.0031488184065648905,0.012550866773827484,-0.0406823676167366,-0.16215573909787873,7
midcap100,v3,2026-01-06,95,0.19078991068894785,0.0053811346692480555,0.028204503318947128,-0.032387566250144606,-0.16975513083051497,7
midcap100,v3,2026-02-04,95,0.19966925262278867,0.0006427062307652331,0.0032188542918995216,-0.007137419845637982,-0.03574621406091933,7
midcap100,v3,2026-03-05,95,0.2552931170637086,0.002296696262383824,0.008996310941711293,-0.007453092414756779,-0.029194255217217052,8
midcap100,v3,2026-04-07,95,0.26152227668366324,0.0004038208673275978,0.001544116518288263,0.0004038208673275978,0.001544116518288263,8
midcap100,v3,2026-05-07,94,0.23981161509275878,0.0022411064283655024,0.009345278907773695,0.0022411064283655024,0.009345278907773695,8
midcap100,v4,2019-01-01,75,0.2581529937680798,0.0013195526456407647,0.0051115140149264665,0.0013195526456407647,0.0051115140149264665,8
midcap100,v4,2019-01-29,75,0.22704103836151407,0.003090880185252498,0.013613751097856307,-0.023206154356613218,-0.10221127653434356,9
midcap100,v4,2019-02-26,75,0.19487633798782256,0.002098251619138347,0.010767092817956497,-0.013495124038967687,-0.06924967996787261,12
midcap100,v4,2019-03-28,75,0.31290958571131094,0.004898857972274406,0.015655825823099174,-0.005865088103449878,-0.018743715025914813,9
midcap100,v4,2019-04-30,76,0.2889466570266671,0.0048141259497983535,0.0166609504997805,-0.013806377127129732,-0.047781750684367776,10
midcap100,v4,2019-05-29,76,0.20400025610354489,0.0007968788813503824,0.003906264122266145,-0.019083912914731216,-0.09354847527762293,10
midcap100,v4,2019-06-27,76,0.4067158692270304,0.0054787672094133155,0.013470748559247995,-0.010896422140426743,-0.026791239203760493,12
midcap100,v4,2019-07-25,76,0.17108928625619957,9.491333738020913e-05,0.0005547590936704248,-0.007064672897096003,-0.04129231614489834,10
midcap100,v4,2019-08-26,76,0.34959167031970073,0.002922391302020211,0.00835944202946166,-0.0020246184218961627,-0.005791380612829402,9
midcap100,v4,2019-09-25,76,0.482467654095115,0.001056159323447381,0.0021890779920329473,-0.007094797758929627,-0.014705229871287785,9
midcap100,v4,2019-10-27,76,0.4821244250213247,0.0005947256156566549,0.001233552138808047,-0.0010283758475961857,-0.002133009227961641,9
midcap100,v4,2019-11-26,77,0.23339791585254044,0.0007051590825433163,0.0030212741187836145,-0.007582326749910218,-0.03248669433149819,11
midcap100,v4,2019-12-24,77,0.2995579059575323,0.001888407835331285,0.006303982628316946,-0.0041925308548240725,-0.01399572760873298,9
midcap100,v4,2020-01-22,76,0.28521939919321665,0.012258326556483512,0.04297858627834544,0.0024870815649555844,0.00871988922208884,9
midcap100,v4,2020-02-18,77,0.39510967042366585,0.005758476202808005,0.01457437424053261,-0.014648813312843512,-0.037075309488466754,10
midcap100,v4,2020-03-19,75,0.2553042532082443,0.00566774360754263,0.02219995764394734,-0.019079650337411214,-0.07473299053051222,10
midcap100,v4,2020-04-22,75,0.27893340038273984,0.0036011748604940497,0.012910518623989382,-0.017563620387664125,-0.06296707516405033,10
midcap100,v4,2020-05-21,78,0.30703705456793806,0.001214685198652643,0.003956151808327974,0.001214685198652643,0.003956151808327974,8
midcap100,v4,2020-06-19,80,0.3345653823271159,0.0030562554130475483,0.00913500192933692,-0.007916710053225806,-0.023662669455399216,9
midcap100,v4,2020-07-17,80,0.22030779851124582,0.0020505287137909667,0.009307562998893548,-0.013016233123673615,-0.059082035278062064,10
midcap100,v4,2020-08-14,79,0.23353413149945923,0.001455837047107944,0.0062339369314472785,-0.002683992546781533,-0.011492934799501664,9
midcap100,v4,2020-09-11,79,0.4498364913372238,0.0066322736976092145,0.014743743171865694,-0.015172637811861178,-0.03372922851758347,10
midcap100,v4,2020-10-12,81,0.26202374426652064,0.009825663534704265,0.0374991341422477,-0.000712597265488224,-0.002719590422932805,9
midcap100,v4,2020-11-09,82,0.1849244173379767,0.0005954984500223803,0.003220226179942581,-0.006738541825460964,-0.036439437919900446,10
midcap100,v4,2020-12-08,82,0.28249935415475,0.006861652231646365,0.02428908997748585,0.004762931308453067,0.01685997238012794,9
midcap100,v4,2021-01-06,80,0.2556036614441014,0.0011899873883973733,0.004655596017968681,0.0011899873883973733,0.004655596017968681,8
midcap100,v4,2021-02-04,81,0.19343734167548876,0.0020082674353212315,0.010382004932068954,-0.006690600484993703,-0.034587946810279685,9
midcap100,v4,2021-03-04,83,0.2570092717985839,0.004228366387488247,0.01645219395353948,0.004228366387488247,0.01645219395353948,8
midcap100,v4,2021-04-06,85,0.31493633963613255,0.0003177218018921568,0.0010088445247672672,-0.019269655597991098,-0.061185875279603,12
midcap100,v4,2021-05-06,84,0.28641694759726094,0.0009321684303512656,0.0032545854502367445,0.0009321684303512656,0.0032545854502367445,8
midcap100,v4,2021-06-04,83,0.27414018312080385,0.0018795868363519208,0.006856298171813994,-0.015009250989972966,-0.05475027709950468,10
midcap100,v4,2021-07-02,83,0.14662013937007878,0.009564904640349314,0.06523595381536824,-0.011796380848721366,-0.08045539241336098,9
midcap100,v4,2021-08-02,84,0.23771808292044883,0.002251298602890306,0.009470455824110326,-0.014441795442583283,-0.060751774813093025,11
midcap100,v4,2021-08-31,85,0.28726538027127757,0.0013970458640677474,0.004863258714810864,0.000625184762679587,0.002176331732313852,9
midcap100,v4,2021-09-29,84,0.2632064014438783,0.002253648431447375,0.008562285792003826,-0.007840981127858249,-0.029790237185892028,10
midcap100,v4,2021-10-28,85,0.28387376017536947,0.011901320611987898,0.041924694288882444,-0.014220067789309287,-0.05009292785823007,11
midcap100,v4,2021-11-29,85,0.289269963557664,5.784080501336497e-05,0.00019995441041300785,-0.00913458227876529,-0.03157805313217172,11
midcap100,v4,2021-12-27,85,0.3025176524986688,0.004241212894507185,0.014019720368304286,0.00407425772681147,0.013467834664059474,10
midcap100,v4,2022-01-24,85,0.24384990031720022,0.0008592845062573851,0.003523825538331682,-0.0032196691061581184,-0.013203487481315224,9
midcap100,v4,2022-02-22,85,0.24122447994199958,0.004928964197983499,0.020433101147813135,-0.012886282011824957,-0.05342029140211373,9
midcap100,v4,2022-03-24,85,0.2272890235071114,0.000445866050534538,0.001961669963884498,-0.010126512346856797,-0.044553459690234276,10
midcap100,v4,2022-04-25,86,0.34702220066319517,0.006936619797471177,0.019988979910261023,-0.016297865233501962,-0.046964906574723644,10
midcap100,v4,2022-05-24,86,0.23418558292794833,0.0004992830841084039,0.002131997528908592,-0.005810198896730956,-0.024810233081336074,10
midcap100,v4,2022-06-21,86,0.2388362564221309,8.724591564324147e-05,0.0003652959435481971,-0.0064923244552396175,-0.027183161185397098,9
midcap100,v4,2022-07-19,86,0.20677012808951356,0.0018112520716676572,0.008759737629429441,0.0008373660196672184,0.004049743681082943,10
midcap100,v4,2022-08-18,86,0.2013781589357706,0.0010345277395609198,0.005137239038374969,-0.029911609257305183,-0.14853452536948392,10
midcap100,v4,2022-09-16,83,0.2443738783899448,0.0007284365364276235,0.002980828152447886,-0.01068402678894853,-0.043720003379003315,11
midcap100,v4,2022-10-17,86,0.27664592896143925,0.0016741558296151648,0.006051619251727792,-0.003672855192687008,-0.013276375352694797,11
midcap100,v4,2022-11-16,87,0.2850880392939922,0.00010606187553341417,0.00037203200736190715,-0.0068936100402891,-0.024180635769079677,13
midcap100,v4,2022-12-14,89,0.24284247215172527,0.006676373220604215,0.02749260935061183,-0.013360582639503571,-0.0550174873493959,11
midcap100,v4,2023-01-11,89,0.3984706609058344,0.0035133748795794784,0.008817148222638531,-0.01685968074473987,-0.042310971418606166,11
midcap100,v4,2023-02-09,89,0.40524446753897697,0.003346385686530451,0.00825769616758208,-0.020719991165591534,-0.051129608977570205,9
midcap100,v4,2023-03-10,89,0.261017107275071,0.0031879415535494005,0.012213534916658973,-0.015377210041707334,-0.05891265213318824,9
midcap100,v4,2023-04-12,89,0.37780639324688015,0.0021401100928097883,0.005664568231409781,-0.0007562409276637982,-0.0020016626006898394,9
midcap100,v4,2023-05-12,88,0.15970142290085898,0.004504686185228035,0.028206925795673708,-0.011721252818673866,-0.07339479264345879,11
midcap100,v4,2023-06-09,88,0.30724103776478473,0.0015884086410116183,0.005169910414856951,-0.008285520442079974,-0.026967492696802896,11
midcap100,v4,2023-07-10,88,0.4608452513137228,0.002667226066090822,0.005787682651578619,-0.010262314926609228,-0.02226846191287562,10
midcap100,v4,2023-08-07,88,0.46121288088196305,0.003794941344199776,0.008228177272375454,0.003794941344199776,0.008228177272375454,8
midcap100,v4,2023-09-05,89,0.2631756237503761,0.003220918004842366,0.012238663896537123,0.003220918004842366,0.012238663896537123,8
midcap100,v4,2023-10-05,88,0.22507032280812167,0.00022549101645019665,0.0010018691653205368,-0.005039224074059767,-0.022389553678988754,10
midcap100,v4,2023-11-03,89,0.22268704537234313,0.0028730604026895312,0.012901785094349067,0.0028730604026895312,0.012901785094349067,8
midcap100,v4,2023-12-04,89,0.24713274165683824,0.005255822325498372,0.02126720356947467,-0.011615355507310299,-0.0470004720112686,11
midcap100,v4,2024-01-02,87,0.23436565793825898,0.00884876988884531,0.03775625646986394,-0.0016649571769856708,-0.0071041004541044376,10
midcap100,v4,2024-01-31,84,0.4466253482093113,0.0009038497447065863,0.0020237314078353575,-0.005996469187767084,-0.013426172992216361,11
midcap100,v4,2024-02-28,88,0.2469066663016593,0.0005504908538733755,0.002229550388893959,-0.022718098576293366,-0.09201087567452484,11
midcap100,v4,2024-03-28,89,0.2561136396761986,0.0018978338644909387,0.007410124142120456,-0.016497616831971595,-0.0644152215119403,11
midcap100,v4,2024-04-30,89,0.219375648664844,0.0004422187493097196,0.002015806002175424,-0.007685557233008011,-0.03503377553426539,9
midcap100,v4,2024-05-29,89,0.29630096751522544,0.0018015014389098916,0.0060799715033577175,-0.00841940745153047,-0.028415052175277955,10
midcap100,v4,2024-06-27,90,0.24198417210965084,0.0005784288616371702,0.0023903582477909566,0.006740819924806685,0.027856449725778765,9
midcap100,v4,2024-07-26,90,0.19387965845130178,0.002442424972612267,0.01259763397626239,-0.020361611105135013,-0.10502190517448942,11
midcap100,v4,2024-08-26,89,0.21909919597380356,0.025307077251972565,0.11550511237384178,0.001466430582715228,0.006692998466733583,11
midcap100,v4,2024-09-23,90,0.3766955279358376,0.0002128563500399805,0.000565062057429671,0.0002128563500399805,0.000565062057429671,8
midcap100,v4,2024-10-22,90,0.25049583305094686,0.001953270052199474,0.007797614947958874,0.001953270052199474,0.007797614947958874,8
midcap100,v4,2024-11-21,90,0.27087690584891044,0.00034525731824164296,0.0012745911917430878,0.00034525731824164296,0.0012745911917430878,8
midcap100,v4,2024-12-19,90,0.17527668262911633,0.002642523154076759,0.015076296027739817,-0.0033968671617785606,-0.019380028825433084,10
midcap100,v4,2025-01-17,91,0.1923589989782435,0.0020677240530588836,0.010749297220520215,-0.013451372120422023,-0.06992847847967551,11
midcap100,v4,2025-02-13,91,0.19234715934064817,0.01368336818349103,0.07113891481629676,-0.012976647101412109,-0.06746471923939555,10
midcap100,v4,2025-03-17,91,0.24348408721982678,0.0009822798457613802,0.004034267113622666,-0.012793478798038604,-0.05254338771834465,10
midcap100,v4,2025-04-17,91,0.2725679240136899,0.004030012034216601,0.01478534955570998,0.004030012034216601,0.01478534955570998,8
midcap100,v4,2025-05-19,91,0.21863709783816498,0.005952050873562542,0.027223426090151662,0.005952050873562542,0.027223426090151662,8
midcap100,v4,2025-06-16,90,0.38610619574870997,0.0011378523108329652,0.0029469931416835258,-0.011597218250329666,-0.030036343311821652,10
midcap100,v4,2025-07-14,91,0.2605319326258439,0.0006654623050277308,0.002554244688244865,-0.01005318733225291,-0.03858715985763838,10
midcap100,v4,2025-08-11,91,0.35509769701003496,0.001467940458847794,0.004133905883389355,-0.015205972145730717,-0.04282193963454796,9
midcap100,v4,2025-09-10,92,0.26577169558447383,0.007464361414681875,0.02808561460341579,-0.0014162742656732563,-0.0053289130829325,9
midcap100,v4,2025-10-09,92,0.28354934060230047,0.000863942358284242,0.003046885443108778,-0.0028352465780422387,-0.009999129506066769,9
midcap100,v4,2025-11-10,93,0.20687529856421727,0.0006182432143989613,0.002988482523963822,-0.01009166321183208,-0.04878138319012249,11
midcap100,v4,2025-12-08,94,0.2508845375628694,0.0031488184065648905,0.012550866773827484,-0.013343834331583149,-0.05318715318690896,11
midcap100,v4,2026-01-06,95,0.19078991068894785,0.0053811346692480555,0.028204503318947128,-0.015709755870630615,-0.08234060078912053,13
midcap100,v4,2026-02-04,95,0.19966925262278867,0.0006427062307652331,0.0032188542918995216,-0.011449831731082938,-0.0573439905277441,8
midcap100,v4,2026-03-05,95,0.2552931170637086,0.002296696262383824,0.008996310941711293,-0.005156396152372955,-0.02019794427550576,9
midcap100,v4,2026-04-07,95,0.26152227668366324,0.0004038208673275978,0.001544116518288263,0.0004038208673275978,0.001544116518288263,8
midcap100,v4,2026-05-07,94,0.23981161509275878,0.0022411064283655024,0.009345278907773695,0.0022411064283655024,0.009345278907773695,8
nifty200,v1,2019-01-01,160,0.2511417339519988,0.002265407523827534,0.00902043435067039,0.002265407523827534,0.00902043435067039,8
nifty200,v1,2019-01-29,160,0.18281896477941217,0.0017299985222736236,0.009462905144228474,-0.009193861145023074,-0.050289427883569465,7
nifty200,v1,2019-02-26,160,0.16743245254202238,0.00026302757541873945,0.0015709473965492113,0.00026302757541873945,0.0015709473965492113,8
nifty200,v1,2019-03-28,160,0.249256133515931,0.0020410101329668695,0.008188404851575778,0.0020410101329668695,0.008188404851575778,8
nifty200,v1,2019-04-30,162,0.19303274842392332,5.209218328083853e-05,0.0002698618949694369,-0.006566763871238224,-0.034018910909442236,9
nifty200,v1,2019-05-29,162,0.18245996092167782,0.002917242666764075,0.015988399054937433,0.002917242666764075,0.015988399054937433,8
nifty200,v1,2019-06-27,163,0.24344391649320363,0.002320734952541925,0.009532934673299649,-0.005547957405169668,-0.022789468248324677,9
nifty200,v1,2019-07-25,163,0.16130224146507605,0.0009417186649003373,0.005838224294634066,-0.01581669687634646,-0.09805627456064193,8
nifty200,v1,2019-08-26,164,0.39187706437339964,0.0015668538676336663,0.003998330114417442,-0.004990361646998509,-0.01273450809114832,8
nifty200,v1,2019-09-25,164,0.17191376815899434,0.0005251796292796707,0.003054901506166502,-0.008333721871320976,-0.048476174773933976,7
nifty200,v1,2019-10-27,164,0.2683783311899023,0.0010750504377035064,0.004005727410767785,-0.005996721505858393,-0.022344283457128893,8
nifty200,v1,2019-11-26,165,0.19458813493081806,0.0007941766234581538,0.004081320907569763,-0.0007941766234581538,-0.004081320907569763,8
nifty200,v1,2019-12-24,165,0.2136248929759904,0.00038350869639081075,0.001795243480514763,-0.012766171688489036,-0.059759756977029094,9
nifty200,v1,2020-01-22,164,0.23534852534444428,0.005178783521081254,0.022004741748442427,-0.005178783521081254,-0.022004741748442427,8
nifty200,v1,2020-02-18,165,0.26371696239158954,0.00019807064149834908,0.0007510728157267215,0.00016758098762625906,0.0006354577502580985,7
nifty200,v1,2020-03-19,163,0.20612868582386246,0.0013374743810430356,0.0064885407661595985,-0.010165707367538523,-0.04931728607742228,8
nifty200,v1,2020-04-22,163,0.2530899424165038,0.0007066178944497015,0.002791963551387744,-0.02584051700736656,-0.10210013389169557,7
nifty200,v1,2020-05-21,166,0.29367547553600126,0.004092179032919585,0.01393435739041795,-0.01342231496934465,-0.045704582396085124,8
nifty200,v1,2020-06-19,166,0.2691273905130339,0.0007466659189612201,0.002774395863378532,0.005851012763751218,0.02174068106779288,7
nifty200,v1,2020-07-17,167,0.22728738975479845,0.0033106872945148913,0.014566084366081715,-0.017273974889605803,-0.07600058634243309,9
nifty200,v1,2020-08-14,166,0.17782900207564034,0.0008760226317023889,0.0049262078821640624,0.0023509443879987657,0.013220252942761166,7
nifty200,v1,2020-09-11,165,0.20778799101101686,1.9465180620570344e-05,9.367808277013616e-05,-0.02227209419743381,-0.10718662849121512,7
nifty200,v1,2020-10-12,167,0.2030134991361882,0.0012473617716648455,0.006144230688955682,-0.017067217002651347,-0.08406937014174654,7
nifty200,v1,2020-11-09,170,0.21247784411280185,0.00025162779440790484,0.0011842542711150569,-0.00911304126716761,-0.04288937185530558,7
nifty200,v1,2020-12-08,169,0.17435140770056495,0.010184619260049321,0.05841432193963479,-0.01334541290118052,-0.07654318985539958,8
nifty200,v1,2021-01-06,165,0.22585780824144652,0.0007046593819616254,0.0031199248210552473,-0.00896873632298023,-0.0397096580047942,8
nifty200,v1,2021-02-04,169,0.21426633293126274,0.001801267825163988,0.008406676870424809,-0.00788608019514292,-0.036805036457467154,8
nifty200,v1,2021-03-04,171,0.20754498078268185,0.0007121723640108879,0.0034314121272660215,-0.01068746647245622,-0.05149469976172034,8
nifty200,v1,2021-04-06,173,0.23661613339219123,0.001338307829993668,0.005656029497259271,-0.008842700771176881,-0.0373715039815992,8
nifty200,v1,2021-05-06,171,0.21155212840284582,0.0029169667954032086,0.013788406750739972,0.0008719395921756856,0.004121629967793584,7
nifty200,v1,2021-06-04,171,0.19993083188295818,0.004172739287146454,0.02087091444499778,-0.013251469158911622,-0.06628026820130066,7
nifty200,v1,2021-07-02,171,0.2107921699446636,0.0019477948572373949,0.009240356782458868,-0.01229635568865306,-0.05833402489229583,8
nifty200,v1,2021-08-02,172,0.19490326500694727,0.002449741561817209,0.012569012436656148,-0.009087219812424663,-0.04662425645922736,9
nifty200,v1,2021-08-31,174,0.20845753128218614,0.0005087634697421572,0.0024406096849216305,-0.005151783655450548,-0.02471382839354769,8
nifty200,v1,2021-09-29,172,0.2011217350325975,0.002003872767172399,0.009963481902379244,-0.013037023933490599,-0.0648215566128523,8
nifty200,v1,2021-10-28,175,0.3466997754796813,0.008752783810947906,0.025246003689612637,0.008752783810947906,0.025246003689612637,8
nifty200,v1,2021-11-29,175,0.22775824497604458,0.0012624998054340253,0.005543157419248703,-0.028105304268011277,-0.12339972267949013,8
nifty200,v1,2021-12-27,175,0.24668379795648032,0.0022228191816909826,0.009010803304086998,-0.0022228191816909826,-0.009010803304086998,8
nifty200,v1,2022-01-24,175,0.17327658765359766,0.0004099744856195242,0.0023660119994924895,-0.0067898851027364815,-0.0391852424766717,8
nifty200,v1,2022-02-22,176,0.23269817888901267,0.0004900526554073581,0.0021059582749940334,-0.0007833148075925278,-0.003366226634571714,8
nifty200,v1,2022-03-24,176,0.24080296445364302,0.0012483134792952155,0.00518396225780488,-0.02701766889568391,-0.11219824040366032,8
nifty200,v1,2022-04-25,178,0.267474206297776,0.0012198524580128156,0.00456063586428505,-0.04818758370240794,-0.18015787155476684,8
nifty200,v1,2022-05-24,178,0.29640981425364965,0.001162712856631165,0.0039226530321164925,-0.013898325026203695,-0.04688888274903862,8
nifty200,v1,2022-06-21,178,0.23370842279027199,0.00013728594776318825,0.0005874240479830183,-0.016400802914851242,-0.0701763450330123,9
nifty200,v1,2022-07-19,178,0.21389266019639197,0.0006353664301572692,0.002970491972814254,-0.013992812347300654,-0.06541978735713855,9
nifty200,v1,2022-08-18,176,0.2205272313742916,0.0024601792119267607,0.011155897603190792,-0.010127369214267823,-0.045923440616179804,8
nifty200,v1,2022-09-16,172,0.1778529650074222,0.006900073854198996,0.03879650729416313,-0.021353429404258772,-0.12006226268630184,8
nifty200,v1,2022-10-17,179,0.3378882091446209,0.0034779066013335136,0.01029306885297356,-0.020148013419297506,-0.05962922905863777,8
nifty200,v1,2022-11-16,179,0.1942605657632771,0.0019975218052159516,0.010282693234045763,-0.01500971362811454,-0.07726588033520475,9
nifty200,v1,2022-12-14,180,0.2104818457735761,0.003087663649866901,0.014669501013348327,0.003087663649866901,0.014669501013348327,8
nifty200,v1,2023-01-11,178,0.2517379171531039,0.003265150561244212,0.01297043607164823,0.003265150561244212,0.01297043607164823,8
nifty200,v1,2023-02-09,182,0.48253647552905543,0.00911767854955614,0.01889531467970265,-0.017503670896828027,-0.03627429590195625,9
nifty200,v1,2023-03-10,182,0.273747427029926,0.004006321948172853,0.01463510357573108,-0.004006321948172853,-0.01463510357573108,8
nifty200,v1,2023-04-12,182,0.37814044191139806,1.7975235222511543e-07,4.753587088345159e-07,-0.012144005273195368,-0.032115066063314185,7
nifty200,v1,2023-05-12,181,0.2996733702446076,0.006554428817916236,0.021871909447830483,-0.012962318464565192,-0.04325482258895655,7
nifty200,v1,2023-06-09,180,0.2541588583103281,0.0004425329322494953,0.0017411666671446973,-0.007648191510418845,-0.030092169760537715,7
nifty200,v1,2023-07-10,177,0.23709021210984732,0.0019123814251116311,0.008066049661407351,-0.012383213312550323,-0.052229964292296475,8
nifty200,v1,2023-08-07,180,0.3040479758378911,0.0006080491539183219,0.0019998460842986002,0.0006080491539183219,0.0019998460842986002,8
nifty200,v1,2023-09-05,182,0.18730508136870794,0.00031276962548243414,0.0016698405787868118,-0.010226515549399351,-0.054598174671345784,8
nifty200,v1,2023-10-05,181,0.2551564321617683,0.008047129362673378,0.03153802275135876,-0.010297414078649703,-0.04035725845281132,8
nifty200,v1,2023-11-03,182,0.1814650172313791,0.0021864451613274882,0.012048852140683599,-0.004785994903832358,-0.026374201357663992,8
nifty200,v1,2023-12-04,182,0.2884349502230038,0.006828280760457939,0.023673555355128238,-0.006828280760457939,-0.023673555355128238,8
nifty200,v1,2024-01-02,176,0.3235505892288336,0.00012971743432510507,0.0004009185538319679,-0.0021825486106821224,-0.006745617790046731,8
nifty200,v1,2024-01-31,174,0.43183024660123975,0.002849095108659938,0.006597720125174202,-0.05573712549474863,-0.12907184231172522,8
nifty200,v1,2024-02-28,180,0.1603739356845032,0.00021380465716813735,0.0013331633738087349,-0.03993108323967609,-0.24898736237433747,8
nifty200,v1,2024-03-28,181,0.22285982140727545,0.001416663989693756,0.006356749192151636,-0.0010204193276824869,-0.004578749642887287,9
nifty200,v1,2024-04-30,181,0.3182131753979707,0.01333315459057216,0.04190007083741004,-0.0551273591366126,-0.17324034137702818,7
nifty200,v1,2024-05-29,181,0.21189238187020154,0.002671891973961782,0.012609665106310886,0.00024459094785034274,0.0011543168550541439,7
nifty200,v1,2024-06-27,182,0.25196545385155344,0.00023110201174958434,0.0009171972118278528,-0.005585167207744934,-0.02216640068060862,8
nifty200,v1,2024-07-26,183,0.2326206985244147,0.005904434200522113,0.025382239147142847,-0.02895510727164463,-0.12447347744769002,8
nifty200,v1,2024-08-26,182,0.22017758397212556,0.001246151416882113,0.005659756067810589,-0.012848857890155219,-0.05835679390406011,8
nifty200,v1,2024-09-23,185,0.22675442750561559,0.0006841241433773737,0.0030170266173101794,0.0006841241433773737,0.0030170266173101794,8
nifty200,v1,2024-10-22,185,0.1702075015233397,0.000675533682811591,0.003968883138320191,-0.009005660188531106,-0.052909890033819726,8
nifty200,v1,2024-11-21,185,0.2698732898715552,0.006825420255189396,0.025291203358575872,0.006825420255189396,0.025291203358575872,8
nifty200,v1,2024-12-19,185,0.17245748981314207,0.002140087403012303,0.01240936189742232,-0.04250973701050598,-0.2464940029949719,8
nifty200,v1,2025-01-17,186,0.3704104547556488,0.00017034702530560608,0.0004598871957271834,-0.02862669301936016,-0.0772837069035876,8
nifty200,v1,2025-02-13,186,0.2769167440240326,0.0003726961991694644,0.0013458781645111335,-0.0017296317953251483,-0.00624603543357797,8
nifty200,v1,2025-03-17,186,0.25538657441455664,0.0017116807018500158,0.0067023127812174165,-0.024797957164890194,-0.09709968983975201,9
nifty200,v1,2025-04-17,186,0.23164101007336507,0.0007516197209795905,0.0032447610237131084,-0.01755523747831078,-0.07578639668662603,8
nifty200,v1,2025-05-19,186,0.15723179499323414,0.0024366428328156386,0.015497138049721368,-0.004016069011588574,-0.025542346646626978,8
nifty200,v1,2025-06-16,184,0.18392978145896682,0.001377084463058953,0.0074870119027796965,-0.004057211839365804,-0.022058482357686777,8
nifty200,v1,2025-07-14,185,0.2483869240801827,0.007401939488037801,0.029800036839493022,0.007401939488037801,0.029800036839493022,8
nifty200,v1,2025-08-11,186,0.3887375739118207,0.00017184460254848766,0.0004420581237343114,0.00017184460254848766,0.0004420581237343114,8
nifty200,v1,2025-09-10,187,0.27984696745079235,0.0036852280708183915,0.013168726123381679,0.0036852280708183915,0.013168726123381679,8
nifty200,v1,2025-10-09,187,0.2255282126076686,0.0027608427837582106,0.012241673677257415,0.0027608427837582106,0.012241673677257415,8
nifty200,v1,2025-11-10,189,0.19289860489931976,0.0007835203001007596,0.0040618246073355745,-0.005633279477521791,-0.02920331891701336,8
nifty200,v1,2025-12-08,190,0.26426339865635845,0.001386401634477119,0.005246287005791374,-0.020795370105998745,-0.07869182872744525,8
nifty200,v1,2026-01-06,191,0.19730552672470908,0.0007793526817807539,0.0039499789728046865,0.0011331495020491245,0.005743120939689406,7
nifty200,v1,2026-02-04,191,0.2025883803083477,0.00028919535943616737,0.0014275022042034215,0.00486253181262708,0.024002027190434667,7
nifty200,v1,2026-03-05,190,0.20862658115272803,0.0009330993690980227,0.004472581412887815,-0.022642317507647558,-0.1085303578409883,8
nifty200,v1,2026-04-07,191,0.20535596780993165,0.002276930092587892,0.011087723024905306,-0.0005873332008665688,-0.002860073691212024,7
nifty200,v1,2026-05-07,190,0.16089114398342558,0.0013917873798308111,0.008650490918096698,-0.008888527564394622,-0.05524559863475323,8
nifty200,v2,2019-01-01,160,0.2511417339519988,0.002265407523827534,0.00902043435067039,0.002265407523827534,0.00902043435067039,8
nifty200,v2,2019-01-29,160,0.18281896477941217,0.0017299985222736236,0.009462905144228474,-0.0018712519265035032,-0.010235546015487726,9
nifty200,v2,2019-02-26,160,0.16743245254202238,0.00026302757541873945,0.0015709473965492113,0.00026302757541873945,0.0015709473965492113,8
nifty200,v2,2019-03-28,160,0.249256133515931,0.0020410101329668695,0.008188404851575778,0.0020410101329668695,0.008188404851575778,8
nifty200,v2,2019-04-30,162,0.19303274842392332,5.209218328083853e-05,0.0002698618949694369,-0.0019042943494205211,-0.009865136174917117,10
nifty200,v2,2019-05-29,162,0.18245996092167782,0.002917242666764075,0.015988399054937433,0.002917242666764075,0.015988399054937433,8
nifty200,v2,2019-06-27,163,0.24344391649320363,0.002320734952541925,0.009532934673299649,-0.005547957405169668,-0.022789468248324677,9
nifty200,v2,2019-07-25,163,0.16130224146507605,0.0009417186649003373,0.005838224294634066,-0.014874978211446122,-0.09221805026600786,9
nifty200,v2,2019-08-26,164,0.39187706437339964,0.0015668538676336663,0.003998330114417442,-0.0034235077793648427,-0.008736177976730878,9
nifty200,v2,2019-09-25,164,0.17191376815899434,0.0005251796292796707,0.003054901506166502,0.0014723654210103687,0.008564557898868534,10
nifty200,v2,2019-10-27,164,0.2683783311899023,0.0010750504377035064,0.004005727410767785,-0.004677400530993858,-0.017428383693481455,9
nifty200,v2,2019-11-26,165,0.19458813493081806,0.0007941766234581538,0.004081320907569763,0.002474512027050735,0.012716664497198138,9
nifty200,v2,2019-12-24,165,0.2136248929759904,0.00038350869639081075,0.001795243480514763,-0.0030121880497900877,-0.014100360720267893,10
nifty200,v2,2020-01-22,164,0.23534852534444428,0.005178783521081254,0.022004741748442427,0.00010172011812326076,0.00043221056080291266,9
nifty200,v2,2020-02-18,165,0.26371696239158954,0.00019807064149834908,0.0007510728157267215,0.00019807064149834908,0.0007510728157267215,8
nifty200,v2,2020-03-19,163,0.20612868582386246,0.0013374743810430356,0.0064885407661595985,-0.004918539870790384,-0.023861501135233987,10
nifty200,v2,2020-04-22,163,0.2530899424165038,0.0007066178944497015,0.002791963551387744,-0.011956330801255466,-0.04724143001138793,10
nifty200,v2,2020-05-21,166,0.29367547553600126,0.004092179032919585,0.01393435739041795,-0.009330135936425066,-0.031770225005667174,10
nifty200,v2,2020-06-19,166,0.2691273905130339,0.0007466659189612201,0.002774395863378532,0.0007466659189612201,0.002774395863378532,8
nifty200,v2,2020-07-17,167,0.22728738975479845,0.0033106872945148913,0.014566084366081715,-0.013963287595090912,-0.06143450197635138,10
nifty200,v2,2020-08-14,166,0.17782900207564034,0.0008760226317023889,0.0049262078821640624,0.0008760226317023889,0.0049262078821640624,8
nifty200,v2,2020-09-11,165,0.20778799101101686,1.9465180620570344e-05,9.367808277013616e-05,-0.0020045311593082094,-0.009647001973285019,11
nifty200,v2,2020-10-12,167,0.2030134991361882,0.0012473617716648455,0.006144230688955682,-0.013519251116268172,-0.06659286783288734,10
nifty200,v2,2020-11-09,170,0.21247784411280185,0.00025162779440790484,0.0011842542711150569,-0.004785715458808015,-0.02252336227709153,10
nifty200,v2,2020-12-08,169,0.17435140770056495,0.010184619260049321,0.05841432193963479,-0.02277120553845169,-0.1306052290530368,9
nifty200,v2,2021-01-06,165,0.22585780824144652,0.0007046593819616254,0.0031199248210552473,-0.011917329165638257,-0.05276474281951055,10
nifty200,v2,2021-02-04,169,0.21426633293126274,0.001801267825163988,0.008406676870424809,-0.0056440009137378455,-0.026341053382140336,10
nifty200,v2,2021-03-04,171,0.20754498078268185,0.0007121723640108879,0.0034314121272660215,-0.006297249772771019,-0.030341614376908504,10
nifty200,v2,2021-04-06,173,0.23661613339219123,0.001338307829993668,0.005656029497259271,-0.008712438292751035,-0.03682098159515678,10
nifty200,v2,2021-05-06,171,0.21155212840284582,0.0029169667954032086,0.013788406750739972,-0.002249481798304531,-0.010633226974776543,9
nifty200,v2,2021-06-04,171,0.19993083188295818,0.004172739287146454,0.02087091444499778,-0.008971058038675261,-0.044870808339991415,9
nifty200,v2,2021-07-02,171,0.2107921699446636,0.0019477948572373949,0.009240356782458868,-0.004344796828667952,-0.020611756261195716,10
nifty200,v2,2021-08-02,172,0.19490326500694727,0.002449741561817209,0.012569012436656148,-0.005661256507522916,-0.029046493948272863,10
nifty200,v2,2021-08-31,174,0.20845753128218614,0.0005087634697421572,0.0024406096849216305,-0.0010772787235948655,-0.00516785705447393,10
nifty200,v2,2021-09-29,172,0.2011217350325975,0.002003872767172399,0.009963481902379244,-0.0110331511663182,-0.054858074710473055,9
nifty200,v2,2021-10-28,175,0.3466997754796813,0.008752783810947906,0.025246003689612637,0.008752783810947906,0.025246003689612637,8
nifty200,v2,2021-11-29,175,0.22775824497604458,0.0012624998054340253,0.005543157419248703,-0.008552206519212846,-0.03754949253368351,9
nifty200,v2,2021-12-27,175,0.24668379795648032,0.0022228191816909826,0.009010803304086998,0.00548330622046167,0.022228076046684787,9
nifty200,v2,2022-01-24,175,0.17327658765359766,0.0004099744856195242,0.0023660119994924895,-0.006379910617116957,-0.03681923047717921,9
nifty200,v2,2022-02-22,176,0.23269817888901267,0.0004900526554073581,0.0021059582749940334,-0.0002932621521851697,-0.0012602683595776807,9
nifty200,v2,2022-03-24,176,0.24080296445364302,0.0012483134792952155,0.00518396225780488,-0.025769355416388695,-0.10701427814585544,9
nifty200,v2,2022-04-25,178,0.267474206297776,0.0012198524580128156,0.00456063586428505,-0.030712149091179364,-0.11482284410253703,9
nifty200,v2,2022-05-24,178,0.29640981425364965,0.001162712856631165,0.0039226530321164925,-0.00496094914980727,-0.016736791129196515,9
nifty200,v2,2022-06-21,178,0.23370842279027199,0.00013728594776318825,0.0005874240479830183,-0.015193783991209187,-0.0650117090766727,11
nifty200,v2,2022-07-19,178,0.21389266019639197,0.0006353664301572692,0.002970491972814254,-0.006784261886279341,-0.03171806774505571,10
nifty200,v2,2022-08-18,176,0.2205272313742916,0.0024601792119267607,0.011155897603190792,-0.007667190002341062,-0.03476754301298901,9
nifty200,v2,2022-09-16,172,0.1778529650074222,0.006900073854198996,0.03879650729416313,-0.007440206932576965,-0.04183347144235953,11
nifty200,v2,2022-10-17,179,0.3378882091446209,0.0034779066013335136,0.01029306885297356,-0.0061474775783813,-0.018193820950260186,11
nifty200,v2,2022-11-16,179,0.1942605657632771,0.0019975218052159516,0.010282693234045763,-0.006483690160911659,-0.03337625490503607,11
nifty200,v2,2022-12-14,180,0.2104818457735761,0.003087663649866901,0.014669501013348327,-0.005186337796816876,-0.024640309370890023,10
nifty200,v2,2023-01-11,178,0.2517379171531039,0.003265150561244212,0.01297043607164823,0.003265150561244212,0.01297043607164823,8
nifty200,v2,2023-02-09,182,0.48253647552905543,0.00911767854955614,0.01889531467970265,-0.007142692695865649,-0.014802389162465623,10
nifty200,v2,2023-03-10,182,0.273747427029926,0.004006321948172853,0.01463510357573108,0.003867971975283213,0.01412971079673515,9
nifty200,v2,2023-04-12,182,0.37814044191139806,1.7975235222511543e-07,4.753587088345159e-07,-0.004366038012807882,-0.011546075290806602,11
nifty200,v2,2023-05-12,181,0.2996733702446076,0.006554428817916236,0.021871909447830483,-0.00423066698852026,-0.014117594049371116,10
nifty200,v2,2023-06-09,180,0.2541588583103281,0.0004425329322494953,0.0017411666671446973,0.0004425329322494953,0.0017411666671446973,8
nifty200,v2,2023-07-10,177,0.23709021210984732,0.0019123814251116311,0.008066049661407351,-0.009612318492359773,-0.040542873562010424,10
nifty200,v2,2023-08-07,180,0.3040479758378911,0.0006080491539183219,0.0019998460842986002,0.0006080491539183219,0.0019998460842986002,8
nifty200,v2,2023-09-05,182,0.18730508136870794,0.00031276962548243414,0.0016698405787868118,-0.009913745923916917,-0.052928334092558975,9
nifty200,v2,2023-10-05,181,0.2551564321617683,0.008047129362673378,0.03153802275135876,-0.0001728132325298226,-0.0006772834651499579,9
nifty200,v2,2023-11-03,182,0.1814650172313791,0.0021864451613274882,0.012048852140683599,-0.006490069662494546,-0.035764852981108236,10
nifty200,v2,2023-12-04,182,0.2884349502230038,0.006828280760457939,0.023673555355128238,-0.019937589364051322,-0.06912334773797889,9
nifty200,v2,2024-01-02,176,0.3235505892288336,0.00012971743432510507,0.0004009185538319679,-0.0020528311763570173,-0.0063446992362147635,9
nifty200,v2,2024-01-31,174,0.43183024660123975,0.002849095108659938,0.006597720125174202,-0.01219894564371471,-0.02824940063769884,11
nifty200,v2,2024-02-28,180,0.1603739356845032,0.00021380465716813735,0.0013331633738087349,-0.014447961150424904,-0.09008920987539872,12
nifty200,v2,2024-03-28,181,0.22285982140727545,0.001416663989693756,0.006356749192151636,-0.0010204193276824869,-0.004578749642887287,9
nifty200,v2,2024-04-30,181,0.3182131753979707,0.01333315459057216,0.04190007083741004,-0.03060671938405113,-0.09618306767396756,9
nifty200,v2,2024-05-29,181,0.21189238187020154,0.002671891973961782,0.012609665106310886,0.002671891973961782,0.012609665106310886,8
nifty200,v2,2024-06-27,182,0.25196545385155344,0.00023110201174958434,0.0009171972118278528,-0.007283588550711428,-0.028907091981754715,10
nifty200,v2,2024-07-26,183,0.2326206985244147,0.005904434200522113,0.025382239147142847,-0.013194405039044566,-0.056720683596690975,11
nifty200,v2,2024-08-26,182,0.22017758397212556,0.001246151416882113,0.005659756067810589,-0.011299642258382758,-0.05132058429623468,11
nifty200,v2,2024-09-23,185,0.22675442750561559,0.0006841241433773737,0.0030170266173101794,-0.006609713262923034,-0.029149213691800322,9
nifty200,v2,2024-10-22,185,0.1702075015233397,0.000675533682811591,0.003968883138320191,-0.006748451372437292,-0.03964837807992799,9
nifty200,v2,2024-11-21,185,0.2698732898715552,0.006825420255189396,0.025291203358575872,0.006825420255189396,0.025291203358575872,8
nifty200,v2,2024-12-19,185,0.17245748981314207,0.002140087403012303,0.01240936189742232,-0.007977656056832094,-0.046258681287057436,12
nifty200,v2,2025-01-17,186,0.3704104547556488,0.00017034702530560608,0.0004598871957271834,-0.01701392416829517,-0.04593262406569723,10
nifty200,v2,2025-02-13,186,0.2769167440240326,0.0003726961991694644,0.0013458781645111335,-0.0023902454806176143,-0.008631639408594858,10
nifty200,v2,2025-03-17,186,0.25538657441455664,0.0017116807018500158,0.0067023127812174165,-0.014344629431741085,-0.056168298841176134,11
nifty200,v2,2025-04-17,186,0.23164101007336507,0.0007516197209795905,0.0032447610237131084,-0.01680361775733119,-0.07254163566291293,9
nifty200,v2,2025-05-19,186,0.15723179499323414,0.0024366428328156386,0.015497138049721368,-0.0015794261787729358,-0.010045208596905608,9
nifty200,v2,2025-06-16,184,0.18392978145896682,0.001377084463058953,0.0074870119027796965,-0.002680127376306851,-0.01457147045490708,9
nifty200,v2,2025-07-14,185,0.2483869240801827,0.007401939488037801,0.029800036839493022,0.007401939488037801,0.029800036839493022,8
nifty200,v2,2025-08-11,186,0.3887375739118207,0.00017184460254848766,0.0004420581237343114,0.00017184460254848766,0.0004420581237343114,8
nifty200,v2,2025-09-10,187,0.27984696745079235,0.0036852280708183915,0.013168726123381679,0.0036852280708183915,0.013168726123381679,8
nifty200,v2,2025-10-09,187,0.2255282126076686,0.0027608427837582106,0.012241673677257415,0.0027608427837582106,0.012241673677257415,8
nifty200,v2,2025-11-10,189,0.19289860489931976,0.0007835203001007596,0.0040618246073355745,-0.003847019457736467,-0.019943220738918018,10
nifty200,v2,2025-12-08,190,0.26426339865635845,0.001386401634477119,0.005246287005791374,-0.011560460642584869,-0.043745977314163756,10
nifty200,v2,2026-01-06,191,0.19730552672470908,0.0007793526817807539,0.0039499789728046865,0.0007793526817807539,0.0039499789728046865,8
nifty200,v2,2026-02-04,191,0.2025883803083477,0.00028919535943616737,0.0014275022042034215,0.00028919535943616737,0.0014275022042034215,8
nifty200,v2,2026-03-05,190,0.20862658115272803,0.0009330993690980227,0.004472581412887815,-0.007241025694347258,-0.03470806861876514,9
nifty200,v2,2026-04-07,191,0.20535596780993165,0.002276930092587892,0.011087723024905306,0.002276930092587892,0.011087723024905306,8
nifty200,v2,2026-05-07,190,0.16089114398342558,0.0013917873798308111,0.008650490918096698,-0.00749674018456381,-0.04659510771665653,9
nifty200,v3,2019-01-01,160,0.2511417339519988,0.002265407523827534,0.00902043435067039,0.002265407523827534,0.00902043435067039,8
nifty200,v3,2019-01-29,160,0.18281896477941217,0.0017299985222736236,0.009462905144228474,-0.005123477640463503,-0.02802486955686161,8
nifty200,v3,2019-02-26,160,0.16743245254202238,0.00026302757541873945,0.0015709473965492113,0.00026302757541873945,0.0015709473965492113,8
nifty200,v3,2019-03-28,160,0.249256133515931,0.0020410101329668695,0.008188404851575778,-0.0007308785349513514,-0.0029322389168194244,7
nifty200,v3,2019-04-30,162,0.19303274842392332,5.209218328083853e-05,0.0002698618949694369,-0.013896238391002513,-0.07198902002102094,7
nifty200,v3,2019-05-29,162,0.18245996092167782,0.002917242666764075,0.015988399054937433,0.002917242666764075,0.015988399054937433,8
nifty200,v3,2019-06-27,163,0.24344391649320363,0.002320734952541925,0.009532934673299649,-0.011287331823488178,-0.04636522442656025,8
nifty200,v3,2019-07-25,163,0.16130224146507605,0.0009417186649003373,0.005838224294634066,-0.01581669687634646,-0.09805627456064193,8
nifty200,v3,2019-08-26,164,0.39187706437339964,0.0015668538676336663,0.003998330114417442,-0.0034235077793648427,-0.008736177976730878,9
nifty200,v3,2019-09-25,164,0.17191376815899434,0.0005251796292796707,0.003054901506166502,-0.002281902173573269,-0.013273527757607251,9
nifty200,v3,2019-10-27,164,0.2683783311899023,0.0010750504377035064,0.004005727410767785,-0.012014669809734979,-0.04476765973044783,7
nifty200,v3,2019-11-26,165,0.19458813493081806,0.0007941766234581538,0.004081320907569763,-0.002416351417657836,-0.012417773665989047,7
nifty200,v3,2019-12-24,165,0.2136248929759904,0.00038350869639081075,0.001795243480514763,-0.01572848523458803,-0.07362665003818528,7
nifty200,v3,2020-01-22,164,0.23534852534444428,0.005178783521081254,0.022004741748442427,-0.02662635783467915,-0.11313586008542076,6
nifty200,v3,2020-02-18,165,0.26371696239158954,0.00019807064149834908,0.0007510728157267215,0.00019807064149834908,0.0007510728157267215,8
nifty200,v3,2020-03-19,163,0.20612868582386246,0.0013374743810430356,0.0064885407661595985,-0.010165707367538523,-0.04931728607742228,9
nifty200,v3,2020-04-22,163,0.2530899424165038,0.0007066178944497015,0.002791963551387744,-0.011956330801255466,-0.04724143001138793,10
nifty200,v3,2020-05-21,166,0.29367547553600126,0.004092179032919585,0.01393435739041795,-0.01342231496934465,-0.045704582396085124,9
nifty200,v3,2020-06-19,166,0.2691273905130339,0.0007466659189612201,0.002774395863378532,0.0007466659189612201,0.002774395863378532,8
nifty200,v3,2020-07-17,167,0.22728738975479845,0.0033106872945148913,0.014566084366081715,-0.030766564683110675,-0.13536415159812507,7
nifty200,v3,2020-08-14,166,0.17782900207564034,0.0008760226317023889,0.0049262078821640624,0.0008760226317023889,0.0049262078821640624,8
nifty200,v3,2020-09-11,165,0.20778799101101686,1.9465180620570344e-05,9.367808277013616e-05,-0.014723697074780051,-0.07085923013712282,8
nifty200,v3,2020-10-12,167,0.2030134991361882,0.0012473617716648455,0.006144230688955682,-0.015439738070816666,-0.07605276563633424,8
nifty200,v3,2020-11-09,170,0.21247784411280185,0.00025162779440790484,0.0011842542711150569,-0.005622110472299324,-0.026459749230675626,8
nifty200,v3,2020-12-08,169,0.17435140770056495,0.010184619260049321,0.05841432193963479,-0.017957828046043622,-0.10299789535903721,9
nifty200,v3,2021-01-06,165,0.22585780824144652,0.0007046593819616254,0.0031199248210552473,-0.00916476456034332,-0.04057758565754788,7
nifty200,v3,2021-02-04,169,0.21426633293126274,0.001801267825163988,0.008406676870424809,-0.00788608019514292,-0.036805036457467154,7
nifty200,v3,2021-03-04,171,0.20754498078268185,0.0007121723640108879,0.0034314121272660215,-0.00898004032716615,-0.043267923383649806,7
nifty200,v3,2021-04-06,173,0.23661613339219123,0.001338307829993668,0.005656029497259271,0.001338307829993668,0.005656029497259271,8
nifty200,v3,2021-05-06,171,0.21155212840284582,0.0029169667954032086,0.013788406750739972,0.0029169667954032086,0.013788406750739972,8
nifty200,v3,2021-06-04,171,0.19993083188295818,0.004172739287146454,0.02087091444499778,-0.013143797325821716,-0.06574172278498919,8
nifty200,v3,2021-07-02,171,0.2107921699446636,0.0019477948572373949,0.009240356782458868,-0.018460448034474886,-0.08757653588044118,7
nifty200,v3,2021-08-02,172,0.19490326500694727,0.002449741561817209,0.012569012436656148,-0.040928247947373486,-0.20999262349922465,8
nifty200,v3,2021-08-31,174,0.20845753128218614,0.0005087634697421572,0.0024406096849216305,-0.016286597024066318,-0.07812908904701252,7
nifty200,v3,2021-09-29,172,0.2011217350325975,0.002003872767172399,0.009963481902379244,-0.013037023933490599,-0.0648215566128523,8
nifty200,v3,2021-10-28,175,0.3466997754796813,0.008752783810947906,0.025246003689612637,0.002897187035739046,0.008356472200567776,7
nifty200,v3,2021-11-29,175,0.22775824497604458,0.0012624998054340253,0.005543157419248703,0.0012624998054340253,0.005543157419248703,8
nifty200,v3,2021-12-27,175,0.24668379795648032,0.0022228191816909826,0.009010803304086998,-0.0022228191816909826,-0.009010803304086998,8
nifty200,v3,2022-01-24,175,0.17327658765359766,0.0004099744856195242,0.0023660119994924895,-0.012637380885533678,-0.07293184299541632,8
nifty200,v3,2022-02-22,176,0.23269817888901267,0.0004900526554073581,0.0021059582749940334,-0.005279454774151926,-0.022687993517431032,7
nifty200,v3,2022-03-24,176,0.24080296445364302,0.0012483134792952155,0.00518396225780488,0.00027831064291894414,0.0011557608667750506,7
nifty200,v3,2022-04-25,178,0.267474206297776,0.0012198524580128156,0.00456063586428505,-0.063335291054743,-0.23679027571067,7
nifty200,v3,2022-05-24,178,0.29640981425364965,0.001162712856631165,0.0039226530321164925,-0.013898325026203695,-0.04688888274903862,8
nifty200,v3,2022-06-21,178,0.23370842279027199,0.00013728594776318825,0.0005874240479830183,-0.015767824081380444,-0.06746793244816153,9
nifty200,v3,2022-07-19,178,0.21389266019639197,0.0006353664301572692,0.002970491972814254,-0.007419628316436611,-0.034688559717869966,9
nifty200,v3,2022-08-18,176,0.2205272313742916,0.0024601792119267607,0.011155897603190792,-0.010127369214267823,-0.045923440616179804,8
nifty200,v3,2022-09-16,172,0.1778529650074222,0.006900073854198996,0.03879650729416313,-0.023017304251531034,-0.12941760206567526,7
nifty200,v3,2022-10-17,179,0.3378882091446209,0.0034779066013335136,0.01029306885297356,-0.020862368513086094,-0.06174340491460211,7
nifty200,v3,2022-11-16,179,0.1942605657632771,0.0019975218052159516,0.010282693234045763,-0.01817640198310322,-0.09356712162185658,7
nifty200,v3,2022-12-14,180,0.2104818457735761,0.003087663649866901,0.014669501013348327,0.003087663649866901,0.014669501013348327,8
nifty200,v3,2023-01-11,178,0.2517379171531039,0.003265150561244212,0.01297043607164823,0.007836089889577957,0.031127968238539704,7
nifty200,v3,2023-02-09,182,0.48253647552905543,0.00911767854955614,0.01889531467970265,-0.030561342457196328,-0.06333478194304112,8
nifty200,v3,2023-03-10,182,0.273747427029926,0.004006321948172853,0.01463510357573108,-0.014189221315668799,-0.05183325910901671,8
nifty200,v3,2023-04-12,182,0.37814044191139806,1.7975235222511543e-07,4.753587088345159e-07,-0.012303511862215899,-0.03253688444437459,8
nifty200,v3,2023-05-12,181,0.2996733702446076,0.006554428817916236,0.021871909447830483,-0.006157422924770173,-0.02054711407871908,9
nifty200,v3,2023-06-09,180,0.2541588583103281,0.0004425329322494953,0.0017411666671446973,0.0004425329322494953,0.0017411666671446973,8
nifty200,v3,2023-07-10,177,0.23709021210984732,0.0019123814251116311,0.008066049661407351,-0.024124504617715536,-0.1017524274959875,8
nifty200,v3,2023-08-07,180,0.3040479758378911,0.0006080491539183219,0.0019998460842986002,0.0006080491539183219,0.0019998460842986002,8
nifty200,v3,2023-09-05,182,0.18730508136870794,0.00031276962548243414,0.0016698405787868118,-0.0174505977235917,-0.093166707470367,7
nifty200,v3,2023-10-05,181,0.2551564321617683,0.008047129362673378,0.03153802275135876,-0.019140677616777846,-0.0750154619055134,7
nifty200,v3,2023-11-03,182,0.1814650172313791,0.0021864451613274882,0.012048852140683599,-0.010502023759889623,-0.05787354455486533,8
nifty200,v3,2023-12-04,182,0.2884349502230038,0.006828280760457939,0.023673555355128238,-0.014768472658071907,-0.05120209130916224,7
nifty200,v3,2024-01-02,176,0.3235505892288336,0.00012971743432510507,0.0004009185538319679,-0.0021825486106821224,-0.006745617790046731,8
nifty200,v3,2024-01-31,174,0.43183024660123975,0.002849095108659938,0.006597720125174202,-0.05573712549474863,-0.12907184231172522,8
nifty200,v3,2024-02-28,180,0.1603739356845032,0.00021380465716813735,0.0013331633738087349,-0.04532514325414316,-0.282621630882149,7
nifty200,v3,2024-03-28,181,0.22285982140727545,0.001416663989693756,0.006356749192151636,-0.0030521553847940863,-0.013695404427414865,7
nifty200,v3,2024-04-30,181,0.3182131753979707,0.01333315459057216,0.04190007083741004,-0.04393987397462329,-0.1380831385113776,8
nifty200,v3,2024-05-29,181,0.21189238187020154,0.002671891973961782,0.012609665106310886,0.00024459094785034274,0.0011543168550541439,7
nifty200,v3,2024-06-27,182,0.25196545385155344,0.00023110201174958434,0.0009171972118278528,-0.015501857321534307,-0.06152374099136342,7
nifty200,v3,2024-07-26,183,0.2326206985244147,0.005904434200522113,0.025382239147142847,-0.02895510727164463,-0.12447347744769002,7
nifty200,v3,2024-08-26,182,0.22017758397212556,0.001246151416882113,0.005659756067810589,-0.016582414702253967,-0.07531381897783608,7
nifty200,v3,2024-09-23,185,0.22675442750561559,0.0006841241433773737,0.0030170266173101794,0.0032009911860663154,0.0141165542886127,7
nifty200,v3,2024-10-22,185,0.1702075015233397,0.000675533682811591,0.003968883138320191,-0.009005660188531106,-0.052909890033819726,8
nifty200,v3,2024-11-21,185,0.2698732898715552,0.006825420255189396,0.025291203358575872,0.006825420255189396,0.025291203358575872,8
nifty200,v3,2024-12-19,185,0.17245748981314207,0.002140087403012303,0.01240936189742232,-0.04250973701050598,-0.2464940029949719,8
nifty200,v3,2025-01-17,186,0.3704104547556488,0.00017034702530560608,0.0004598871957271834,-0.02862669301936016,-0.0772837069035876,8
nifty200,v3,2025-02-13,186,0.2769167440240326,0.0003726961991694644,0.0013458781645111335,-0.0017296317953251483,-0.00624603543357797,8
nifty200,v3,2025-03-17,186,0.25538657441455664,0.0017116807018500158,0.0067023127812174165,-0.06207529159589986,-0.2430640363073121,8
nifty200,v3,2025-04-17,186,0.23164101007336507,0.0007516197209795905,0.0032447610237131084,-0.01755523747831078,-0.07578639668662603,8
nifty200,v3,2025-05-19,186,0.15723179499323414,0.0024366428328156386,0.015497138049721368,-0.009209502108165402,-0.058572772183652144,6
nifty200,v3,2025-06-16,184,0.18392978145896682,0.001377084463058953,0.0074870119027796965,-0.021735086826880412,-0.11817056843363523,7
nifty200,v3,2025-07-14,185,0.2483869240801827,0.007401939488037801,0.029800036839493022,0.007401939488037801,0.029800036839493022,8
nifty200,v3,2025-08-11,186,0.3887375739118207,0.00017184460254848766,0.0004420581237343114,0.00017184460254848766,0.0004420581237343114,8
nifty200,v3,2025-09-10,187,0.27984696745079235,0.0036852280708183915,0.013168726123381679,0.0036852280708183915,0.013168726123381679,8
nifty200,v3,2025-10-09,187,0.2255282126076686,0.0027608427837582106,0.012241673677257415,0.0027608427837582106,0.012241673677257415,8
nifty200,v3,2025-11-10,189,0.19289860489931976,0.0007835203001007596,0.0040618246073355745,-0.005633279477521791,-0.02920331891701336,8
nifty200,v3,2025-12-08,190,0.26426339865635845,0.001386401634477119,0.005246287005791374,-0.024724765245956792,-0.09356106585955273,7
nifty200,v3,2026-01-06,191,0.19730552672470908,0.0007793526817807539,0.0039499789728046865,0.0007793526817807539,0.0039499789728046865,8
nifty200,v3,2026-02-04,191,0.2025883803083477,0.00028919535943616737,0.0014275022042034215,0.00028919535943616737,0.0014275022042034215,8
nifty200,v3,2026-03-05,190,0.20862658115272803,0.0009330993690980227,0.004472581412887815,-0.022642317507647558,-0.1085303578409883,8
nifty200,v3,2026-04-07,191,0.20535596780993165,0.002276930092587892,0.011087723024905306,0.002276930092587892,0.011087723024905306,8
nifty200,v3,2026-05-07,190,0.16089114398342558,0.0013917873798308111,0.008650490918096698,-0.008888527564394622,-0.05524559863475323,8
nifty200,v4,2019-01-01,160,0.2511417339519988,0.002265407523827534,0.00902043435067039,0.002265407523827534,0.00902043435067039,8
nifty200,v4,2019-01-29,160,0.18281896477941217,0.0017299985222736236,0.009462905144228474,-0.0018712519265035032,-0.010235546015487726,9
nifty200,v4,2019-02-26,160,0.16743245254202238,0.00026302757541873945,0.0015709473965492113,0.00026302757541873945,0.0015709473965492113,8
nifty200,v4,2019-03-28,160,0.249256133515931,0.0020410101329668695,0.008188404851575778,0.0020410101329668695,0.008188404851575778,8
nifty200,v4,2019-04-30,162,0.19303274842392332,5.209218328083853e-05,0.0002698618949694369,-0.0019042943494205211,-0.009865136174917117,10
nifty200,v4,2019-05-29,162,0.18245996092167782,0.002917242666764075,0.015988399054937433,0.002917242666764075,0.015988399054937433,8
nifty200,v4,2019-06-27,163,0.24344391649320363,0.002320734952541925,0.009532934673299649,-0.005547957405169668,-0.022789468248324677,9
nifty200,v4,2019-07-25,163,0.16130224146507605,0.0009417186649003373,0.005838224294634066,-0.014874978211446122,-0.09221805026600786,9
nifty200,v4,2019-08-26,164,0.39187706437339964,0.0015668538676336663,0.003998330114417442,-0.0034235077793648427,-0.008736177976730878,9
nifty200,v4,2019-09-25,164,0.17191376815899434,0.0005251796292796707,0.003054901506166502,0.0014723654210103687,0.008564557898868534,10
nifty200,v4,2019-10-27,164,0.2683783311899023,0.0010750504377035064,0.004005727410767785,-0.004677400530993858,-0.017428383693481455,9
nifty200,v4,2019-11-26,165,0.19458813493081806,0.0007941766234581538,0.004081320907569763,0.002474512027050735,0.012716664497198138,9
nifty200,v4,2019-12-24,165,0.2136248929759904,0.00038350869639081075,0.001795243480514763,-0.0030121880497900877,-0.014100360720267893,10
nifty200,v4,2020-01-22,164,0.23534852534444428,0.005178783521081254,0.022004741748442427,0.00010172011812326076,0.00043221056080291266,9
nifty200,v4,2020-02-18,165,0.26371696239158954,0.00019807064149834908,0.0007510728157267215,0.00019807064149834908,0.0007510728157267215,8
nifty200,v4,2020-03-19,163,0.20612868582386246,0.0013374743810430356,0.0064885407661595985,-0.006256014251833419,-0.030350041901393586,9
nifty200,v4,2020-04-22,163,0.2530899424165038,0.0007066178944497015,0.002791963551387744,-0.011956330801255466,-0.04724143001138793,9
nifty200,v4,2020-05-21,166,0.29367547553600126,0.004092179032919585,0.01393435739041795,-0.009330135936425066,-0.031770225005667174,10
nifty200,v4,2020-06-19,166,0.2691273905130339,0.0007466659189612201,0.002774395863378532,0.0007466659189612201,0.002774395863378532,8
nifty200,v4,2020-07-17,167,0.22728738975479845,0.0033106872945148913,0.014566084366081715,-0.013963287595090912,-0.06143450197635138,10
nifty200,v4,2020-08-14,166,0.17782900207564034,0.0008760226317023889,0.0049262078821640624,0.0008760226317023889,0.0049262078821640624,8
nifty200,v4,2020-09-11,165,0.20778799101101686,1.9465180620570344e-05,9.367808277013616e-05,-0.0020045311593082094,-0.009647001973285019,11
nifty200,v4,2020-10-12,167,0.2030134991361882,0.0012473617716648455,0.006144230688955682,-0.013519251116268172,-0.06659286783288734,10
nifty200,v4,2020-11-09,170,0.21247784411280185,0.00025162779440790484,0.0011842542711150569,-0.004785715458808015,-0.02252336227709153,10
nifty200,v4,2020-12-08,169,0.17435140770056495,0.010184619260049321,0.05841432193963479,-0.009904384076886652,-0.05680702099002645,11
nifty200,v4,2021-01-06,165,0.22585780824144652,0.0007046593819616254,0.0031199248210552473,-0.011917329165638257,-0.05276474281951055,10
nifty200,v4,2021-02-04,169,0.21426633293126274,0.001801267825163988,0.008406676870424809,-0.0056440009137378455,-0.026341053382140336,10
nifty200,v4,2021-03-04,171,0.20754498078268185,0.0007121723640108879,0.0034314121272660215,-0.006297249772771019,-0.030341614376908504,10
nifty200,v4,2021-04-06,173,0.23661613339219123,0.001338307829993668,0.005656029497259271,-0.008712438292751035,-0.03682098159515678,10
nifty200,v4,2021-05-06,171,0.21155212840284582,0.0029169667954032086,0.013788406750739972,-0.002249481798304531,-0.010633226974776543,9
nifty200,v4,2021-06-04,171,0.19993083188295818,0.004172739287146454,0.02087091444499778,-0.008971058038675261,-0.044870808339991415,9
nifty200,v4,2021-07-02,171,0.2107921699446636,0.0019477948572373949,0.009240356782458868,-0.004344796828667952,-0.020611756261195716,10
nifty200,v4,2021-08-02,172,0.19490326500694727,0.002449741561817209,0.012569012436656148,-0.005661256507522916,-0.029046493948272863,10
nifty200,v4,2021-08-31,174,0.20845753128218614,0.0005087634697421572,0.0024406096849216305,-0.0010772787235948655,-0.00516785705447393,10
nifty200,v4,2021-09-29,172,0.2011217350325975,0.002003872767172399,0.009963481902379244,-0.0110331511663182,-0.054858074710473055,9
nifty200,v4,2021-10-28,175,0.3466997754796813,0.008752783810947906,0.025246003689612637,0.008752783810947906,0.025246003689612637,8
nifty200,v4,2021-11-29,175,0.22775824497604458,0.0012624998054340253,0.005543157419248703,-0.008552206519212846,-0.03754949253368351,9
nifty200,v4,2021-12-27,175,0.24668379795648032,0.0022228191816909826,0.009010803304086998,0.00548330622046167,0.022228076046684787,9
nifty200,v4,2022-01-24,175,0.17327658765359766,0.0004099744856195242,0.0023660119994924895,-0.006379910617116957,-0.03681923047717921,9
nifty200,v4,2022-02-22,176,0.23269817888901267,0.0004900526554073581,0.0021059582749940334,-0.0002932621521851697,-0.0012602683595776807,9
nifty200,v4,2022-03-24,176,0.24080296445364302,0.0012483134792952155,0.00518396225780488,-0.025769355416388695,-0.10701427814585544,9
nifty200,v4,2022-04-25,178,0.267474206297776,0.0012198524580128156,0.00456063586428505,-0.030712149091179364,-0.11482284410253703,9
nifty200,v4,2022-05-24,178,0.29640981425364965,0.001162712856631165,0.0039226530321164925,-0.00496094914980727,-0.016736791129196515,9
nifty200,v4,2022-06-21,178,0.23370842279027199,0.00013728594776318825,0.0005874240479830183,-0.015193783991209187,-0.0650117090766727,11
nifty200,v4,2022-07-19,178,0.21389266019639197,0.0006353664301572692,0.002970491972814254,-0.006784261886279341,-0.03171806774505571,10
nifty200,v4,2022-08-18,176,0.2205272313742916,0.0024601792119267607,0.011155897603190792,-0.007667190002341062,-0.03476754301298901,9
nifty200,v4,2022-09-16,172,0.1778529650074222,0.006900073854198996,0.03879650729416313,-0.01434028078677596,-0.08062997873652265,10
nifty200,v4,2022-10-17,179,0.3378882091446209,0.0034779066013335136,0.01029306885297356,-0.0061474775783813,-0.018193820950260186,11
nifty200,v4,2022-11-16,179,0.1942605657632771,0.0019975218052159516,0.010282693234045763,-0.006483690160911659,-0.03337625490503607,11
nifty200,v4,2022-12-14,180,0.2104818457735761,0.003087663649866901,0.014669501013348327,-0.005186337796816876,-0.024640309370890023,10
nifty200,v4,2023-01-11,178,0.2517379171531039,0.003265150561244212,0.01297043607164823,0.003265150561244212,0.01297043607164823,8
nifty200,v4,2023-02-09,182,0.48253647552905543,0.00911767854955614,0.01889531467970265,-0.007142692695865649,-0.014802389162465623,10
nifty200,v4,2023-03-10,182,0.273747427029926,0.004006321948172853,0.01463510357573108,0.003867971975283213,0.01412971079673515,9
nifty200,v4,2023-04-12,182,0.37814044191139806,1.7975235222511543e-07,4.753587088345159e-07,-0.004366038012807882,-0.011546075290806602,11
nifty200,v4,2023-05-12,181,0.2996733702446076,0.006554428817916236,0.021871909447830483,-0.00423066698852026,-0.014117594049371116,10
nifty200,v4,2023-06-09,180,0.2541588583103281,0.0004425329322494953,0.0017411666671446973,0.0004425329322494953,0.0017411666671446973,8
nifty200,v4,2023-07-10,177,0.23709021210984732,0.0019123814251116311,0.008066049661407351,-0.009612318492359773,-0.040542873562010424,10
nifty200,v4,2023-08-07,180,0.3040479758378911,0.0006080491539183219,0.0019998460842986002,0.0006080491539183219,0.0019998460842986002,8
nifty200,v4,2023-09-05,182,0.18730508136870794,0.00031276962548243414,0.0016698405787868118,-0.009913745923916917,-0.052928334092558975,9
nifty200,v4,2023-10-05,181,0.2551564321617683,0.008047129362673378,0.03153802275135876,-0.0001728132325298226,-0.0006772834651499579,9
nifty200,v4,2023-11-03,182,0.1814650172313791,0.0021864451613274882,0.012048852140683599,-0.006490069662494546,-0.035764852981108236,10
nifty200,v4,2023-12-04,182,0.2884349502230038,0.006828280760457939,0.023673555355128238,-0.019937589364051322,-0.06912334773797889,9
nifty200,v4,2024-01-02,176,0.3235505892288336,0.00012971743432510507,0.0004009185538319679,-0.0020528311763570173,-0.0063446992362147635,9
nifty200,v4,2024-01-31,174,0.43183024660123975,0.002849095108659938,0.006597720125174202,-0.022743189158708654,-0.052666966563160056,10
nifty200,v4,2024-02-28,180,0.1603739356845032,0.00021380465716813735,0.0013331633738087349,-0.031972145883195635,-0.19935998793527818,10
nifty200,v4,2024-03-28,181,0.22285982140727545,0.001416663989693756,0.006356749192151636,-0.0010204193276824869,-0.004578749642887287,9
nifty200,v4,2024-04-30,181,0.3182131753979707,0.01333315459057216,0.04190007083741004,-0.03060671938405113,-0.09618306767396756,9
nifty200,v4,2024-05-29,181,0.21189238187020154,0.002671891973961782,0.012609665106310886,0.002671891973961782,0.012609665106310886,8
nifty200,v4,2024-06-27,182,0.25196545385155344,0.00023110201174958434,0.0009171972118278528,-0.007283588550711428,-0.028907091981754715,10
nifty200,v4,2024-07-26,183,0.2326206985244147,0.005904434200522113,0.025382239147142847,-0.019782603619037054,-0.08504231886725579,10
nifty200,v4,2024-08-26,182,0.22017758397212556,0.001246151416882113,0.005659756067810589,-0.011299642258382758,-0.05132058429623468,11
nifty200,v4,2024-09-23,185,0.22675442750561559,0.0006841241433773737,0.0030170266173101794,-0.006609713262923034,-0.029149213691800322,9
nifty200,v4,2024-10-22,185,0.1702075015233397,0.000675533682811591,0.003968883138320191,-0.006748451372437292,-0.03964837807992799,9
nifty200,v4,2024-11-21,185,0.2698732898715552,0.006825420255189396,0.025291203358575872,0.006825420255189396,0.025291203358575872,8
nifty200,v4,2024-12-19,185,0.17245748981314207,0.002140087403012303,0.01240936189742232,-0.007977656056832094,-0.046258681287057436,12
nifty200,v4,2025-01-17,186,0.3704104547556488,0.00017034702530560608,0.0004598871957271834,-0.01701392416829517,-0.04593262406569723,10
nifty200,v4,2025-02-13,186,0.2769167440240326,0.0003726961991694644,0.0013458781645111335,-0.0023902454806176143,-0.008631639408594858,10
nifty200,v4,2025-03-17,186,0.25538657441455664,0.0017116807018500158,0.0067023127812174165,-0.014344629431741085,-0.056168298841176134,11
nifty200,v4,2025-04-17,186,0.23164101007336507,0.0007516197209795905,0.0032447610237131084,-0.01680361775733119,-0.07254163566291293,9
nifty200,v4,2025-05-19,186,0.15723179499323414,0.0024366428328156386,0.015497138049721368,-0.0015794261787729358,-0.010045208596905608,9
nifty200,v4,2025-06-16,184,0.18392978145896682,0.001377084463058953,0.0074870119027796965,-0.002680127376306851,-0.01457147045490708,9
nifty200,v4,2025-07-14,185,0.2483869240801827,0.007401939488037801,0.029800036839493022,0.007401939488037801,0.029800036839493022,8
nifty200,v4,2025-08-11,186,0.3887375739118207,0.00017184460254848766,0.0004420581237343114,0.00017184460254848766,0.0004420581237343114,8
nifty200,v4,2025-09-10,187,0.27984696745079235,0.0036852280708183915,0.013168726123381679,0.0036852280708183915,0.013168726123381679,8
nifty200,v4,2025-10-09,187,0.2255282126076686,0.0027608427837582106,0.012241673677257415,0.0027608427837582106,0.012241673677257415,8
nifty200,v4,2025-11-10,189,0.19289860489931976,0.0007835203001007596,0.0040618246073355745,-0.003847019457736467,-0.019943220738918018,10
nifty200,v4,2025-12-08,190,0.26426339865635845,0.001386401634477119,0.005246287005791374,-0.011560460642584869,-0.043745977314163756,10
nifty200,v4,2026-01-06,191,0.19730552672470908,0.0007793526817807539,0.0039499789728046865,0.0007793526817807539,0.0039499789728046865,8
nifty200,v4,2026-02-04,191,0.2025883803083477,0.00028919535943616737,0.0014275022042034215,0.00028919535943616737,0.0014275022042034215,8
nifty200,v4,2026-03-05,190,0.20862658115272803,0.0009330993690980227,0.004472581412887815,-0.007241025694347258,-0.03470806861876514,9
nifty200,v4,2026-04-07,191,0.20535596780993165,0.002276930092587892,0.011087723024905306,0.002276930092587892,0.011087723024905306,8
nifty200,v4,2026-05-07,190,0.16089114398342558,0.0013917873798308111,0.008650490918096698,-0.00749674018456381,-0.04659510771665653,9
smallcap250,v1,2019-01-01,147,0.3062409778649284,0.012633788428369819,0.041254402060922485,0.012633788428369819,0.041254402060922485,8
smallcap250,v1,2019-01-29,145,0.264902103351918,0.004118989640063853,0.015549101301743324,-0.008379965025110847,-0.03163419587491234,9
smallcap250,v1,2019-02-26,149,0.27409779391009415,0.0009438278630159447,0.003443398246851729,-0.03162879605351521,-0.11539237730563295,9
smallcap250,v1,2019-03-28,150,0.25528444931162503,0.0036595366171295884,0.014335133326755843,-0.0065460419177344464,-0.0256421491218359,9
smallcap250,v1,2019-04-30,152,0.24720438310567788,0.0008059010083699691,0.0032600595436265097,-0.010807516016239527,-0.04371894980365053,8
smallcap250,v1,2019-05-29,152,0.38481317859104275,0.0001437980984122511,0.00037368288409132534,0.0001437980984122511,0.00037368288409132534,8
smallcap250,v1,2019-06-27,152,0.33280865142854954,0.007647509924069706,0.022978699295356345,-0.018173337142447066,-0.05460596371049773,8
smallcap250,v1,2019-07-25,153,0.3562869916392192,0.0005193420833951023,0.0014576509824444977,-0.00523013438597375,-0.014679554709282937,7
smallcap250,v1,2019-08-26,153,0.2739506013781679,0.002100745715556296,0.007668337667404412,0.002100745715556296,0.007668337667404412,8
smallcap250,v1,2019-09-25,154,0.30745260140586766,0.008321081845820588,0.02706460055231714,0.008321081845820588,0.02706460055231714,8
smallcap250,v1,2019-10-27,157,0.36266116395984854,0.0016842859321075654,0.004644241235309217,-0.02370036980182577,-0.06535127594872475,8
smallcap250,v1,2019-11-26,157,0.33792023787091646,0.0059890791023294865,0.017723351344873517,-0.03407478429923827,-0.1008367670250476,8
smallcap250,v1,2019-12-24,158,0.23455114492017837,0.004225753672375987,0.01801634212365103,0.004225753672375987,0.01801634212365103,8
smallcap250,v1,2020-01-22,157,0.23171593865773144,0.000890734130978732,0.003844077952248417,-0.011422779961910212,-0.04929647924989246,8
smallcap250,v1,2020-02-18,159,0.21054007872951297,0.005236679808740763,0.024872603070831372,-0.022144038167692615,-0.10517730543903572,8
smallcap250,v1,2020-03-19,158,0.30462471033480265,0.007426060646920973,0.024377735603783562,0.007426060646920973,0.024377735603783562,8
smallcap250,v1,2020-04-22,158,0.21800958301641804,1.3090762668310774e-05,6.0046730456453944e-05,-0.008919152523124585,-0.040911745253202444,8
smallcap250,v1,2020-05-21,158,0.24000023495956974,0.0025997096223889793,0.010832112822001715,-0.01199025312537938,-0.04995933911231066,8
smallcap250,v1,2020-06-19,155,0.2853467166370517,0.0013917972713538562,0.00487756539748155,0.0003851990615023615,0.0013499333934594297,7
smallcap250,v1,2020-07-17,159,0.260699217468678,0.0022073746810075123,0.00846713197853277,-0.018970651899546498,-0.07276834999255702,8
smallcap250,v1,2020-08-14,159,0.25259370435498507,0.003130998601653001,0.012395394452321034,-0.03147662896480774,-0.12461367176662387,7
smallcap250,v1,2020-09-11,161,0.20720482509422478,0.00037165877574230066,0.0017936781905213439,-0.013852538763691746,-0.06685432521850015,7
smallcap250,v1,2020-10-12,161,0.21945727105492002,0.0014156388075940995,0.006450635245709542,-0.024833145362266773,-0.11315708631067495,8
smallcap250,v1,2020-11-09,160,0.3137439001324812,0.006146577445233503,0.01959106597016884,-0.02920090527634822,-0.09307242392288065,7
smallcap250,v1,2020-12-08,159,0.26108481875974565,0.0015718722692473763,0.0060205425834959705,-0.025688064615761785,-0.0983897291990782,7
smallcap250,v1,2021-01-06,160,0.19688756667486046,5.8997691973705635e-05,0.00029965168938846326,-0.01580365102857284,-0.08026738963497346,8
smallcap250,v1,2021-02-04,161,0.22715281671788362,0.0012795836493770807,0.005633140138280926,-0.0073492479334292815,-0.03235376095977188,8
smallcap250,v1,2021-03-04,162,0.19226015877342673,0.0004350969711488517,0.002263063621317412,-0.022358518886866907,-0.11629304287226665,8
smallcap250,v1,2021-04-06,162,0.20389917376820266,0.004642833707480087,0.02277024286894938,-0.01633529474115114,-0.08011457054613416,7
smallcap250,v1,2021-05-06,163,0.204278271808839,0.0016469166935660917,0.008062123685416995,-0.00765236969376637,-0.037460517097615546,7
smallcap250,v1,2021-06-04,163,0.2386328638407622,0.002832529371209036,0.011869820969416685,-0.021825097411059313,-0.09145889237461871,8
smallcap250,v1,2021-07-02,161,0.2647971083177617,0.00021442141192185016,0.0008097573772011901,0.00021442141192185016,0.0008097573772011901,8
smallcap250,v1,2021-08-02,162,0.2249416509590189,0.0009294107952585451,0.004131786137854346,0.0009294107952585451,0.004131786137854346,8
smallcap250,v1,2021-08-31,163,0.18749953031757516,0.0007805430200362728,0.004162906534828312,-0.0011689684727774763,-0.006234514138769038,8
smallcap250,v1,2021-09-29,163,0.22642851606872405,0.0008463469167738769,0.003737810640939763,-0.0223781189155976,-0.09883083325426001,8
smallcap250,v1,2021-10-28,165,0.1809741252032827,0.0009881532091146061,0.005460190554890893,0.0009881532091146061,0.005460190554890893,8
smallcap250,v1,2021-11-29,163,0.19488080982170103,0.0004084635420069649,0.0020959659516022818,-0.013053862693338969,-0.06698382824497762,8
smallcap250,v1,2021-12-27,165,0.2681176265874132,0.0004734918472466543,0.0017659855238658984,-0.018186077730041994,-0.0678287286125624,7
smallcap250,v1,2022-01-24,165,0.23043645355942977,0.00996019911314594,0.0432231921612055,-0.01807563677142221,-0.07844087379499827,7
smallcap250,v1,2022-02-22,167,0.18824914563528572,0.002545290892888019,0.013520862919714233,-0.03055253703892058,-0.1622984100980364,8
smallcap250,v1,2022-03-24,168,0.23740232701791786,0.010336100706807794,0.043538329369567134,0.00211049323519652,0.008889943336727409,7
smallcap250,v1,2022-04-25,171,0.1669791371361416,7.118106183234829e-05,0.00042628715810354726,-0.004819089572515756,-0.0288604292438441,8
smallcap250,v1,2022-05-24,172,0.21465622491189829,0.0012450967749324526,0.005800422398388305,-0.017614382514037352,-0.08205856839822304,9
smallcap250,v1,2022-06-21,172,0.2168222126349832,0.004897417179923758,0.022587248420753287,-0.01954528771257924,-0.09014430521232356,9
smallcap250,v1,2022-07-19,175,0.16752211206529632,0.00024568593073848177,0.0014665880683423986,-0.005772042944392375,-0.03445540933809719,8
smallcap250,v1,2022-08-18,175,0.22881193165854796,0.001855898831465641,0.008111022961141582,0.001855898831465641,0.008111022961141582,8
smallcap250,v1,2022-09-16,176,0.20273179289303683,0.00011304837075143404,0.0005576252700092254,-0.0009560007239337587,-0.004715593495679059,8
smallcap250,v1,2022-10-17,183,0.24688480557480003,0.0017128550535447928,0.0069378714885142655,-0.014647697407453975,-0.059330088675773454,8
smallcap250,v1,2022-11-16,182,0.18333491266551477,0.008412056605901719,0.04588354985746271,-0.013226570998092435,-0.07214431122687276,8
smallcap250,v1,2022-12-14,184,0.24040518723032994,0.0010337292518630692,0.004299945703220883,-0.011574288743810168,-0.048144920985922615,8
smallcap250,v1,2023-01-11,189,0.23764240506650341,0.003779936741477141,0.015905985888416418,-0.014121754551901455,-0.05942438828604487,7
smallcap250,v1,2023-02-09,190,0.1690758514268756,0.0020748024505599094,0.01227142985263777,-0.011305700572060373,-0.06686762465868776,8
smallcap250,v1,2023-03-10,190,0.2387214349775802,0.0006533237059047625,0.002736761807611119,-0.01760043149715884,-0.07372790591180807,7
smallcap250,v1,2023-04-12,191,0.26036384923318606,0.0024646896158114773,0.009466328075385234,0.009433144166948293,0.03623062185756755,7
smallcap250,v1,2023-05-12,191,0.22014189951542568,0.00048112189250959503,0.002185508045350004,0.00048112189250959503,0.002185508045350004,8
smallcap250,v1,2023-06-09,195,0.23139272338528627,0.0017445901904435956,0.0075395205385898065,-0.012972830349372133,-0.056064124055324745,8
smallcap250,v1,2023-07-10,196,0.26962985474414913,0.0045753575263186574,0.016969031603196162,-0.008639868023014974,-0.03204343981571817,9
smallcap250,v1,2023-08-07,195,0.18470211785740798,0.003706202409655912,0.020065836020987805,-0.015507449713961119,-0.08395924147406386,8
smallcap250,v1,2023-09-05,197,0.25230647844754384,0.0009594234288774484,0.0038026111528361678,-0.013694664143648616,-0.05427789340928805,8
smallcap250,v1,2023-10-05,196,0.16794006071129697,0.0018848513159350766,0.011223357357094767,-0.018347540401067564,-0.10925052857167011,8
smallcap250,v1,2023-11-03,198,0.25527253251218357,0.003194757640004542,0.012515085773484319,0.003194757640004542,0.012515085773484319,8
smallcap250,v1,2023-12-04,201,0.27327622040276434,0.0001306000391988471,0.0004779048795623859,-0.0023186607422059913,-0.008484678025730396,7
smallcap250,v1,2024-01-02,201,0.1637032739720492,0.0030932085442408885,0.0188952149165265,-0.011084479063670938,-0.06771079645947405,7
smallcap250,v1,2024-01-31,201,0.3072768941547077,0.0012080182011935392,0.00393136686868921,-0.01868865360105465,-0.06082023724063447,7
smallcap250,v1,2024-02-28,203,0.15823188212003786,0.001955425462490501,0.012357973856413313,0.001955425462490501,0.012357973856413313,8
smallcap250,v1,2024-03-28,203,0.19444193025529777,0.000381329983012324,0.001961150984829489,-0.015282529912604703,-0.0785968843887689,7
smallcap250,v1,2024-04-30,203,0.3089271947982988,0.0016464348703247866,0.005329523907404002,-0.011662495732797762,-0.03775159950036871,8
smallcap250,v1,2024-05-29,202,0.1842407163978405,0.001392217718842681,0.007556514901062332,-0.01565360126035953,-0.08496276809170616,9
smallcap250,v1,2024-06-27,201,0.20586868653980583,0.0003898461488774929,0.0018936641381938095,-0.01109714698097386,-0.05390400632311882,8
smallcap250,v1,2024-07-26,204,0.24752675586729717,0.001481119919980789,0.0059836760466203485,-0.012759768628066825,-0.05154904803465986,8
smallcap250,v1,2024-08-26,207,0.2312877349968271,0.002446784005606384,0.010578961334201099,0.0010286321472606774,0.004447413293553109,7
smallcap250,v1,2024-09-23,206,0.32861104149500336,0.00026939368287359766,0.0008197949820797299,-0.013128734514280427,-0.03995220140672009,8
smallcap250,v1,2024-10-22,210,0.2693009487801737,0.002421372237647934,0.008991324570580937,0.0023437190884841863,0.00870297375148622,7
smallcap250,v1,2024-11-21,212,0.26048874520010823,0.003356062816428973,0.01288371524017606,0.003356062816428973,0.01288371524017606,8
smallcap250,v1,2024-12-19,213,0.21305830306301504,0.0007312431875712289,0.0034321271551428496,0.0007312431875712289,0.0034321271551428496,8
smallcap250,v1,2025-01-17,214,0.24663094736736257,0.004520242997411161,0.018327963484153324,0.004520242997411161,0.018327963484153324,8
smallcap250,v1,2025-02-13,215,0.23086113346960135,0.00019565660825815456,0.0008475077866838839,-0.003946663302144771,-0.01709539948466227,8
smallcap250,v1,2025-03-17,216,0.2074283656688587,0.00225494577764207,0.010870961502159712,-0.008621878678750416,-0.04156557205157994,8
smallcap250,v1,2025-04-17,216,0.22283977728593962,0.00241149493433801,0.01082165385241644,0.00241149493433801,0.01082165385241644,8
smallcap250,v1,2025-05-19,217,0.1983694478424819,0.0002419254205657806,0.0012195699650174201,0.0002419254205657806,0.0012195699650174201,8
smallcap250,v1,2025-06-16,220,0.1897137481892331,0.0014530549097843126,0.007659196677380172,-0.011814990481951226,-0.06227798773005196,8
smallcap250,v1,2025-07-14,220,0.26152344754153145,0.00040744725174701735,0.0015579759886819033,-0.006937389781291214,-0.02652683668140126,8
smallcap250,v1,2025-08-11,222,0.21852415106083606,0.0024245118332109072,0.01109493765993826,0.0024245118332109072,0.01109493765993826,8
smallcap250,v1,2025-09-10,224,0.23476058246995612,0.0017968566461196156,0.007653996370321544,0.0017968566461196156,0.007653996370321544,8
smallcap250,v1,2025-10-09,224,0.2657329936810096,0.0011101462250926453,0.004177675529540316,-0.0033860910685099554,-0.012742456334100073,8
smallcap250,v1,2025-11-10,223,0.21848759364841824,0.0009194119399744682,0.004208073898483912,0.00020245412784669625,0.0009266161271036633,7
smallcap250,v1,2025-12-08,228,0.3427925406064272,0.001173382365227904,0.003423010206558455,-0.005535476972159392,-0.016148183861780345,8
smallcap250,v1,2026-01-06,231,0.39173781627894294,0.0006703224416874098,0.0017111507080289038,-0.004783234498434874,-0.012210295508026466,8
smallcap250,v1,2026-02-04,232,0.22501297804860132,0.0005752288955769291,0.0025564254140607104,0.0005306864182830218,0.002358470266405687,7
smallcap250,v1,2026-03-05,232,0.24852704001053338,0.0007984401805343211,0.0032126893737618274,-0.0032403376676719553,-0.013038169478599267,8
smallcap250,v1,2026-04-07,232,0.26996242056597464,0.0008909284962372865,0.0033001945025143134,-0.021182032140674822,-0.0784628915990115,8
smallcap250,v1,2026-05-07,232,0.2535961010973932,0.004518576021716791,0.017818002730181717,-0.013924273626242156,-0.054907285900639924,7
smallcap250,v2,2019-01-01,147,0.3062409778649284,0.012633788428369819,0.041254402060922485,0.012633788428369819,0.041254402060922485,8
smallcap250,v2,2019-01-29,145,0.264902103351918,0.004118989640063853,0.015549101301743324,-0.008379965025110847,-0.03163419587491234,9
smallcap250,v2,2019-02-26,149,0.27409779391009415,0.0009438278630159447,0.003443398246851729,-0.0243229127346839,-0.08873808281237744,11
smallcap250,v2,2019-03-28,150,0.25528444931162503,0.0036595366171295884,0.014335133326755843,-0.009117551559615023,-0.035715264224673755,10
smallcap250,v2,2019-04-30,152,0.24720438310567788,0.0008059010083699691,0.0032600595436265097,-0.0015318221400363319,-0.0061965816333502885,10
smallcap250,v2,2019-05-29,152,0.38481317859104275,0.0001437980984122511,0.00037368288409132534,0.0001437980984122511,0.00037368288409132534,8
smallcap250,v2,2019-06-27,152,0.33280865142854954,0.007647509924069706,0.022978699295356345,-0.01052582721837736,-0.03162726441514139,9
smallcap250,v2,2019-07-25,153,0.3562869916392192,0.0005193420833951023,0.0014576509824444977,-0.023680022997598194,-0.06646333869404049,9
smallcap250,v2,2019-08-26,153,0.2739506013781679,0.002100745715556296,0.007668337667404412,0.002100745715556296,0.007668337667404412,8
smallcap250,v2,2019-09-25,154,0.30745260140586766,0.008321081845820588,0.02706460055231714,0.008321081845820588,0.02706460055231714,8
smallcap250,v2,2019-10-27,157,0.36266116395984854,0.0016842859321075654,0.004644241235309217,-0.020898860709961165,-0.05762640940587437,9
smallcap250,v2,2019-11-26,157,0.33792023787091646,0.0059890791023294865,0.017723351344873517,-0.016681507118384675,-0.04936522069079779,11
smallcap250,v2,2019-12-24,158,0.23455114492017837,0.004225753672375987,0.01801634212365103,-0.006853641518944187,-0.02922024329182701,10
smallcap250,v2,2020-01-22,157,0.23171593865773144,0.000890734130978732,0.003844077952248417,-0.019091393870744766,-0.08239137100941832,10
smallcap250,v2,2020-02-18,159,0.21054007872951297,0.005236679808740763,0.024872603070831372,-0.00881171105922185,-0.04185289144183571,9
smallcap250,v2,2020-03-19,158,0.30462471033480265,0.007426060646920973,0.024377735603783562,0.007426060646920973,0.024377735603783562,8
smallcap250,v2,2020-04-22,158,0.21800958301641804,1.3090762668310774e-05,6.0046730456453944e-05,-0.008906061760456274,-0.04085169852274599,9
smallcap250,v2,2020-05-21,158,0.24000023495956974,0.0025997096223889793,0.010832112822001715,-0.003446128948753957,-0.014358856562513322,10
smallcap250,v2,2020-06-19,155,0.2853467166370517,0.0013917972713538562,0.00487756539748155,0.0013917972713538562,0.00487756539748155,8
smallcap250,v2,2020-07-17,159,0.260699217468678,0.0022073746810075123,0.00846713197853277,-0.015518367259054755,-0.05952594491741896,10
smallcap250,v2,2020-08-14,159,0.25259370435498507,0.003130998601653001,0.012395394452321034,-0.029213822541418688,-0.11565538664559412,9
smallcap250,v2,2020-09-11,161,0.20720482509422478,0.00037165877574230066,0.0017936781905213439,-0.0009273468331326695,-0.004475507907265025,9
smallcap250,v2,2020-10-12,161,0.21945727105492002,0.0014156388075940995,0.006450635245709542,-0.008188128537722439,-0.03731080997390753,12
smallcap250,v2,2020-11-09,160,0.3137439001324812,0.006146577445233503,0.01959106597016884,-0.01934615711345622,-0.06166225735476332,10
smallcap250,v2,2020-12-08,159,0.26108481875974565,0.0015718722692473763,0.0060205425834959705,-0.01885256336437502,-0.07220857748042196,10
smallcap250,v2,2021-01-06,160,0.19688756667486046,5.8997691973705635e-05,0.00029965168938846326,-0.010186488767121027,-0.051737592876765874,10
smallcap250,v2,2021-02-04,161,0.22715281671788362,0.0012795836493770807,0.005633140138280926,-0.006069664284052201,-0.02672062082149096,10
smallcap250,v2,2021-03-04,162,0.19226015877342673,0.0004350969711488517,0.002263063621317412,-0.006137313454402382,-0.031921920243678965,10
smallcap250,v2,2021-04-06,162,0.20389917376820266,0.004642833707480087,0.02277024286894938,-0.011201307285332085,-0.05493552071999072,9
smallcap250,v2,2021-05-06,163,0.204278271808839,0.0016469166935660917,0.008062123685416995,-0.004843538911756151,-0.02371049485032198,9
smallcap250,v2,2021-06-04,163,0.2386328638407622,0.002832529371209036,0.011869820969416685,-0.020204900402644554,-0.08466939581350841,10
smallcap250,v2,2021-07-02,161,0.2647971083177617,0.00021442141192185016,0.0008097573772011901,0.00021442141192185016,0.0008097573772011901,8
smallcap250,v2,2021-08-02,162,0.2249416509590189,0.0009294107952585451,0.004131786137854346,0.0009294107952585451,0.004131786137854346,8
smallcap250,v2,2021-08-31,163,0.18749953031757516,0.0007805430200362728,0.004162906534828312,-0.00038842545274120344,-0.0020716076039407265,9
smallcap250,v2,2021-09-29,163,0.22642851606872405,0.0008463469167738769,0.003737810640939763,-0.00325671714656961,-0.014382981450892665,10
smallcap250,v2,2021-10-28,165,0.1809741252032827,0.0009881532091146061,0.005460190554890893,0.0009881532091146061,0.005460190554890893,8
smallcap250,v2,2021-11-29,163,0.19488080982170103,0.0004084635420069649,0.0020959659516022818,-0.011736972962209546,-0.06022641722880696,10
smallcap250,v2,2021-12-27,165,0.2681176265874132,0.0004734918472466543,0.0017659855238658984,-0.0035435638161829264,-0.013216452276134235,11
smallcap250,v2,2022-01-24,165,0.23043645355942977,0.00996019911314594,0.0432231921612055,-0.0037229493675798864,-0.016156078216243396,10
smallcap250,v2,2022-02-22,167,0.18824914563528572,0.002545290892888019,0.013520862919714233,-0.008560666021825036,-0.045475191894950154,11
smallcap250,v2,2022-03-24,168,0.23740232701791786,0.010336100706807794,0.043538329369567134,0.010336100706807794,0.043538329369567134,8
smallcap250,v2,2022-04-25,171,0.1669791371361416,7.118106183234829e-05,0.00042628715810354726,-0.004747908510683407,-0.028434142085740556,9
smallcap250,v2,2022-05-24,172,0.21465622491189829,0.0012450967749324526,0.005800422398388305,-0.0163692857391049,-0.07625814599983473,10
smallcap250,v2,2022-06-21,172,0.2168222126349832,0.004897417179923758,0.022587248420753287,-0.0035884274791155857,-0.016550091595811944,11
smallcap250,v2,2022-07-19,175,0.16752211206529632,0.00024568593073848177,0.0014665880683423986,-0.003991104805884049,-0.023824346270947247,9
smallcap250,v2,2022-08-18,175,0.22881193165854796,0.001855898831465641,0.008111022961141582,0.001855898831465641,0.008111022961141582,8
smallcap250,v2,2022-09-16,176,0.20273179289303683,0.00011304837075143404,0.0005576252700092254,-0.0008429523531823246,-0.004157968225669834,9
smallcap250,v2,2022-10-17,183,0.24688480557480003,0.0017128550535447928,0.0069378714885142655,-0.008022350043188742,-0.03249430447738983,10
smallcap250,v2,2022-11-16,182,0.18333491266551477,0.008412056605901719,0.04588354985746271,-0.004814514392190716,-0.026260761369410055,9
smallcap250,v2,2022-12-14,184,0.24040518723032994,0.0010337292518630692,0.004299945703220883,-0.010540559491947099,-0.04384497528270174,9
smallcap250,v2,2023-01-11,189,0.23764240506650341,0.003779936741477141,0.015905985888416418,4.049367664726855e-05,0.00017039752074524128,9
smallcap250,v2,2023-02-09,190,0.1690758514268756,0.0020748024505599094,0.01227142985263777,-0.011900263623639162,-0.07038417091033229,10
smallcap250,v2,2023-03-10,190,0.2387214349775802,0.0006533237059047625,0.002736761807611119,-0.006066324583956728,-0.02541172971973151,11
smallcap250,v2,2023-04-12,191,0.26036384923318606,0.0024646896158114773,0.009466328075385234,-0.012195391319145155,-0.04683980266485754,10
smallcap250,v2,2023-05-12,191,0.22014189951542568,0.00048112189250959503,0.002185508045350004,0.00048112189250959503,0.002185508045350004,8
smallcap250,v2,2023-06-09,195,0.23139272338528627,0.0017445901904435956,0.0075395205385898065,-0.01086374933530232,-0.04694939917022957,10
smallcap250,v2,2023-07-10,196,0.26962985474414913,0.0045753575263186574,0.016969031603196162,-0.003432115369923716,-0.012728988684062597,11
smallcap250,v2,2023-08-07,195,0.18470211785740798,0.003706202409655912,0.020065836020987805,-0.0077058457137950676,-0.04172039716265768,10
smallcap250,v2,2023-09-05,197,0.25230647844754384,0.0009594234288774484,0.0038026111528361678,-0.012655444842000318,-0.05015901660500354,10
smallcap250,v2,2023-10-05,196,0.16794006071129697,0.0018848513159350766,0.011223357357094767,-0.003133086847868949,-0.01865598258449476,12
smallcap250,v2,2023-11-03,198,0.25527253251218357,0.003194757640004542,0.012515085773484319,0.003194757640004542,0.012515085773484319,8
smallcap250,v2,2023-12-04,201,0.27327622040276434,0.0001306000391988471,0.0004779048795623859,9.495352211663644e-05,0.0003474635369908531,9
smallcap250,v2,2024-01-02,201,0.1637032739720492,0.0030932085442408885,0.0188952149165265,-0.0038215657384848,-0.023344467375388575,9
smallcap250,v2,2024-01-31,201,0.3072768941547077,0.0012080182011935392,0.00393136686868921,-0.006134536550671199,-0.019964197332659136,10
smallcap250,v2,2024-02-28,203,0.15823188212003786,0.001955425462490501,0.012357973856413313,0.001955425462490501,0.012357973856413313,8
smallcap250,v2,2024-03-28,203,0.19444193025529777,0.000381329983012324,0.001961150984829489,-0.0041704630752248395,-0.02144837314538648,9
smallcap250,v2,2024-04-30,203,0.3089271947982988,0.0016464348703247866,0.005329523907404002,-0.010016060862472975,-0.03242207559296471,9
smallcap250,v2,2024-05-29,202,0.1842407163978405,0.001392217718842681,0.007556514901062332,-0.014261383541516848,-0.07740625319064383,10
smallcap250,v2,2024-06-27,201,0.20586868653980583,0.0003898461488774929,0.0018936641381938095,-0.010707300832096367,-0.05201034218492501,9
smallcap250,v2,2024-07-26,204,0.24752675586729717,0.001481119919980789,0.0059836760466203485,-0.005073438542966269,-0.020496525820773152,11
smallcap250,v2,2024-08-26,207,0.2312877349968271,0.002446784005606384,0.010578961334201099,0.002446784005606384,0.010578961334201099,8
smallcap250,v2,2024-09-23,206,0.32861104149500336,0.00026939368287359766,0.0008197949820797299,-0.011055497363992584,-0.033643109841032796,10
smallcap250,v2,2024-10-22,210,0.2693009487801737,0.002421372237647934,0.008991324570580937,0.002421372237647934,0.008991324570580937,8
smallcap250,v2,2024-11-21,212,0.26048874520010823,0.003356062816428973,0.01288371524017606,0.003356062816428973,0.01288371524017606,8
smallcap250,v2,2024-12-19,213,0.21305830306301504,0.0007312431875712289,0.0034321271551428496,0.0007312431875712289,0.0034321271551428496,8
smallcap250,v2,2025-01-17,214,0.24663094736736257,0.004520242997411161,0.018327963484153324,0.004520242997411161,0.018327963484153324,8
smallcap250,v2,2025-02-13,215,0.23086113346960135,0.00019565660825815456,0.0008475077866838839,-0.0036219177751024567,-0.015688729066988545,9
smallcap250,v2,2025-03-17,216,0.2074283656688587,0.00225494577764207,0.010870961502159712,-0.0059696364835213345,-0.028779267793351555,10
smallcap250,v2,2025-04-17,216,0.22283977728593962,0.00241149493433801,0.01082165385241644,0.00241149493433801,0.01082165385241644,8
smallcap250,v2,2025-05-19,217,0.1983694478424819,0.0002419254205657806,0.0012195699650174201,0.0002419254205657806,0.0012195699650174201,8
smallcap250,v2,2025-06-16,220,0.1897137481892331,0.0014530549097843126,0.007659196677380172,-0.009055268602837452,-0.04773121974167695,10
smallcap250,v2,2025-07-14,220,0.26152344754153145,0.00040744725174701735,0.0015579759886819033,-0.004210288662571893,-0.01609908672492272,11
smallcap250,v2,2025-08-11,222,0.21852415106083606,0.0024245118332109072,0.01109493765993826,0.0024245118332109072,0.01109493765993826,8
smallcap250,v2,2025-09-10,224,0.23476058246995612,0.0017968566461196156,0.007653996370321544,0.0017968566461196156,0.007653996370321544,8
smallcap250,v2,2025-10-09,224,0.2657329936810096,0.0011101462250926453,0.004177675529540316,-0.00227594484341731,-0.008564780804559757,9
smallcap250,v2,2025-11-10,223,0.21848759364841824,0.0009194119399744682,0.004208073898483912,0.0009194119399744682,0.004208073898483912,8
smallcap250,v2,2025-12-08,228,0.3427925406064272,0.001173382365227904,0.003423010206558455,-0.004362094606931488,-0.012725173655221892,9
smallcap250,v2,2026-01-06,231,0.39173781627894294,0.0006703224416874098,0.0017111507080289038,-0.004112912056747464,-0.010499144799997561,9
smallcap250,v2,2026-02-04,232,0.22501297804860132,0.0005752288955769291,0.0025564254140607104,-0.012703636009186892,-0.056457348013246554,9
smallcap250,v2,2026-03-05,232,0.24852704001053338,0.0007984401805343211,0.0032126893737618274,-0.0013724081698228696,-0.005522168411794155,9
smallcap250,v2,2026-04-07,232,0.26996242056597464,0.0008909284962372865,0.0033001945025143134,-0.012602411729057517,-0.04668209635488019,10
smallcap250,v2,2026-05-07,232,0.2535961010973932,0.004518576021716791,0.017818002730181717,-0.007424651025668583,-0.029277465203682906,10
smallcap250,v3,2019-01-01,147,0.3062409778649284,0.012633788428369819,0.041254402060922485,0.012633788428369819,0.041254402060922485,8
smallcap250,v3,2019-01-29,145,0.264902103351918,0.004118989640063853,0.015549101301743324,-0.021214545475817914,-0.08008447349938459,7
smallcap250,v3,2019-02-26,149,0.27409779391009415,0.0009438278630159447,0.003443398246851729,-0.04959679472346834,-0.18094561804366951,8
smallcap250,v3,2019-03-28,150,0.25528444931162503,0.0036595366171295884,0.014335133326755843,-0.0287574843002113,-0.11264878991946399,8
smallcap250,v3,2019-04-30,152,0.24720438310567788,0.0008059010083699691,0.0032600595436265097,-0.0015318221400363319,-0.0061965816333502885,10
smallcap250,v3,2019-05-29,152,0.38481317859104275,0.0001437980984122511,0.00037368288409132534,0.0001437980984122511,0.00037368288409132534,8
smallcap250,v3,2019-06-27,152,0.33280865142854954,0.007647509924069706,0.022978699295356345,-0.018173337142447066,-0.05460596371049773,8
smallcap250,v3,2019-07-25,153,0.3562869916392192,0.0005193420833951023,0.0014576509824444977,0.0005193420833951023,0.0014576509824444977,8
smallcap250,v3,2019-08-26,153,0.2739506013781679,0.002100745715556296,0.007668337667404412,0.002100745715556296,0.007668337667404412,8
smallcap250,v3,2019-09-25,154,0.30745260140586766,0.008321081845820588,0.02706460055231714,0.008321081845820588,0.02706460055231714,8
smallcap250,v3,2019-10-27,157,0.36266116395984854,0.0016842859321075654,0.004644241235309217,-0.031642019301228785,-0.08724953881395467,8
smallcap250,v3,2019-11-26,157,0.33792023787091646,0.0059890791023294865,0.017723351344873517,-0.02560133779446727,-0.07576148133586137,9
smallcap250,v3,2019-12-24,158,0.23455114492017837,0.004225753672375987,0.01801634212365103,-0.015196047908739185,-0.06478777971393254,8
smallcap250,v3,2020-01-22,157,0.23171593865773144,0.000890734130978732,0.003844077952248417,-0.020005831047982592,-0.08633774251297097,9
smallcap250,v3,2020-02-18,159,0.21054007872951297,0.005236679808740763,0.024872603070831372,-0.032864978614046136,-0.15609844364249878,7
smallcap250,v3,2020-03-19,158,0.30462471033480265,0.007426060646920973,0.024377735603783562,0.007426060646920973,0.024377735603783562,8
smallcap250,v3,2020-04-22,158,0.21800958301641804,1.3090762668310774e-05,6.0046730456453944e-05,-0.008919152523124585,-0.040911745253202444,8
smallcap250,v3,2020-05-21,158,0.24000023495956974,0.0025997096223889793,0.010832112822001715,-0.01199025312537938,-0.04995933911231066,8
smallcap250,v3,2020-06-19,155,0.2853467166370517,0.0013917972713538562,0.00487756539748155,0.0013917972713538562,0.00487756539748155,8
smallcap250,v3,2020-07-17,159,0.260699217468678,0.0022073746810075123,0.00846713197853277,-0.018970651899546498,-0.07276834999255702,8
smallcap250,v3,2020-08-14,159,0.25259370435498507,0.003130998601653001,0.012395394452321034,-0.029213822541418688,-0.11565538664559412,8
smallcap250,v3,2020-09-11,161,0.20720482509422478,0.00037165877574230066,0.0017936781905213439,-0.00651006427397538,-0.03141849747473293,8
smallcap250,v3,2020-10-12,161,0.21945727105492002,0.0014156388075940995,0.006450635245709542,-0.026046589187907254,-0.11868638055464106,7
smallcap250,v3,2020-11-09,160,0.3137439001324812,0.006146577445233503,0.01959106597016884,-0.025224835144246227,-0.08039944404845739,8
smallcap250,v3,2020-12-08,159,0.26108481875974565,0.0015718722692473763,0.0060205425834959705,-0.021259624807620003,-0.0814280390128062,8
smallcap250,v3,2021-01-06,160,0.19688756667486046,5.8997691973705635e-05,0.00029965168938846326,-0.01544939844891191,-0.07846812630085982,8
smallcap250,v3,2021-02-04,161,0.22715281671788362,0.0012795836493770807,0.005633140138280926,-0.0075598375744160284,-0.03328084451536914,8
smallcap250,v3,2021-03-04,162,0.19226015877342673,0.0004350969711488517,0.002263063621317412,-0.0006732688437365297,-0.0035018635583774715,8
smallcap250,v3,2021-04-06,162,0.20389917376820266,0.004642833707480087,0.02277024286894938,-0.015844140992812172,-0.0777057635889401,8
smallcap250,v3,2021-05-06,163,0.204278271808839,0.0016469166935660917,0.008062123685416995,-0.00765236969376637,-0.037460517097615546,8
smallcap250,v3,2021-06-04,163,0.2386328638407622,0.002832529371209036,0.011869820969416685,-0.021825097411059313,-0.09145889237461871,8
smallcap250,v3,2021-07-02,161,0.2647971083177617,0.00021442141192185016,0.0008097573772011901,-0.0007197290041818238,-0.002718039516194924,7
smallcap250,v3,2021-08-02,162,0.2249416509590189,0.0009294107952585451,0.004131786137854346,0.0009294107952585451,0.004131786137854346,8
smallcap250,v3,2021-08-31,163,0.18749953031757516,0.0007805430200362728,0.004162906534828312,-0.0011689684727774763,-0.006234514138769038,8
smallcap250,v3,2021-09-29,163,0.22642851606872405,0.0008463469167738769,0.003737810640939763,-0.04203439579424795,-0.18564091009407116,7
smallcap250,v3,2021-10-28,165,0.1809741252032827,0.0009881532091146061,0.005460190554890893,0.0009881532091146061,0.005460190554890893,8
smallcap250,v3,2021-11-29,163,0.19488080982170103,0.0004084635420069649,0.0020959659516022818,-0.016340806373227212,-0.08385025897715444,7
smallcap250,v3,2021-12-27,165,0.2681176265874132,0.0004734918472466543,0.0017659855238658984,-0.016429103387532673,-0.06127573034507809,8
smallcap250,v3,2022-01-24,165,0.23043645355942977,0.00996019911314594,0.0432231921612055,-0.01807563677142221,-0.07844087379499827,7
smallcap250,v3,2022-02-22,167,0.18824914563528572,0.002545290892888019,0.013520862919714233,-0.01486596694999387,-0.07896963834723172,8
smallcap250,v3,2022-03-24,168,0.23740232701791786,0.010336100706807794,0.043538329369567134,0.010336100706807794,0.043538329369567134,8
smallcap250,v3,2022-04-25,171,0.1669791371361416,7.118106183234829e-05,0.00042628715810354726,-0.005463904911401807,-0.03272208136365545,8
smallcap250,v3,2022-05-24,172,0.21465622491189829,0.0012450967749324526,0.005800422398388305,-0.030132307114629997,-0.14037471835255302,8
smallcap250,v3,2022-06-21,172,0.2168222126349832,0.004897417179923758,0.022587248420753287,-0.027588124747057186,-0.1272384614647456,7
smallcap250,v3,2022-07-19,175,0.16752211206529632,0.00024568593073848177,0.0014665880683423986,0.00024568593073848177,0.0014665880683423986,8
smallcap250,v3,2022-08-18,175,0.22881193165854796,0.001855898831465641,0.008111022961141582,0.001855898831465641,0.008111022961141582,8
smallcap250,v3,2022-09-16,176,0.20273179289303683,0.00011304837075143404,0.0005576252700092254,-0.0009560007239337587,-0.004715593495679059,8
smallcap250,v3,2022-10-17,183,0.24688480557480003,0.0017128550535447928,0.0069378714885142655,-0.02638753931747939,-0.1068819899873693,8
smallcap250,v3,2022-11-16,182,0.18333491266551477,0.008412056605901719,0.04588354985746271,-0.014119500919191341,-0.07701479611224761,8
smallcap250,v3,2022-12-14,184,0.24040518723032994,0.0010337292518630692,0.004299945703220883,-0.01302800156502737,-0.054191848832884644,8
smallcap250,v3,2023-01-11,189,0.23764240506650341,0.003779936741477141,0.015905985888416418,-0.003779936741477141,-0.015905985888416418,8
smallcap250,v3,2023-02-09,190,0.1690758514268756,0.0020748024505599094,0.01227142985263777,-0.026177628488921578,-0.15482771944072252,8
smallcap250,v3,2023-03-10,190,0.2387214349775802,0.0006533237059047625,0.002736761807611119,-0.012111632841962816,-0.05073542241022594,9
smallcap250,v3,2023-04-12,191,0.26036384923318606,0.0024646896158114773,0.009466328075385234,0.0024646896158114773,0.009466328075385234,8
smallcap250,v3,2023-05-12,191,0.22014189951542568,0.00048112189250959503,0.002185508045350004,0.000997881462313721,0.004532901117462185,7
smallcap250,v3,2023-06-09,195,0.23139272338528627,0.0017445901904435956,0.0075395205385898065,-0.02230680696049281,-0.09640237010975622,7
smallcap250,v3,2023-07-10,196,0.26962985474414913,0.0045753575263186574,0.016969031603196162,-0.01226297235671614,-0.0454807660982217,7
smallcap250,v3,2023-08-07,195,0.18470211785740798,0.003706202409655912,0.020065836020987805,-0.017534236864894526,-0.09493251657477553,7
smallcap250,v3,2023-09-05,197,0.25230647844754384,0.0009594234288774484,0.0038026111528361678,-0.013694664143648616,-0.05427789340928805,8
smallcap250,v3,2023-10-05,196,0.16794006071129697,0.0018848513159350766,0.011223357357094767,-0.022451604981156836,-0.1336882033153068,8
smallcap250,v3,2023-11-03,198,0.25527253251218357,0.003194757640004542,0.012515085773484319,0.003194757640004542,0.012515085773484319,8
smallcap250,v3,2023-12-04,201,0.27327622040276434,0.0001306000391988471,0.0004779048795623859,-0.002006898500550469,-0.007343846082153178,8
smallcap250,v3,2024-01-02,201,0.1637032739720492,0.0030932085442408885,0.0188952149165265,-0.011084479063670938,-0.06771079645947405,8
smallcap250,v3,2024-01-31,201,0.3072768941547077,0.0012080182011935392,0.00393136686868921,-0.011221910893987386,-0.036520516535608366,8
smallcap250,v3,2024-02-28,203,0.15823188212003786,0.001955425462490501,0.012357973856413313,0.001955425462490501,0.012357973856413313,8
smallcap250,v3,2024-03-28,203,0.19444193025529777,0.000381329983012324,0.001961150984829489,-0.0045517930582371635,-0.023409524130215967,8
smallcap250,v3,2024-04-30,203,0.3089271947982988,0.0016464348703247866,0.005329523907404002,-0.02331819608106056,-0.07548120228225687,7
smallcap250,v3,2024-05-29,202,0.1842407163978405,0.001392217718842681,0.007556514901062332,-0.023192526914481926,-0.12588165834310536,8
smallcap250,v3,2024-06-27,201,0.20586868653980583,0.0003898461488774929,0.0018936641381938095,-0.01109714698097386,-0.05390400632311882,8
smallcap250,v3,2024-07-26,204,0.24752675586729717,0.001481119919980789,0.0059836760466203485,-0.012759768628066825,-0.05154904803465986,8
smallcap250,v3,2024-08-26,207,0.2312877349968271,0.002446784005606384,0.010578961334201099,0.002446784005606384,0.010578961334201099,8
smallcap250,v3,2024-09-23,206,0.32861104149500336,0.00026939368287359766,0.0008197949820797299,-0.022014342029208378,-0.06699209475450055,7
smallcap250,v3,2024-10-22,210,0.2693009487801737,0.002421372237647934,0.008991324570580937,0.002421372237647934,0.008991324570580937,8
smallcap250,v3,2024-11-21,212,0.26048874520010823,0.003356062816428973,0.01288371524017606,-0.00041916182536139157,-0.0016091360301935126,7
smallcap250,v3,2024-12-19,213,0.21305830306301504,0.0007312431875712289,0.0034321271551428496,-0.0014670449037499367,-0.006885649996545956,7
smallcap250,v3,2025-01-17,214,0.24663094736736257,0.004520242997411161,0.018327963484153324,0.0032131248958220393,0.013028068578255163,7
smallcap250,v3,2025-02-13,215,0.23086113346960135,0.00019565660825815456,0.0008475077866838839,-0.0001290889187841593,-0.0005591626309898416,7
smallcap250,v3,2025-03-17,216,0.2074283656688587,0.00225494577764207,0.010870961502159712,-0.008621878678750416,-0.04156557205157994,8
smallcap250,v3,2025-04-17,216,0.22283977728593962,0.00241149493433801,0.01082165385241644,0.00241149493433801,0.01082165385241644,8
smallcap250,v3,2025-05-19,217,0.1983694478424819,0.0002419254205657806,0.0012195699650174201,0.0002419254205657806,0.0012195699650174201,8
smallcap250,v3,2025-06-16,220,0.1897137481892331,0.0014530549097843126,0.007659196677380172,-0.012900805857532172,-0.06800142836598247,7
smallcap250,v3,2025-07-14,220,0.26152344754153145,0.00040744725174701735,0.0015579759886819033,-0.005608403130857531,-0.02144512541257657,8
smallcap250,v3,2025-08-11,222,0.21852415106083606,0.0024245118332109072,0.01109493765993826,0.0024245118332109072,0.01109493765993826,8
smallcap250,v3,2025-09-10,224,0.23476058246995612,0.0017968566461196156,0.007653996370321544,0.003641068897690114,0.01550971146596165,7
smallcap250,v3,2025-10-09,224,0.2657329936810096,0.0011101462250926453,0.004177675529540316,-0.0033860910685099554,-0.012742456334100073,8
smallcap250,v3,2025-11-10,223,0.21848759364841824,0.0009194119399744682,0.004208073898483912,0.0009194119399744682,0.004208073898483912,8
smallcap250,v3,2025-12-08,228,0.3427925406064272,0.001173382365227904,0.003423010206558455,-0.005535476972159392,-0.016148183861780345,8
smallcap250,v3,2026-01-06,231,0.39173781627894294,0.0006703224416874098,0.0017111507080289038,-0.004783234498434874,-0.012210295508026466,8
smallcap250,v3,2026-02-04,232,0.22501297804860132,0.0005752288955769291,0.0025564254140607104,0.0005752288955769291,0.0025564254140607104,8
smallcap250,v3,2026-03-05,232,0.24852704001053338,0.0007984401805343211,0.0032126893737618274,-0.0021708483503571907,-0.008734857785555982,8
smallcap250,v3,2026-04-07,232,0.26996242056597464,0.0008909284962372865,0.0033001945025143134,-0.021182032140674822,-0.0784628915990115,8
smallcap250,v3,2026-05-07,232,0.2535961010973932,0.004518576021716791,0.017818002730181717,-0.007424651025668583,-0.029277465203682906,9
smallcap250,v4,2019-01-01,147,0.3062409778649284,0.012633788428369819,0.041254402060922485,0.012633788428369819,0.041254402060922485,8
smallcap250,v4,2019-01-29,145,0.264902103351918,0.004118989640063853,0.015549101301743324,-0.008379965025110847,-0.03163419587491234,9
smallcap250,v4,2019-02-26,149,0.27409779391009415,0.0009438278630159447,0.003443398246851729,-0.0243229127346839,-0.08873808281237744,11
smallcap250,v4,2019-03-28,150,0.25528444931162503,0.0036595366171295884,0.014335133326755843,-0.009117551559615023,-0.035715264224673755,10
smallcap250,v4,2019-04-30,152,0.24720438310567788,0.0008059010083699691,0.0032600595436265097,-0.0015318221400363319,-0.0061965816333502885,10
smallcap250,v4,2019-05-29,152,0.38481317859104275,0.0001437980984122511,0.00037368288409132534,0.0001437980984122511,0.00037368288409132534,8
smallcap250,v4,2019-06-27,152,0.33280865142854954,0.007647509924069706,0.022978699295356345,-0.01052582721837736,-0.03162726441514139,9
smallcap250,v4,2019-07-25,153,0.3562869916392192,0.0005193420833951023,0.0014576509824444977,-0.023680022997598194,-0.06646333869404049,9
smallcap250,v4,2019-08-26,153,0.2739506013781679,0.002100745715556296,0.007668337667404412,0.002100745715556296,0.007668337667404412,8
smallcap250,v4,2019-09-25,154,0.30745260140586766,0.008321081845820588,0.02706460055231714,0.008321081845820588,0.02706460055231714,8
smallcap250,v4,2019-10-27,157,0.36266116395984854,0.0016842859321075654,0.004644241235309217,-0.020898860709961165,-0.05762640940587437,9
smallcap250,v4,2019-11-26,157,0.33792023787091646,0.0059890791023294865,0.017723351344873517,-0.016681507118384675,-0.04936522069079779,11
smallcap250,v4,2019-12-24,158,0.23455114492017837,0.004225753672375987,0.01801634212365103,-0.006853641518944187,-0.02922024329182701,10
smallcap250,v4,2020-01-22,157,0.23171593865773144,0.000890734130978732,0.003844077952248417,-0.018200659739766034,-0.0785472930571699,11
smallcap250,v4,2020-02-18,159,0.21054007872951297,0.005236679808740763,0.024872603070831372,-0.013245412399274126,-0.06291159611605777,10
smallcap250,v4,2020-03-19,158,0.30462471033480265,0.007426060646920973,0.024377735603783562,0.007426060646920973,0.024377735603783562,8
smallcap250,v4,2020-04-22,158,0.21800958301641804,1.3090762668310774e-05,6.0046730456453944e-05,-0.008906061760456274,-0.04085169852274599,9
smallcap250,v4,2020-05-21,158,0.24000023495956974,0.0025997096223889793,0.010832112822001715,-0.003446128948753957,-0.014358856562513322,10
smallcap250,v4,2020-06-19,155,0.2853467166370517,0.0013917972713538562,0.00487756539748155,0.0013917972713538562,0.00487756539748155,8
smallcap250,v4,2020-07-17,159,0.260699217468678,0.0022073746810075123,0.00846713197853277,-0.015518367259054755,-0.05952594491741896,10
smallcap250,v4,2020-08-14,159,0.25259370435498507,0.003130998601653001,0.012395394452321034,-0.022038890527829702,-0.08725035560212192,10
smallcap250,v4,2020-09-11,161,0.20720482509422478,0.00037165877574230066,0.0017936781905213439,-0.0009273468331326695,-0.004475507907265025,9
smallcap250,v4,2020-10-12,161,0.21945727105492002,0.0014156388075940995,0.006450635245709542,-0.008188128537722439,-0.03731080997390753,12
smallcap250,v4,2020-11-09,160,0.3137439001324812,0.006146577445233503,0.01959106597016884,-0.01934615711345622,-0.06166225735476332,10
smallcap250,v4,2020-12-08,159,0.26108481875974565,0.0015718722692473763,0.0060205425834959705,-0.01885256336437502,-0.07220857748042196,10
smallcap250,v4,2021-01-06,160,0.19688756667486046,5.8997691973705635e-05,0.00029965168938846326,-0.010186488767121027,-0.051737592876765874,10
smallcap250,v4,2021-02-04,161,0.22715281671788362,0.0012795836493770807,0.005633140138280926,-0.006069664284052201,-0.02672062082149096,10
smallcap250,v4,2021-03-04,162,0.19226015877342673,0.0004350969711488517,0.002263063621317412,-0.006137313454402382,-0.031921920243678965,10
smallcap250,v4,2021-04-06,162,0.20389917376820266,0.004642833707480087,0.02277024286894938,-0.011201307285332085,-0.05493552071999072,9
smallcap250,v4,2021-05-06,163,0.204278271808839,0.0016469166935660917,0.008062123685416995,-0.004843538911756151,-0.02371049485032198,9
smallcap250,v4,2021-06-04,163,0.2386328638407622,0.002832529371209036,0.011869820969416685,-0.01737237103143552,-0.07279957484409172,11
smallcap250,v4,2021-07-02,161,0.2647971083177617,0.00021442141192185016,0.0008097573772011901,0.00021442141192185016,0.0008097573772011901,8
smallcap250,v4,2021-08-02,162,0.2249416509590189,0.0009294107952585451,0.004131786137854346,0.0009294107952585451,0.004131786137854346,8
smallcap250,v4,2021-08-31,163,0.18749953031757516,0.0007805430200362728,0.004162906534828312,-0.00038842545274120344,-0.0020716076039407265,9
smallcap250,v4,2021-09-29,163,0.22642851606872405,0.0008463469167738769,0.003737810640939763,-0.00325671714656961,-0.014382981450892665,10
smallcap250,v4,2021-10-28,165,0.1809741252032827,0.0009881532091146061,0.005460190554890893,0.0009881532091146061,0.005460190554890893,8
smallcap250,v4,2021-11-29,163,0.19488080982170103,0.0004084635420069649,0.0020959659516022818,-0.011736972962209546,-0.06022641722880696,10
smallcap250,v4,2021-12-27,165,0.2681176265874132,0.0004734918472466543,0.0017659855238658984,-0.0035435638161829264,-0.013216452276134235,11
smallcap250,v4,2022-01-24,165,0.23043645355942977,0.00996019911314594,0.0432231921612055,-0.0037229493675798864,-0.016156078216243396,10
smallcap250,v4,2022-02-22,167,0.18824914563528572,0.002545290892888019,0.013520862919714233,-0.008560666021825036,-0.045475191894950154,11
smallcap250,v4,2022-03-24,168,0.23740232701791786,0.010336100706807794,0.043538329369567134,0.010336100706807794,0.043538329369567134,8
smallcap250,v4,2022-04-25,171,0.1669791371361416,7.118106183234829e-05,0.00042628715810354726,-0.004747908510683407,-0.028434142085740556,9
smallcap250,v4,2022-05-24,172,0.21465622491189829,0.0012450967749324526,0.005800422398388305,-0.0163692857391049,-0.07625814599983473,10
smallcap250,v4,2022-06-21,172,0.2168222126349832,0.004897417179923758,0.022587248420753287,-0.0035884274791155857,-0.016550091595811944,11
smallcap250,v4,2022-07-19,175,0.16752211206529632,0.00024568593073848177,0.0014665880683423986,-0.003991104805884049,-0.023824346270947247,9
smallcap250,v4,2022-08-18,175,0.22881193165854796,0.001855898831465641,0.008111022961141582,0.001855898831465641,0.008111022961141582,8
smallcap250,v4,2022-09-16,176,0.20273179289303683,0.00011304837075143404,0.0005576252700092254,-0.0008429523531823246,-0.004157968225669834,9
smallcap250,v4,2022-10-17,183,0.24688480557480003,0.0017128550535447928,0.0069378714885142655,-0.008022350043188742,-0.03249430447738983,10
smallcap250,v4,2022-11-16,182,0.18333491266551477,0.008412056605901719,0.04588354985746271,-0.004814514392190716,-0.026260761369410055,9
smallcap250,v4,2022-12-14,184,0.24040518723032994,0.0010337292518630692,0.004299945703220883,-0.010540559491947099,-0.04384497528270174,9
smallcap250,v4,2023-01-11,189,0.23764240506650341,0.003779936741477141,0.015905985888416418,4.049367664726855e-05,0.00017039752074524128,9
smallcap250,v4,2023-02-09,190,0.1690758514268756,0.0020748024505599094,0.01227142985263777,-0.011900263623639162,-0.07038417091033229,10
smallcap250,v4,2023-03-10,190,0.2387214349775802,0.0006533237059047625,0.002736761807611119,-0.006066324583956728,-0.02541172971973151,11
smallcap250,v4,2023-04-12,191,0.26036384923318606,0.0024646896158114773,0.009466328075385234,-0.012195391319145155,-0.04683980266485754,10
smallcap250,v4,2023-05-12,191,0.22014189951542568,0.00048112189250959503,0.002185508045350004,0.00048112189250959503,0.002185508045350004,8
smallcap250,v4,2023-06-09,195,0.23139272338528627,0.0017445901904435956,0.0075395205385898065,-0.01086374933530232,-0.04694939917022957,10
smallcap250,v4,2023-07-10,196,0.26962985474414913,0.0045753575263186574,0.016969031603196162,-0.003432115369923716,-0.012728988684062597,11
smallcap250,v4,2023-08-07,195,0.18470211785740798,0.003706202409655912,0.020065836020987805,-0.0077058457137950676,-0.04172039716265768,10
smallcap250,v4,2023-09-05,197,0.25230647844754384,0.0009594234288774484,0.0038026111528361678,-0.012655444842000318,-0.05015901660500354,10
smallcap250,v4,2023-10-05,196,0.16794006071129697,0.0018848513159350766,0.011223357357094767,-0.003133086847868949,-0.01865598258449476,12
smallcap250,v4,2023-11-03,198,0.25527253251218357,0.003194757640004542,0.012515085773484319,0.003194757640004542,0.012515085773484319,8
smallcap250,v4,2023-12-04,201,0.27327622040276434,0.0001306000391988471,0.0004779048795623859,9.495352211663644e-05,0.0003474635369908531,9
smallcap250,v4,2024-01-02,201,0.1637032739720492,0.0030932085442408885,0.0188952149165265,-0.0038215657384848,-0.023344467375388575,9
smallcap250,v4,2024-01-31,201,0.3072768941547077,0.0012080182011935392,0.00393136686868921,-0.006134536550671199,-0.019964197332659136,10
smallcap250,v4,2024-02-28,203,0.15823188212003786,0.001955425462490501,0.012357973856413313,0.001955425462490501,0.012357973856413313,8
smallcap250,v4,2024-03-28,203,0.19444193025529777,0.000381329983012324,0.001961150984829489,-0.0041704630752248395,-0.02144837314538648,9
smallcap250,v4,2024-04-30,203,0.3089271947982988,0.0016464348703247866,0.005329523907404002,-0.010016060862472975,-0.03242207559296471,9
smallcap250,v4,2024-05-29,202,0.1842407163978405,0.001392217718842681,0.007556514901062332,-0.014261383541516848,-0.07740625319064383,10
smallcap250,v4,2024-06-27,201,0.20586868653980583,0.0003898461488774929,0.0018936641381938095,-0.010707300832096367,-0.05201034218492501,9
smallcap250,v4,2024-07-26,204,0.24752675586729717,0.001481119919980789,0.0059836760466203485,-0.005073438542966269,-0.020496525820773152,11
smallcap250,v4,2024-08-26,207,0.2312877349968271,0.002446784005606384,0.010578961334201099,0.002446784005606384,0.010578961334201099,8
smallcap250,v4,2024-09-23,206,0.32861104149500336,0.00026939368287359766,0.0008197949820797299,-0.011055497363992584,-0.033643109841032796,10
smallcap250,v4,2024-10-22,210,0.2693009487801737,0.002421372237647934,0.008991324570580937,0.002421372237647934,0.008991324570580937,8
smallcap250,v4,2024-11-21,212,0.26048874520010823,0.003356062816428973,0.01288371524017606,0.003356062816428973,0.01288371524017606,8
smallcap250,v4,2024-12-19,213,0.21305830306301504,0.0007312431875712289,0.0034321271551428496,0.0007312431875712289,0.0034321271551428496,8
smallcap250,v4,2025-01-17,214,0.24663094736736257,0.004520242997411161,0.018327963484153324,0.004520242997411161,0.018327963484153324,8
smallcap250,v4,2025-02-13,215,0.23086113346960135,0.00019565660825815456,0.0008475077866838839,-0.0036219177751024567,-0.015688729066988545,9
smallcap250,v4,2025-03-17,216,0.2074283656688587,0.00225494577764207,0.010870961502159712,-0.0059696364835213345,-0.028779267793351555,10
smallcap250,v4,2025-04-17,216,0.22283977728593962,0.00241149493433801,0.01082165385241644,0.00241149493433801,0.01082165385241644,8
smallcap250,v4,2025-05-19,217,0.1983694478424819,0.0002419254205657806,0.0012195699650174201,0.0002419254205657806,0.0012195699650174201,8
smallcap250,v4,2025-06-16,220,0.1897137481892331,0.0014530549097843126,0.007659196677380172,-0.009055268602837452,-0.04773121974167695,10
smallcap250,v4,2025-07-14,220,0.26152344754153145,0.00040744725174701735,0.0015579759886819033,-0.004210288662571893,-0.01609908672492272,11
smallcap250,v4,2025-08-11,222,0.21852415106083606,0.0024245118332109072,0.01109493765993826,0.0024245118332109072,0.01109493765993826,8
smallcap250,v4,2025-09-10,224,0.23476058246995612,0.0017968566461196156,0.007653996370321544,0.0017968566461196156,0.007653996370321544,8
smallcap250,v4,2025-10-09,224,0.2657329936810096,0.0011101462250926453,0.004177675529540316,-0.00227594484341731,-0.008564780804559757,9
smallcap250,v4,2025-11-10,223,0.21848759364841824,0.0009194119399744682,0.004208073898483912,0.0009194119399744682,0.004208073898483912,8
smallcap250,v4,2025-12-08,228,0.3427925406064272,0.001173382365227904,0.003423010206558455,-0.004362094606931488,-0.012725173655221892,9
smallcap250,v4,2026-01-06,231,0.39173781627894294,0.0006703224416874098,0.0017111507080289038,-0.004112912056747464,-0.010499144799997561,9
smallcap250,v4,2026-02-04,232,0.22501297804860132,0.0005752288955769291,0.0025564254140607104,-0.012703636009186892,-0.056457348013246554,9
smallcap250,v4,2026-03-05,232,0.24852704001053338,0.0007984401805343211,0.0032126893737618274,-0.0013724081698228696,-0.005522168411794155,9
smallcap250,v4,2026-04-07,232,0.26996242056597464,0.0008909284962372865,0.0033001945025143134,-0.012602411729057517,-0.04668209635488019,10
smallcap250,v4,2026-05-07,232,0.2535961010973932,0.004518576021716791,0.017818002730181717,-0.0029060750039517913,-0.011459462473501188,11
nifty500,v1,2019-01-01,342,0.25607656065470497,0.002731852193487927,0.010668107172727813,0.002731852193487927,0.010668107172727813,8
nifty500,v1,2019-01-29,340,0.16906516724634169,0.001666896313571975,0.009859489927592072,0.001666896313571975,0.009859489927592072,8
nifty500,v1,2019-02-26,344,0.35387526671921943,0.00027799328384947586,0.0007855685604330416,0.00118726925923196,0.0033550501289314263,9
nifty500,v1,2019-03-28,345,0.34907139976175905,0.002175851875430568,0.0062332573705997825,-0.0043891229030189605,-0.012573711011599728,8
nifty500,v1,2019-04-30,349,0.4645883090708208,0.007252390504323247,0.015610359457447537,-0.018781365120303928,-0.04042582379626978,7
nifty500,v1,2019-05-29,349,0.23843131761535385,0.008995241250615904,0.03772676064780784,-0.029608131937318927,-0.12417887143954742,8
nifty500,v1,2019-06-27,350,0.266032504395883,0.003545132503985582,0.013325937415189197,-0.025008690821992197,-0.09400614740211129,8
nifty500,v1,2019-07-25,351,0.24240936436363703,0.0021746419083769064,0.008970948437102196,-0.011495159006816302,-0.04742044119043386,8
nifty500,v1,2019-08-26,352,0.2770984371386299,0.005415799384302256,0.019544676759013183,-0.008242370879733008,-0.029745281008602086,8
nifty500,v1,2019-09-25,353,0.24446618395377212,3.9353452077284246e-05,0.00016097707846875818,-0.0036007061940478424,-0.014728851801968349,8
nifty500,v1,2019-10-27,356,0.29084531015855447,0.007564706864803927,0.026009382309379592,0.0003704142464542315,0.0012735781995325969,7
nifty500,v1,2019-11-26,357,0.38052942171279125,7.733464306269866e-06,2.0322907678100074e-05,-0.0070613273986149805,-0.018556587206401597,7
nifty500,v1,2019-12-24,358,0.20612214223700076,0.0004945092496598802,0.0023991078507775735,0.0004945092496598802,0.0023991078507775735,8
nifty500,v1,2020-01-22,356,0.2327940806169504,0.0006317742015158334,0.002713875712997112,-0.00260434109862151,-0.011187316669390778,8
nifty500,v1,2020-02-18,360,0.23669557432723815,0.002625089899332189,0.01109057449339095,-0.0038892938752520534,-0.01643162905054996,8
nifty500,v1,2020-03-19,357,0.3265353035285519,0.0018847840570392904,0.0057720682470539875,0.0018847840570392904,0.0057720682470539875,8
nifty500,v1,2020-04-22,357,0.2201819329966766,5.90614808562151e-05,0.00026823945113201714,-0.003964861981690548,-0.018007208528550766,8
nifty500,v1,2020-05-21,360,0.19977551031574414,0.004527279528646511,0.02266183438345956,0.0043120276608202834,0.021584365641239743,7
nifty500,v1,2020-06-19,357,0.2672784102996604,0.0008751008602044807,0.0032741172742809924,-0.01292448848497696,-0.048355901512907876,7
nifty500,v1,2020-07-17,362,0.1583047508797915,0.0037705699111110214,0.0238184254746353,0.0037705699111110214,0.0238184254746353,8
nifty500,v1,2020-08-14,361,0.23389639551500957,0.001248692846017807,0.005338657927020838,-0.0031707425082226903,-0.013556183716474664,8
nifty500,v1,2020-09-11,362,0.162083618072707,0.0004671764934646161,0.0028823177753537774,-0.004874566761282173,-0.030074395051420646,7
nifty500,v1,2020-10-12,364,0.13065228219346114,0.004658061051710627,0.035652351214296295,0.004658061051710627,0.035652351214296295,8
nifty500,v1,2020-11-09,367,0.19599308689695077,0.002506316925566132,0.01278778228991262,0.0025979369758856174,0.013255248014189197,7
nifty500,v1,2020-12-08,364,0.2783226917565235,0.002081210605864303,0.007477689270427668,-0.00720660902652559,-0.025892998450984823,8
nifty500,v1,2021-01-06,361,0.20343430076920782,0.003362960920498259,0.016530943443571356,-0.013210655927570092,-0.06493819320350169,8
nifty500,v1,2021-02-04,367,0.19497300290236297,0.004272010152222339,0.02191077784426207,-0.012108816537776512,-0.0621050933079195,8
nifty500,v1,2021-03-04,370,0.24537439362122243,0.002507632083315392,0.010219616017416852,-0.008808705101155945,-0.03589903971297712,8
nifty500,v1,2021-04-06,372,0.17817817541746506,0.003028573572181781,0.016997444075773825,0.003028573572181781,0.016997444075773825,8
nifty500,v1,2021-05-06,371,0.16521685578146417,0.0011211070872372275,0.0067856701541405655,-0.0018994516235975034,-0.01149671814424279,8
nifty500,v1,2021-06-04,371,0.15857550610208027,0.0010368073147731804,0.006538256381825788,-0.009331967162806709,-0.0588487301235502,8
nifty500,v1,2021-07-02,369,0.19979545603279686,0.00020521057262490316,0.0010271033020451546,-0.003005410892042093,-0.01504243866061072,8
nifty500,v1,2021-08-02,371,0.18677652736188988,0.0019343276509991014,0.010356374424133254,-0.006808951576151356,-0.03645507105375525,9
nifty500,v1,2021-08-31,374,0.17108332129344472,0.00024347397479651534,0.001423130980599243,0.00024347397479651534,0.001423130980599243,8
nifty500,v1,2021-09-29,372,0.255589019467591,0.00452119230422543,0.017689305720736265,0.0010963312647013224,0.0042894302227265224,7
nifty500,v1,2021-10-28,377,0.18896096678907093,0.00011983880483412701,0.0006341987282902609,-0.01926577819734865,-0.10195639091354891,7
nifty500,v1,2021-11-29,375,0.17697224620578145,0.002215458732465647,0.012518678945225882,0.002179774685956315,0.012317042545878613,7
nifty500,v1,2021-12-27,377,0.21219064873138171,0.00039492458578782585,0.0018611780874838283,-0.009456252806015586,-0.044564889464033496,8
nifty500,v1,2022-01-24,377,0.22958374696228318,0.002875862221235259,0.012526419048765312,-0.011720934243038883,-0.05105297913342463,8
nifty500,v1,2022-02-22,380,0.18566933574793665,0.0005831283851107649,0.0031406822390015756,-0.006053838139038481,-0.032605481754171446,8
nifty500,v1,2022-03-24,381,0.27093157611932417,0.0014675774669971053,0.005416782672650722,-0.013130355035043673,-0.048463731039090026,8
nifty500,v1,2022-04-25,386,0.1770999730040954,0.00047953484660379075,0.0027077070564697466,0.00047953484660379075,0.0027077070564697466,8
nifty500,v1,2022-05-24,387,0.191063784810587,0.006693914381722066,0.03503497216051773,0.006693914381722066,0.03503497216051773,8
nifty500,v1,2022-06-21,387,0.18735012363159725,0.00024456944598838515,0.001305413848935073,-0.0077949147866051005,-0.041606136337187134,8
nifty500,v1,2022-07-19,390,0.21881003214884787,0.00023958348611952118,0.0010949383068347704,-0.007652648088276481,-0.03497393612679827,8
nifty500,v1,2022-08-18,388,0.2407351599490622,0.0015307413123816227,0.006358611316708022,-0.01021355105162669,-0.04242650327350522,8
nifty500,v1,2022-09-16,385,0.19678435089164736,0.004797393650466053,0.024378938816672344,-0.009784733302891646,-0.049723127162074374,8
nifty500,v1,2022-10-17,399,0.1797837038487683,0.0010061688002611646,0.005596551738123833,0.0010061688002611646,0.005596551738123833,8
nifty500,v1,2022-11-16,398,0.17150311454120387,0.00029555842253892184,0.0017233414292771546,-0.009638508803070933,-0.05620019688187801,7
nifty500,v1,2022-12-14,401,0.20859993965820434,0.00035870822321160123,0.0017195988829112447,0.00035870822321160123,0.0017195988829112447,8
nifty500,v1,2023-01-11,404,0.16273417863615297,0.0013618459792652526,0.008368530757820198,0.0013618459792652526,0.008368530757820198,8
nifty500,v1,2023-02-09,409,0.26334336928649865,0.000597766235320929,0.0022699118528805725,-0.023235723998059954,-0.08823356388662726,8
nifty500,v1,2023-03-10,410,0.20499949099814485,0.00382323952688568,0.01864999521837973,0.0015107930107302048,0.007369740302154588,7
nifty500,v1,2023-04-12,411,0.33030595681910213,0.000798500304474925,0.002417456567131297,-0.000798500304474925,-0.002417456567131297,8
nifty500,v1,2023-05-12,410,0.24054695811096294,0.0008036390989208941,0.003340882400808328,0.0008036390989208941,0.003340882400808328,8
nifty500,v1,2023-06-09,413,0.2422074106043715,0.0034072769278000736,0.014067599828172132,0.0034072769278000736,0.014067599828172132,8
nifty500,v1,2023-07-10,411,0.22131089098343504,0.001991996736783186,0.009000897913028083,-0.008254581938182182,-0.03729857984621295,8
nifty500,v1,2023-08-07,414,0.18950554786488855,0.0003222911163307529,0.0017006948870992224,-0.006863017954397699,-0.036215393331338316,8
nifty500,v1,2023-09-05,418,0.2219884853350671,0.0006960933329285268,0.003135718196724712,-0.000941898080402237,-0.00424300422150521,8
nifty500,v1,2023-10-05,416,0.20340275418654874,0.0013582695950512536,0.006677734529619646,-0.01990932079172525,-0.09788127437775804,8
nifty500,v1,2023-11-03,419,0.28120379008981466,0.0010064924622593674,0.0035792279397724343,0.0010064924622593674,0.0035792279397724343,8
nifty500,v1,2023-12-04,423,0.35527322262825967,0.0006099463492946766,0.0017168373816140213,-0.005568790908255128,-0.0156746710800719,7
nifty500,v1,2024-01-02,417,0.23804232012144977,0.001933521626731105,0.008122596123851496,0.001933521626731105,0.008122596123851496,8
nifty500,v1,2024-01-31,413,0.21889980594733116,0.002597172820758109,0.011864664792727167,0.002597172820758109,0.011864664792727167,8
nifty500,v1,2024-02-28,421,0.1616959964696173,0.0013975144978610743,0.008642851575633584,0.004809555354790107,0.02974443065876293,7
nifty500,v1,2024-03-28,424,0.16225410594707046,0.003287036283996736,0.020258570745007913,-0.0035911423433603318,-0.022132828765096473,7
nifty500,v1,2024-04-30,424,0.1951665753624377,0.0011476197258961651,0.005880206299490354,-0.01128253226992637,-0.057809756865251825,7
nifty500,v1,2024-05-29,423,0.18906157833051856,0.000490601875633101,0.0025949316617648664,-0.0013462128640033821,-0.0071204994472749234,8
nifty500,v1,2024-06-27,423,0.18763168169994815,0.000879882955315936,0.004689415707113918,-0.030212901221642774,-0.1610223867734546,7
nifty500,v1,2024-07-26,428,0.21775079611654713,0.0036254416955211477,0.01664949915306255,0.00019661975090501382,0.0009029576672582024,7
nifty500,v1,2024-08-26,430,0.23060804937322532,0.0021854149537114953,0.009476750528228666,-0.026338237566761458,-0.11421213456488935,7
nifty500,v1,2024-09-23,432,0.30197284266212027,5.2876624028752595e-05,0.00017510390524725646,-0.01209613499676332,-0.04005702926834973,8
nifty500,v1,2024-10-22,437,0.23353596951459954,0.0017744305510025704,0.007598103858222327,-0.003791309055344194,-0.016234368792200894,8
nifty500,v1,2024-11-21,439,0.21301764555883268,0.0020614199969588576,0.009677226464272043,-0.012459641903094454,-0.05849112579574195,9
nifty500,v1,2024-12-19,440,0.1973171290377067,0.003313788659869865,0.016794227019371492,0.003313788659869865,0.016794227019371492,8
nifty500,v1,2025-01-17,442,0.2241065404426409,0.001671295317082988,0.007457592776105296,-0.008059366836426607,-0.0359622116360739,8
nifty500,v1,2025-02-13,443,0.17823883584851524,0.0012616541497435518,0.0070784469823166295,-0.010932003429721338,-0.061333453944977634,8
nifty500,v1,2025-03-17,444,0.1999932472020549,0.00029921293037560304,0.0014961151666951316,-0.007796941597587259,-0.03898602431166059,7
nifty500,v1,2025-04-17,444,0.23647979936197366,0.0026363651368583874,0.011148373535377412,0.0026363651368583874,0.011148373535377412,8
nifty500,v1,2025-05-19,447,0.25220846591699214,0.0010392420514473422,0.0041205676727337995,-0.008233711929722998,-0.03264645340031096,8
nifty500,v1,2025-06-16,448,0.18817199698555903,0.0007767001214421532,0.004127607369239748,0.0007767001214421532,0.004127607369239748,8
nifty500,v1,2025-07-14,449,0.2860730961305151,0.0018923812912732263,0.00661502712722718,0.0018923812912732263,0.00661502712722718,8
nifty500,v1,2025-08-11,452,0.3345851634681748,0.004834822515996873,0.01445019996069477,-0.011890791014785851,-0.035538907020056444,8
nifty500,v1,2025-09-10,455,0.37194284170693487,0.0034902888217038797,0.009383938687154477,0.0034902888217038797,0.009383938687154477,8
nifty500,v1,2025-10-09,456,0.21574985760219717,0.0021477209464094704,0.009954680713483809,0.0021477209464094704,0.009954680713483809,8
nifty500,v1,2025-11-10,457,0.2071288486277698,0.0015287058137856135,0.007380458221601197,-0.00665118472976689,-0.03211133926457391,8
nifty500,v1,2025-12-08,464,0.22934099857007328,0.0002584096919108214,0.0011267487868370227,-0.0043593438791473815,-0.01900813158714585,8
nifty500,v1,2026-01-06,468,0.27802635858242597,1.0249418827434909e-05,3.686491769950755e-05,-0.00393597643688981,-0.014156846339887296,7
nifty500,v1,2026-02-04,470,0.2861991871331174,0.0001672242824386494,0.0005842933521710869,0.003690695181926995,0.012895547394445858,7
nifty500,v1,2026-03-05,470,0.2898780876955293,0.0006780330051885386,0.0023390281431023654,-0.027208441276067252,-0.09386166954656255,6
nifty500,v1,2026-04-07,471,0.3207795204730902,0.001099529796942722,0.0034276807799984233,-0.025761107352956003,-0.08030783048420034,6
nifty500,v1,2026-05-07,470,0.2249299917677356,0.0024578343627659205,0.01092710822353961,-0.007269195805498563,-0.032317592457855905,8
nifty500,v2,2019-01-01,342,0.25607656065470497,0.002731852193487927,0.010668107172727813,0.002731852193487927,0.010668107172727813,8
nifty500,v2,2019-01-29,340,0.16906516724634169,0.001666896313571975,0.009859489927592072,0.001666896313571975,0.009859489927592072,8
nifty500,v2,2019-02-26,344,0.35387526671921943,0.00027799328384947586,0.0007855685604330416,0.00118726925923196,0.0033550501289314263,9
nifty500,v2,2019-03-28,345,0.34907139976175905,0.002175851875430568,0.0062332573705997825,-0.0022132710275883927,-0.006340453640999945,9
nifty500,v2,2019-04-30,349,0.4645883090708208,0.007252390504323247,0.015610359457447537,-0.007163572445715749,-0.015419183620963114,9
nifty500,v2,2019-05-29,349,0.23843131761535385,0.008995241250615904,0.03772676064780784,-0.0023974648618073635,-0.010055159220631585,12
nifty500,v2,2019-06-27,350,0.266032504395883,0.003545132503985582,0.013325937415189197,-0.008561443321888462,-0.03218194461361074,10
nifty500,v2,2019-07-25,351,0.24240936436363703,0.0021746419083769064,0.008970948437102196,-0.00499612624047252,-0.02061028563639917,10
nifty500,v2,2019-08-26,352,0.2770984371386299,0.005415799384302256,0.019544676759013183,-0.002826571495430752,-0.010200604249588904,9
nifty500,v2,2019-09-25,353,0.24446618395377212,3.9353452077284246e-05,0.00016097707846875818,-0.003561352741970558,-0.014567874723499592,9
nifty500,v2,2019-10-27,356,0.29084531015855447,0.007564706864803927,0.026009382309379592,0.007564706864803927,0.026009382309379592,8
nifty500,v2,2019-11-26,357,0.38052942171279125,7.733464306269866e-06,2.0322907678100074e-05,-0.0034068822009427624,-0.00895300601359057,11
nifty500,v2,2019-12-24,358,0.20612214223700076,0.0004945092496598802,0.0023991078507775735,0.0004945092496598802,0.0023991078507775735,8
nifty500,v2,2020-01-22,356,0.2327940806169504,0.0006317742015158334,0.002713875712997112,-0.0019725668971056765,-0.008473440956393666,9
nifty500,v2,2020-02-18,360,0.23669557432723815,0.002625089899332189,0.01109057449339095,0.0022844099160918008,0.009651257411908941,9
nifty500,v2,2020-03-19,357,0.3265353035285519,0.0018847840570392904,0.0057720682470539875,0.0018847840570392904,0.0057720682470539875,8
nifty500,v2,2020-04-22,357,0.2201819329966766,5.90614808562151e-05,0.00026823945113201714,-0.0039058005008343333,-0.01773896907741875,9
nifty500,v2,2020-05-21,360,0.19977551031574414,0.004527279528646511,0.02266183438345956,0.004527279528646511,0.02266183438345956,8
nifty500,v2,2020-06-19,357,0.2672784102996604,0.0008751008602044807,0.0032741172742809924,-0.004971275475314729,-0.018599614797697884,9
nifty500,v2,2020-07-17,362,0.1583047508797915,0.0037705699111110214,0.0238184254746353,-0.005787189561429651,-0.03655727026047465,9
nifty500,v2,2020-08-14,361,0.23389639551500957,0.001248692846017807,0.005338657927020838,-0.0019220496622048833,-0.008217525789453825,9
nifty500,v2,2020-09-11,362,0.162083618072707,0.0004671764934646161,0.0028823177753537774,-0.0026478420083824172,-0.0163362716100936,9
nifty500,v2,2020-10-12,364,0.13065228219346114,0.004658061051710627,0.035652351214296295,0.004658061051710627,0.035652351214296295,8
nifty500,v2,2020-11-09,367,0.19599308689695077,0.002506316925566132,0.01278778228991262,0.002506316925566132,0.01278778228991262,8
nifty500,v2,2020-12-08,364,0.2783226917565235,0.002081210605864303,0.007477689270427668,-0.005125398420661287,-0.018415309180557154,9
nifty500,v2,2021-01-06,361,0.20343430076920782,0.003362960920498259,0.016530943443571356,-0.01216255193162763,-0.05978614169606434,9
nifty500,v2,2021-02-04,367,0.19497300290236297,0.004272010152222339,0.02191077784426207,-0.008992638297836475,-0.046122479338022694,10
nifty500,v2,2021-03-04,370,0.24537439362122243,0.002507632083315392,0.010219616017416852,-0.006301073017840553,-0.025679423695560272,9
nifty500,v2,2021-04-06,372,0.17817817541746506,0.003028573572181781,0.016997444075773825,0.003028573572181781,0.016997444075773825,8
nifty500,v2,2021-05-06,371,0.16521685578146417,0.0011211070872372275,0.0067856701541405655,-0.0007783445363602759,-0.0047110479901022245,9
nifty500,v2,2021-06-04,371,0.15857550610208027,0.0010368073147731804,0.006538256381825788,-0.0066989191390294245,-0.04224434973404474,10
nifty500,v2,2021-07-02,369,0.19979545603279686,0.00020521057262490316,0.0010271033020451546,-0.00280020031941719,-0.014015335358565566,9
nifty500,v2,2021-08-02,371,0.18677652736188988,0.0019343276509991014,0.010356374424133254,-0.0035240367628823766,-0.018867664008199274,10
nifty500,v2,2021-08-31,374,0.17108332129344472,0.00024347397479651534,0.001423130980599243,-0.008605699559323998,-0.0503012186942722,9
nifty500,v2,2021-09-29,372,0.255589019467591,0.00452119230422543,0.017689305720736265,0.00452119230422543,0.017689305720736265,8
nifty500,v2,2021-10-28,377,0.18896096678907093,0.00011983880483412701,0.0006341987282902609,-0.011575658332513394,-0.06125952110223276,10
nifty500,v2,2021-11-29,375,0.17697224620578145,0.002215458732465647,0.012518678945225882,0.002215458732465647,0.012518678945225882,8
nifty500,v2,2021-12-27,377,0.21219064873138171,0.00039492458578782585,0.0018611780874838283,-0.00906132822022776,-0.04270371137654967,9
nifty500,v2,2022-01-24,377,0.22958374696228318,0.002875862221235259,0.012526419048765312,-0.008845072021803624,-0.038526560084659316,9
nifty500,v2,2022-02-22,380,0.18566933574793665,0.0005831283851107649,0.0031406822390015756,-0.005470709753927716,-0.029464799515169872,9
nifty500,v2,2022-03-24,381,0.27093157611932417,0.0014675774669971053,0.005416782672650722,-0.008969672672189066,-0.03310678216495012,10
nifty500,v2,2022-04-25,386,0.1770999730040954,0.00047953484660379075,0.0027077070564697466,0.00047953484660379075,0.0027077070564697466,8
nifty500,v2,2022-05-24,387,0.191063784810587,0.006693914381722066,0.03503497216051773,0.006693914381722066,0.03503497216051773,8
nifty500,v2,2022-06-21,387,0.18735012363159725,0.00024456944598838515,0.001305413848935073,-0.0008128928039708994,-0.004338896544148328,9
nifty500,v2,2022-07-19,390,0.21881003214884787,0.00023958348611952118,0.0010949383068347704,-0.005444015956114767,-0.02488010217196722,10
nifty500,v2,2022-08-18,388,0.2407351599490622,0.0015307413123816227,0.006358611316708022,-0.006593539395109427,-0.027389183185807058,10
nifty500,v2,2022-09-16,385,0.19678435089164736,0.004797393650466053,0.024378938816672344,0.0013516402070529177,0.0068686366620542534,11
nifty500,v2,2022-10-17,399,0.1797837038487683,0.0010061688002611646,0.005596551738123833,0.0010061688002611646,0.005596551738123833,8
nifty500,v2,2022-11-16,398,0.17150311454120387,0.00029555842253892184,0.0017233414292771546,-0.008511453335654506,-0.049628564230007714,9
nifty500,v2,2022-12-14,401,0.20859993965820434,0.00035870822321160123,0.0017195988829112447,0.00035870822321160123,0.0017195988829112447,8
nifty500,v2,2023-01-11,404,0.16273417863615297,0.0013618459792652526,0.008368530757820198,0.0013618459792652526,0.008368530757820198,8
nifty500,v2,2023-02-09,409,0.26334336928649865,0.000597766235320929,0.0022699118528805725,-0.009872089453159205,-0.03748751859561378,10
nifty500,v2,2023-03-10,410,0.20499949099814485,0.00382323952688568,0.01864999521837973,0.00382323952688568,0.01864999521837973,8
nifty500,v2,2023-04-12,411,0.33030595681910213,0.000798500304474925,0.002417456567131297,0.002161831780370105,0.006544937309604955,9
nifty500,v2,2023-05-12,410,0.24054695811096294,0.0008036390989208941,0.003340882400808328,0.0008036390989208941,0.003340882400808328,8
nifty500,v2,2023-06-09,413,0.2422074106043715,0.0034072769278000736,0.014067599828172132,0.0034072769278000736,0.014067599828172132,8
nifty500,v2,2023-07-10,411,0.22131089098343504,0.001991996736783186,0.009000897913028083,-0.007442919186825048,-0.03363105698843418,10
nifty500,v2,2023-08-07,414,0.18950554786488855,0.0003222911163307529,0.0017006948870992224,-0.004325861777721318,-0.02282709834334518,10
nifty500,v2,2023-09-05,418,0.2219884853350671,0.0006960933329285268,0.003135718196724712,-0.0063617556544116605,-0.02865804343324066,10
nifty500,v2,2023-10-05,416,0.20340275418654874,0.0013582695950512536,0.006677734529619646,-0.011938860831692155,-0.05869566948313076,11
nifty500,v2,2023-11-03,419,0.28120379008981466,0.0010064924622593674,0.0035792279397724343,0.0006986724999392679,0.0024845771094198854,9
nifty500,v2,2023-12-04,423,0.35527322262825967,0.0006099463492946766,0.0017168373816140213,-0.0035873716300435232,-0.010097500744651312,9
nifty500,v2,2024-01-02,417,0.23804232012144977,0.001933521626731105,0.008122596123851496,-6.65958184231652e-06,-2.7976461659921586e-05,9
nifty500,v2,2024-01-31,413,0.21889980594733116,0.002597172820758109,0.011864664792727167,0.002597172820758109,0.011864664792727167,8
nifty500,v2,2024-02-28,421,0.1616959964696173,0.0013975144978610743,0.008642851575633584,0.0013975144978610743,0.008642851575633584,8
nifty500,v2,2024-03-28,424,0.16225410594707046,0.003287036283996736,0.020258570745007913,0.0060647993209028694,0.03737840275599122,9
nifty500,v2,2024-04-30,424,0.1951665753624377,0.0011476197258961651,0.005880206299490354,-0.007961403105517406,-0.04079286164002486,9
nifty500,v2,2024-05-29,423,0.18906157833051856,0.000490601875633101,0.0025949316617648664,-0.0008556109883702812,-0.0045255677855100575,9
nifty500,v2,2024-06-27,423,0.18763168169994815,0.000879882955315936,0.004689415707113918,-0.01172570978531251,-0.06249322970980839,9
nifty500,v2,2024-07-26,428,0.21775079611654713,0.0036254416955211477,0.01664949915306255,-0.011047400969801169,-0.05073414732264974,9
nifty500,v2,2024-08-26,430,0.23060804937322532,0.0021854149537114953,0.009476750528228666,-0.004554471636039947,-0.019749838084224057,11
nifty500,v2,2024-09-23,432,0.30197284266212027,5.2876624028752595e-05,0.00017510390524725646,-0.0029829345204639424,-0.009878154916737233,9
nifty500,v2,2024-10-22,437,0.23353596951459954,0.0017744305510025704,0.007598103858222327,-0.0020168785043416237,-0.008636264933978567,9
nifty500,v2,2024-11-21,439,0.21301764555883268,0.0020614199969588576,0.009677226464272043,-0.008710233136167922,-0.040889725887812756,10
nifty500,v2,2024-12-19,440,0.1973171290377067,0.003313788659869865,0.016794227019371492,0.003313788659869865,0.016794227019371492,8
nifty500,v2,2025-01-17,442,0.2241065404426409,0.001671295317082988,0.007457592776105296,-0.0023891535967119903,-0.010660793709960838,10
nifty500,v2,2025-02-13,443,0.17823883584851524,0.0012616541497435518,0.0070784469823166295,-0.00779538236225763,-0.043735599624780463,10
nifty500,v2,2025-03-17,444,0.1999932472020549,0.00029921293037560304,0.0014961151666951316,-0.004909455463523393,-0.02454810615962112,9
nifty500,v2,2025-04-17,444,0.23647979936197366,0.0026363651368583874,0.011148373535377412,0.0026363651368583874,0.011148373535377412,8
nifty500,v2,2025-05-19,447,0.25220846591699214,0.0010392420514473422,0.0041205676727337995,-0.0071944698782756555,-0.028525885727577156,9
nifty500,v2,2025-06-16,448,0.18817199698555903,0.0007767001214421532,0.004127607369239748,0.0007767001214421532,0.004127607369239748,8
nifty500,v2,2025-07-14,449,0.2860730961305151,0.0018923812912732263,0.00661502712722718,0.0018923812912732263,0.00661502712722718,8
nifty500,v2,2025-08-11,452,0.3345851634681748,0.004834822515996873,0.01445019996069477,-0.004585718408204764,-0.013705683661137445,9
nifty500,v2,2025-09-10,455,0.37194284170693487,0.0034902888217038797,0.009383938687154477,0.0034902888217038797,0.009383938687154477,8
nifty500,v2,2025-10-09,456,0.21574985760219717,0.0021477209464094704,0.009954680713483809,0.0021477209464094704,0.009954680713483809,8
nifty500,v2,2025-11-10,457,0.2071288486277698,0.0015287058137856135,0.007380458221601197,-0.004620300694948787,-0.022306408429141153,10
nifty500,v2,2025-12-08,464,0.22934099857007328,0.0002584096919108214,0.0011267487868370227,-0.00410093418723656,-0.017881382800308827,9
nifty500,v2,2026-01-06,468,0.27802635858242597,1.0249418827434909e-05,3.686491769950755e-05,1.0249418827434909e-05,3.686491769950755e-05,8
nifty500,v2,2026-02-04,470,0.2861991871331174,0.0001672242824386494,0.0005842933521710869,0.0001672242824386494,0.0005842933521710869,8
nifty500,v2,2026-03-05,470,0.2898780876955293,0.0006780330051885386,0.0023390281431023654,-0.007321792668642857,-0.025258179142996252,10
nifty500,v2,2026-04-07,471,0.3207795204730902,0.001099529796942722,0.0034276807799984233,-0.004209312133257703,-0.013122134876471384,9
nifty500,v2,2026-05-07,470,0.2249299917677356,0.0024578343627659205,0.01092710822353961,-0.004811361442732642,-0.021390484234316297,9
nifty500,v3,2019-01-01,342,0.25607656065470497,0.002731852193487927,0.010668107172727813,0.002731852193487927,0.010668107172727813,8
nifty500,v3,2019-01-29,340,0.16906516724634169,0.001666896313571975,0.009859489927592072,0.001666896313571975,0.009859489927592072,8
nifty500,v3,2019-02-26,344,0.35387526671921943,0.00027799328384947586,0.0007855685604330416,-0.02942874158212827,-0.08316134059032264,7
nifty500,v3,2019-03-28,345,0.34907139976175905,0.002175851875430568,0.0062332573705997825,-0.0640238664906827,-0.18341195106324648,8
nifty500,v3,2019-04-30,349,0.4645883090708208,0.007252390504323247,0.015610359457447537,-0.007163572445715749,-0.015419183620963114,9
nifty500,v3,2019-05-29,349,0.23843131761535385,0.008995241250615904,0.03772676064780784,-0.03304669349295275,-0.13860047339194295,9
nifty500,v3,2019-06-27,350,0.266032504395883,0.003545132503985582,0.013325937415189197,-0.032222475536128115,-0.12112232529367105,9
nifty500,v3,2019-07-25,351,0.24240936436363703,0.0021746419083769064,0.008970948437102196,-0.011495159006816302,-0.04742044119043386,9
nifty500,v3,2019-08-26,352,0.2770984371386299,0.005415799384302256,0.019544676759013183,-0.008242370879733008,-0.029745281008602086,8
nifty500,v3,2019-09-25,353,0.24446618395377212,3.9353452077284246e-05,0.00016097707846875818,-0.0036007061940478424,-0.014728851801968349,8
nifty500,v3,2019-10-27,356,0.29084531015855447,0.007564706864803927,0.026009382309379592,0.007564706864803927,0.026009382309379592,8
nifty500,v3,2019-11-26,357,0.38052942171279125,7.733464306269866e-06,2.0322907678100074e-05,-0.0046120525270855195,-0.012120094436657033,8
nifty500,v3,2019-12-24,358,0.20612214223700076,0.0004945092496598802,0.0023991078507775735,0.0016108532547464138,0.007815042271849877,7
nifty500,v3,2020-01-22,356,0.2327940806169504,0.0006317742015158334,0.002713875712997112,-0.00260434109862151,-0.011187316669390778,8
nifty500,v3,2020-02-18,360,0.23669557432723815,0.002625089899332189,0.01109057449339095,-0.002625089899332189,-0.01109057449339095,8
nifty500,v3,2020-03-19,357,0.3265353035285519,0.0018847840570392904,0.0057720682470539875,0.0018847840570392904,0.0057720682470539875,8
nifty500,v3,2020-04-22,357,0.2201819329966766,5.90614808562151e-05,0.00026823945113201714,-0.003964861981690548,-0.018007208528550766,8
nifty500,v3,2020-05-21,360,0.19977551031574414,0.004527279528646511,0.02266183438345956,0.004527279528646511,0.02266183438345956,8
nifty500,v3,2020-06-19,357,0.2672784102996604,0.0008751008602044807,0.0032741172742809924,-0.004971275475314729,-0.018599614797697884,9
nifty500,v3,2020-07-17,362,0.1583047508797915,0.0037705699111110214,0.0238184254746353,-0.010382870401123068,-0.06558786355696479,7
nifty500,v3,2020-08-14,361,0.23389639551500957,0.001248692846017807,0.005338657927020838,-0.0031707425082226903,-0.013556183716474664,8
nifty500,v3,2020-09-11,362,0.162083618072707,0.0004671764934646161,0.0028823177753537774,-0.0031150185018470333,-0.019218589385447377,8
nifty500,v3,2020-10-12,364,0.13065228219346114,0.004658061051710627,0.035652351214296295,0.004658061051710627,0.035652351214296295,8
nifty500,v3,2020-11-09,367,0.19599308689695077,0.002506316925566132,0.01278778228991262,0.002506316925566132,0.01278778228991262,8
nifty500,v3,2020-12-08,364,0.2783226917565235,0.002081210605864303,0.007477689270427668,-0.00720660902652559,-0.025892998450984823,8
nifty500,v3,2021-01-06,361,0.20343430076920782,0.003362960920498259,0.016530943443571356,-0.023914459850011283,-0.11755372500894902,7
nifty500,v3,2021-02-04,367,0.19497300290236297,0.004272010152222339,0.02191077784426207,0.004272010152222339,0.02191077784426207,8
nifty500,v3,2021-03-04,370,0.24537439362122243,0.002507632083315392,0.010219616017416852,-0.006301073017840553,-0.025679423695560272,9
nifty500,v3,2021-04-06,372,0.17817817541746506,0.003028573572181781,0.016997444075773825,0.0069806076026898145,0.039177680354703946,7
nifty500,v3,2021-05-06,371,0.16521685578146417,0.0011211070872372275,0.0067856701541405655,-0.0030567507047774,-0.018501445813861928,8
nifty500,v3,2021-06-04,371,0.15857550610208027,0.0010368073147731804,0.006538256381825788,-0.009035095867382936,-0.05697661694087073,8
nifty500,v3,2021-07-02,369,0.19979545603279686,0.00020521057262490316,0.0010271033020451546,-0.006621220123872229,-0.03313999354812825,7
nifty500,v3,2021-08-02,371,0.18677652736188988,0.0019343276509991014,0.010356374424133254,-0.018582228903813558,-0.09948910158185702,7
nifty500,v3,2021-08-31,374,0.17108332129344472,0.00024347397479651534,0.001423130980599243,0.0025313818879236782,0.014796193274631449,7
nifty500,v3,2021-09-29,372,0.255589019467591,0.00452119230422543,0.017689305720736265,0.00452119230422543,0.017689305720736265,8
nifty500,v3,2021-10-28,377,0.18896096678907093,0.00011983880483412701,0.0006341987282902609,-0.016264048868323444,-0.08607094441085449,8
nifty500,v3,2021-11-29,375,0.17697224620578145,0.002215458732465647,0.012518678945225882,0.002215458732465647,0.012518678945225882,8
nifty500,v3,2021-12-27,377,0.21219064873138171,0.00039492458578782585,0.0018611780874838283,-0.01171672703901061,-0.055217923641126876,7
nifty500,v3,2022-01-24,377,0.22958374696228318,0.002875862221235259,0.012526419048765312,-0.011720934243038883,-0.05105297913342463,8
nifty500,v3,2022-02-22,380,0.18566933574793665,0.0005831283851107649,0.0031406822390015756,-0.006053838139038481,-0.032605481754171446,8
nifty500,v3,2022-03-24,381,0.27093157611932417,0.0014675774669971053,0.005416782672650722,-0.013130355035043673,-0.048463731039090026,8
nifty500,v3,2022-04-25,386,0.1770999730040954,0.00047953484660379075,0.0027077070564697466,0.00047953484660379075,0.0027077070564697466,8
nifty500,v3,2022-05-24,387,0.191063784810587,0.006693914381722066,0.03503497216051773,0.0012124305039292738,0.006345684532164109,7
nifty500,v3,2022-06-21,387,0.18735012363159725,0.00024456944598838515,0.001305413848935073,-0.0010574622499592845,-0.005644310393083401,8
nifty500,v3,2022-07-19,390,0.21881003214884787,0.00023958348611952118,0.0010949383068347704,-0.013167480057190595,-0.06017767982517948,8
nifty500,v3,2022-08-18,388,0.2407351599490622,0.0015307413123816227,0.006358611316708022,-0.01021355105162669,-0.04242650327350522,8
nifty500,v3,2022-09-16,385,0.19678435089164736,0.004797393650466053,0.024378938816672344,-0.011090514157823583,-0.056358720129784094,7
nifty500,v3,2022-10-17,399,0.1797837038487683,0.0010061688002611646,0.005596551738123833,8.763347742957173e-05,0.00048743838041788185,7
nifty500,v3,2022-11-16,398,0.17150311454120387,0.00029555842253892184,0.0017233414292771546,-0.008807011758193428,-0.051351905659284866,8
nifty500,v3,2022-12-14,401,0.20859993965820434,0.00035870822321160123,0.0017195988829112447,0.0009213198903602615,0.004416683398230434,7
nifty500,v3,2023-01-11,404,0.16273417863615297,0.0013618459792652526,0.008368530757820198,-0.00039492426375320466,-0.002426805893285582,7
nifty500,v3,2023-02-09,409,0.26334336928649865,0.000597766235320929,0.0022699118528805725,-0.023235723998059954,-0.08823356388662726,7
nifty500,v3,2023-03-10,410,0.20499949099814485,0.00382323952688568,0.01864999521837973,0.00382323952688568,0.01864999521837973,8
nifty500,v3,2023-04-12,411,0.33030595681910213,0.000798500304474925,0.002417456567131297,-0.005682235448653095,-0.01720294572757303,8
nifty500,v3,2023-05-12,410,0.24054695811096294,0.0008036390989208941,0.003340882400808328,-0.0037487162804688,-0.015584135047509263,7
nifty500,v3,2023-06-09,413,0.2422074106043715,0.0034072769278000736,0.014067599828172132,0.0034072769278000736,0.014067599828172132,8
nifty500,v3,2023-07-10,411,0.22131089098343504,0.001991996736783186,0.009000897913028083,-0.008254581938182182,-0.03729857984621295,7
nifty500,v3,2023-08-07,414,0.18950554786488855,0.0003222911163307529,0.0017006948870992224,-0.007379106362183752,-0.038938735278846934,7
nifty500,v3,2023-09-05,418,0.2219884853350671,0.0006960933329285268,0.003135718196724712,-0.004358931670177979,-0.019635845812446772,8
nifty500,v3,2023-10-05,416,0.20340275418654874,0.0013582695950512536,0.006677734529619646,-0.020145235891291913,-0.09904111658594317,8
nifty500,v3,2023-11-03,419,0.28120379008981466,0.0010064924622593674,0.0035792279397724343,0.0010064924622593674,0.0035792279397724343,8
nifty500,v3,2023-12-04,423,0.35527322262825967,0.0006099463492946766,0.0017168373816140213,-0.0041973179793382,-0.011814338126265334,8
nifty500,v3,2024-01-02,417,0.23804232012144977,0.001933521626731105,0.008122596123851496,0.001933521626731105,0.008122596123851496,8
nifty500,v3,2024-01-31,413,0.21889980594733116,0.002597172820758109,0.011864664792727167,0.000647284032537998,0.00295698769460645,7
nifty500,v3,2024-02-28,421,0.1616959964696173,0.0013975144978610743,0.008642851575633584,0.004809555354790107,0.02974443065876293,7
nifty500,v3,2024-03-28,424,0.16225410594707046,0.003287036283996736,0.020258570745007913,-0.0035911423433603318,-0.022132828765096473,7
nifty500,v3,2024-04-30,424,0.1951665753624377,0.0011476197258961651,0.005880206299490354,-0.01128253226992637,-0.057809756865251825,7
nifty500,v3,2024-05-29,423,0.18906157833051856,0.000490601875633101,0.0025949316617648664,-0.0076292509638291595,-0.04035325966914154,7
nifty500,v3,2024-06-27,423,0.18763168169994815,0.000879882955315936,0.004689415707113918,-0.030212901221642774,-0.1610223867734546,7
nifty500,v3,2024-07-26,428,0.21775079611654713,0.0036254416955211477,0.01664949915306255,0.0036254416955211477,0.01664949915306255,8
nifty500,v3,2024-08-26,430,0.23060804937322532,0.0021854149537114953,0.009476750528228666,-0.020311630025629968,-0.08807858216933621,8
nifty500,v3,2024-09-23,432,0.30197284266212027,5.2876624028752595e-05,0.00017510390524725646,-0.006403843177800295,-0.02120668574480257,8
nifty500,v3,2024-10-22,437,0.23353596951459954,0.0017744305510025704,0.007598103858222327,-0.003791309055344194,-0.016234368792200894,8
nifty500,v3,2024-11-21,439,0.21301764555883268,0.0020614199969588576,0.009677226464272043,-0.013756648428465024,-0.06457985390072118,8
nifty500,v3,2024-12-19,440,0.1973171290377067,0.003313788659869865,0.016794227019371492,0.003313788659869865,0.016794227019371492,8
nifty500,v3,2025-01-17,442,0.2241065404426409,0.001671295317082988,0.007457592776105296,-0.006985552527307259,-0.031170676739330515,8
nifty500,v3,2025-02-13,443,0.17823883584851524,0.0012616541497435518,0.0070784469823166295,-0.010932003429721338,-0.061333453944977634,8
nifty500,v3,2025-03-17,444,0.1999932472020549,0.00029921293037560304,0.0014961151666951316,-0.005208668393898996,-0.02604422132631625,8
nifty500,v3,2025-04-17,444,0.23647979936197366,0.0026363651368583874,0.011148373535377412,0.0026363651368583874,0.011148373535377412,8
nifty500,v3,2025-05-19,447,0.25220846591699214,0.0010392420514473422,0.0041205676727337995,-0.008233711929722998,-0.03264645340031096,8
nifty500,v3,2025-06-16,448,0.18817199698555903,0.0007767001214421532,0.004127607369239748,0.0007767001214421532,0.004127607369239748,8
nifty500,v3,2025-07-14,449,0.2860730961305151,0.0018923812912732263,0.00661502712722718,0.0018923812912732263,0.00661502712722718,8
nifty500,v3,2025-08-11,452,0.3345851634681748,0.004834822515996873,0.01445019996069477,-0.009420540924201637,-0.028155883621832214,8
nifty500,v3,2025-09-10,455,0.37194284170693487,0.0034902888217038797,0.009383938687154477,0.0034902888217038797,0.009383938687154477,8
nifty500,v3,2025-10-09,456,0.21574985760219717,0.0021477209464094704,0.009954680713483809,0.0021477209464094704,0.009954680713483809,8
nifty500,v3,2025-11-10,457,0.2071288486277698,0.0015287058137856135,0.007380458221601197,-0.008860224879249423,-0.04277639226958717,7
nifty500,v3,2025-12-08,464,0.22934099857007328,0.0002584096919108214,0.0011267487868370227,-0.004533040746848127,-0.01976550540510136,7
nifty500,v3,2026-01-06,468,0.27802635858242597,1.0249418827434909e-05,3.686491769950755e-05,1.0249418827434909e-05,3.686491769950755e-05,8
nifty500,v3,2026-02-04,470,0.2861991871331174,0.0001672242824386494,0.0005842933521710869,0.0001672242824386494,0.0005842933521710869,8
nifty500,v3,2026-03-05,470,0.2898780876955293,0.0006780330051885386,0.0023390281431023654,-0.007999825673831396,-0.02759720728609862,9
nifty500,v3,2026-04-07,471,0.3207795204730902,0.001099529796942722,0.0034276807799984233,-0.005308841930200425,-0.016549815656469808,8
nifty500,v3,2026-05-07,470,0.2249299917677356,0.0024578343627659205,0.01092710822353961,-0.009227194621628909,-0.04102251793596729,7
nifty500,v4,2019-01-01,342,0.25607656065470497,0.002731852193487927,0.010668107172727813,0.002731852193487927,0.010668107172727813,8
nifty500,v4,2019-01-29,340,0.16906516724634169,0.001666896313571975,0.009859489927592072,0.001666896313571975,0.009859489927592072,8
nifty500,v4,2019-02-26,344,0.35387526671921943,0.00027799328384947586,0.0007855685604330416,0.00118726925923196,0.0033550501289314263,9
nifty500,v4,2019-03-28,345,0.34907139976175905,0.002175851875430568,0.0062332573705997825,-0.0022132710275883927,-0.006340453640999945,9
nifty500,v4,2019-04-30,349,0.4645883090708208,0.007252390504323247,0.015610359457447537,-0.007163572445715749,-0.015419183620963114,9
nifty500,v4,2019-05-29,349,0.23843131761535385,0.008995241250615904,0.03772676064780784,-0.0023974648618073635,-0.010055159220631585,12
nifty500,v4,2019-06-27,350,0.266032504395883,0.003545132503985582,0.013325937415189197,-0.008561443321888462,-0.03218194461361074,10
nifty500,v4,2019-07-25,351,0.24240936436363703,0.0021746419083769064,0.008970948437102196,-0.00499612624047252,-0.02061028563639917,10
nifty500,v4,2019-08-26,352,0.2770984371386299,0.005415799384302256,0.019544676759013183,-0.002826571495430752,-0.010200604249588904,9
nifty500,v4,2019-09-25,353,0.24446618395377212,3.9353452077284246e-05,0.00016097707846875818,-0.003561352741970558,-0.014567874723499592,9
nifty500,v4,2019-10-27,356,0.29084531015855447,0.007564706864803927,0.026009382309379592,0.007564706864803927,0.026009382309379592,8
nifty500,v4,2019-11-26,357,0.38052942171279125,7.733464306269866e-06,2.0322907678100074e-05,-0.0034068822009427624,-0.00895300601359057,11
nifty500,v4,2019-12-24,358,0.20612214223700076,0.0004945092496598802,0.0023991078507775735,0.0004945092496598802,0.0023991078507775735,8
nifty500,v4,2020-01-22,356,0.2327940806169504,0.0006317742015158334,0.002713875712997112,-0.0019725668971056765,-0.008473440956393666,9
nifty500,v4,2020-02-18,360,0.23669557432723815,0.002625089899332189,0.01109057449339095,0.0022844099160918008,0.009651257411908941,9
nifty500,v4,2020-03-19,357,0.3265353035285519,0.0018847840570392904,0.0057720682470539875,0.0018847840570392904,0.0057720682470539875,8
nifty500,v4,2020-04-22,357,0.2201819329966766,5.90614808562151e-05,0.00026823945113201714,-0.0039058005008343333,-0.01773896907741875,9
nifty500,v4,2020-05-21,360,0.19977551031574414,0.004527279528646511,0.02266183438345956,0.004527279528646511,0.02266183438345956,8
nifty500,v4,2020-06-19,357,0.2672784102996604,0.0008751008602044807,0.0032741172742809924,-0.004971275475314729,-0.018599614797697884,9
nifty500,v4,2020-07-17,362,0.1583047508797915,0.0037705699111110214,0.0238184254746353,-0.005787189561429651,-0.03655727026047465,9
nifty500,v4,2020-08-14,361,0.23389639551500957,0.001248692846017807,0.005338657927020838,-0.0019220496622048833,-0.008217525789453825,9
nifty500,v4,2020-09-11,362,0.162083618072707,0.0004671764934646161,0.0028823177753537774,-0.0026478420083824172,-0.0163362716100936,9
nifty500,v4,2020-10-12,364,0.13065228219346114,0.004658061051710627,0.035652351214296295,0.004658061051710627,0.035652351214296295,8
nifty500,v4,2020-11-09,367,0.19599308689695077,0.002506316925566132,0.01278778228991262,0.002506316925566132,0.01278778228991262,8
nifty500,v4,2020-12-08,364,0.2783226917565235,0.002081210605864303,0.007477689270427668,-0.00720660902652559,-0.025892998450984823,8
nifty500,v4,2021-01-06,361,0.20343430076920782,0.003362960920498259,0.016530943443571356,-0.013210655927570092,-0.06493819320350169,8
nifty500,v4,2021-02-04,367,0.19497300290236297,0.004272010152222339,0.02191077784426207,-0.007836806385554174,-0.04019431546365743,9
nifty500,v4,2021-03-04,370,0.24537439362122243,0.002507632083315392,0.010219616017416852,-0.006301073017840553,-0.025679423695560272,9
nifty500,v4,2021-04-06,372,0.17817817541746506,0.003028573572181781,0.016997444075773825,0.003028573572181781,0.016997444075773825,8
nifty500,v4,2021-05-06,371,0.16521685578146417,0.0011211070872372275,0.0067856701541405655,-0.0007783445363602759,-0.0047110479901022245,9
nifty500,v4,2021-06-04,371,0.15857550610208027,0.0010368073147731804,0.006538256381825788,-0.0066989191390294245,-0.04224434973404474,10
nifty500,v4,2021-07-02,369,0.19979545603279686,0.00020521057262490316,0.0010271033020451546,-0.00280020031941719,-0.014015335358565566,9
nifty500,v4,2021-08-02,371,0.18677652736188988,0.0019343276509991014,0.010356374424133254,-0.0035240367628823766,-0.018867664008199274,10
nifty500,v4,2021-08-31,374,0.17108332129344472,0.00024347397479651534,0.001423130980599243,-0.008605699559323998,-0.0503012186942722,9
nifty500,v4,2021-09-29,372,0.255589019467591,0.00452119230422543,0.017689305720736265,0.00452119230422543,0.017689305720736265,8
nifty500,v4,2021-10-28,377,0.18896096678907093,0.00011983880483412701,0.0006341987282902609,-0.011575658332513394,-0.06125952110223276,10
nifty500,v4,2021-11-29,375,0.17697224620578145,0.002215458732465647,0.012518678945225882,0.002215458732465647,0.012518678945225882,8
nifty500,v4,2021-12-27,377,0.21219064873138171,0.00039492458578782585,0.0018611780874838283,-0.00906132822022776,-0.04270371137654967,9
nifty500,v4,2022-01-24,377,0.22958374696228318,0.002875862221235259,0.012526419048765312,-0.008845072021803624,-0.038526560084659316,9
nifty500,v4,2022-02-22,380,0.18566933574793665,0.0005831283851107649,0.0031406822390015756,-0.005470709753927716,-0.029464799515169872,9
nifty500,v4,2022-03-24,381,0.27093157611932417,0.0014675774669971053,0.005416782672650722,-0.008969672672189066,-0.03310678216495012,10
nifty500,v4,2022-04-25,386,0.1770999730040954,0.00047953484660379075,0.0027077070564697466,0.00047953484660379075,0.0027077070564697466,8
nifty500,v4,2022-05-24,387,0.191063784810587,0.006693914381722066,0.03503497216051773,0.006693914381722066,0.03503497216051773,8
nifty500,v4,2022-06-21,387,0.18735012363159725,0.00024456944598838515,0.001305413848935073,-0.0008128928039708994,-0.004338896544148328,9
nifty500,v4,2022-07-19,390,0.21881003214884787,0.00023958348611952118,0.0010949383068347704,-0.005444015956114767,-0.02488010217196722,10
nifty500,v4,2022-08-18,388,0.2407351599490622,0.0015307413123816227,0.006358611316708022,-0.006593539395109427,-0.027389183185807058,10
nifty500,v4,2022-09-16,385,0.19678435089164736,0.004797393650466053,0.024378938816672344,0.0013516402070529177,0.0068686366620542534,11
nifty500,v4,2022-10-17,399,0.1797837038487683,0.0010061688002611646,0.005596551738123833,0.0010061688002611646,0.005596551738123833,8
nifty500,v4,2022-11-16,398,0.17150311454120387,0.00029555842253892184,0.0017233414292771546,-0.008511453335654506,-0.049628564230007714,9
nifty500,v4,2022-12-14,401,0.20859993965820434,0.00035870822321160123,0.0017195988829112447,0.00035870822321160123,0.0017195988829112447,8
nifty500,v4,2023-01-11,404,0.16273417863615297,0.0013618459792652526,0.008368530757820198,0.0013618459792652526,0.008368530757820198,8
nifty500,v4,2023-02-09,409,0.26334336928649865,0.000597766235320929,0.0022699118528805725,-0.009872089453159205,-0.03748751859561378,10
nifty500,v4,2023-03-10,410,0.20499949099814485,0.00382323952688568,0.01864999521837973,0.00382323952688568,0.01864999521837973,8
nifty500,v4,2023-04-12,411,0.33030595681910213,0.000798500304474925,0.002417456567131297,0.002161831780370105,0.006544937309604955,9
nifty500,v4,2023-05-12,410,0.24054695811096294,0.0008036390989208941,0.003340882400808328,0.0008036390989208941,0.003340882400808328,8
nifty500,v4,2023-06-09,413,0.2422074106043715,0.0034072769278000736,0.014067599828172132,0.0034072769278000736,0.014067599828172132,8
nifty500,v4,2023-07-10,411,0.22131089098343504,0.001991996736783186,0.009000897913028083,-0.007442919186825048,-0.03363105698843418,10
nifty500,v4,2023-08-07,414,0.18950554786488855,0.0003222911163307529,0.0017006948870992224,-0.004325861777721318,-0.02282709834334518,10
nifty500,v4,2023-09-05,418,0.2219884853350671,0.0006960933329285268,0.003135718196724712,-0.0063617556544116605,-0.02865804343324066,10
nifty500,v4,2023-10-05,416,0.20340275418654874,0.0013582695950512536,0.006677734529619646,-0.011938860831692155,-0.05869566948313076,11
nifty500,v4,2023-11-03,419,0.28120379008981466,0.0010064924622593674,0.0035792279397724343,0.0006986724999392679,0.0024845771094198854,9
nifty500,v4,2023-12-04,423,0.35527322262825967,0.0006099463492946766,0.0017168373816140213,-0.0035873716300435232,-0.010097500744651312,9
nifty500,v4,2024-01-02,417,0.23804232012144977,0.001933521626731105,0.008122596123851496,-6.65958184231652e-06,-2.7976461659921586e-05,9
nifty500,v4,2024-01-31,413,0.21889980594733116,0.002597172820758109,0.011864664792727167,0.002597172820758109,0.011864664792727167,8
nifty500,v4,2024-02-28,421,0.1616959964696173,0.0013975144978610743,0.008642851575633584,0.0013975144978610743,0.008642851575633584,8
nifty500,v4,2024-03-28,424,0.16225410594707046,0.003287036283996736,0.020258570745007913,0.0060647993209028694,0.03737840275599122,9
nifty500,v4,2024-04-30,424,0.1951665753624377,0.0011476197258961651,0.005880206299490354,-0.007961403105517406,-0.04079286164002486,9
nifty500,v4,2024-05-29,423,0.18906157833051856,0.000490601875633101,0.0025949316617648664,-0.0008556109883702812,-0.0045255677855100575,9
nifty500,v4,2024-06-27,423,0.18763168169994815,0.000879882955315936,0.004689415707113918,-0.01172570978531251,-0.06249322970980839,9
nifty500,v4,2024-07-26,428,0.21775079611654713,0.0036254416955211477,0.01664949915306255,-0.011047400969801169,-0.05073414732264974,9
nifty500,v4,2024-08-26,430,0.23060804937322532,0.0021854149537114953,0.009476750528228666,-0.004554471636039947,-0.019749838084224057,11
nifty500,v4,2024-09-23,432,0.30197284266212027,5.2876624028752595e-05,0.00017510390524725646,-0.0029829345204639424,-0.009878154916737233,9
nifty500,v4,2024-10-22,437,0.23353596951459954,0.0017744305510025704,0.007598103858222327,-0.0020168785043416237,-0.008636264933978567,9
nifty500,v4,2024-11-21,439,0.21301764555883268,0.0020614199969588576,0.009677226464272043,-0.008710233136167922,-0.040889725887812756,10
nifty500,v4,2024-12-19,440,0.1973171290377067,0.003313788659869865,0.016794227019371492,0.003313788659869865,0.016794227019371492,8
nifty500,v4,2025-01-17,442,0.2241065404426409,0.001671295317082988,0.007457592776105296,-0.0023891535967119903,-0.010660793709960838,10
nifty500,v4,2025-02-13,443,0.17823883584851524,0.0012616541497435518,0.0070784469823166295,-0.00779538236225763,-0.043735599624780463,10
nifty500,v4,2025-03-17,444,0.1999932472020549,0.00029921293037560304,0.0014961151666951316,-0.004909455463523393,-0.02454810615962112,9
nifty500,v4,2025-04-17,444,0.23647979936197366,0.0026363651368583874,0.011148373535377412,0.0026363651368583874,0.011148373535377412,8
nifty500,v4,2025-05-19,447,0.25220846591699214,0.0010392420514473422,0.0041205676727337995,-0.0071944698782756555,-0.028525885727577156,9
nifty500,v4,2025-06-16,448,0.18817199698555903,0.0007767001214421532,0.004127607369239748,0.0007767001214421532,0.004127607369239748,8
nifty500,v4,2025-07-14,449,0.2860730961305151,0.0018923812912732263,0.00661502712722718,0.0018923812912732263,0.00661502712722718,8
nifty500,v4,2025-08-11,452,0.3345851634681748,0.004834822515996873,0.01445019996069477,-0.004585718408204764,-0.013705683661137445,9
nifty500,v4,2025-09-10,455,0.37194284170693487,0.0034902888217038797,0.009383938687154477,0.0034902888217038797,0.009383938687154477,8
nifty500,v4,2025-10-09,456,0.21574985760219717,0.0021477209464094704,0.009954680713483809,0.0021477209464094704,0.009954680713483809,8
nifty500,v4,2025-11-10,457,0.2071288486277698,0.0015287058137856135,0.007380458221601197,-0.004620300694948787,-0.022306408429141153,10
nifty500,v4,2025-12-08,464,0.22934099857007328,0.0002584096919108214,0.0011267487868370227,-0.00410093418723656,-0.017881382800308827,9
nifty500,v4,2026-01-06,468,0.27802635858242597,1.0249418827434909e-05,3.686491769950755e-05,1.0249418827434909e-05,3.686491769950755e-05,8
nifty500,v4,2026-02-04,470,0.2861991871331174,0.0001672242824386494,0.0005842933521710869,0.0001672242824386494,0.0005842933521710869,8
nifty500,v4,2026-03-05,470,0.2898780876955293,0.0006780330051885386,0.0023390281431023654,-0.007321792668642857,-0.025258179142996252,10
nifty500,v4,2026-04-07,471,0.3207795204730902,0.001099529796942722,0.0034276807799984233,-0.004209312133257703,-0.013122134876471384,9
nifty500,v4,2026-05-07,470,0.2249299917677356,0.0024578343627659205,0.01092710822353961,-0.004811361442732642,-0.021390484234316297,9
