date_iso,date,filename,url,description
2026-08-20,"Aug 20, 2026",ind_prs20082026.pdf,https://www.niftyindices.com/Press_Release/ind_prs20082026.pdf,"Inclusions in Nifty IPO w.e.f. August 25, 2026"
2026-08-19,"Aug 19, 2026",ind_prs19082026.pdf,https://www.niftyindices.com/Press_Release/ind_prs19082026.pdf,"Inclusion in Nifty IPO w.e.f. Aug 24, 2026"
2026-08-18,"Aug 18, 2026",ind_prs18082026.pdf,https://www.niftyindices.com/Press_Release/ind_prs18082026.pdf,"Inclusions in Nifty IPO w.e.f. August 21, 2026"
2026-08-18,"Aug 18, 2026",ind_prs18082026_1.pdf,https://www.niftyindices.com/Press_Release/ind_prs18082026_1.pdf,"Changes in Nifty Fixed Income indices w.e.f. August 21, 2026"
2026-08-17,"Aug 17, 2026",ind_prs17082026.pdf,https://www.niftyindices.com/Press_Release/ind_prs17082026.pdf,"Inclusions in Nifty IPO w.e.f. August 20, 2026"
2026-08-13,"Aug 13, 2026",ind_prs13082026.pdf,https://www.niftyindices.com/Press_Release/ind_prs13082026.pdf,"Inclusion in Nifty IPO index w.e.f. August 18, 2026"
2026-08-10,"Aug 10, 2026",ind_prs10082026.pdf,https://www.niftyindices.com/Press_Release/ind_prs10082026.pdf,"Replacements in indices w.e.f. September 30, 2026"
2026-08-10,"Aug 10, 2026",ind_prs10082026_1.pdf,https://www.niftyindices.com/Press_Release/ind_prs10082026_1.pdf,"Exclusion from Nifty SME Emerge index w.e.f. August 12, 2026"
2026-08-10,"Aug 10, 2026",ind_prs10082026_2.pdf,https://www.niftyindices.com/Press_Release/ind_prs10082026_2.pdf,"Exclusion from Nifty SME Emerge index w.e.f. August 17, 2026"
2026-08-10,"Aug 10, 2026",ind_prs10082026_3.pdf,https://www.niftyindices.com/Press_Release/ind_prs10082026_3.pdf,"Replacements in indices w.e.f. August 31, 2026"
2026-08-07,"Aug 07, 2026",ind_prs07082026.pdf,https://www.niftyindices.com/Press_Release/ind_prs07082026.pdf,"Inclusions in Nifty IPO index w.e.f. August 12, 2026"
2026-08-06,"Aug 06, 2026",ind_prs06082026_1.pdf,https://www.niftyindices.com/Press_Release/ind_prs06082026_1.pdf,NSE Indices launches Nifty India Defence Equal Weight Index
2026-08-06,"Aug 06, 2026",ind_prs06082026_2.pdf,https://www.niftyindices.com/Press_Release/ind_prs06082026_2.pdf,"Inclusion in Nifty IPO index w.e.f. August 11, 2026"
2026-08-06,"Aug 06, 2026",ind_prs06082026.pdf,https://www.niftyindices.com/Press_Release/ind_prs06082026.pdf,Changes in Nifty Fixed Income indices w.e.f. August 11 2026
2026-08-04,"Aug 04, 2026",ind_prs04082026.pdf,https://www.niftyindices.com/Press_Release/ind_prs04082026.pdf,Changes in Nifty Fixed Income indices w.e.f. August 07 2026
2026-08-04,"Aug 04, 2026",ind_prs04082026_1.pdf,https://www.niftyindices.com/Press_Release/ind_prs04082026_1.pdf,"Maturity of Nifty Fixed Income index w.e.f. September 02, 2026"
2026-08-04,"Aug 04, 2026",ind_prs04082026_2.pdf,https://www.niftyindices.com/Press_Release/ind_prs04082026_2.pdf,NSE Indices launches Nifty Next 100 Index
2026-08-04,"Aug 04, 2026",ind_prs04082026_3.pdf,https://www.niftyindices.com/Press_Release/ind_prs04082026_3.pdf,"Exclusion from Nifty Waves index w.e.f. August 05, 2026"
2026-08-03,"Aug 03, 2026",ind_prs03082026.pdf,https://www.niftyindices.com/Press_Release/ind_prs03082026.pdf,Meeting of the Index Maintenance Sub-Committee (Equity)
2026-07-31,"Jul 31, 2026",ind_prs31072026.pdf,https://www.niftyindices.com/Press_Release/ind_prs31072026.pdf,"Inclusions in Nifty IPO index w.e.f. August 05, 2026"
2026-07-28,"Jul 28, 2026",ind_prs28072026.pdf,https://www.niftyindices.com/Press_Release/ind_prs28072026.pdf,"Changes in Nifty Fixed Income indices w.e.f. July 31, 2026"
2026-07-28,"Jul 28, 2026",ind_prs28072026_1.pdf,https://www.niftyindices.com/Press_Release/ind_prs28072026_1.pdf,"Corporate Action Adjustment for Inox Green Energy Services Ltd. in Nifty Indices w.e.f. July 31, 2026"
2026-07-27,"Jul 27, 2026",ind_prs27072026.pdf,https://www.niftyindices.com/Press_Release/ind_prs27072026.pdf,"Inclusion in Nifty IPO index w.e.f. July 30, 2026"
2026-07-24,"Jul 24, 2026",ind_prs24072026_2.pdf,https://www.niftyindices.com/Press_Release/ind_prs24072026_2.pdf,"Changes in Nifty Fixed Income indices w.e.f. July 31, 2026"
2026-07-24,"Jul 24, 2026",ind_prs24072026_1.pdf,https://www.niftyindices.com/Press_Release/ind_prs24072026_1.pdf,"Exclusion from Nifty SME Emerge index w.e.f. July 31, 2026"
2026-07-24,"Jul 24, 2026",ind_prs24072026.pdf,https://www.niftyindices.com/Press_Release/ind_prs24072026.pdf,NSE Indices launches Nifty REITs & InvITs 90:10 Index
2026-07-22,"Jul 22, 2026",ind_prs22072026_1.pdf,https://www.niftyindices.com/Press_Release/ind_prs22072026_1.pdf,"Changes in Nifty Fixed Income indices w.e.f. July 27, 2026"
2026-07-22,"Jul 22, 2026",ind_prs22072026_2.pdf,https://www.niftyindices.com/Press_Release/ind_prs22072026_2.pdf,"Revision in methodology of Nifty REITs & Realty index w.e.f. July 24, 2026"
2026-07-22,"Jul 22, 2026",ind_prs22072026.pdf,https://www.niftyindices.com/Press_Release/ind_prs22072026.pdf,"Inclusions in Nifty IPO w.e.f. July 27, 2026"
2026-07-20,"Jul 20, 2026",ind_prs20072026.pdf,https://www.niftyindices.com/Press_Release/ind_prs20072026.pdf,"Exclusion of Allcargo Global Ltd. from Nifty Indices w.e.f. July 22, 2026"
2026-07-17,"Jul 17, 2026",ind_prs17072026.pdf,https://www.niftyindices.com/Press_Release/ind_prs17072026.pdf,"Corporate Action Adjustment for TRIVENI in Nifty Indices & Inclusion in Nifty IPO index w.e.f. July 22, 2026"
2026-07-17,"Jul 17, 2026",ind_prs17072026_1.pdf,https://www.niftyindices.com/Press_Release/ind_prs17072026_1.pdf,"Replacements in indices w.e.f. July 31, 2026"
2026-07-16,"Jul 16, 2026",ind_prs16072026.pdf,https://www.niftyindices.com/Press_Release/ind_prs16072026.pdf,"Inclusion in Nifty IPO w.e.f. July 21, 2026"
2026-07-15,"Jul 15, 2026",ind_prs15072026.pdf,https://www.niftyindices.com/Press_Release/ind_prs15072026.pdf,"Changes in Nifty Fixed Income indices w.e.f. July 20, 2026"
2026-07-13,"Jul 13, 2026",ind_prs13072026.pdf,https://www.niftyindices.com/Press_Release/ind_prs13072026.pdf,Revision in criteria in Nifty equity indices
2026-07-13,"Jul 13, 2026",ind_prs13072026_1.pdf,https://www.niftyindices.com/Press_Release/ind_prs13072026_1.pdf,"Replacement in indices w.e.f. July 17, 2026"
2026-07-10,"Jul 10, 2026",ind_prs10072026_1.pdf,https://www.niftyindices.com/Press_Release/ind_prs10072026_1.pdf,NSE Indices launches Nifty500 Ahimsa Index
2026-07-10,"Jul 10, 2026",ind_prs10072026.pdf,https://www.niftyindices.com/Press_Release/ind_prs10072026.pdf,"Changes in Nifty Fixed Income indices w.e.f. July 15, 2026"
2026-07-09,"Jul 09, 2026",ind_prs09072026.pdf,https://www.niftyindices.com/Press_Release/ind_prs09072026.pdf,"Inclusion in Nifty IPO w.e.f. July 14, 2026"
2026-07-08,"Jul 08, 2026",ind_prs08072026.pdf,https://www.niftyindices.com/Press_Release/ind_prs08072026.pdf,"Changes in Nifty Fixed Income indices w.e.f. July 13, 2026"
2026-07-07,"Jul 07, 2026",ind_prs07072026.pdf,https://www.niftyindices.com/Press_Release/ind_prs07072026.pdf,"Inclusion in Nifty IPO w.e.f. July 10, 2026"
2026-07-03,"Jul 03, 2026",ind_prs03072026.pdf,https://www.niftyindices.com/Press_Release/ind_prs03072026.pdf,"Inclusion in Nifty IPO w.e.f. July 08, 2026"
2026-07-02,"Jul 02, 2026",ind_prs02072026.pdf,https://www.niftyindices.com/Press_Release/ind_prs02072026.pdf,"Inclusions in Nifty IPO w.e.f. July 07, 2026"
2026-06-30,"Jun 30, 2026",ind_prs30062026.pdf,https://www.niftyindices.com/Press_Release/ind_prs30062026.pdf,"Inclusion in Nifty IPO w.e.f. July 03, 2026"
2026-06-24,"Jun 24, 2026",ind_prs24062026_2.pdf,https://www.niftyindices.com/Press_Release/ind_prs24062026_2.pdf,"Changes in Nifty Fixed Income indices w.e.f. June 30, 2026"
2026-06-24,"Jun 24, 2026",ind_prs24062026_1.pdf,https://www.niftyindices.com/Press_Release/ind_prs24062026_1.pdf,Replacement in Nifty Smallcap 500 w.e.f. July 01 2026
2026-06-24,"Jun 24, 2026",ind_prs24062026.pdf,https://www.niftyindices.com/Press_Release/ind_prs24062026.pdf,"Replacements in Nifty IPO w.e.f. June 30, 2026"
2026-06-23,"Jun 23, 2026",ind_prs23062026.pdf,https://www.niftyindices.com/Press_Release/ind_prs23062026.pdf,"Changes in Nifty Fixed Income indices w.e.f. June 29, 2026"
2026-06-22,"Jun 22, 2026",ind_prs22062026.pdf,https://www.niftyindices.com/Press_Release/ind_prs22062026.pdf,"Exclusion of Vedanta Oil and Gas Ltd. w.e.f. June 24, 2026"
2026-06-22,"Jun 22, 2026",ind_prs22062026_2.pdf,https://www.niftyindices.com/Press_Release/ind_prs22062026_2.pdf,"Maturity of Nifty Fixed Income indices w.e.f July 31, 2026"
2026-06-22,"Jun 22, 2026",ind_prs22062026_1.pdf,https://www.niftyindices.com/Press_Release/ind_prs22062026_1.pdf,"Changes in Nifty Fixed Income indices w.e.f. June 30, 2026"
2026-06-19,"Jun 19, 2026",ind_prs19062026.pdf,https://www.niftyindices.com/Press_Release/ind_prs19062026.pdf,"Exclusion of Vedanta Aluminium Metal Ltd. from Nifty indices w.e.f. June 23, 2026"
2026-06-17,"Jun 17, 2026",ind_prs17062026_1.pdf,https://www.niftyindices.com/Press_Release/ind_prs17062026_1.pdf,NSE Indices launches two new thematic indices
2026-06-17,"Jun 17, 2026",ind_prs17062026_2.pdf,https://www.niftyindices.com/Press_Release/ind_prs17062026_2.pdf,"Replacement in Indices w.e.f. June 30, 2026"
2026-06-17,"Jun 17, 2026",ind_prs17062026.pdf,https://www.niftyindices.com/Press_Release/ind_prs17062026.pdf,"Exclusion of Vedanta Power Ltd. and Vedanta Iron and Steel Ltd. w.e.f. June 19, 2026"
2026-06-15,"Jun 15, 2026",ind_prs15062026.pdf,https://www.niftyindices.com/Press_Release/ind_prs15062026.pdf,NSE Indices launches 11 sectoral indices
2026-06-15,"Jun 15, 2026",ind_prs15062026_1,https://www.niftyindices.com/Press_Release/ind_prs15062026_1,"Inclusion in Nifty IPO w.e.f. June 18, 2026"
2026-06-11,"Jun 11, 2026",ind_prs11062026.pdf,https://www.niftyindices.com/Press_Release/ind_prs11062026.pdf,"Inclusion in Nifty IPO w.e.f. June 16, 2026"
2026-06-10,"Jun 10, 2026",ind_prs10062026_2.pdf,https://www.niftyindices.com/Press_Release/ind_prs10062026_2.pdf,"Changes in Nifty Fixed Income indices w.e.f. June 15, 2026"
2026-06-10,"Jun 10, 2026",ind_prs10062026_1.pdf,https://www.niftyindices.com/Press_Release/ind_prs10062026_1.pdf,"Exclusion from Nifty SME Emerge index w.e.f. June 17, 2026"
2026-06-10,"Jun 10, 2026",ind_prs10062026.pdf,https://www.niftyindices.com/Press_Release/ind_prs10062026.pdf,Revision in criteria and replacements in indices
2026-06-05,"Jun 05, 2026",ind_prs05062026.pdf,https://www.niftyindices.com/Press_Release/ind_prs05062026.pdf,"Changes in Nifty Fixed Income indices w.e.f. June 10, 2026"
2026-06-04,"Jun 04, 2026",ind_prs04062026.pdf,https://www.niftyindices.com/Press_Release/ind_prs04062026.pdf,NSE Indices launches three hybrid indices
2026-05-29,"May 29, 2026",ind_prs29052026.pdf,https://www.niftyindices.com/Press_Release/ind_prs29052026.pdf,"Exclusion from Nifty SME Emerge index w.e.f. June 02, 2026"
2026-05-27,"May 27, 2026",ind_prs27052026.pdf,https://www.niftyindices.com/Press_Release/ind_prs27052026.pdf,"Higher frequency for real time index dissemination w.e.f. June 08, 2026"
2026-05-25,"May 25, 2026",ind_prs25052026.pdf,https://www.niftyindices.com/Press_Release/ind_prs25052026.pdf,"Changes in Nifty Fixed Income indices w.e.f. May 29, 2026"
2026-05-22,"May 22, 2026",ind_prs22052026.pdf,https://www.niftyindices.com/Press_Release/ind_prs22052026.pdf,"Changes in Nifty Fixed Income indices w.e.f. May 27, 2026"
2026-05-22,"May 22, 2026",ind_prs22052026_1.pdf,https://www.niftyindices.com/Press_Release/ind_prs22052026_1.pdf,NSE Indices launches new Sub-Category level Nifty AIF Benchmarks
2026-05-21,"May 21, 2026",ind_prs21052026.pdf,https://www.niftyindices.com/Press_Release/ind_prs21052026.pdf,"Changes in Nifty Fixed Income indices w.e.f. May 29, 2026"
2026-05-21,"May 21, 2026",ind_prs21052026_1.pdf,https://www.niftyindices.com/Press_Release/ind_prs21052026_1.pdf,"Replacements in indices w.e.f. May 29, 2026"
2026-05-20,"May 20, 2026",ind_prs20052026_1.pdf,https://www.niftyindices.com/Press_Release/ind_prs20052026_1.pdf,"Replacement in indices w.e.f. May 29, 2026"
2026-05-20,"May 20, 2026",ind_prs20052026.pdf,https://www.niftyindices.com/Press_Release/ind_prs20052026.pdf,"Changes in Nifty Fixed Income indices w.e.f. May 25, 2026"
2026-05-15,"May 15, 2026",ind_prs15052026.pdf,https://www.niftyindices.com/Press_Release/ind_prs15052026.pdf,Revision in criteria for Nifty indices
2026-05-15,"May 15, 2026",ind_prs15052026_1.pdf,https://www.niftyindices.com/Press_Release/ind_prs15052026_1.pdf,"Changes in Nifty Fixed Income indices w.e.f. May 20, 2026"
2026-05-11,"May 11, 2026",ind_prs11052026.pdf,https://www.niftyindices.com/Press_Release/ind_prs11052026.pdf,"Inclusion in Nifty IPO w.e.f. May 14, 2026"
2026-05-08,"May 08, 2026",ind_prs08052026.pdf,https://www.niftyindices.com/Press_Release/ind_prs08052026.pdf,"Replacement in indices w.e.f. May 15, 2026"
2026-05-08,"May 08, 2026",ind_prs08052026_1.pdf,https://www.niftyindices.com/Press_Release/ind_prs08052026_1.pdf,"Changes in Nifty Fixed Income indices w.e.f. May 15, 2026"
2026-05-06,"May 06, 2026",ind_prs06052026.pdf,https://www.niftyindices.com/Press_Release/ind_prs06052026.pdf,"Changes in Nifty Fixed Income indices w.e.f. May 11, 2026"
2026-05-04,"May 04, 2026",ind_prs04052026.pdf,https://www.niftyindices.com/Press_Release/ind_prs04052026.pdf,"Replacement in indices w.e.f. May 12, 2026"
2026-04-30,"Apr 30, 2026",ind_prs30042026.pdf,https://www.niftyindices.com/Press_Release/ind_prs30042026.pdf,"Changes in Nifty Fixed Income indices w.e.f. May 06, 2026"
2026-04-27,"Apr 27, 2026",ind_prs27042026.pdf,https://www.niftyindices.com/Press_Release/ind_prs27042026.pdf,"Changes in Nifty Fixed Income indices w.e.f. April 30, 2026"
2026-04-23,"Apr 23, 2026",ind_prs23042026_1.pdf,https://www.niftyindices.com/Press_Release/ind_prs23042026_1.pdf,"Changes in Nifty Fixed Income indices w.e.f. April 30, 2026"
2026-04-23,"Apr 23, 2026",ind_prs23042026.pdf,https://www.niftyindices.com/Press_Release/ind_prs23042026.pdf,"Corporate Adjustment for Vedanta Ltd. and Replacement in Nifty Indices w.e.f. April 30, 2026"
2026-04-22,"Apr 22, 2026",ind_prs22042026.pdf,https://www.niftyindices.com/Press_Release/ind_prs22042026.pdf,"Higher frequency for real time index dissemination of Nifty 50 w.e.f. May 11, 2026"
2026-04-22,"Apr 22, 2026",ind_prs22042026_1.pdf,https://www.niftyindices.com/Press_Release/ind_prs22042026_1.pdf,"Changes in Nifty Fixed Income indices w.e.f. April 27, 2026"
2026-04-21,"Apr 21, 2026",ind_prs21042026.pdf,https://www.niftyindices.com/Press_Release/ind_prs21042026.pdf,"Changes in Nifty Fixed Income indices w.e.f. April 24,2026"
2026-04-20,"Apr 20, 2026",ind_prs20042026.pdf,https://www.niftyindices.com/Press_Release/ind_prs20042026.pdf,"Inclusion in Nifty IPO w.e.f. April 23, 2026"
2026-04-15,"Apr 15, 2026",ind_prs15042026.pdf,https://www.niftyindices.com/Press_Release/ind_prs15042026.pdf,"Changes in Nifty Fixed Income indices w.e.f. April 20, 2026"
2026-04-13,"Apr 13, 2026",ind_prs13042026.pdf,https://www.niftyindices.com/Press_Release/ind_prs13042026.pdf,"Changes in Nifty Fixed Income indices w.e.f. April 17, 2026"
2026-04-06,"Apr 06, 2026",ind_prs06042026.pdf,https://www.niftyindices.com/Press_Release/ind_prs06042026.pdf,"Inclusions in Nifty IPO w.e.f. April 09, 2026"
2026-04-02,"Apr 02, 2026",ind_prs02042026.pdf,https://www.niftyindices.com/Press_Release/ind_prs02042026.pdf,"Changes in Nifty Fixed Income indices w.e.f. April 08, 2026"
2026-04-01,"Apr 01, 2026",ind_prs01042026.pdf,https://www.niftyindices.com/Press_Release/ind_prs01042026.pdf,"Inclusion in Nifty IPO w.e.f. April 07, 2026"
2026-03-25,"Mar 25, 2026",ind_prs25032026.pdf,https://www.niftyindices.com/Press_Release/ind_prs25032026.pdf,"Inclusion in Nifty IPO w.e.f. April 01, 2026"
2026-03-24,"Mar 24, 2026",ind_prs24032026.pdf,https://www.niftyindices.com/Press_Release/ind_prs24032026.pdf,"Replacements in Nifty IPO w.e.f. March 30, 2026"
2026-03-24,"Mar 24, 2026",ind_prs24032026_1.pdf,https://www.niftyindices.com/Press_Release/ind_prs24032026_1.pdf,Changes in Nifty Fixed Income indices
2026-03-20,"Mar 20, 2026",ind_prs20032026.pdf,https://www.niftyindices.com/Press_Release/ind_prs20032026.pdf,Changes in Nifty Fixed Income indices
2026-03-20,"Mar 20, 2026",ind_prs20032026_1.pdf,https://www.niftyindices.com/Press_Release/ind_prs20032026_1.pdf,"Maturity of Nifty Fixed Income indices w.e.f May 01, 2026"
2026-03-20,"Mar 20, 2026",ind_prs20032026_2.pdf,https://www.niftyindices.com/Press_Release/ind_prs20032026_2.pdf,"Inclusion in Nifty IPO w.e.f. March 25, 2026"
2026-03-16,"Mar 16, 2026",ind_prs16032026.pdf,https://www.niftyindices.com/Press_Release/ind_prs16032026.pdf,"Changes in Nifty Fixed Income indices w.e.f. March 20, 2026"
2026-03-13,"Mar 13, 2026",ind_prs13032026.pdf,https://www.niftyindices.com/Press_Release/ind_prs13032026.pdf,"Changes in Nifty Fixed Income indices w.e.f. March 18, 2026"
2026-03-12,"Mar 12, 2026",ind_prs12032026.pdf,https://www.niftyindices.com/Press_Release/ind_prs12032026.pdf,Revision in Criteria and replacements in indices
2026-03-12,"Mar 12, 2026",ind_prs12032026_1.pdf,https://www.niftyindices.com/Press_Release/ind_prs12032026_1.pdf,"Inclusion in Nifty IPO w.e.f. March 17, 2026"
2026-03-10,"Mar 10, 2026",ind_prs10032026.pdf,https://www.niftyindices.com/Press_Release/ind_prs10032026.pdf,"Exclusion from Nifty SME Emerge index w.e.f. March 12, 2026"
2026-03-09,"Mar 09, 2026",ind_prs09032026.pdf,https://www.niftyindices.com/Press_Release/ind_prs09032026.pdf,"Revision to changes in Nifty Fixed Income indices w.e.f. March 10, 2026"
2026-03-09,"Mar 09, 2026",ind_prs09032026_1.pdf,https://www.niftyindices.com/Press_Release/ind_prs09032026_1.pdf,"Exclusion from Nifty SME Emerge index w.e.f. March 11, 2026"
2026-03-06,"Mar 06, 2026",ind_prs06032026.pdf,https://www.niftyindices.com/Press_Release/ind_prs06032026.pdf,"Inclusion in Nifty IPO w.e.f. March 11, 2026"
2026-03-05,"Mar 05, 2026",ind_prs05032026.pdf,https://www.niftyindices.com/Press_Release/ind_prs05032026.pdf,"Inclusion in Nifty IPO w.e.f. March 10, 2026"
2026-03-05,"Mar 05, 2026",ind_prs05032026_1.pdf,https://www.niftyindices.com/Press_Release/ind_prs05032026_1.pdf,"Changes in Nifty Fixed Income indices w.e.f. March 10, 2026"
2026-03-04,"Mar 04, 2026",ind_prs04032026.pdf,https://www.niftyindices.com/Press_Release/ind_prs04032026.pdf,"Inclusion in Nifty IPO w.e.f. March 09, 2026"
2026-03-04,"Mar 04, 2026",ind_prs04032026_1.pdf,https://www.niftyindices.com/Press_Release/ind_prs04032026_1.pdf,"Changes in Nifty Fixed Income indices w.e.f. March 09, 2026"
2026-03-02,"Mar 02, 2026",ind_prs02032026_1.pdf,https://www.niftyindices.com/Press_Release/ind_prs02032026_1.pdf,"Inclusion in Nifty IPO w.e.f. March 06, 2026"
2026-03-02,"Mar 02, 2026",ind_prs02032026_2.pdf,https://www.niftyindices.com/Press_Release/ind_prs02032026_2.pdf,"Replacement in ESG indices w.e.f. March 30, 2026"
2026-03-02,"Mar 02, 2026",ind_prs02032026_3.pdf,https://www.niftyindices.com/Press_Release/ind_prs02032026_3.pdf,"Changes in Nifty Fixed Income indices w.e.f. March 06, 2026"
2026-03-02,"Mar 02, 2026",ind_prs02032026.pdf,https://www.niftyindices.com/Press_Release/ind_prs02032026.pdf,NSE Indices launches Nifty REITs & Realty Index
2026-02-25,"Feb 25, 2026",ind_prs25022026.pdf,https://www.niftyindices.com/Press_Release/ind_prs25022026.pdf,"Changes in Nifty Fixed Income indices w.e.f. March 02, 2026"
2026-02-24,"Feb 24, 2026",ind_prs24022026.pdf,https://www.niftyindices.com/Press_Release/ind_prs24022026.pdf,"Changes in Nifty Fixed Income indices w.e.f. February 27, 2026"
2026-02-23,"Feb 23, 2026",ind_prs23022026.pdf,https://www.niftyindices.com/Press_Release/ind_prs23022026.pdf,"Replacements in indices w.e.f. March 30, 2026"
2026-02-20,"Feb 20, 2026",ind_prs20022026.pdf,https://www.niftyindices.com/Press_Release/ind_prs20022026.pdf,"Changes in Nifty Fixed Income indices w.e.f. February 27, 2026"
2026-02-20,"Feb 20, 2026",ind_prs20022026_1.pdf,https://www.niftyindices.com/Press_Release/ind_prs20022026_1.pdf,Exclusion of Kwality Wall's (India) Ltd. from Nifty Indices
2026-02-20,"Feb 20, 2026",ind_prs20022026_2.pdf,https://www.niftyindices.com/Press_Release/ind_prs20022026_2.pdf,"Replacements in indices w.e.f. February 27, 2026"
2026-02-18,"Feb 18, 2026",ind_prs18022026.pdf,https://www.niftyindices.com/Press_Release/ind_prs18022026.pdf,"Changes in Nifty Fixed Income indices w.e.f. February 24, 2026"
2026-02-17,"Feb 17, 2026",ind_prs17022026.pdf,https://www.niftyindices.com/Press_Release/ind_prs17022026.pdf,"Inclusions in Nifty IPO w.e.f. February 20, 2026"
2026-02-16,"Feb 16, 2026",ind_prs16022026.pdf,https://www.niftyindices.com/Press_Release/ind_prs16022026.pdf,Meeting of the Index Maintenance Sub-Committee (Equity)
2026-02-16,"Feb 16, 2026",ind_prs16022026_1.pdf,https://www.niftyindices.com/Press_Release/ind_prs16022026_1.pdf,NSE Indices launches Nifty Cement Index
2026-02-16,"Feb 16, 2026",ind_prs16022026_2.pdf,https://www.niftyindices.com/Press_Release/ind_prs16022026_2.pdf,"Exclusion from Nifty SME Emerge index w.e.f. February 18, 2026"
2026-02-10,"Feb 10, 2026",ind_prs10022026.pdf,https://www.niftyindices.com/Press_Release/ind_prs10022026.pdf,NSE Indices launches Nifty LargeMidcap250 Plus 8-13 yr G-Sec 70:30 Index
2026-02-09,"Feb 09, 2026",ind_prs09022026.pdf,https://www.niftyindices.com/Press_Release/ind_prs09022026.pdf,"Changes in Nifty Fixed Income indices w.e.f. February 12, 2026"
2026-02-06,"Feb 06, 2026",ind_prs06022026.pdf,https://www.niftyindices.com/Press_Release/ind_prs06022026.pdf,"Changes in Nifty Fixed Income indices w.e.f. February 11, 2026"
2026-02-05,"Feb 05, 2026",ind_prs05022026.pdf,https://www.niftyindices.com/Press_Release/ind_prs05022026.pdf,"Changes in Nifty Fixed Income indices w.e.f. February 10, 2026"
2026-02-04,"Feb 04, 2026",ind_prs04022026.pdf,https://www.niftyindices.com/Press_Release/ind_prs04022026.pdf,NSE Indices launches Nifty MidSmallcap400 50:50 Index
2026-01-29,"Jan 29, 2026",ind_prs29012026.pdf,https://www.niftyindices.com/Press_Release/ind_prs29012026.pdf,"Inclusion in Nifty IPO w.e.f. February 02, 2026"
2026-01-28,"Jan 28, 2026",ind_prs28012026.pdf,https://www.niftyindices.com/Press_Release/ind_prs28012026.pdf,NSE Indices launches Nifty SDL Apr 2031 Top 20 Equal Weight HTM Index
2026-01-27,"Jan 27, 2026",ind_prs27012026.pdf,https://www.niftyindices.com/Press_Release/ind_prs27012026.pdf,"Changes in Nifty Fixed Income indices w.e.f. January 30, 2026"
2026-01-23,"Jan 23, 2026",ind_prs23012026.pdf,https://www.niftyindices.com/Press_Release/ind_prs23012026.pdf,NSE Indices launches Nifty Smallcap 500 Index
2026-01-22,"Jan 22, 2026",ind_prs22012026.pdf,https://www.niftyindices.com/Press_Release/ind_prs22012026.pdf,"Inclusion in Nifty IPO w.e.f. January 28, 2026"
2026-01-22,"Jan 22, 2026",ind_prs22012026_1.pdf,https://www.niftyindices.com/Press_Release/ind_prs22012026_1.pdf,"Changes in Nifty Fixed Income indices w.e.f. January 30, 2026"
2026-01-20,"Jan 20, 2026",ind_prs20012026_1.pdf,https://www.niftyindices.com/Press_Release/ind_prs20012026_1.pdf,"Inclusion in Nifty IPO w.e.f. January 23, 2026"
2026-01-20,"Jan 20, 2026",ind_prs20012026_2.pdf,https://www.niftyindices.com/Press_Release/ind_prs20012026_2.pdf,"Replacement in indices w.e.f. January 30, 2026"
2026-01-20,"Jan 20, 2026",ind_prs20012026.pdf,https://www.niftyindices.com/Press_Release/ind_prs20012026.pdf,"Changes in Nifty Fixed Income indices w.e.f. January 23, 2026"
2026-01-19,"Jan 19, 2026",ind_prs19012026.pdf,https://www.niftyindices.com/Press_Release/ind_prs19012026.pdf,"Changes in Nifty Fixed Income indices w.e.f. January 22, 2026"
2026-01-14,"Jan 14, 2026",ind_prs14012026.pdf,https://www.niftyindices.com/Press_Release/ind_prs14012026.pdf,"Changes in Nifty Fixed Income indices w.e.f. January 20, 2026"
2026-01-09,"Jan 09, 2026",ind_prs09012026.pdf,https://www.niftyindices.com/Press_Release/ind_prs09012026.pdf,"Changes in Nifty Fixed Income indices w.e.f. January 14, 2026"
2026-01-05,"Jan 05, 2026",ind_prs05012026.pdf,https://www.niftyindices.com/Press_Release/ind_prs05012026.pdf,"Changes in Nifty Fixed Income indices w.e.f. January 08, 2026"
2025-12-31,"Dec 31, 2025",ind_prs31122025.pdf,https://www.niftyindices.com/Press_Release/ind_prs31122025.pdf,"Inclusion in Nifty IPO w.e.f. January 05, 2026"
2025-12-30,"Dec 30, 2025",ind_prs30122025.pdf,https://www.niftyindices.com/Press_Release/ind_prs30122025.pdf,Changes in Nifty Fixed Income indices
2025-12-26,"Dec 26, 2025",ind_prs26122025.pdf,https://www.niftyindices.com/Press_Release/ind_prs26122025.pdf,"Replacements in Nifty IPO index w.e.f. December 31, 2025"
2025-12-26,"Dec 26, 2025",ind_prs26122025_1.pdf,https://www.niftyindices.com/Press_Release/ind_prs26122025_1.pdf,"Changes in Nifty Fixed Income indices w.e.f. December 31, 2025"
2025-12-24,"Dec 24, 2025",ind_prs24122025.pdf,https://www.niftyindices.com/Press_Release/ind_prs24122025.pdf,"Inclusion in Nifty IPO w.e.f. December 30, 2025"
2025-12-24,"Dec 24, 2025",ind_prs24122025_1.pdf,https://www.niftyindices.com/Press_Release/ind_prs24122025_1.pdf,"Changes in Nifty Fixed Income indices w.e.f. December 30, 2025"
2025-12-23,"Dec 23, 2025",ind_prs23122025_1.pdf,https://www.niftyindices.com/Press_Release/ind_prs23122025_1.pdf,"Changes in Nifty Fixed Income indices w.e.f. December 31, 2025"
2025-12-23,"Dec 23, 2025",ind_prs23122025.pdf,https://www.niftyindices.com/Press_Release/ind_prs23122025.pdf,"Replacement in indices w.e.f. December 26, 2025"
2025-12-22,"Dec 22, 2025",ind_prs22122025.pdf,https://www.niftyindices.com/Press_Release/ind_prs22122025.pdf,"Inclusion in Nifty IPO w.e.f. December 26, 2025"
2025-12-18,"Dec 18, 2025",ind_prs18122025.pdf,https://www.niftyindices.com/Press_Release/ind_prs18122025.pdf,"Changes in Nifty Fixed Income indices w.e.f. December 23, 2025"
2025-12-18,"Dec 18, 2025",ind_prs18122025_1.pdf,https://www.niftyindices.com/Press_Release/ind_prs18122025_1.pdf,"Inclusions in Nifty IPO w.e.f. December 23, 2025"
2025-12-16,"Dec 16, 2025",ind_prs16122025.pdf,https://www.niftyindices.com/Press_Release/ind_prs16122025.pdf,"Inclusions in Nifty IPO w.e.f. December 19, 2025"
2025-12-16,"Dec 16, 2025",ind_prs16122025_1.pdf,https://www.niftyindices.com/Press_Release/ind_prs16122025_1.pdf,"Changes in Nifty Fixed Income indices w.e.f. December 19, 2025"
2025-12-11,"Dec 11, 2025",ind_prs11122025.pdf,https://www.niftyindices.com/Press_Release/ind_prs11122025.pdf,"Replacements in indices w.e.f. December 31, 2025"
2025-12-11,"Dec 11, 2025",ind_prs11122025_1.pdf,https://www.niftyindices.com/Press_Release/ind_prs11122025_1.pdf,"Exclusion of SKF India (Industrial) Ltd. from Nifty Indices w.e.f. December 15, 2025"
2025-12-11,"Dec 11, 2025",ind_prs11122025_2.pdf,https://www.niftyindices.com/Press_Release/ind_prs11122025_2.pdf,"Inclusions in Nifty IPO w.e.f. December 16, 2025"
2025-12-09,"Dec 09, 2025",ind_prs09122025.pdf,https://www.niftyindices.com/Press_Release/ind_prs09122025.pdf,"Exclusion from Nifty SME Emerge index w.e.f. December 16, 2025"
2025-12-05,"Dec 05, 2025",ind_prs05122025.pdf,https://www.niftyindices.com/Press_Release/ind_prs05122025.pdf,"Changes in Nifty Fixed Income indices w.e.f. December 10, 2025"
2025-12-02,"Dec 02, 2025",ind_prs02122025.pdf,https://www.niftyindices.com/Press_Release/ind_prs02122025.pdf,"Changes in Nifty Fixed Income indices w.e.f. December 05, 2025"
2025-12-01,"Dec 01, 2025",ind_prs01122025.pdf,https://www.niftyindices.com/Press_Release/ind_prs01122025.pdf,Revision in criteria for Nifty Indices and inclusions in Nifty Bank index
2025-12-01,"Dec 01, 2025",ind_prs01122025_1.pdf,https://www.niftyindices.com/Press_Release/ind_prs01122025_1.pdf,"Inclusion in Nifty IPO w.e.f. December 04, 2025"
2025-11-28,"Nov 28, 2025",ind_prs28112025.pdf,https://www.niftyindices.com/Press_Release/ind_prs28112025.pdf,Corporate Action Adjustment for Hindustan Unilever Ltd. in Nifty Indices
2025-11-27,"Nov 27, 2025",ind_prs27112025.pdf,https://www.niftyindices.com/Press_Release/ind_prs27112025.pdf,"Inclusion in Nifty IPO w.e.f. December 02, 2025"
2025-11-26,"Nov 26, 2025",ind_prs26112025.pdf,https://www.niftyindices.com/Press_Release/ind_prs26112025.pdf,"Exclusion of Advent Hotels International Ltd. from Nifty indices w.e.f. November 28, 2025"
2025-11-25,"Nov 25, 2025",ind_prs25112025.pdf,https://www.niftyindices.com/Press_Release/ind_prs25112025.pdf,"Exclusion from Nifty SME Emerge index w.e.f. December 02, 2025"
2025-11-25,"Nov 25, 2025",ind_prs25112025_1.pdf,https://www.niftyindices.com/Press_Release/ind_prs25112025_1.pdf,"Changes in Nifty Fixed Income indices w.e.f. November 28, 2025"
2025-11-24,"Nov 24, 2025",ind_prs24112025.pdf,https://www.niftyindices.com/Press_Release/ind_prs24112025.pdf,"Inclusion in Nifty IPO w.e.f. November 27, 2025"
2025-11-24,"Nov 24, 2025",ind_prs24112025_1.pdf,https://www.niftyindices.com/Press_Release/ind_prs24112025_1.pdf,"Changes in Nifty Fixed Income indices w.e.f. November 27,2025"
2025-11-21,"Nov 21, 2025",ind_prs21112025_1.pdf,https://www.niftyindices.com/Press_Release/ind_prs21112025_1.pdf,"Changes in Nifty Fixed Income indices w.e.f. November 28,2025"
2025-11-21,"Nov 21, 2025",ind_prs21112025.pdf,https://www.niftyindices.com/Press_Release/ind_prs21112025.pdf,"Inclusion in Nifty IPO w.e.f. November 26, 2025"
2025-11-20,"Nov 20, 2025",ind_prs20112025.pdf,https://www.niftyindices.com/Press_Release/ind_prs20112025.pdf,"Inclusion in Nifty IPO w.e.f. November 25, 2025"
2025-11-20,"Nov 20, 2025",ind_prs20112025_1.pdf,https://www.niftyindices.com/Press_Release/ind_prs20112025_1.pdf,"Exclusion from Nifty SME Emerge index w.e.f. November 24, 2025"
2025-11-20,"Nov 20, 2025",ind_prs20112025_2.pdf,https://www.niftyindices.com/Press_Release/ind_prs20112025_2.pdf,"Changes in Nifty Fixed Income indices w.e.f. November 25,2025"
2025-11-19,"Nov 19, 2025",ind_prs19112025.pdf,https://www.niftyindices.com/Press_Release/ind_prs19112025.pdf,"Inclusions in Nifty IPO w.e.f. November 24, 2025"
2025-11-17,"Nov 17, 2025",ind_prs17112025.pdf,https://www.niftyindices.com/Press_Release/ind_prs17112025.pdf,"Changes in Nifty Fixed Income indices w.e.f. November 20,2025"
2025-11-17,"Nov 17, 2025",ind_prs17112025_1.pdf,https://www.niftyindices.com/Press_Release/ind_prs17112025_1.pdf,"Replacements in indices w.e.f. November 28, 2025"
2025-11-17,"Nov 17, 2025",ind_prs17112025_2.pdf,https://www.niftyindices.com/Press_Release/ind_prs17112025_2.pdf,"Inclusion in Nifty IPO w.e.f. November 20, 2025"
2025-11-14,"Nov 14, 2025",ind_prs14112025.pdf,https://www.niftyindices.com/Press_Release/ind_prs14112025.pdf,"Changes in Nifty Fixed Income indices w.e.f. November 19,2025"
2025-11-13,"Nov 13, 2025",ind_prs13112025.pdf,https://www.niftyindices.com/Press_Release/ind_prs13112025.pdf,"Exclusion of Tata Motors Ltd. (formerly known as TML Commercial Vehicles Ltd.) w.e.f. November 17, 2025"
2025-11-13,"Nov 13, 2025",ind_prs13112025_1.pdf,https://www.niftyindices.com/Press_Release/ind_prs13112025_1.pdf,"Inclusion in Nifty IPO w.e.f. November 18, 2025"
2025-11-12,"Nov 12, 2025",ind_prs12112025.pdf,https://www.niftyindices.com/Press_Release/ind_prs12112025.pdf,"Exclusion from Nifty SME Emerge index w.e.f. November 19, 2025"
2025-11-11,"Nov 11, 2025",ind_prs11112025.pdf,https://www.niftyindices.com/Press_Release/ind_prs11112025.pdf,"Inclusion in Nifty IPO w.e.f. November 14, 2025"
2025-11-10,"Nov 10, 2025",ind_prs10112025.pdf,https://www.niftyindices.com/Press_Release/ind_prs10112025.pdf,"Inclusion in Nifty IPO w.e.f. November 13, 2025"
2025-11-07,"Nov 07, 2025",ind_prs07112025.pdf,https://www.niftyindices.com/Press_Release/ind_prs07112025.pdf,Corporate Action adjustment for Allcargo Logistics Ltd. in Nifty Indices
2025-11-07,"Nov 07, 2025",ind_prs07112025_1.pdf,https://www.niftyindices.com/Press_Release/ind_prs07112025_1.pdf,"Inclusion in Nifty IPO w.e.f. November 12, 2025"
2025-10-28,"Oct 28, 2025",ind_prs28102025.pdf,https://www.niftyindices.com/Press_Release/ind_prs28102025.pdf,"Changes in Nifty Fixed Income indices w.e.f. October 31, 2025"
2025-10-27,"Oct 27, 2025",ind_prs27102025.pdf,https://www.niftyindices.com/Press_Release/ind_prs27102025.pdf,"Inclusion in Nifty IPO w.e.f. October 30, 2025"
2025-10-24,"Oct 24, 2025",ind_prs24102025.pdf,https://www.niftyindices.com/Press_Release/ind_prs24102025.pdf,"Changes in Nifty Fixed Income indices w.e.f. October 31, 2025"
2025-10-20,"Oct 20, 2025",ind_prs20102025.pdf,https://www.niftyindices.com/Press_Release/ind_prs20102025.pdf,"Replacement in indices w.e.f. October 28, 2025"
2025-10-20,"Oct 20, 2025",ind_prs20102025_1.pdf,https://www.niftyindices.com/Press_Release/ind_prs20102025_1.pdf,"Inclusion in Nifty IPO w.e.f. October 24, 2025"
2025-10-17,"Oct 17, 2025",ind_prs17102025.pdf,https://www.niftyindices.com/Press_Release/ind_prs17102025.pdf,"Replacements in indices w.e.f. October 31, 2025"
2025-10-17,"Oct 17, 2025",ind_prs17102025_1.pdf,https://www.niftyindices.com/Press_Release/ind_prs17102025_1.pdf,"Inclusions in Nifty IPO w.e.f. October 23, 2025"
2025-10-15,"Oct 15, 2025",ind_prs15102025_1.pdf,https://www.niftyindices.com/Press_Release/ind_prs15102025_1.pdf,"Changes in Nifty Fixed Income indices w.e.f. October 20, 2025"
2025-10-15,"Oct 15, 2025",ind_prs15102025.pdf,https://www.niftyindices.com/Press_Release/ind_prs15102025.pdf,"Inclusion in Nifty IPO w.e.f. October 20, 2025"
2025-10-14,"Oct 14, 2025",ind_prs14102025.pdf,https://www.niftyindices.com/Press_Release/ind_prs14102025.pdf,"Inclusion in Nifty IPO w.e.f. October 17, 2025"
2025-10-13,"Oct 13, 2025",ind_prs13102025.pdf,https://www.niftyindices.com/Press_Release/ind_prs13102025.pdf,"Inclusion in Nifty IPO w.e.f. October 16, 2025"
2025-10-10,"Oct 10, 2025",ind_prs10102025.pdf,https://www.niftyindices.com/Press_Release/ind_prs10102025.pdf,Corporate Adjustment for SKF India Ltd. in Nifty Indices
2025-10-10,"Oct 10, 2025",ind_prs10102025_1.pdf,https://www.niftyindices.com/Press_Release/ind_prs10102025_1.pdf,"Changes in Nifty Fixed Income indices w.e.f. October 15, 2025"
2025-10-09,"Oct 09, 2025",ind_prs09102025.pdf,https://www.niftyindices.com/Press_Release/ind_prs09102025.pdf,"Inclusion in Nifty IPO w.e.f. October 14, 2025"
2025-10-08,"Oct 08, 2025",ind_prs08102025.pdf,https://www.niftyindices.com/Press_Release/ind_prs08102025.pdf,"Inclusions in Nifty IPO w.e.f. October 13, 2025"
2025-10-07,"Oct 07, 2025",ind_prs07102025.pdf,https://www.niftyindices.com/Press_Release/ind_prs07102025.pdf,Corporate Adjustment for Tata Motors Ltd. in Nifty Indices
2025-10-07,"Oct 07, 2025",ind_prs07102025_1.pdf,https://www.niftyindices.com/Press_Release/ind_prs07102025_1.pdf,"Inclusion in Nifty IPO w.e.f. October 10, 2025"
2025-10-06,"Oct 06, 2025",ind_prs06102025_1.pdf,https://www.niftyindices.com/Press_Release/ind_prs06102025_1.pdf,"Exclusion from Nifty SME Emerge index w.e.f. October 08, 2025"
2025-10-06,"Oct 06, 2025",ind_prs06102025.pdf,https://www.niftyindices.com/Press_Release/ind_prs06102025.pdf,"Inclusion in Nifty IPO w.e.f. October 09, 2025"
2025-10-03,"Oct 03, 2025",ind_prs03102025.pdf,https://www.niftyindices.com/Press_Release/ind_prs03102025.pdf,"Inclusions in Nifty IPO w.e.f. October 08, 2025"
2025-10-03,"Oct 03, 2025",ind_prs03102025_1.pdf,https://www.niftyindices.com/Press_Release/ind_prs03102025_1.pdf,"Changes in Nifty Fixed Income indices w.e.f. October 10, 2025"
2025-10-01,"Oct 01, 2025",ind_prs01102025_1.pdf,https://www.niftyindices.com/Press_Release/ind_prs01102025_1.pdf,Changes in Nifty Fixed Income indices w.e.f. October 07 2025
2025-10-01,"Oct 01, 2025",ind_prs01102025.pdf,https://www.niftyindices.com/Press_Release/ind_prs01102025.pdf,"Inclusions in Nifty IPO w.e.f. October 07, 2025"
2025-09-30,"Sep 30, 2025",ind_prs30092025.pdf,https://www.niftyindices.com/Press_Release/ind_prs30092025.pdf,"Inclusions in Nifty IPO w.e.f. October 06, 2025"
2025-09-29,"Sep 29, 2025",ind_prs29092025.pdf,https://www.niftyindices.com/Press_Release/ind_prs29092025.pdf,"Inclusions in Nifty IPO w.e.f. October 03, 2025"
2025-09-26,"Sep 26, 2025",ind_prs26092025.pdf,https://www.niftyindices.com/Press_Release/ind_prs26092025.pdf,"Inclusion in Nifty IPO w.e.f. October 01, 2025"
2025-09-25,"Sep 25, 2025",ind_prs25092025.pdf,https://www.niftyindices.com/Press_Release/ind_prs25092025.pdf,"Changes in Nifty Fixed Income indices w.e.f. September 30, 2025"
2025-09-25,"Sep 25, 2025",ind_prs25092025_1.pdf,https://www.niftyindices.com/Press_Release/ind_prs25092025_1.pdf,"Replacements in Nifty IPO w.e.f. September 30, 2025"
2025-09-24,"Sep 24, 2025",ind_prs24092025.pdf,https://www.niftyindices.com/Press_Release/ind_prs24092025.pdf,"Inclusion in Nifty IPO w.e.f. September 29, 2025"
2025-09-23,"Sep 23, 2025",ind_prs23092025.pdf,https://www.niftyindices.com/Press_Release/ind_prs23092025.pdf,"Changes in Nifty Fixed Income indices w.e.f. September 30, 2025"
2025-09-22,"Sep 22, 2025",ind_prs22092025.pdf,https://www.niftyindices.com/Press_Release/ind_prs22092025.pdf,"Exclusion of STL Networks Ltd. w.e.f. September 24, 2025"
2025-09-18,"Sep 18, 2025",ind_prs18092025.pdf,https://www.niftyindices.com/Press_Release/ind_prs18092025.pdf,"Inclusions in Nifty IPO w.e.f. September 23, 2025"
2025-09-16,"Sep 16, 2025",ind_prs16092025.pdf,https://www.niftyindices.com/Press_Release/ind_prs16092025.pdf,Revision in exclusion date for Nifty SME Emerge index
2025-09-15,"Sep 15, 2025",ind_prs15092025.pdf,https://www.niftyindices.com/Press_Release/ind_prs15092025.pdf,"Replacements in indices w.e.f. September 30, 2025"
2025-09-15,"Sep 15, 2025",ind_prs15092025_1.pdf,https://www.niftyindices.com/Press_Release/ind_prs15092025_1.pdf,"Replacements in indices w.e.f. September 23, 2025"
2025-09-12,"Sep 12, 2025",ind_prs12092025.pdf,https://www.niftyindices.com/Press_Release/ind_prs12092025.pdf,"Exclusion from Nifty SME Emerge index w.e.f. September 19, 2025"
2025-09-12,"Sep 12, 2025",ind_prs12092025_1.pdf,https://www.niftyindices.com/Press_Release/ind_prs12092025_1.pdf,"Changes in Nifty Fixed Income indices w.e.f. September 17,2025"
2025-09-10,"Sep 10, 2025",ind_prs10092025.pdf,https://www.niftyindices.com/Press_Release/ind_prs10092025.pdf,Changes in Nifty Fixed Income indices
2025-09-09,"Sep 09, 2025",ind_prs09092025.pdf,https://www.niftyindices.com/Press_Release/ind_prs09092025.pdf,"Changes in Nifty Fixed Income indices w.e.f. September 12, 2025"
2025-09-04,"Sep 04, 2025",ind_prs04092025_1.pdf,https://www.niftyindices.com/Press_Release/ind_prs04092025_1.pdf,"Changes in Nifty Fixed Income indices w.e.f. September 10, 2025"
2025-09-04,"Sep 04, 2025",ind_prs04092025.pdf,https://www.niftyindices.com/Press_Release/ind_prs04092025.pdf,"Inclusions in Nifty IPO w.e.f. September 09, 2025"
2025-09-01,"Sep 01, 2025",ind_prs01092025.pdf,https://www.niftyindices.com/Press_Release/ind_prs01092025.pdf,"Exclusion from Nifty SME Emerge index w.e.f. September 08, 2025"
2025-09-01,"Sep 01, 2025",ind_prs01092025_1.pdf,https://www.niftyindices.com/Press_Release/ind_prs01092025_1.pdf,NSE Indices launches Nifty Conglomerate 50 Index
2025-08-29,"Aug 29, 2025",ind_prs29082025.pdf,https://www.niftyindices.com/Press_Release/ind_prs29082025.pdf,"Inclusion in Nifty IPO w.e.f. September 03, 2025"
2025-08-28,"Aug 28, 2025",ind_prs28082025.pdf,https://www.niftyindices.com/Press_Release/ind_prs28082025.pdf,"Inclusions in Nifty IPO w.e.f. September 02, 2025"
2025-08-25,"Aug 25, 2025",ind_prs25082025.pdf,https://www.niftyindices.com/Press_Release/ind_prs25082025.pdf,"Changes in Nifty Fixed Income indices w.e.f. August 29, 2025"
2025-08-22,"Aug 22, 2025",ind_prs22082025.pdf,https://www.niftyindices.com/Press_Release/ind_prs22082025.pdf,"Replacements in indices w.e.f. September 30, 2025"
2025-08-22,"Aug 22, 2025",ind_prs22082025_1.pdf,https://www.niftyindices.com/Press_Release/ind_prs22082025_1.pdf,"Replacements in indices w.e.f. August 29, 2025"
2025-08-21,"Aug 21, 2025",ind_prs21082025.pdf,https://www.niftyindices.com/Press_Release/ind_prs21082025.pdf,Changes in Nifty Fixed Income indices
2025-08-21,"Aug 21, 2025",ind_prs21082025_1.pdf,https://www.niftyindices.com/Press_Release/ind_prs21082025_1.pdf,"Inclusion in Nifty IPO w.e.f. August 26, 2025"
2025-08-20,"Aug 20, 2025",ind_prs20082025.pdf,https://www.niftyindices.com/Press_Release/ind_prs20082025.pdf,"Inclusion in Nifty IPO w.e.f. August 25, 2025"
2025-08-18,"Aug 18, 2025",ind_prs18082025.pdf,https://www.niftyindices.com/Press_Release/ind_prs18082025.pdf,"Inclusions in Nifty IPO w.e.f. August 21, 2025"
2025-08-16,"Aug 16, 2025",ind_prs16082025.pdf,https://www.niftyindices.com/Press_Release/ind_prs16082025.pdf,NSE Indices launches Nifty India FPI 150 Index
2025-08-14,"Aug 14, 2025",ind_prs14082025.pdf,https://www.niftyindices.com/Press_Release/ind_prs14082025.pdf,Meeting of the Index Maintenance Sub-Committee (Equity)
2025-08-13,"Aug 13, 2025",ind_prs13082025.pdf,https://www.niftyindices.com/Press_Release/ind_prs13082025.pdf,"Inclusion in Nifty IPO w.e.f. August 19, 2025"
2025-08-07,"Aug 07, 2025",ind_prs07082025.pdf,https://www.niftyindices.com/Press_Release/ind_prs07082025.pdf,"Inclusions in Nifty IPO w.e.f. August 12, 2025"
2025-08-06,"Aug 06, 2025",ind_prs06082025.pdf,https://www.niftyindices.com/Press_Release/ind_prs06082025.pdf,NSE Indices launches Nifty Total Market Momentum Quality 50 Index
2025-08-06,"Aug 06, 2025",ind_prs06082025_1.pdf,https://www.niftyindices.com/Press_Release/ind_prs06082025_1.pdf,"Exclusion from Nifty SME Emerge w.e.f. August 08, 2025"
2025-08-06,"Aug 06, 2025",ind_prs06082025_2.pdf,https://www.niftyindices.com/Press_Release/ind_prs06082025_2.pdf,"Inclusions in Nifty IPO w.e.f. August 11, 2025"
2025-08-05,"Aug 05, 2025",ind_prs05082025.pdf,https://www.niftyindices.com/Press_Release/ind_prs05082025.pdf,"Changes in Nifty Fixed Income indices w.e.f. August 08, 2025"
2025-08-04,"Aug 04, 2025",ind_prs04082025.pdf,https://www.niftyindices.com/Press_Release/ind_prs04082025.pdf,"Inclusion in Nifty IPO w.e.f. August 07, 2025"
2025-08-01,"Aug 01, 2025",ind_prs01082025.pdf,https://www.niftyindices.com/Press_Release/ind_prs01082025.pdf,"Inclusion in Nifty IPO w.e.f. August 06, 2025"
2025-07-31,"Jul 31, 2025",ind_prs31072025.pdf,https://www.niftyindices.com/Press_Release/ind_prs31072025.pdf,"Inclusions in Nifty IPO w.e.f. August 05, 2025"
2025-07-30,"Jul 30, 2025",ind_prs30072025.pdf,https://www.niftyindices.com/Press_Release/ind_prs30072025.pdf,"Changes in Nifty Fixed Income indices w.e.f. August 04, 2025"
2025-07-28,"Jul 28, 2025",ind_prs28072025.pdf,https://www.niftyindices.com/Press_Release/ind_prs28072025.pdf,"Changes in Nifty Fixed Income indices w.e.f. July 31, 2025"
2025-07-24,"Jul 24, 2025",ind_prs24072025.pdf,https://www.niftyindices.com/Press_Release/ind_prs24072025.pdf,"Replacements in indices w.e.f. July 31, 2025"
2025-07-24,"Jul 24, 2025",ind_prs24072025_1.pdf,https://www.niftyindices.com/Press_Release/ind_prs24072025_1.pdf,"Changes in Nifty Fixed Income indices w.e.f. July 31, 2025"
2025-07-23,"Jul 23, 2025",ind_prs23072025.pdf,https://www.niftyindices.com/Press_Release/ind_prs23072025.pdf,"Changes in Nifty Fixed Income indices w.e.f. July 28, 2025"
2025-07-22,"Jul 22, 2025",ind_prs22072025.pdf,https://www.niftyindices.com/Press_Release/ind_prs22072025.pdf,"Inclusion in Nifty IPO w.e.f. July 25, 2025"
2025-07-21,"Jul 21, 2025",ind_prs21072025.pdf,https://www.niftyindices.com/Press_Release/ind_prs21072025.pdf,"Exclusion of Emkay Tools Ltd. from Nifty SME Emerge index w.e.f. July 23, 2025"
2025-07-18,"Jul 18, 2025",ind_prs18072025.pdf,https://www.niftyindices.com/Press_Release/ind_prs18072025.pdf,"Inclusion in Nifty IPO w.e.f. July 23, 2025"
2025-07-17,"Jul 17, 2025",ind_prs17072025.pdf,https://www.niftyindices.com/Press_Release/ind_prs17072025.pdf,"Changes in Nifty Fixed Income indices w.e.f. July 22, 2025"
2025-07-16,"Jul 16, 2025",ind_prs16072025.pdf,https://www.niftyindices.com/Press_Release/ind_prs16072025.pdf,"Exclusion from Nifty SME Emerge index w.e.f. July 23, 2025"
2025-07-15,"Jul 15, 2025",ind_prs15072025.pdf,https://www.niftyindices.com/Press_Release/ind_prs15072025.pdf,"Corporate Action Adjustment for Valor Estate Ltd. in Nifty indices and Replacement in Nifty IPO w.e.f. July 18, 2025"
2025-07-14,"Jul 14, 2025",ind_prs14072025.pdf,https://www.niftyindices.com/Press_Release/ind_prs14072025.pdf,"Changes in Nifty Fixed Income indices w.e.f. July 17, 2025"
2025-07-10,"Jul 10, 2025",ind_prs10072025.pdf,https://www.niftyindices.com/Press_Release/ind_prs10072025.pdf,"Replacement in Nifty IPO w.e.f. July 15, 2025"
2025-07-08,"Jul 08, 2025",ind_prs08072025.pdf,https://www.niftyindices.com/Press_Release/ind_prs08072025.pdf,"Exclusion of Raymond Realty Ltd. from Nifty indices w.e.f. July 10, 2025"
2025-07-08,"Jul 08, 2025",ind_prs08072025_1.pdf,https://www.niftyindices.com/Press_Release/ind_prs08072025_1.pdf,Revision in Nifty 5 yr Benchmark G-Sec Index
2025-07-04,"Jul 04, 2025",ind_prs04072025.pdf,https://www.niftyindices.com/Press_Release/ind_prs04072025.pdf,"Replacement in Nifty IPO w.e.f. July 09, 2025"
2025-07-03,"Jul 03, 2025",ind_prs03072025.pdf,https://www.niftyindices.com/Press_Release/ind_prs03072025.pdf,"Replacements in Nifty IPO w.e.f. July 08, 2025"
2025-07-03,"Jul 03, 2025",ind_prs03072025_1.pdf,https://www.niftyindices.com/Press_Release/ind_prs03072025_1.pdf,"Replacements in Nifty SME Emerge index w.e.f. July 10, 2025"
2025-07-02,"Jul 02, 2025",ind_prs02072025.pdf,https://www.niftyindices.com/Press_Release/ind_prs02072025.pdf,"Replacements in Nifty IPO w.e.f. July 07, 2025"
2025-06-26,"Jun 26, 2025",ind_prs26062025.pdf,https://www.niftyindices.com/Press_Release/ind_prs26062025.pdf,"Replacement in Nifty SME Emerge w.e.f. June 30, 2025"
2025-06-26,"Jun 26, 2025",ind_prs26062025_1.pdf,https://www.niftyindices.com/Press_Release/ind_prs26062025_1.pdf,"Replacement in Nifty IPO w.e.f. July 01, 2025"
2025-06-25,"Jun 25, 2025",ind_prs25062025_1.pdf,https://www.niftyindices.com/Press_Release/ind_prs25062025_1.pdf,"Replacements in Nifty IPO w.e.f. June 30, 2025"
2025-06-25,"Jun 25, 2025",ind_prs25062025_2.pdf,https://www.niftyindices.com/Press_Release/ind_prs25062025_2.pdf,"Exclusion of Siemens Energy India Ltd. and Aditya Birla Lifestyle Brands Ltd. w.e.f. June 27, 2025"
2025-06-25,"Jun 25, 2025",ind_prs25062025.pdf,https://www.niftyindices.com/Press_Release/ind_prs25062025.pdf,NSE Indices launches Nifty500 Healthcare Index
2025-06-23,"Jun 23, 2025",ind_prs23062025_2.pdf,https://www.niftyindices.com/Press_Release/ind_prs23062025_2.pdf,Changes in Nifty Fixed Income indices
2025-06-23,"Jun 23, 2025",ind_prs23062025.pdf,https://www.niftyindices.com/Press_Release/ind_prs23062025.pdf,NSE Indices launches two new constant maturity indices
2025-06-23,"Jun 23, 2025",ind_prs23062025_1.pdf,https://www.niftyindices.com/Press_Release/ind_prs23062025_1.pdf,"Replacement in Nifty IPO w.e.f. June 26, 2025"
2025-06-20,"Jun 20, 2025",ind_prs20062025.pdf,https://www.niftyindices.com/Press_Release/ind_prs20062025.pdf,"Exclusion from Nifty Waves index w.e.f. June 25, 2025"
2025-06-18,"Jun 18, 2025",ind_prs18062025.pdf,https://www.niftyindices.com/Press_Release/ind_prs18062025.pdf,Revision in exclusion date for Nifty SME Emerge index
2025-06-18,"Jun 18, 2025",ind_prs18062025_1.pdf,https://www.niftyindices.com/Press_Release/ind_prs18062025_1.pdf,"Changes in Nifty Fixed Income indices w.e.f. June 23, 2025"
2025-06-17,"Jun 17, 2025",ind_prs17062025.pdf,https://www.niftyindices.com/Press_Release/ind_prs17062025.pdf,"Changes in Nifty Fixed Income indices w.e.f. June 20, 2025"
2025-06-16,"Jun 16, 2025",ind_prs16062025.pdf,https://www.niftyindices.com/Press_Release/ind_prs16062025.pdf,"Replacement in Nifty SME Emerge index w.e.f. June 23, 2025"
2025-06-11,"Jun 11, 2025",ind_prs11062025.pdf,https://www.niftyindices.com/Press_Release/ind_prs11062025.pdf,"Changes in Nifty Fixed Income indices w.e.f. June 16, 2025"
2025-06-06,"Jun 06, 2025",ind_prs06062025.pdf,https://www.niftyindices.com/Press_Release/ind_prs06062025.pdf,"Replacements in indices w.e.f. June 30, 2025"
2025-06-06,"Jun 06, 2025",ind_prs06062025_1.pdf,https://www.niftyindices.com/Press_Release/ind_prs06062025_1.pdf,Change in ESG data provider for Nifty ESG indices
2025-06-05,"Jun 05, 2025",ind_prs05062025_1.pdf,https://www.niftyindices.com/Press_Release/ind_prs05062025_1.pdf,"Changes in Nifty Fixed Income indices w.e.f. June 10, 2025"
2025-06-05,"Jun 05, 2025",ind_prs05062025.pdf,https://www.niftyindices.com/Press_Release/ind_prs05062025.pdf,"Replacement in Nifty IPO w.e.f. June 10, 2025"
2025-06-04,"Jun 04, 2025",ind_prs04062025.pdf,https://www.niftyindices.com/Press_Release/ind_prs04062025.pdf,"Replacement in Nifty IPO w.e.f. June 09, 2025"
2025-06-03,"Jun 03, 2025",ind_prs03062025.pdf,https://www.niftyindices.com/Press_Release/ind_prs03062025.pdf,NSE Indices launches Nifty India Infrastructure & Logistics Index
2025-06-03,"Jun 03, 2025",ind_prs03062025_1.pdf,https://www.niftyindices.com/Press_Release/ind_prs03062025_1.pdf,"Replacements in Nifty IPO w.e.f. June 06, 2025"
2025-06-02,"Jun 02, 2025",ind_prs02062025.pdf,https://www.niftyindices.com/Press_Release/ind_prs02062025.pdf,"Changes in Nifty Fixed Income indices w.e.f. June 05, 2025"
2025-05-29,"May 29, 2025",ind_prs29052025.pdf,https://www.niftyindices.com/Press_Release/ind_prs29052025.pdf,"Replacement in Nifty IPO w.e.f. June 03, 2025"
2025-05-28,"May 28, 2025",ind_prs28052025.pdf,https://www.niftyindices.com/Press_Release/ind_prs28052025.pdf,"Changes in Nifty Fixed Income indices w.e.f. June 02, 2025"
2025-05-27,"May 27, 2025",ind_prs27052025.pdf,https://www.niftyindices.com/Press_Release/ind_prs27052025.pdf,"Changes in Nifty Fixed Income indices w.e.f. May 30, 2025"
2025-05-23,"May 23, 2025",ind_prs23052025.pdf,https://www.niftyindices.com/Press_Release/ind_prs23052025.pdf,"Changes in Nifty Fixed Income indices w.e.f. May 30, 2025"
2025-05-22,"May 22, 2025",ind_prs22052025.pdf,https://www.niftyindices.com/Press_Release/ind_prs22052025.pdf,"Changes in Nifty Fixed Income indices w.e.f. May 27, 2025"
2025-05-19,"May 19, 2025",ind_prs19052025.pdf,https://www.niftyindices.com/Press_Release/ind_prs19052025.pdf,Corporate Action Adjustment for Aditya Birla Fashion and Retail Ltd. in Nifty indices
2025-05-16,"May 16, 2025",ind_prs16052025.pdf,https://www.niftyindices.com/Press_Release/ind_prs16052025.pdf,"Changes in Nifty Fixed Income indices w.e.f. May 21, 2025"
2025-05-09,"May 09, 2025",ind_prs09052025.pdf,https://www.niftyindices.com/Press_Release/ind_prs09052025.pdf,Corporate Action Adjustment for Raymond Ltd. in Nifty indices
2025-05-09,"May 09, 2025",ind_prs09052025_1.pdf,https://www.niftyindices.com/Press_Release/ind_prs09052025_1.pdf,"Changes in Nifty Fixed Income indices w.e.f. May 15, 2025"
2025-05-07,"May 07, 2025",ind_prs07052025.pdf,https://www.niftyindices.com/Press_Release/ind_prs07052025.pdf,"Replacement in Nifty IPO w.e.f. May 12, 2025"
2025-05-07,"May 07, 2025",ind_prs07052025_1.pdf,https://www.niftyindices.com/Press_Release/ind_prs07052025_1.pdf,"Changes in Nifty Fixed Income indices w.e.f. May 13, 2025"
2025-05-05,"May 05, 2025",ind_prs05052025.pdf,https://www.niftyindices.com/Press_Release/ind_prs05052025.pdf,Launch of two new target maturity indices
2025-05-05,"May 05, 2025",ind_prs05052025_1.pdf,https://www.niftyindices.com/Press_Release/ind_prs05052025_1.pdf,"Changes in Nifty Fixed Income indices w.e.f. May 13, 2025"
2025-05-02,"May 02, 2025",ind_prs02052025.pdf,https://www.niftyindices.com/Press_Release/ind_prs02052025.pdf,Nifty Waves Index launched at WAVES 2025 by Hon'ble Chief Minister of Maharashtra Shri Devendra Fadnavis
2025-05-02,"May 02, 2025",ind_prs02052025_1.pdf,https://www.niftyindices.com/Press_Release/ind_prs02052025_1.pdf,Revision in the name of the Index
2025-04-30,"Apr 30, 2025",ind_prs30042025.pdf,https://www.niftyindices.com/Press_Release/ind_prs30042025.pdf,"Changes in Nifty Fixed Income indices w.e.f. May 06, 2025"
2025-04-25,"Apr 25, 2025",ind_prs25042025.pdf,https://www.niftyindices.com/Press_Release/ind_prs25042025.pdf,"Changes in Nifty Fixed Income indices w.e.f. Apr 30, 2025"
2025-04-23,"Apr 23, 2025",ind_prs23042025.pdf,https://www.niftyindices.com/Press_Release/ind_prs23042025.pdf,"Changes in Nifty Fixed Income indices w.e.f. Apr 30, 2025"
2025-04-21,"Apr 21, 2025",ind_prs21042025.pdf,https://www.niftyindices.com/Press_Release/ind_prs21042025.pdf,Corporate Adjustment for Sterlite Technologies Ltd. in Nifty Indices
2025-04-21,"Apr 21, 2025",ind_prs21042025_1.pdf,https://www.niftyindices.com/Press_Release/ind_prs21042025_1.pdf,"Replacements in indices w.e.f. April 30, 2025"
2025-04-08,"Apr 08, 2025",ind_prs08042025.pdf,https://www.niftyindices.com/Press_Release/ind_prs08042025.pdf,11 new Passive Funds tracking Nifty Indices launched in Japan and Korea in FY 2024-25
2025-04-08,"Apr 08, 2025",ind_prs08042025_1.pdf,https://www.niftyindices.com/Press_Release/ind_prs08042025_1.pdf,"Changes in Nifty Fixed Income indices w.e.f. April 15, 2025"
2025-04-07,"Apr 07, 2025",ind_prs07042025.pdf,https://www.niftyindices.com/Press_Release/ind_prs07042025.pdf,"Discontinuation Nifty BHARAT Bond Index - April 2025 effective April 15, 2025"
2025-04-07,"Apr 07, 2025",ind_prs07042025_1.pdf,https://www.niftyindices.com/Press_Release/ind_prs07042025_1.pdf,"Changes in Nifty Fixed Income indices w.e.f. April 11, 2025"
2025-04-04,"Apr 04, 2025",ind_prs04042025.pdf,https://www.niftyindices.com/Press_Release/ind_prs04042025.pdf,NSE Indices launches Nifty500 Flexicap Quality 30 Index
2025-04-04,"Apr 04, 2025",ind_prs04042025_1.pdf,https://www.niftyindices.com/Press_Release/ind_prs04042025_1.pdf,"Changes in Nifty Fixed Income indices w.e.f. Apr 09, 2025"
2025-04-04,"Apr 04, 2025",ind_prs04042025_2.pdf,https://www.niftyindices.com/Press_Release/ind_prs04042025_2.pdf,"Replacement in indices w.e.f. April 11, 2025"
2025-04-02,"Apr 02, 2025",ind_prs02042025_1.pdf,https://www.niftyindices.com/Press_Release/ind_prs02042025_1.pdf,"Replacement in Nifty SME Emerge w.e.f. April 04, 2025"
2025-04-02,"Apr 02, 2025",ind_prs02042025.pdf,https://www.niftyindices.com/Press_Release/ind_prs02042025.pdf,Corporate Adjustment for Siemens Ltd. in Nifty Indices
2025-03-25,"Mar 25, 2025",ind_prs25032025.pdf,https://www.niftyindices.com/Press_Release/ind_prs25032025.pdf,"Replacements in Nifty IPO w.e.f. March 28, 2025"
2025-03-25,"Mar 25, 2025",ind_prs25032025_1.pdf,https://www.niftyindices.com/Press_Release/ind_prs25032025_1.pdf,"Changes in Nifty Fixed Income indices w.e.f. March 28, 2025"
2025-03-21,"Mar 21, 2025",ind_prs21032025_1.pdf,https://www.niftyindices.com/Press_Release/ind_prs21032025_1.pdf,"Shri Ashwani Bhatia, SEBI Whole-Time Member launches NSE's dedicated website for Indian Municipal Bonds"
2025-03-21,"Mar 21, 2025",ind_prs21032025_2.pdf,https://www.niftyindices.com/Press_Release/ind_prs21032025_2.pdf,"Replacement in Nifty SME Emerge index w.e.f. March 28, 2025"
2025-03-21,"Mar 21, 2025",ind_prs21032025.pdf,https://www.niftyindices.com/Press_Release/ind_prs21032025.pdf,Changes in Nifty Fixed Income indices w.e.f. 28 Mar 2025
2025-03-17,"Mar 17, 2025",ind_prs17032025.pdf,https://www.niftyindices.com/Press_Release/ind_prs17032025.pdf,Replacement in indices
2025-03-17,"Mar 17, 2025",ind_prs17032025_1.pdf,https://www.niftyindices.com/Press_Release/ind_prs17032025_1.pdf,"Exclusion of Odigma Consultancy Solutions Ltd. from Nifty indices w.e.f. March 19, 2025"
2025-03-13,"Mar 13, 2025",ind_prs13032025.pdf,https://www.niftyindices.com/Press_Release/ind_prs13032025.pdf,"Replacements in indices w.e.f. March 28, 2025"
2025-03-11,"Mar 11, 2025",ind_prs11032025.pdf,https://www.niftyindices.com/Press_Release/ind_prs11032025.pdf,NSE Indices launches Nifty Chemicals Index
2025-03-10,"Mar 10, 2025",ind_prs10032025.pdf,https://www.niftyindices.com/Press_Release/ind_prs10032025.pdf,Changes in Nifty Fixed Income indices w.e.f. March 13 2025
2025-03-06,"Mar 06, 2025",ind_prs06032025_1.pdf,https://www.niftyindices.com/Press_Release/ind_prs06032025_1.pdf,"Replacement in Nifty SME Emerge index w.e.f. March 13, 2025"
2025-03-06,"Mar 06, 2025",ind_prs06032025.pdf,https://www.niftyindices.com/Press_Release/ind_prs06032025.pdf,"Replacement in indices w.e.f. March 10, 2025"
2025-02-28,"Feb 28, 2025",ind_prs28022025.pdf,https://www.niftyindices.com/Press_Release/ind_prs28022025.pdf,NSE Indices launches Nifty India Internet & E-Commerce Index
2025-02-25,"Feb 25, 2025",ind_prs25022025.pdf,https://www.niftyindices.com/Press_Release/ind_prs25022025.pdf,NSE Indices launches two new target maturity indices
2025-02-25,"Feb 25, 2025",ind_prs25022025_1.pdf,https://www.niftyindices.com/Press_Release/ind_prs25022025_1.pdf,"Replacement in Nifty IPO w.e.f. March 03, 2025"
2025-02-25,"Feb 25, 2025",ind_prs25022025_2.pdf,https://www.niftyindices.com/Press_Release/ind_prs25022025_2.pdf,"Changes in Nifty Fixed Income indices w.e.f. March 03, 2025"
2025-02-24,"Feb 24, 2025",ind_prs24022025.pdf,https://www.niftyindices.com/Press_Release/ind_prs24022025.pdf,Changes in Nifty Fixed Income indices w.e.f. 28 Feb 2025
2025-02-21,"Feb 21, 2025",ind_prs21022025.pdf,https://www.niftyindices.com/Press_Release/ind_prs21022025.pdf,"Replacements in indices w.e.f. March 28, 2025"
2025-02-20,"Feb 20, 2025",ind_prs20022025.pdf,https://www.niftyindices.com/Press_Release/ind_prs20022025.pdf,"Replacement in Nifty IPO w.e.f. February 25, 2025"
2025-02-20,"Feb 20, 2025",ind_prs20022025_1.pdf,https://www.niftyindices.com/Press_Release/ind_prs20022025_1.pdf,Changes in Nifty Fixed Income indices w.e.f. 28 Feb 2025
2025-02-18,"Feb 18, 2025",ind_prs18022025.pdf,https://www.niftyindices.com/Press_Release/ind_prs18022025.pdf,"Replacements in indices w.e.f. February 28, 2028"
2025-02-18,"Feb 18, 2025",ind_prs18022025_1.pdf,https://www.niftyindices.com/Press_Release/ind_prs18022025_1.pdf,"Replacement in Nifty IPO w.e.f. February 21, 2025"
2025-02-14,"Feb 14, 2025",ind_prs14022025.pdf,https://www.niftyindices.com/Press_Release/ind_prs14022025.pdf,Meeting of the Index Maintenance Sub-Committee (Equity)
2025-02-06,"Feb 06, 2025",ind_prs06022025.pdf,https://www.niftyindices.com/Press_Release/ind_prs06022025.pdf,NSE Indices launches Nifty500 Multifactor MQVLv 50 Index
2025-02-06,"Feb 06, 2025",ind_prs06022025_1.pdf,https://www.niftyindices.com/Press_Release/ind_prs06022025_1.pdf,"Exclusion of ITC Hotels Ltd. from Nifty indices w.e.f. February 10, 2025"
2025-02-05,"Feb 05, 2025",ind_prs05022025.pdf,https://www.niftyindices.com/Press_Release/ind_prs05022025.pdf,"Replacement in Nifty IPO w.e.f. February 10, 2025"
2025-02-05,"Feb 05, 2025",ind_prs05022025_1.pdf,https://www.niftyindices.com/Press_Release/ind_prs05022025_1.pdf,"Exclusion of Onesource Specialty Pharma Ltd. from Nifty indices w.e.f. February 07, 2025"
2025-01-30,"Jan 30, 2025",ind_prs30012025.pdf,https://www.niftyindices.com/Press_Release/ind_prs30012025.pdf,"Replacement in Nifty IPO w.e.f. February 03, 2025"
2025-01-28,"Jan 28, 2025",ind_prs28012025.pdf,https://www.niftyindices.com/Press_Release/ind_prs28012025.pdf,Changes in Nifty Fixed Income indices w.e.f. 31 Jan 2025
2025-01-24,"Jan 24, 2025",ind_prs24012025.pdf,https://www.niftyindices.com/Press_Release/ind_prs24012025.pdf,"Replacement in Nifty IPO w.e.f. January 29, 2025"
2025-01-24,"Jan 24, 2025",ind_prs24012025_1.pdf,https://www.niftyindices.com/Press_Release/ind_prs24012025_1.pdf,Changes in Nifty Fixed Income indices w.e.f. 31 Jan 2025
2025-01-24,"Jan 24, 2025",ind_prs24012025_2.pdf,https://www.niftyindices.com/Press_Release/ind_prs24012025_2.pdf,NSE Indices launches new Sub-Category level Nifty AIF Benchmark
2025-01-24,"Jan 24, 2025",ind_prs24012025_3.pdf,https://www.niftyindices.com/Press_Release/ind_prs24012025_3.pdf,"Live trading session on Saturday, February 01, 2025"
2025-01-21,"Jan 21, 2025",ind_prs21012025.pdf,https://www.niftyindices.com/Press_Release/ind_prs21012025.pdf,"Replacement in Nifty IPO w.e.f. January 24, 2025"
2025-01-15,"Jan 15, 2025",ind_prs15012025.pdf,https://www.niftyindices.com/Press_Release/ind_prs15012025.pdf,"Replacement in Nifty IPO w.e.f. January 20, 2025"
2025-01-14,"Jan 14, 2025",ind_prs14012025.pdf,https://www.niftyindices.com/Press_Release/ind_prs14012025.pdf,"Replacement in Nifty IPO w.e.f. January 17, 2025"
2025-01-08,"Jan 08, 2025",ind_prs08012025.pdf,https://www.niftyindices.com/Press_Release/ind_prs08012025.pdf,"Replacement in Nifty IPO index w.e.f. January 13, 2025"
2025-01-01,"Jan 01, 2025",ind_prs01012025.pdf,https://www.niftyindices.com/Press_Release/ind_prs01012025.pdf,"Replacements in Nifty IPO index w.e.f. January 06, 2025"
2024-12-31,"Dec 31, 2024",ind_prs31122024.pdf,https://www.niftyindices.com/Press_Release/ind_prs31122024.pdf,"Replacements in Nifty IPO index w.e.f. January 03, 2025"
2024-12-30,"Dec 30, 2024",ind_prs30122024.pdf,https://www.niftyindices.com/Press_Release/ind_prs30122024.pdf,Corporate Adjustment for ITC Ltd. in Nifty Indices
2024-12-30,"Dec 30, 2024",ind_prs30122024_1.pdf,https://www.niftyindices.com/Press_Release/ind_prs30122024_1.pdf,"Replacements in Nifty IPO index w.e.f. January 02, 2025"
2024-12-26,"Dec 26, 2024",ind_prs26122024.pdf,https://www.niftyindices.com/Press_Release/ind_prs26122024.pdf,"Replacements in Nifty IPO w.e.f. December 31, 2024"
2024-12-26,"Dec 26, 2024",ind_prs26122024_1.pdf,https://www.niftyindices.com/Press_Release/ind_prs26122024_1.pdf,"Changes in Nifty Fixed Income indices w.e.f. December 31, 2024"
2024-12-24,"Dec 24, 2024",ind_prs24122024.pdf,https://www.niftyindices.com/Press_Release/ind_prs24122024.pdf,"Replacement in Nifty SME Emerge w.e.f. December 27, 2024"
2024-12-23,"Dec 23, 2024",ind_prs23122024_1.pdf,https://www.niftyindices.com/Press_Release/ind_prs23122024_1.pdf,"Changes in Nifty Fixed Income indices w.e.f. December 31, 2024"
2024-12-23,"Dec 23, 2024",ind_prs23122024.pdf,https://www.niftyindices.com/Press_Release/ind_prs23122024.pdf,"Replacement in Nifty IPO w.e.f. December 27, 2024"
2024-12-20,"Dec 20, 2024",ind_prs20122024_1.pdf,https://www.niftyindices.com/Press_Release/ind_prs20122024_1.pdf,"Replacement in Nifty IPO w.e.f. December 26, 2024"
2024-12-20,"Dec 20, 2024",ind_prs20122024.pdf,https://www.niftyindices.com/Press_Release/ind_prs20122024.pdf,NSE Indices launches two new strategy indices
2024-12-19,"Dec 19, 2024",ind_prs19122024.pdf,https://www.niftyindices.com/Press_Release/ind_prs19122024.pdf,"Replacements in Nifty IPO w.e.f. December 24, 2024"
2024-12-11,"Dec 11, 2024",ind_prs11122024.pdf,https://www.niftyindices.com/Press_Release/ind_prs11122024.pdf,"Replacements in indices and Revision in criteria w.e.f. December 31, 2024"
2024-12-09,"Dec 09, 2024",ind_prs09122024.pdf,https://www.niftyindices.com/Press_Release/ind_prs09122024.pdf,"Replacement in Nifty IPO w.e.f. December 12, 2024"
2024-12-02,"Dec 02, 2024",ind_prs02122024.pdf,https://www.niftyindices.com/Press_Release/ind_prs02122024.pdf,"Replacement in Nifty IPO w.e.f. December 05, 2024"
2024-12-02,"Dec 02, 2024",ind_prs02122024_1.pdf,https://www.niftyindices.com/Press_Release/ind_prs02122024_1.pdf,Corporate Adjustment for Strides Pharma Science Ltd.
2024-11-28,"Nov 28, 2024",ind_prs28112024.pdf,https://www.niftyindices.com/Press_Release/ind_prs28112024.pdf,Corporate Adjustment for Emkay Taps and Cutting Tools Ltd. in Nifty SME Emerge
2024-11-28,"Nov 28, 2024",ind_prs28112024_1.pdf,https://www.niftyindices.com/Press_Release/ind_prs28112024_1.pdf,"Replacement in Nifty IPO w.e.f. December 03, 2024"
2024-11-28,"Nov 28, 2024",ind_prs28112024_2.pdf,https://www.niftyindices.com/Press_Release/ind_prs28112024_2.pdf,"Replacement in Nifty SME Emerge w.e.f. December 02, 2024"
2024-11-25,"Nov 25, 2024",ind_prs25112024.pdf,https://www.niftyindices.com/Press_Release/ind_prs25112024.pdf,NSE Indices launches Nifty India Railways PSU Index
2024-11-25,"Nov 25, 2024",ind_prs25112024_1.pdf,https://www.niftyindices.com/Press_Release/ind_prs25112024_1.pdf,"Replacement in Nifty IPO w.e.f. November 28, 2024"
2024-11-22,"Nov 22, 2024",ind_prs22112024_1.pdf,https://www.niftyindices.com/Press_Release/ind_prs22112024_1.pdf,"Changes in Nifty Fixed Income indices w.e.f. November 29, 2024"
2024-11-22,"Nov 22, 2024",ind_prs22112024.pdf,https://www.niftyindices.com/Press_Release/ind_prs22112024.pdf,"Replacements in indices w.e.f. November 29, 2024"
2024-11-18,"Nov 18, 2024",ind_prs18112024.pdf,https://www.niftyindices.com/Press_Release/ind_prs18112024.pdf,"Replacement in Nifty IPO w.e.f. November 22, 2024"
2024-11-14,"Nov 14, 2024",ind_prs14112024.pdf,https://www.niftyindices.com/Press_Release/ind_prs14112024.pdf,"Replacement in Nifty IPO w.e.f. November 21, 2024"
2024-11-13,"Nov 13, 2024",ind_prs13112024.pdf,https://www.niftyindices.com/Press_Release/ind_prs13112024.pdf,"Replacement in Nifty IPO w.e.f. November 19, 2024"
2024-11-12,"Nov 12, 2024",ind_prs12112024.pdf,https://www.niftyindices.com/Press_Release/ind_prs12112024.pdf,NSE Indices launches Nifty India Select 5 Corporate Groups (MAATR)
2024-11-05,"Nov 05, 2024",ind_prs05112024.pdf,https://www.niftyindices.com/Press_Release/ind_prs05112024.pdf,"Replacement in Nifty IPO index w.e.f. November 08, 2024"
2024-11-05,"Nov 05, 2024",ind_prs05112024_1.pdf,https://www.niftyindices.com/Press_Release/ind_prs05112024_1.pdf,"Replacement in Nifty SME Emerge index w.e.f. November 12, 2024"
2024-10-31,"Oct 31, 2024",ind_prs31102024.pdf,https://www.niftyindices.com/Press_Release/ind_prs31102024.pdf,"Replacement in Nifty IPO index w.e.f. November 05, 2024"
2024-10-29,"Oct 29, 2024",ind_prs29102024.pdf,https://www.niftyindices.com/Press_Release/ind_prs29102024.pdf,"Replacements in Nifty IPO index w.e.f. November 01, 2024"
2024-10-29,"Oct 29, 2024",ind_prs29102024_1.pdf,https://www.niftyindices.com/Press_Release/ind_prs29102024_1.pdf,"Replacement in Nifty SME Emerge index w.e.f. November 05, 2024"
2024-10-28,"Oct 28, 2024",ind_prs28102024.pdf,https://www.niftyindices.com/Press_Release/ind_prs28102024.pdf,Changes in Nifty Fixed Income indices w.e.f. October 31 2024
2024-10-25,"Oct 25, 2024",ind_prs25102024.pdf,https://www.niftyindices.com/Press_Release/ind_prs25102024.pdf,NSE Indices launches Nifty India New Age Consumption Index
2024-10-24,"Oct 24, 2024",ind_prs24102024.pdf,https://www.niftyindices.com/Press_Release/ind_prs24102024.pdf,Changes in Nifty Fixed Income indices w.e.f. October 31 2024
2024-10-23,"Oct 23, 2024",ind_prs23102024.pdf,https://www.niftyindices.com/Press_Release/ind_prs23102024.pdf,"Replacement in Nifty IPO w.e.f. October 28, 2024"
2024-10-22,"Oct 22, 2024",ind_prs22102024.pdf,https://www.niftyindices.com/Press_Release/ind_prs22102024.pdf,NSE Indices launches Nifty Top 20 Equal Weight Index
2024-10-16,"Oct 16, 2024",ind_prs16102024.pdf,https://www.niftyindices.com/Press_Release/ind_prs16102024.pdf,"Replacement in Nifty IPO w.e.f. October 21, 2024"
2024-10-15,"Oct 15, 2024",ind_prs15102024.pdf,https://www.niftyindices.com/Press_Release/ind_prs15102024.pdf,NSE Indices launches Nifty Top 15 Equal Weight Index
2024-10-10,"Oct 10, 2024",ind_prs10102024.pdf,https://www.niftyindices.com/Press_Release/ind_prs10102024.pdf,"Replacement in indices w.e.f. October 16, 2024"
2024-10-10,"Oct 10, 2024",ind_prs10102024_1.pdf,https://www.niftyindices.com/Press_Release/ind_prs10102024_1.pdf,"Replacements in indices w.e.f. October 31, 2024"
2024-10-10,"Oct 10, 2024",ind_prs10102024_2.pdf,https://www.niftyindices.com/Press_Release/ind_prs10102024_2.pdf,"Changes in Nifty Fixed Income indices w.e.f. October 15, 2024"
2024-10-07,"Oct 07, 2024",ind_prs07102024.pdf,https://www.niftyindices.com/Press_Release/ind_prs07102024.pdf,"Replacement in Nifty IPO w.e.f. October 10, 2024"
2024-10-04,"Oct 04, 2024",ind_prs04102024_2.pdf,https://www.niftyindices.com/Press_Release/ind_prs04102024_2.pdf,"Changes in Nifty Fixed Income indices w.e.f. October 11, 2024"
2024-10-04,"Oct 04, 2024",ind_prs04102024.pdf,https://www.niftyindices.com/Press_Release/ind_prs04102024.pdf,"Replacement in indices w.e.f. October 10, 2024"
2024-10-04,"Oct 04, 2024",ind_prs04102024_1.pdf,https://www.niftyindices.com/Press_Release/ind_prs04102024_1.pdf,"Replacement in Nifty IPO w.e.f. October 09, 2024"
2024-10-01,"Oct 01, 2024",ind_prs01102024.pdf,https://www.niftyindices.com/Press_Release/ind_prs01102024.pdf,"Replacement in Nifty IPO w.e.f. October 07, 2024"
2024-09-25,"Sep 25, 2024",ind_prs25092024.pdf,https://www.niftyindices.com/Press_Release/ind_prs25092024.pdf,Replacements in indices
2024-09-25,"Sep 25, 2024",ind_prs25092024_1.pdf,https://www.niftyindices.com/Press_Release/ind_prs25092024_1.pdf,"Changes in Nifty Fixed Income indices w.e.f. September 30, 2024"
2024-09-23,"Sep 23, 2024",ind_prs23092024.pdf,https://www.niftyindices.com/Press_Release/ind_prs23092024.pdf,Replacements in indices and revision in guideline for calculation of 'Investable Weight Factor' (IWF)
2024-09-23,"Sep 23, 2024",ind_prs23092024_1.pdf,https://www.niftyindices.com/Press_Release/ind_prs23092024_1.pdf,"Changes in Nifty Fixed Income indices w.e.f. September 30, 2024"
2024-09-19,"Sep 19, 2024",ind_prs19092024.pdf,https://www.niftyindices.com/Press_Release/ind_prs19092024.pdf,"Exclusion of Sanofi Consumer Healthcare India Ltd. from Nifty indices w.e.f. September 23, 2024"
2024-09-18,"Sep 18, 2024",ind_prs18092024.pdf,https://www.niftyindices.com/Press_Release/ind_prs18092024.pdf,"Replacement in Nifty IPO index w.e.f. September 23, 2024"
2024-09-17,"Sep 17, 2024",ind_prs17092024_1.pdf,https://www.niftyindices.com/Press_Release/ind_prs17092024_1.pdf,"Changes in Nifty Fixed Income indices w.e.f. September 23, 2024"
2024-09-17,"Sep 17, 2024",ind_prs17092024.pdf,https://www.niftyindices.com/Press_Release/ind_prs17092024.pdf,"Replacements in Nifty IPO index w.e.f. September 20, 2024"
2024-09-13,"Sep 13, 2024",ind_prs13092024.pdf,https://www.niftyindices.com/Press_Release/ind_prs13092024.pdf,"Exclusion of Raymond Lifestyle Ltd. from Nifty indices w.e.f. September 17, 2024"
2024-09-13,"Sep 13, 2024",ind_prs13092024_1.pdf,https://www.niftyindices.com/Press_Release/ind_prs13092024_1.pdf,"Replacement in Nifty IPO index w.e.f. September 18, 2024"
2024-09-10,"Sep 10, 2024",ind_prs10092024.pdf,https://www.niftyindices.com/Press_Release/ind_prs10092024.pdf,"Replacement in Nifty IPO w.e.f. September 13, 2024"
2024-09-10,"Sep 10, 2024",ind_prs10092024_1.pdf,https://www.niftyindices.com/Press_Release/ind_prs10092024_1.pdf,"Changes in Nifty Fixed Income indices w.e.f. September 13, 2024"
2024-09-09,"Sep 09, 2024",ind_prs09092024.pdf,https://www.niftyindices.com/Press_Release/ind_prs09092024.pdf,NSE Indices launches Nifty Capital Markets Index
2024-09-09,"Sep 09, 2024",ind_prs09092024_1.pdf,https://www.niftyindices.com/Press_Release/ind_prs09092024_1.pdf,"Replacement in Nifty IPO index w.e.f. September 12, 2024"
2024-09-09,"Sep 09, 2024",ind_prs09092024_2.pdf,https://www.niftyindices.com/Press_Release/ind_prs09092024_2.pdf,Changes in Nifty Fixed Income indices
2024-09-06,"Sep 06, 2024",ind_prs06092024.pdf,https://www.niftyindices.com/Press_Release/ind_prs06092024.pdf,Corporate Adjustment for Infibeam Avenues Ltd. in Nifty indices
2024-09-05,"Sep 05, 2024",ind_prs05092024.pdf,https://www.niftyindices.com/Press_Release/ind_prs05092024.pdf,"Replacement in Nifty IPO index w.e.f. September 10, 2024"
2024-09-04,"Sep 04, 2024",ind_prs04092024_1.pdf,https://www.niftyindices.com/Press_Release/ind_prs04092024_1.pdf,"Replacement in Nifty IPO index w.e.f. September 09, 2024"
2024-09-04,"Sep 04, 2024",ind_prs04092024.pdf,https://www.niftyindices.com/Press_Release/ind_prs04092024.pdf,NSE Indices launches Nifty500 Multicap Momentum Quality 50 index
2024-08-30,"Aug 30, 2024",ind_prs30082024.pdf,https://www.niftyindices.com/Press_Release/ind_prs30082024.pdf,"Changes in Nifty Fixed Income indices w.e.f. September 04, 2024"
2024-08-29,"Aug 29, 2024",ind_prs29082024.pdf,https://www.niftyindices.com/Press_Release/ind_prs29082024.pdf,"Replacement in Nifty IPO index w.e.f. September 03, 2024"
2024-08-27,"Aug 27, 2024",ind_prs27082024.pdf,https://www.niftyindices.com/Press_Release/ind_prs27082024.pdf,"Replacements in indices w.e.f. September 03, 2024"
2024-08-27,"Aug 27, 2024",ind_prs27082024_1.pdf,https://www.niftyindices.com/Press_Release/ind_prs27082024_1.pdf,"Replacement in Nifty IPO index w.e.f. August 30, 2024"
2024-08-23,"Aug 23, 2024",ind_prs23082024.pdf,https://www.niftyindices.com/Press_Release/ind_prs23082024.pdf,"Replacements in indices and revision in criteria w.e.f. September 30, 2024"
2024-08-23,"Aug 23, 2024",ind_prs23082024_1.pdf,https://www.niftyindices.com/Press_Release/ind_prs23082024_1.pdf,"Replacements in indices w.e.f. August 30, 2024"
2024-08-23,"Aug 23, 2024",ind_prs23082024_2.pdf,https://www.niftyindices.com/Press_Release/ind_prs23082024_2.pdf,Changes in Nifty Fixed Income indices
2024-08-21,"Aug 21, 2024",ind_prs21082024.pdf,https://www.niftyindices.com/Press_Release/ind_prs21082024.pdf,"Replacement in Nifty IPO index w.e.f. August 26, 2024"
2024-08-16,"Aug 16, 2024",ind_prs16082024.pdf,https://www.niftyindices.com/Press_Release/ind_prs16082024.pdf,Meeting of the Index Maintenance Sub-Committee (Equity)
2024-08-14,"Aug 14, 2024",ind_prs14082024.pdf,https://www.niftyindices.com/Press_Release/ind_prs14082024.pdf,"Replacements in Nifty IPO index w.e.f. August 20, 2024"
2024-08-12,"Aug 12, 2024",ind_prs12082024.pdf,https://www.niftyindices.com/Press_Release/ind_prs12082024.pdf,"Replacement in Nifty IPO index w.e.f. August 16, 2024"
2024-08-09,"Aug 09, 2024",ind_prs09082024.pdf,https://www.niftyindices.com/Press_Release/ind_prs09082024.pdf,"Replacement in Nifty IPO index w.e.f. August 14, 2024"
2024-08-09,"Aug 09, 2024",ind_prs09082024_1.pdf,https://www.niftyindices.com/Press_Release/ind_prs09082024_1.pdf,"Changes in Nifty Fixed Income indices w.e.f. August 14, 2024"
2024-08-07,"Aug 07, 2024",ind_prs07082024.pdf,https://www.niftyindices.com/Press_Release/ind_prs07082024.pdf,"Replacement in Nifty IPO index w.e.f. August 12, 2024"
2024-07-26,"Jul 26, 2024",ind_prs26072024.pdf,https://www.niftyindices.com/Press_Release/ind_prs26072024.pdf,"Replacement in Nifty IPO index w.e.f. August 01, 2024"
2024-07-25,"Jul 25, 2024",ind_prs25072024.pdf,https://www.niftyindices.com/Press_Release/ind_prs25072024.pdf,NSE Indices launches Nifty Rural Index
2024-07-24,"Jul 24, 2024",ind_prs24072024.pdf,https://www.niftyindices.com/Press_Release/ind_prs24072024.pdf,"Replacements in indices w.e.f. July 31, 2024"
2024-07-24,"Jul 24, 2024",ind_prs24072024_1.pdf,https://www.niftyindices.com/Press_Release/ind_prs24072024_1.pdf,Changes in Nifty Fixed Income indices
2024-07-19,"Jul 19, 2024",ind_prs19072024.pdf,https://www.niftyindices.com/Press_Release/ind_prs19072024.pdf,NSE Indices launches Nifty IPO Index
2024-07-18,"Jul 18, 2024",ind_prs18072024.pdf,https://www.niftyindices.com/Press_Release/ind_prs18072024.pdf,"Changes in Nifty Fixed Income indices w.e.f. July 23, 2024"
2024-07-05,"Jul 05, 2024",ind_prs05072024.pdf,https://www.niftyindices.com/Press_Release/ind_prs05072024.pdf,Corporate Adjustment for Raymond Ltd. in Nifty indices
2024-06-27,"Jun 27, 2024",ind_prs27062024.pdf,https://www.niftyindices.com/Press_Release/ind_prs27062024.pdf,"Replacement in Nifty SME Emerge w.e.f. July 01, 2024"
2024-06-26,"Jun 26, 2024",ind_prs26062024.pdf,https://www.niftyindices.com/Press_Release/ind_prs26062024.pdf,Changes in Nifty Fixed Income indices
2024-06-25,"Jun 25, 2024",ind_prs25062024.pdf,https://www.niftyindices.com/Press_Release/ind_prs25062024.pdf,"Changes in Nifty Fixed Income indices w.e.f. June 28, 2024"
2024-06-24,"Jun 24, 2024",ind_prs24062024.pdf,https://www.niftyindices.com/Press_Release/ind_prs24062024.pdf,NSE Indices launches Nifty Top 10 Equal Weight Index
2024-06-21,"Jun 21, 2024",ind_prs21062024.pdf,https://www.niftyindices.com/Press_Release/ind_prs21062024.pdf,"Replacement in Nifty SME Emerge index w.e.f. June 25, 2024"
2024-06-21,"Jun 21, 2024",ind_prs21062024_1.pdf,https://www.niftyindices.com/Press_Release/ind_prs21062024_1.pdf,"Replacement in indices w.e.f. June 28, 2024"
2024-06-21,"Jun 21, 2024",ind_prs21062024_2.pdf,https://www.niftyindices.com/Press_Release/ind_prs21062024_2.pdf,Changes in Nifty Fixed Income indices
2024-06-20,"Jun 20, 2024",ind_prs20062024.pdf,https://www.niftyindices.com/Press_Release/ind_prs20062024.pdf,"Changes in Nifty Fixed Income indices w.e.f. June 25, 2024"
2024-06-18,"Jun 18, 2024",ind_prs18062024.pdf,https://www.niftyindices.com/Press_Release/ind_prs18062024.pdf,NSE Indices launches Nifty India Tourism Index
2024-06-12,"Jun 12, 2024",ind_prs12062024.pdf,https://www.niftyindices.com/Press_Release/ind_prs12062024.pdf,NSE Indices launches Nifty200 Value 30 Index
2024-06-07,"Jun 07, 2024",ind_prs07062024_1.pdf,https://www.niftyindices.com/Press_Release/ind_prs07062024_1.pdf,NSE Indices launches Nifty500 LargeMidSmall Equal-Cap Weighted index
2024-06-07,"Jun 07, 2024",ind_prs07062024_2.pdf,https://www.niftyindices.com/Press_Release/ind_prs07062024_2.pdf,Corporate Adjustment for Sanofi India Ltd. in Nifty indices
2024-06-07,"Jun 07, 2024",ind_prs07062024.pdf,https://www.niftyindices.com/Press_Release/ind_prs07062024.pdf,Replacements in indices
2024-06-05,"Jun 05, 2024",ind_prs05062024.pdf,https://www.niftyindices.com/Press_Release/ind_prs05062024.pdf,"Changes in Nifty Fixed Income indices w.e.f. June 10, 2024"
2024-06-04,"Jun 04, 2024",ind_prs04062024.pdf,https://www.niftyindices.com/Press_Release/ind_prs04062024.pdf,NSE Indices launches Nifty500 Momentum 50 index
2024-06-03,"Jun 03, 2024",ind_prs03062024.pdf,https://www.niftyindices.com/Press_Release/ind_prs03062024.pdf,"Changes in Nifty Fixed Income indices w.e.f. June 06, 2024"
2024-05-31,"May 31, 2024",ind_prs31052024.pdf,https://www.niftyindices.com/Press_Release/ind_prs31052024.pdf,NSE Indices launches Nifty500 Equal Weight Index
2024-05-30,"May 30, 2024",ind_prs30052024.pdf,https://www.niftyindices.com/Press_Release/ind_prs30052024.pdf,NSE Indices launches India's first Electric Vehicle Index
2024-05-29,"May 29, 2024",ind_prs29052024.pdf,https://www.niftyindices.com/Press_Release/ind_prs29052024.pdf,"Changes in Nifty Fixed Income indices w.e.f. June 03, 2024"
2024-05-28,"May 28, 2024",ind_prs28052024.pdf,https://www.niftyindices.com/Press_Release/ind_prs28052024.pdf,"Changes in Nifty Fixed Income indices w.e.f. May 31, 2024"
2024-05-24,"May 24, 2024",ind_prs24052024.pdf,https://www.niftyindices.com/Press_Release/ind_prs24052024.pdf,Changes in Nifty Fixed Income indices
2024-05-22,"May 22, 2024",ind_prs22052024.pdf,https://www.niftyindices.com/Press_Release/ind_prs22052024.pdf,"Replacements in indices w.e.f. May 31, 2024"
2024-05-14,"May 14, 2024",ind_prs14052024.pdf,https://www.niftyindices.com/Press_Release/ind_prs14052024.pdf,"Changes in Nifty Fixed Income indices w.e.f. May 17, 2024"
2024-05-13,"May 13, 2024",ind_prs13052024.pdf,https://www.niftyindices.com/Press_Release/ind_prs13052024.pdf,"Changes in Nifty Fixed Income indices w.e.f. May 16, 2024"
2024-04-25,"Apr 25, 2024",ind_prs25042024.pdf,https://www.niftyindices.com/Press_Release/ind_prs25042024.pdf,"Changes in Nifty Fixed Income indices w.e.f. April 30, 2024"
2024-04-24,"Apr 24, 2024",ind_prs24042024.pdf,https://www.niftyindices.com/Press_Release/ind_prs24042024.pdf,Replacement in indices w.e.f. April 26 2024
2024-04-24,"Apr 24, 2024",ind_prs24042024_1.pdf,https://www.niftyindices.com/Press_Release/ind_prs24042024_1.pdf,"Replacement in indices w.e.f. May 03, 2024"
2024-04-24,"Apr 24, 2024",ind_prs24042024_2.pdf,https://www.niftyindices.com/Press_Release/ind_prs24042024_2.pdf,"Changes in Nifty Fixed Income indices w.e.f. April 29, 2024"
2024-04-23,"Apr 23, 2024",ind_prs23042024.pdf,https://www.niftyindices.com/Press_Release/ind_prs23042024.pdf,Changes in Nifty Fixed Income indices
2024-04-18,"Apr 18, 2024",ind_prs18042024.pdf,https://www.niftyindices.com/Press_Release/ind_prs18042024.pdf,Revision in names of Nifty Corporate Group Indices
2024-04-05,"Apr 05, 2024",ind_prs05042024.pdf,https://www.niftyindices.com/Press_Release/ind_prs05042024.pdf,"Changes in Nifty Fixed Income indices w.e.f. April 16, 2024"
2024-04-02,"Apr 02, 2024",ind_prs02042024.pdf,https://www.niftyindices.com/Press_Release/ind_prs02042024.pdf,"Changes in Nifty Fixed Income indices w.e.f. April 05, 2024"
2024-03-28,"Mar 28, 2024",ind_prs28032024.pdf,https://www.niftyindices.com/Press_Release/ind_prs28032024.pdf,NSE Indices wins '2024 Best of the Best Awards' by Asia Asset Management for Index Provider of the Year in India & Best ESG Index Provider in India
2024-03-22,"Mar 22, 2024",ind_prs22032024.pdf,https://www.niftyindices.com/Press_Release/ind_prs22032024.pdf,"Changes in Nifty Fixed Income indices w.e.f. March 28, 2024"
2024-03-20,"Mar 20, 2024",ind_prs20032024.pdf,https://www.niftyindices.com/Press_Release/ind_prs20032024.pdf,Changes in Nifty Fixed Income indices
2024-03-19,"Mar 19, 2024",ind_prs19032024.pdf,https://www.niftyindices.com/Press_Release/ind_prs19032024.pdf,Replacements in indices w.e.f. March 28 2024
2024-03-14,"Mar 14, 2024",ind_prs14032024.pdf,https://www.niftyindices.com/Press_Release/ind_prs14032024.pdf,"Replacements in indices w.e.f. March 28, 2024"
2024-03-13,"Mar 13, 2024",ind_prs13032024.pdf,https://www.niftyindices.com/Press_Release/ind_prs13032024.pdf,NSE Indices launches Nifty AAA Bond Jun 2025 HTM Index
2024-03-07,"Mar 07, 2024",ind_prs07032024.pdf,https://www.niftyindices.com/Press_Release/ind_prs07032024.pdf,NSE Indices launches new Sub-Category level Nifty AIF Benchmark and Fund of Funds Benchmark
2024-03-06,"Mar 06, 2024",ind_prs06032024.pdf,https://www.niftyindices.com/Press_Release/ind_prs06032024.pdf,NSE Indices launches two new thematic indices
2024-02-28,"Feb 28, 2024",ind_prs28022024.pdf,https://www.niftyindices.com/Press_Release/ind_prs28022024.pdf,"Replacements in indices w.e.f. March 28, 2024"
2024-02-27,"Feb 27, 2024",ind_prs27022024.pdf,https://www.niftyindices.com/Press_Release/ind_prs27022024.pdf,Meeting of the Index Maintenance Sub-Committee (Equity)
2024-02-26,"Feb 26, 2024",ind_prs26022024.pdf,https://www.niftyindices.com/Press_Release/ind_prs26022024.pdf,Revision in methodology of Nifty equity indices
2024-02-26,"Feb 26, 2024",ind_prs26022024_1.pdf,https://www.niftyindices.com/Press_Release/ind_prs26022024_1.pdf,"Changes in Nifty Fixed Income indices w.e.f. February 29, 2024"
2024-02-23,"Feb 23, 2024",ind_prs23022024.pdf,https://www.niftyindices.com/Press_Release/ind_prs23022024.pdf,"Changes in Nifty Fixed Income indices w.e.f. February 28, 2024"
2024-02-15,"Feb 15, 2024",ind_prs15022024.pdf,https://www.niftyindices.com/Press_Release/ind_prs15022024.pdf,Higher frequency for real time index dissemination
2024-02-08,"Feb 08, 2024",ind_prs08022024.pdf,https://www.niftyindices.com/Press_Release/ind_prs08022024.pdf,NSE Indices launches Nifty MidSmallcap400 Momentum Quality 100 index
2024-01-30,"Jan 30, 2024",ind_prs30012024.pdf,https://www.niftyindices.com/Press_Release/ind_prs30012024.pdf,"Replacement in indices w.e.f. February 06, 2024"
2024-01-25,"Jan 25, 2024",ind_prs25012024.pdf,https://www.niftyindices.com/Press_Release/ind_prs25012024.pdf,"Changes in Nifty Fixed Income indices w.e.f. January 31, 2024"
2024-01-23,"Jan 23, 2024",ind_prs23012024.pdf,https://www.niftyindices.com/Press_Release/ind_prs23012024.pdf,"Changes in Nifty Fixed Income indices w.e.f. January 31, 2024"
2024-01-19,"Jan 19, 2024",ind_prs19012024.pdf,https://www.niftyindices.com/Press_Release/ind_prs19012024.pdf,"Replacement in indices w.e.f. January 31, 2024"
2024-01-11,"Jan 11, 2024",ind_prs11012024.pdf,https://www.niftyindices.com/Press_Release/ind_prs11012024.pdf,"Changes in Nifty Fixed Income indices w.e.f. January 16, 2024"
2024-01-10,"Jan 10, 2024",ind_prs10012024.pdf,https://www.niftyindices.com/Press_Release/ind_prs10012024.pdf,"Replacement in indices w.e.f. January 19, 2024"
2024-01-08,"Jan 08, 2024",ind_prs08012024.pdf,https://www.niftyindices.com/Press_Release/ind_prs08012024.pdf,Changes in Nifty Fixed Income indices
2023-12-26,"Dec 26, 2023",ind_prs26122023.pdf,https://www.niftyindices.com/Press_Release/ind_prs26122023.pdf,"Changes in Nifty Fixed Income indices w.e.f. December 29, 2023"
2023-12-21,"Dec 21, 2023",ind_prs21122023_1.pdf,https://www.niftyindices.com/Press_Release/ind_prs21122023_1.pdf,Changes in Nifty Fixed Income indices
2023-12-21,"Dec 21, 2023",ind_prs21122023_2.pdf,https://www.niftyindices.com/Press_Release/ind_prs21122023_2.pdf,"Revision in Nifty100 ESG indices w.e.f. December 29, 2023"
2023-12-21,"Dec 21, 2023",ind_prs21122023.pdf,https://www.niftyindices.com/Press_Release/ind_prs21122023.pdf,NSE Indices launches Nifty Smallcap250 Momentum Quality 100 index
2023-12-20,"Dec 20, 2023",ind_prs20122023.pdf,https://www.niftyindices.com/Press_Release/ind_prs20122023.pdf,New Passive Funds tracking Nifty Indices launched in Japan and Korea
2023-12-15,"Dec 15, 2023",ind_prs15122023.pdf,https://www.niftyindices.com/Press_Release/ind_prs15122023.pdf,"Changes in Nifty Fixed Income indices w.e.f. December 20, 2023"
2023-12-12,"Dec 12, 2023",ind_prs12122023.pdf,https://www.niftyindices.com/Press_Release/ind_prs12122023.pdf,"Changes in Nifty Fixed Income indices w.e.f. December 15, 2023"
2023-12-07,"Dec 07, 2023",ind_prs07122023.pdf,https://www.niftyindices.com/Press_Release/ind_prs07122023.pdf,"Replacements in indices w.e.f. December 29, 2023"
2023-12-05,"Dec 05, 2023",ind_prs05122023.pdf,https://www.niftyindices.com/Press_Release/ind_prs05122023.pdf,NSE Indices launches new variant of the Nifty 50 index - the Nifty 50 Net Total Return (NTR) index
2023-11-24,"Nov 24, 2023",ind_prs24112023.pdf,https://www.niftyindices.com/Press_Release/ind_prs24112023.pdf,"Changes in Nifty Fixed Income indices w.e.f. November 30, 2023"
2023-11-22,"Nov 22, 2023",ind_prs22112023.pdf,https://www.niftyindices.com/Press_Release/ind_prs22112023.pdf,"Changes in Nifty Fixed Income indices w.e.f. November 30, 2023"
2023-11-09,"Nov 09, 2023",ind_prs09112023.pdf,https://www.niftyindices.com/Press_Release/ind_prs09112023.pdf,"Replacement in index w.e.f. November 17, 2023"
2023-10-27,"Oct 27, 2023",ind_prs27102023.pdf,https://www.niftyindices.com/Press_Release/ind_prs27102023.pdf,Proposed revision in Nifty India Select 7 Government Bond Index
2023-10-26,"Oct 26, 2023",ind_prs26102023.pdf,https://www.niftyindices.com/Press_Release/ind_prs26102023.pdf,"Changes in Nifty Fixed Income indices w.e.f. October 31, 2023"
2023-10-25,"Oct 25, 2023",ind_prs25102023.pdf,https://www.niftyindices.com/Press_Release/ind_prs25102023.pdf,NSE Indices launches new Sub-Category level Nifty AIF Benchmarks
2023-10-17,"Oct 17, 2023",ind_prs17102023.pdf,https://www.niftyindices.com/Press_Release/ind_prs17102023.pdf,"Replacements in indices w.e.f. October 26, 2023"
2023-09-27,"Sep 27, 2023",ind_prs27092023.pdf,https://www.niftyindices.com/Press_Release/ind_prs27092023.pdf,Change in the replacement date for Nifty Fixed Income Indices
2023-09-25,"Sep 25, 2023",ind_prs25092023.pdf,https://www.niftyindices.com/Press_Release/ind_prs25092023.pdf,"Changes in Nifty Fixed Income indices w.e.f. September 29, 2023"
2023-09-22,"Sep 22, 2023",ind_prs22092023.pdf,https://www.niftyindices.com/Press_Release/ind_prs22092023.pdf,NSE Indices launches Nifty G-Sec Jul 2033 Index
2023-09-22,"Sep 22, 2023",ind_prs22092023_1.pdf,https://www.niftyindices.com/Press_Release/ind_prs22092023_1.pdf,"Replacement in Nifty SME Emerge index w.e.f. September 29, 2023"
2023-09-21,"Sep 21, 2023",ind_prs21092023.pdf,https://www.niftyindices.com/Press_Release/ind_prs21092023.pdf,"Changes in Nifty Fixed Income indices w.e.f. September 29, 2023"
2023-09-15,"Sep 15, 2023",ind_prs15092023.pdf,https://www.niftyindices.com/Press_Release/ind_prs15092023.pdf,"Replacements in indices w.e.f. September 29, 2023"
2023-09-05,"Sep 05, 2023",ind_prs05092023.pdf,https://www.niftyindices.com/Press_Release/ind_prs05092023.pdf,"Exclusion of Jio Financial Services Limited from Nifty indices w.e.f. September 7, 2023"
2023-08-28,"Aug 28, 2023",ind_prs28082023.pdf,https://www.niftyindices.com/Press_Release/ind_prs28082023.pdf,"Changes in Nifty Fixed Income indices w.e.f. August 31, 2023"
2023-08-25,"Aug 25, 2023",ind_prs25082023.pdf,https://www.niftyindices.com/Press_Release/ind_prs25082023.pdf,"Changes in Nifty Fixed Income indices w.e.f. September 01, 2023"
2023-08-24,"Aug 24, 2023",ind_prs24082023.pdf,https://www.niftyindices.com/Press_Release/ind_prs24082023.pdf,"Changes in Nifty Fixed Income indices w.e.f. August 31, 2023"
2023-08-23,"Aug 23, 2023",ind_prs23082023.pdf,https://www.niftyindices.com/Press_Release/ind_prs23082023.pdf,"Replacements in indices w.e.f. August 31, 2023"
2023-08-17,"Aug 17, 2023",ind_prs17082023.pdf,https://www.niftyindices.com/Press_Release/ind_prs17082023.pdf,Replacements in indices and revision in criteria
2023-08-09,"Aug 09, 2023",ind_prs09082023.pdf,https://www.niftyindices.com/Press_Release/ind_prs09082023.pdf,"Replacement in Nifty SME Emerge index w.e.f. August 11, 2023"
2023-08-07,"Aug 07, 2023",ind_prs07082023.pdf,https://www.niftyindices.com/Press_Release/ind_prs07082023.pdf,"Revision in Nifty Fixed Income Indices w.e.f. August 31, 2023"
2023-07-27,"Jul 27, 2023",ind_prs27072023.pdf,https://www.niftyindices.com/Press_Release/ind_prs27072023.pdf,"Changes in Nifty Fixed Income indices w.e.f. August 01, 2023"
2023-07-25,"Jul 25, 2023",ind_prs25072023.pdf,https://www.niftyindices.com/Press_Release/ind_prs25072023.pdf,"Changes in Nifty Fixed Income indices w.e.f. August 01, 2023"
2023-07-24,"Jul 24, 2023",ind_prs24072023.pdf,https://www.niftyindices.com/Press_Release/ind_prs24072023.pdf,"Replacements in indices w.e.f. July 31, 2023"
2023-07-17,"Jul 17, 2023",ind_prs17072023.pdf,https://www.niftyindices.com/Press_Release/ind_prs17072023.pdf,Corporate Adjustment for Reliance Industries Ltd. in Nifty indices
2023-07-12,"Jul 12, 2023",ind_prs12072023.pdf,https://www.niftyindices.com/Press_Release/ind_prs12072023.pdf,NSE Indices launches two new fixed income indices
2023-07-06,"Jul 06, 2023",ind_prs06072023.pdf,https://www.niftyindices.com/Press_Release/ind_prs06072023.pdf,"Replacement in Nifty SME Emerge index w.e.f. July 13, 2023"
2023-07-06,"Jul 06, 2023",ind_prs06072023_1.pdf,https://www.niftyindices.com/Press_Release/ind_prs06072023_1.pdf,"Changes in Nifty Fixed Income indices w.e.f. July 13, 2023"
2023-07-04,"Jul 04, 2023",ind_prs04072023.pdf,https://www.niftyindices.com/Press_Release/ind_prs04072023.pdf,"Replacement in indices w.e.f. July 13, 2023"
2023-06-30,"Jun 30, 2023",ind_prs30062023.pdf,https://www.niftyindices.com/Press_Release/ind_prs30062023.pdf,"Changes in Nifty Fixed Income indices w.e.f. July 03, 2023"
2023-06-28,"Jun 28, 2023",ind_prs28062023.pdf,https://www.niftyindices.com/Press_Release/ind_prs28062023.pdf,"Replacement in Nifty SME Emerge index w.e.f. July 03, 2023"
2023-06-27,"Jun 27, 2023",ind_prs27062023.pdf,https://www.niftyindices.com/Press_Release/ind_prs27062023.pdf,Replacements in indices
2023-06-27,"Jun 27, 2023",ind_prs27062023_1.pdf,https://www.niftyindices.com/Press_Release/ind_prs27062023_1.pdf,"Changes in Nifty Fixed Income indices w.e.f. July 03, 2023"
2023-06-26,"Jun 26, 2023",ind_prs26062023.pdf,https://www.niftyindices.com/Press_Release/ind_prs26062023.pdf,AUM of Passive Funds in India Tracking Nifty Indices Crosses Rs. 5 Trillion
2023-06-23,"Jun 23, 2023",ind_prs23062023.pdf,https://www.niftyindices.com/Press_Release/ind_prs23062023.pdf,Changes in Nifty Fixed Income indices
2023-06-19,"Jun 19, 2023",ind_prs19062023.pdf,https://www.niftyindices.com/Press_Release/ind_prs19062023.pdf,Revision in stock selection methodology of the Nifty Next 50 index
2023-06-09,"Jun 09, 2023",ind_prs09062023.pdf,https://www.niftyindices.com/Press_Release/ind_prs09062023.pdf,"Replacements in indices w.e.f. June 30, 2023"
2023-05-29,"May 29, 2023",ind_prs29052023.pdf,https://www.niftyindices.com/Press_Release/ind_prs29052023.pdf,"Changes in Nifty Fixed Income indices w.e.f. June 01, 2023"
2023-05-25,"May 25, 2023",ind_prs25052023.pdf,https://www.niftyindices.com/Press_Release/ind_prs25052023.pdf,"Changes in Nifty Fixed Income indices w.e.f. June 01, 2023"
2023-05-24,"May 24, 2023",ind_prs24052023.pdf,https://www.niftyindices.com/Press_Release/ind_prs24052023.pdf,"Replacement in Nifty SME Emerge index w.e.f. May 31, 2023"
2023-05-18,"May 18, 2023",ind_prs18052023.pdf,https://www.niftyindices.com/Press_Release/ind_prs18052023.pdf,Revision in Nifty Multi Asset Indices
2023-05-16,"May 16, 2023",ind_prs16052023.pdf,https://www.niftyindices.com/Press_Release/ind_prs16052023.pdf,NSE Indices launches Nifty Core Housing Index
2023-05-12,"May 12, 2023",ind_prs12052023.pdf,https://www.niftyindices.com/Press_Release/ind_prs12052023.pdf,"Replacement in Nifty SME Emerge index w.e.f. May 19, 2023"
2023-05-04,"May 04, 2023",ind_prs04052023.pdf,https://www.niftyindices.com/Press_Release/ind_prs04052023.pdf,"Replacement in Nifty SME Emerge index w.e.f. May 11, 2023"
2023-04-26,"Apr 26, 2023",ind_prs26042023.pdf,https://www.niftyindices.com/Press_Release/ind_prs26042023.pdf,Revision in methodology of Nifty equity indices for handling corporate actions involving demergers
2023-04-26,"Apr 26, 2023",ind_prs26042023_1.pdf,https://www.niftyindices.com/Press_Release/ind_prs26042023_1.pdf,Changes in Nifty Fixed Income indices
2023-04-19,"Apr 19, 2023",ind_prs19042023.pdf,https://www.niftyindices.com/Press_Release/ind_prs19042023.pdf,NSE Indices launches two new multi asset indices
2023-04-19,"Apr 19, 2023",ind_prs19042023_1.pdf,https://www.niftyindices.com/Press_Release/ind_prs19042023_1.pdf,"Replacements in indices w.e.f. April 28, 2023"
2023-04-13,"Apr 13, 2023",ind_prs13042023.pdf,https://www.niftyindices.com/Press_Release/ind_prs13042023.pdf,"Replacements in Nifty SME Emerge index w.e.f. April 21, 2023"
2023-04-11,"Apr 11, 2023",ind_prs11042023.pdf,https://www.niftyindices.com/Press_Release/ind_prs11042023.pdf,NSE Indices launches India's first ever REITs & InvITs Index
2023-03-31,"Mar 31, 2023",ind_prs31032023.pdf,https://www.niftyindices.com/Press_Release/ind_prs31032023.pdf,"Changes in Nifty Fixed Income indices w.e.f. April 03, 2023"
2023-03-26,"Mar 26, 2023",ind_prs26032023.pdf,https://www.niftyindices.com/Press_Release/ind_prs26032023.pdf,"Replacement in Nifty SME Emerge index w.e.f. March 27, 2023"
2023-03-24,"Mar 24, 2023",ind_prs24032023.pdf,https://www.niftyindices.com/Press_Release/ind_prs24032023.pdf,Changes in Nifty fixed income indices
2023-03-23,"Mar 23, 2023",ind_prs23032023.pdf,https://www.niftyindices.com/Press_Release/ind_prs23032023.pdf,"Replacements in Nifty SME Emerge index w.e.f. March 31, 2023"
2023-03-22,"Mar 22, 2023",ind_prs22032023.pdf,https://www.niftyindices.com/Press_Release/ind_prs22032023.pdf,Revision in Nifty Next 50 index methodology
2023-03-20,"Mar 20, 2023",ind_prs20032023.pdf,https://www.niftyindices.com/Press_Release/ind_prs20032023.pdf,"Changes in Nifty Fixed Income indices w.e.f. March 24, 2023"
2023-03-17,"Mar 17, 2023",ind_prs17032023.pdf,https://www.niftyindices.com/Press_Release/ind_prs17032023.pdf,NSE Indices launches Nifty SDL June 2028 Index
2023-03-15,"Mar 15, 2023",ind_prs15032023.pdf,https://www.niftyindices.com/Press_Release/ind_prs15032023.pdf,NSE Indices launches Nifty G-Sec July 2027 Index
2023-03-15,"Mar 15, 2023",ind_prs15032023_1.pdf,https://www.niftyindices.com/Press_Release/ind_prs15032023_1.pdf,NSE Indices launches Nifty Smallcap250 Quality 50 Index
2023-03-14,"Mar 14, 2023",ind_prs14032023.pdf,https://www.niftyindices.com/Press_Release/ind_prs14032023.pdf,NSE Indices launches Nifty SDL Jul 2028 Index
2023-03-10,"Mar 10, 2023",ind_prs10032023.pdf,https://www.niftyindices.com/Press_Release/ind_prs10032023.pdf,NSE Indices launches Nifty SDL Plus G-Sec June 2027 40:60 Index
2023-03-10,"Mar 10, 2023",ind_prs10032023_1.pdf,https://www.niftyindices.com/Press_Release/ind_prs10032023_1.pdf,"Changes in Nifty Fixed Income indices w.e.f. March 15, 2023"
2023-03-06,"Mar 06, 2023",ind_prs06032023.pdf,https://www.niftyindices.com/Press_Release/ind_prs06032023.pdf,"Replacements in indices w.e.f. March 31, 2023"
2023-03-01,"Mar 01, 2023",ind_prs01032023.pdf,https://www.niftyindices.com/Press_Release/ind_prs01032023.pdf,"Changes in Nifty fixed income indices w.e.f. March 06, 2023"
2023-02-27,"Feb 27, 2023",ind_prs27022023.pdf,https://www.niftyindices.com/Press_Release/ind_prs27022023.pdf,NSE Indices launches Nifty G-Sec May 2029 Index
2023-02-27,"Feb 27, 2023",ind_prs27022023_1.pdf,https://www.niftyindices.com/Press_Release/ind_prs27022023_1.pdf,NSE Indices launches India's first Sovereign Green Bond Indices
2023-02-24,"Feb 24, 2023",ind_prs24022023.pdf,https://www.niftyindices.com/Press_Release/ind_prs24022023.pdf,NSE Indices launches India's first Municipal Bond Index
2023-02-24,"Feb 24, 2023",ind_prs24022023_1.pdf,https://www.niftyindices.com/Press_Release/ind_prs24022023_1.pdf,NSE Indices launches two new target maturity indices
2023-02-24,"Feb 24, 2023",ind_prs24022023_2.pdf,https://www.niftyindices.com/Press_Release/ind_prs24022023_2.pdf,"Changes in Nifty Fixed Income indices w.e.f. February 27, 2023"
2023-02-24,"Feb 24, 2023",ind_prs24022023_3.pdf,https://www.niftyindices.com/Press_Release/ind_prs24022023_3.pdf,"Changes in Nifty Fixed Income indices w.e.f. March 01, 2023"
2023-02-22,"Feb 22, 2023",ind_prs22022023.pdf,https://www.niftyindices.com/Press_Release/ind_prs22022023.pdf,"Changes in Nifty Fixed Income indices w.e.f. March 01, 2023"
2023-02-21,"Feb 21, 2023",ind_prs21022023.pdf,https://www.niftyindices.com/Press_Release/ind_prs21022023.pdf,"Replacements in indices w.e.f. February 28, 2023"
2023-02-17,"Feb 17, 2023",ind_prs17022023.pdf,https://www.niftyindices.com/Press_Release/ind_prs17022023.pdf,"Changes in Nifty Fixed Income indices wef February 24, 2023"
2023-02-17,"Feb 17, 2023",ind_prs17022023_1.pdf,https://www.niftyindices.com/Press_Release/ind_prs17022023_1.pdf,"Replacements in indices w.e.f March 31, 2023"
2023-02-15,"Feb 15, 2023",ind_prs15022023.pdf,https://www.niftyindices.com/Press_Release/ind_prs15022023.pdf,NSE Indices launches Nifty SDL Oct 2026 Index
2023-02-14,"Feb 14, 2023",ind_prs14022023.pdf,https://www.niftyindices.com/Press_Release/ind_prs14022023.pdf,NSE Indices launches Nifty G-Sec Oct 2028 Index
2023-02-09,"Feb 09, 2023",ind_prs09022023.pdf,https://www.niftyindices.com/Press_Release/ind_prs09022023.pdf,NSE Indices launches Sub-Category level Nifty AIF Benchmarks
2023-02-09,"Feb 09, 2023",ind_prs09022023_1.pdf,https://www.niftyindices.com/Press_Release/ind_prs09022023_1.pdf,"Replacements in indices w.e.f. February 17, 2023"
2023-02-02,"Feb 02, 2023",ind_prs02022023.pdf,https://www.niftyindices.com/Press_Release/ind_prs02022023.pdf,NSE Indices launches Nifty SDL Jul 2033 Index
2023-02-01,"Feb 01, 2023",ind_prs01022023.pdf,https://www.niftyindices.com/Press_Release/ind_prs01022023.pdf,NSE Indices launches Nifty SDL Plus G-Sec Jun 2029 70:30 Index
2023-01-27,"Jan 27, 2023",ind_prs27012023.pdf,https://www.niftyindices.com/Press_Release/ind_prs27012023.pdf,"Changes in Nifty Fixed Income indices w.e.f. February 01, 2023"
2023-01-24,"Jan 24, 2023",ind_prs24012023.pdf,https://www.niftyindices.com/Press_Release/ind_prs24012023.pdf,"Changes in Nifty Fixed Income indices wef February 01, 2023"
2023-01-24,"Jan 24, 2023",ind_prs24012023_1.pdf,https://www.niftyindices.com/Press_Release/ind_prs24012023_1.pdf,"Revision in Nifty Corporate Bond and Money Market Indices w.e.f. February 01, 2023"
2023-01-20,"Jan 20, 2023",ind_prs20012023.pdf,https://www.niftyindices.com/Press_Release/ind_prs20012023.pdf,NSE Indices launches two new target maturity indices
2023-01-18,"Jan 18, 2023",ind_prs18012023.pdf,https://www.niftyindices.com/Press_Release/ind_prs18012023.pdf,"Replacement in Nifty SME Emerge index w.e.f. January 25, 2023"
2023-01-13,"Jan 13, 2023",ind_prs13012023.pdf,https://www.niftyindices.com/Press_Release/ind_prs13012023.pdf,NSE Indices launches Nifty SDL Dec 2026 Index
2023-01-02,"Jan 02, 2023",ind_prs02012023.pdf,https://www.niftyindices.com/Press_Release/ind_prs02012023.pdf,"Replacements in Nifty SME Emerge index w.e.f. January 09, 2023"
2022-12-30,"Dec 30, 2022",ind_prs30122022.pdf,https://www.niftyindices.com/Press_Release/ind_prs30122022.pdf,"Changes in Nifty fixed income indices w.e.f. January 02, 2023"
2022-12-29,"Dec 29, 2022",ind_prs29122022.pdf,https://www.niftyindices.com/Press_Release/ind_prs29122022.pdf,NSE Indices launches Nifty G-Sec Dec 2029 Index
2022-12-27,"Dec 27, 2022",ind_prs27122022.pdf,https://www.niftyindices.com/Press_Release/ind_prs27122022.pdf,"Changes in Nifty fixed income indices w.e.f. December 30, 2022"
2022-12-26,"Dec 26, 2022",ind_prs26122022.pdf,https://www.niftyindices.com/Press_Release/ind_prs26122022.pdf,"Changes in Nifty fixed income indices w.e.f. 02 January, 2023"
2022-12-22,"Dec 22, 2022",ind_prs22122022.pdf,https://www.niftyindices.com/Press_Release/ind_prs22122022.pdf,"Replacements in indices w.e.f December 30, 2022"
2022-12-20,"Dec 20, 2022",ind_prs20122022.pdf,https://www.niftyindices.com/Press_Release/ind_prs20122022.pdf,Revision in Nifty G-Sec Sep 2032 V1 Index
2022-12-15,"Dec 15, 2022",ind_prs15122022.pdf,https://www.niftyindices.com/Press_Release/ind_prs15122022.pdf,"Changes in Nifty Fixed Income Indices w.e.f. December 20, 2022"
2022-12-12,"Dec 12, 2022",ind_prs12122022.pdf,https://www.niftyindices.com/Press_Release/ind_prs12122022.pdf,NSE Indices launches Nifty SDL Jul 2026 Index
2022-12-08,"Dec 08, 2022",ind_prs08122022.pdf,https://www.niftyindices.com/Press_Release/ind_prs08122022.pdf,NSE Indices launches Nifty SDL Sep 2026 V1 Index
2022-12-06,"Dec 06, 2022",ind_prs06122022.pdf,https://www.niftyindices.com/Press_Release/ind_prs06122022.pdf,"Replacements in indices w.e.f. December 30, 2022"
2022-12-01,"Dec 01, 2022",ind_prs01122022.pdf,https://www.niftyindices.com/Press_Release/ind_prs01122022.pdf,NSE Indices launches new Nifty BHARAT Bond Index
2022-11-30,"Nov 30, 2022",ind_prs30112022.pdf,https://www.niftyindices.com/Press_Release/ind_prs30112022.pdf,NSE Indices launches Nifty G-Sec Sep 2032 V1 Index
2022-11-24,"Nov 24, 2022",ind_prs24112022.pdf,https://www.niftyindices.com/Press_Release/ind_prs24112022.pdf,"Changes in Nifty Fixed Income Indices w.e.f. December 01, 2022"
2022-11-23,"Nov 23, 2022",ind_prs23112022.pdf,https://www.niftyindices.com/Press_Release/ind_prs23112022.pdf,"Replacements in Nifty SME Emerge index w.e.f. November 30, 2022"
2022-11-23,"Nov 23, 2022",ind_prs23112022_1.pdf,https://www.niftyindices.com/Press_Release/ind_prs23112022_1.pdf,NSE Indices launches Nifty G-Sec Jun 2036 Index
2022-11-18,"Nov 18, 2022",ind_prs18112022.pdf,https://www.niftyindices.com/Press_Release/ind_prs18112022.pdf,Revision in methodology of Nifty equity indices for handling corporate actions involving mergers
2022-11-15,"Nov 15, 2022",ind_prs15112022.pdf,https://www.niftyindices.com/Press_Release/ind_prs15112022.pdf,NSE Indices launches Nifty G-Sec Sep 2027 Index
2022-11-10,"Nov 10, 2022",ind_prs10112022.pdf,https://www.niftyindices.com/Press_Release/ind_prs10112022.pdf,"Replacements in Nifty SME Emerge index w.e.f. November 17, 2022"
2022-11-01,"Nov 01, 2022",ind_prs01112022.pdf,https://www.niftyindices.com/Press_Release/ind_prs01112022.pdf,NSE Indices launches two new target maturity indices
2022-10-21,"Oct 21, 2022",ind_prs21102022.pdf,https://www.niftyindices.com/Press_Release/ind_prs21102022.pdf,"Revision in criteria and changes in Nifty Fixed Income indices w.e.f. November 01, 2022"
2022-10-21,"Oct 21, 2022",ind_prs21102022_1.pdf,https://www.niftyindices.com/Press_Release/ind_prs21102022_1.pdf,NSE Indices launches two new target maturity indices
2022-10-20,"Oct 20, 2022",ind_prs20102022_1.pdf,https://www.niftyindices.com/Press_Release/ind_prs20102022_1.pdf,"Replacement in indices w.e.f. October 31, 2022"
2022-10-20,"Oct 20, 2022",ind_prs20102022.pdf,https://www.niftyindices.com/Press_Release/ind_prs20102022.pdf,"Replacements in indices w.e.f. October 25, 2022"
2022-10-11,"Oct 11, 2022",ind_prs11102022.pdf,https://www.niftyindices.com/Press_Release/ind_prs11102022.pdf,NSE Indices launches Nifty MidSmall India Consumption index
2022-10-04,"Oct 04, 2022",ind_prs04102022.pdf,https://www.niftyindices.com/Press_Release/ind_prs04102022.pdf,NSE Indices launches two new target maturity indices
2022-09-30,"Sep 30, 2022",ind_prs30092022.pdf,https://www.niftyindices.com/Press_Release/ind_prs30092022.pdf,NSE Indices launches Nifty AAA PSU Bond Plus SDL Apr 2026 50:50 Index
2022-09-28,"Sep 28, 2022",ind_prs28092022.pdf,https://www.niftyindices.com/Press_Release/ind_prs28092022.pdf,Changes in Nifty Fixed Income Indices w.e.f. October 03 2022
2022-09-28,"Sep 28, 2022",ind_prs28092022_1.pdf,https://www.niftyindices.com/Press_Release/ind_prs28092022_1.pdf,NSE Indices launches three new target maturity indices
2022-09-27,"Sep 27, 2022",ind_prs27092022.pdf,https://www.niftyindices.com/Press_Release/ind_prs27092022.pdf,Changes in Nifty Fixed Income Indices w.e.f. September 30 2022
2022-09-26,"Sep 26, 2022",ind_prs26092022.pdf,https://www.niftyindices.com/Press_Release/ind_prs26092022.pdf,"Changes in Nifty Fixed Income indices w.e.f. October 03, 2022"
2022-09-23,"Sep 23, 2022",ind_prs23092022.pdf,https://www.niftyindices.com/Press_Release/ind_prs23092022.pdf,"Replacement in Nifty SME Emerge index w.e.f. September 30, 2022"
2022-09-20,"Sep 20, 2022",ind_prs20092022.pdf,https://www.niftyindices.com/Press_Release/ind_prs20092022.pdf,NSE Indices launches Nifty SDL Sep 2025 Index
2022-09-16,"Sep 16, 2022",ind_prs16092022_1.pdf,https://www.niftyindices.com/Press_Release/ind_prs16092022_1.pdf,"Replacements in Nifty SME Emerge index w.e.f. September 23, 2022"
2022-09-16,"Sep 16, 2022",ind_prs16092022.pdf,https://www.niftyindices.com/Press_Release/ind_prs16092022.pdf,"Replacements in indices w.e.f. September 30, 2022"
2022-09-02,"Sep 02, 2022",ind_prs02092022.pdf,https://www.niftyindices.com/Press_Release/ind_prs02092022.pdf,"Changes in Nifty Fixed Income indices w.e.f. September 09, 2022"
2022-09-01,"Sep 01, 2022",ind_prs01092022.pdf,https://www.niftyindices.com/Press_Release/ind_prs01092022.pdf,"Replacements in indices w.e.f. September 30, 2022"
2022-09-01,"Sep 01, 2022",ind_prs01092022_1.pdf,https://www.niftyindices.com/Press_Release/ind_prs01092022_1.pdf,"Replacements in Nifty SME Emerge index w.e.f. September 08, 2022"
2022-08-29,"Aug 29, 2022",ind_prs29082022.pdf,https://www.niftyindices.com/Press_Release/ind_prs29082022.pdf,Changes in Nifty Fixed Income indices w.e.f. 05th September 2022
2022-08-23,"Aug 23, 2022",ind_prs23082022.pdf,https://www.niftyindices.com/Press_Release/ind_prs23082022.pdf,"Replacements in indices w.e.f. August 30, 2022"
2022-08-19,"Aug 19, 2022",ind_prs19082022.pdf,https://www.niftyindices.com/Press_Release/ind_prs19082022.pdf,"Revision in Nifty Fixed Income Indices w.e.f. August 30, 2022"
2022-08-16,"Aug 16, 2022",ind_prs16082022.pdf,https://www.niftyindices.com/Press_Release/ind_prs16082022.pdf,NSE Indices launches Nifty Midcap150 Momentum 50 Index
2022-08-03,"Aug 03, 2022",ind_prs03082022.pdf,https://www.niftyindices.com/Press_Release/ind_prs03082022.pdf,NSE Indices launches three new sector indices
2022-07-27,"Jul 27, 2022",ind_prs27072022.pdf,https://www.niftyindices.com/Press_Release/ind_prs27072022.pdf,"Changes in Nifty Fixed Income indices w.e.f August 01, 2022"
2022-07-26,"Jul 26, 2022",ind_prs26072022.pdf,https://www.niftyindices.com/Press_Release/ind_prs26072022.pdf,"Revision in Nifty Transportation & Logistics index methodology and replacements in indices w.e.f. August 08, 2022"
2022-07-26,"Jul 26, 2022",ind_prs26072022_1.pdf,https://www.niftyindices.com/Press_Release/ind_prs26072022_1.pdf,"Replacement in Nifty SME Emerge index w.e.f. August 02, 2022"
2022-07-25,"Jul 25, 2022",ind_prs25072022.pdf,https://www.niftyindices.com/Press_Release/ind_prs25072022.pdf,"Changes in Nifty fixed income indices w.e.f. August 01, 2022"
2022-07-22,"Jul 22, 2022",ind_prs22072022.pdf,https://www.niftyindices.com/Press_Release/ind_prs22072022.pdf,Revision in Nifty Fixed Income Indices w.e.f. July 29 2022
2022-07-21,"Jul 21, 2022",ind_prs21072022.pdf,https://www.niftyindices.com/Press_Release/ind_prs21072022.pdf,NSE Indices launches Nifty200 Alpha 30 index
2022-07-14,"Jul 14, 2022",ind_prs14072022.pdf,https://www.niftyindices.com/Press_Release/ind_prs14072022.pdf,"Revision in Nifty Fixed Income Indices w.e.f. July 14, 2022"
2022-07-11,"Jul 11, 2022",ind_prs11072022.pdf,https://www.niftyindices.com/Press_Release/ind_prs11072022.pdf,"Replacements in indices w.e.f. August 08, 2022"
2022-07-11,"Jul 11, 2022",ind_prs11072022_1.pdf,https://www.niftyindices.com/Press_Release/ind_prs11072022_1.pdf,"Replacement in NIFTY SME Emerge index w.e.f. July 18, 2022"
2022-06-30,"Jun 30, 2022",ind_prs30062022.pdf,https://www.niftyindices.com/Press_Release/ind_prs30062022.pdf,Revision in Nifty Target Maturity Indices
2022-06-28,"Jun 28, 2022",ind_prs28062022.pdf,https://www.niftyindices.com/Press_Release/ind_prs28062022.pdf,Review of NIFTY India Select 7 Government Bond Index (INR and USD) wef 01 July 2022
2022-06-28,"Jun 28, 2022",ind_prs28062022_1.pdf,https://www.niftyindices.com/Press_Release/ind_prs28062022_1.pdf,Revision in methodology for treatment of Special Dividend
2022-06-27,"Jun 27, 2022",ind_prs27062022.pdf,https://www.niftyindices.com/Press_Release/ind_prs27062022.pdf,"Changes in Nifty fixed income indices w.e.f. June 30, 2022"
2022-06-24,"Jun 24, 2022",ind_prs24062022.pdf,https://www.niftyindices.com/Press_Release/ind_prs24062022.pdf,"Replacements in Nifty fixed income indices w.e.f. July 01, 2022"
2022-06-15,"Jun 15, 2022",ind_prs15062022.pdf,https://www.niftyindices.com/Press_Release/ind_prs15062022.pdf,"Replacements in indices w.e.f. June 30, 2022"
2022-05-27,"May 27, 2022",ind_prs27052022.pdf,https://www.niftyindices.com/Press_Release/ind_prs27052022.pdf,"Review of NIFTY India Select 7 Government Bond Index (INR and USD) w.e.f. June 01, 2022"
2022-05-25,"May 25, 2022",ind_prs25052022.pdf,https://www.niftyindices.com/Press_Release/ind_prs25052022.pdf,"Change in the Fixed Income Indices w.e.f. June 01, 2022"
2022-05-24,"May 24, 2022",ind_prs24052022.pdf,https://www.niftyindices.com/Press_Release/ind_prs24052022.pdf,"Replacement in indices w.e.f. May 31, 2022"
2022-05-04,"May 04, 2022",ind_prs04052022.pdf,https://www.niftyindices.com/Press_Release/ind_prs04052022.pdf,"Replacement in NIFTY SME EMERGE Index w.e.f. May 11, 2022"
2022-04-27,"Apr 27, 2022",ind_prs27042022.pdf,https://www.niftyindices.com/Press_Release/ind_prs27042022.pdf,"Change in the Fixed Income Indices w.e.f. May 02, 2022"
2022-04-25,"Apr 25, 2022",ind_prs25042022.pdf,https://www.niftyindices.com/Press_Release/ind_prs25042022.pdf,"Change in the Fixed Income Indices w.e.f. May 02, 2022"
2022-04-13,"Apr 13, 2022",ind_prs13042022.pdf,https://www.niftyindices.com/Press_Release/ind_prs13042022.pdf,Changes in Nifty BHARAT Bond Index - April 2023
2022-04-11,"Apr 11, 2022",ind_prs11042022.pdf,https://www.niftyindices.com/Press_Release/ind_prs11042022.pdf,Review of Nifty 5 yr Benchmark G-Sec Index w.e.f. 18 April 2022
2022-04-06,"Apr 06, 2022",ind_prs06042022.pdf,https://www.niftyindices.com/Press_Release/ind_prs06042022.pdf,"Replacement in indices w.e.f. April 07, 2022"
2022-04-05,"Apr 05, 2022",ind_prs05042022.pdf,https://www.niftyindices.com/Press_Release/ind_prs05042022.pdf,"Replacements in indices w.e.f. May 04, 2022"
2022-04-05,"Apr 05, 2022",ind_prs05042022_1.pdf,https://www.niftyindices.com/Press_Release/ind_prs05042022_1.pdf,"Replacements in indices w.e.f. April 12, 2022"
2022-04-04,"Apr 04, 2022",ind_prs04042022.pdf,https://www.niftyindices.com/Press_Release/ind_prs04042022.pdf,NSE Indices launches 66 new Fixed Income Indices in line with SEBI's Potential Risk Class (PRC) Matrix for Debt MF
2022-04-01,"Apr 01, 2022",ind_prs01042022.pdf,https://www.niftyindices.com/Press_Release/ind_prs01042022.pdf,NSE Indices launches 57 new fixed income indices for Money Market and Banking & PSU Segments
2022-03-29,"Mar 29, 2022",ind_prs29032023.pdf,https://www.niftyindices.com/Press_Release/ind_prs29032023.pdf,Review of NIFTY India Select 7 Government Bond Index (USD and INR)
2022-03-28,"Mar 28, 2022",ind_prs28032023.pdf,https://www.niftyindices.com/Press_Release/ind_prs28032023.pdf,Quarterly review of Nifty Target Maturity Indices
2022-03-25,"Mar 25, 2022",ind_prs25032022.pdf,https://www.niftyindices.com/Press_Release/ind_prs25032022.pdf,Annual Review of NIFTY Fixed Income Indices
2022-03-25,"Mar 25, 2022",ind_prs25032022_1.pdf,https://www.niftyindices.com/Press_Release/ind_prs25032022_1.pdf,Revision in criteria and periodic review of NIFTY fixed income indices
2022-03-24,"Mar 24, 2022",ind_prs24032022.pdf,https://www.niftyindices.com/Press_Release/ind_prs24032022.pdf,"Replacements in NIFTY SME EMERGE Index w.e.f. March 31, 2022"
2022-03-21,"Mar 21, 2022",ind_prs21032022.pdf,https://www.niftyindices.com/Press_Release/ind_prs21032022.pdf,NSE Indices launches Nifty AQLV 30 Plus 5yr G-Sec 70:30 Index
2022-03-21,"Mar 21, 2022",ind_prs21032022_1.pdf,https://www.niftyindices.com/Press_Release/ind_prs21032022_1.pdf,Joint Press Release on Introduction of Common Industry Classification Structure for Companies Listed and Traded at NSE and BSE
2022-03-17,"Mar 17, 2022",ind_prs17032022.pdf,https://www.niftyindices.com/Press_Release/ind_prs17032022.pdf,NSE Indices launches three new target maturity indices
2022-03-14,"Mar 14, 2022",ind_prs14032022.pdf,https://www.niftyindices.com/Press_Release/ind_prs14032022.pdf,NSE Indices publishes Nifty AIF Benchmark Report
2022-03-10,"Mar 10, 2022",ind_prs10032022_1.pdf,https://www.niftyindices.com/Press_Release/ind_prs10032022_1.pdf,NSE Indices launches Nifty SDL Jun 2027 Index
2022-03-10,"Mar 10, 2022",ind_prs10032022.pdf,https://www.niftyindices.com/Press_Release/ind_prs10032022.pdf,"Replacement in NIFTY SME EMERGE Index w.e.f. March 17, 2022"
2022-03-09,"Mar 09, 2022",ind_prs09032022.pdf,https://www.niftyindices.com/Press_Release/ind_prs09032022.pdf,NSE Indices launches Nifty SDL Plus AAA PSU Bond Dec 2027 60:40 Index
2022-03-08,"Mar 08, 2022",ind_prs08032022.pdf,https://www.niftyindices.com/Press_Release/ind_prs08032022.pdf,"Replacements in indices w.e.f. March 31, 2022"
2022-03-08,"Mar 08, 2022",ind_prs08032022_1.pdf,https://www.niftyindices.com/Press_Release/ind_prs08032022_1.pdf,"Replacement in NIFTY SME EMERGE Index w.e.f. March 15, 2022"
2022-03-03,"Mar 03, 2022",ind_prs03032022.pdf,https://www.niftyindices.com/Press_Release/ind_prs03032022.pdf,NSE Indices launches Nifty SDL Plus G-Sec Jun 2028 30:70 Index
2022-02-24,"Feb 24, 2022",ind_prs24022022.pdf,https://www.niftyindices.com/Press_Release/ind_prs24022022.pdf,"Review of NIFTY India Select 7 Government Bond Index (INR and USD) w.e.f. March 02, 2022"
2022-02-24,"Feb 24, 2022",ind_prs24022022_1.pdf,https://www.niftyindices.com/Press_Release/ind_prs24022022_1.pdf,Revision in criteria and replacements in indices
2022-02-22,"Feb 22, 2022",ind_prs22022022.pdf,https://www.niftyindices.com/Press_Release/ind_prs22022022.pdf,NSE Indices launches Nifty Transportation & Logistics Index
2022-02-22,"Feb 22, 2022",ind_prs22022022_1.pdf,https://www.niftyindices.com/Press_Release/ind_prs22022022_1.pdf,"Change in the Fixed Income Indices w.e.f. March 02, 2022"
2022-02-22,"Feb 22, 2022",ind_prs22022022_2.pdf,https://www.niftyindices.com/Press_Release/ind_prs22022022_2.pdf,Revision in criteria in Nifty A Corporate Bond Indices
2022-02-21,"Feb 21, 2022",ind_prs21022022.pdf,https://www.niftyindices.com/Press_Release/ind_prs21022022.pdf,"Replacement in NIFTY SME EMERGE Index w.e.f. February 28, 2022"
2022-02-15,"Feb 15, 2022",ind_prs15022022.pdf,https://www.niftyindices.com/Press_Release/ind_prs15022022.pdf,NSE Indices launches Nifty Housing Index
2022-02-11,"Feb 11, 2022",ind_prs11022022.pdf,https://www.niftyindices.com/Press_Release/ind_prs11022022.pdf,"Replacements in NIFTY SME EMERGE Index w.e.f. February 18, 2022"
2022-02-07,"Feb 07, 2022",ind_prs07022022.pdf,https://www.niftyindices.com/Press_Release/ind_prs07022022.pdf,"Change in the Fixed Income Indices w.e.f. February 08, 2022"
2022-02-02,"Feb 02, 2022",ind_prs02022022.pdf,https://www.niftyindices.com/Press_Release/ind_prs02022022.pdf,NSE Indices launches Nifty Financial Services Ex-Bank Index
2022-02-01,"Feb 01, 2022",ind_prs01022022.pdf,https://www.niftyindices.com/Press_Release/ind_prs01022022.pdf,"Replacement in NIFTY SME EMERGE Index w.e.f. February 08, 2022"
2022-01-31,"Jan 31, 2022",ind_prs31012022.pdf,https://www.niftyindices.com/Press_Release/ind_prs31012022.pdf,"Change in the Fixed Income Indices w.e.f. February 07, 2022"
2022-01-28,"Jan 28, 2022",ind_prs28012022.pdf,https://www.niftyindices.com/Press_Release/ind_prs28012022.pdf,NSE Indices launches Nifty SDL Apr 2027 Top 12 Equal Weight Index and Nifty SDL Apr 2032 Top 12 Equal Weight Index
2022-01-24,"Jan 24, 2022",ind_prs24012022.pdf,https://www.niftyindices.com/Press_Release/ind_prs24012022.pdf,"Change in the Fixed Income Indices w.e.f. February 01, 2022"
2022-01-20,"Jan 20, 2022",ind_prs20012022.pdf,https://www.niftyindices.com/Press_Release/ind_prs20012022.pdf,"Replacements in NIFTY SME EMERGE Index w.e.f. January 24, 2022"
2022-01-19,"Jan 19, 2022",ind_prs19012022.pdf,https://www.niftyindices.com/Press_Release/ind_prs19012022.pdf,NSE Indices launches Nifty India Defence Index
2022-01-13,"Jan 13, 2022",ind_prs13012022.pdf,https://www.niftyindices.com/Press_Release/ind_prs13012022.pdf,NSE Indices launches Nifty SDL Apr 2027 Index
2022-01-05,"Jan 05, 2022",ind_prs05012022.pdf,https://www.niftyindices.com/Press_Release/ind_prs05012022.pdf,"Replacements in NIFTY SME EMERGE Index w.e.f. January 12, 2022"
2021-12-29,"Dec 29, 2021",ind_prs29122021_1.pdf,https://www.niftyindices.com/Press_Release/ind_prs29122021_1.pdf,"Review of NIFTY India Select 7 Government Bond Index (INR and USD) w.e.f. January 03, 2022"
2021-12-29,"Dec 29, 2021",ind_prs29122021.pdf,https://www.niftyindices.com/Press_Release/ind_prs29122021.pdf,NSE Indices launches Nifty CPSE Bond Plus SDL Sep 2026 50:50 Index
2021-12-28,"Dec 28, 2021",ind_prs28122021.pdf,https://www.niftyindices.com/Press_Release/ind_prs28122021.pdf,Quarterly Review of Nifty BHARAT Bond Index Series w.e.f. 31 December 2021
2021-12-28,"Dec 28, 2021",ind_prs28122021_1.pdf,https://www.niftyindices.com/Press_Release/ind_prs28122021_1.pdf,Quarterly Review of Nifty PSU Bond Plus SDL Apr 2026 50:50 Index & Nifty PSU Bond plus SDL Apr 2027 50:50 Index w.e.f. 31 December 2021
2021-12-27,"Dec 27, 2021",ind_prs27122021.pdf,https://www.niftyindices.com/Press_Release/ind_prs27122021.pdf,"Quarterly Review of Nifty Corporate Bond Indices w.e.f. January 03, 2022"
2021-12-27,"Dec 27, 2021",ind_prs27122021_1.pdf,https://www.niftyindices.com/Press_Release/ind_prs27122021_1.pdf,"Quarterly Review of Nifty Banking and PSU Bond indices w.e.f. January 03, 2022"
2021-12-27,"Dec 27, 2021",ind_prs27122021_2.pdf,https://www.niftyindices.com/Press_Release/ind_prs27122021_2.pdf,"Change in the Fixed Income Indices w.e.f. January 03, 2022"
2021-12-24,"Dec 24, 2021",ind_prs24122021.pdf,https://www.niftyindices.com/Press_Release/ind_prs24122021.pdf,Change in NIFTY SME EMERGE Index
2021-12-23,"Dec 23, 2021",ind_prs23122021.pdf,https://www.niftyindices.com/Press_Release/ind_prs23122021.pdf,"Replacements in NIFTY SME EMERGE Index w.e.f. December 30, 2021"
2021-12-14,"Dec 14, 2021",ind_prs14122021.pdf,https://www.niftyindices.com/Press_Release/ind_prs14122021.pdf,NSE Indices launches Nifty India Digital Index
2021-12-08,"Dec 08, 2021",ind_prs08122021.pdf,https://www.niftyindices.com/Press_Release/ind_prs08122021.pdf,"Replacements in indices w.e.f. December 31, 2021"
2021-12-07,"Dec 07, 2021",ind_prs07122021.pdf,https://www.niftyindices.com/Press_Release/ind_prs07122021.pdf,NSE Indices launches Nifty Mobility Index
2021-12-01,"Dec 01, 2021",ind_prs01122021.pdf,https://www.niftyindices.com/Press_Release/ind_prs01122021.pdf,NSE Indices launches new Nifty BHARAT Bond Index
2021-11-25,"Nov 25, 2021",ind_prs25112021.pdf,https://www.niftyindices.com/Press_Release/ind_prs25112021.pdf,"Replacement in NIFTY SME EMERGE Index w.e.f. December 02, 2021"
2021-11-24,"Nov 24, 2021",ind_prs24112021.pdf,https://www.niftyindices.com/Press_Release/ind_prs24112021.pdf,"Change in the Fixed Income Indices w.e.f. December 01, 2021"
2021-11-17,"Nov 17, 2021",ind_prs17112021.pdf,https://www.niftyindices.com/Press_Release/ind_prs17112021.pdf,NSE Indices launches Nifty Non-Cyclical Consumer Index
2021-11-17,"Nov 17, 2021",ind_prs17112021_1.pdf,https://www.niftyindices.com/Press_Release/ind_prs17112021_1.pdf,"Replacements in NIFTY SME EMERGE Index w.e.f. November 25, 2021"
2021-11-12,"Nov 12, 2021",ind_prs12112021.pdf,https://www.niftyindices.com/Press_Release/ind_prs12112021.pdf,"Replacements in NIFTY SME EMERGE Index w.e.f. November 22, 2021"
2021-11-09,"Nov 09, 2021",ind_prs09112021.pdf,https://www.niftyindices.com/Press_Release/ind_prs09112021.pdf,UTI International launches UTI India Sovereign Bond ETF
2021-11-02,"Nov 02, 2021",ind_prs02112021.pdf,https://www.niftyindices.com/Press_Release/ind_prs02112021.pdf,"Replacements in NIFTY SME EMERGE Index w.e.f. November 11, 2021"
2021-10-27,"Oct 27, 2021",ind_prs27102021.pdf,https://www.niftyindices.com/Press_Release/ind_prs27102021.pdf,"Review of NIFTY India Select 7 Government Bond Index (INR and USD) w.e.f. November 01, 2021"
2021-10-25,"Oct 25, 2021",ind_prs25102021.pdf,https://www.niftyindices.com/Press_Release/ind_prs25102021.pdf,"Change in the Fixed Income Indices w.e.f. November 01, 2021"
2021-10-22,"Oct 22, 2021",ind_prs22102021.pdf,https://www.niftyindices.com/Press_Release/ind_prs22102021.pdf,Revision in index maintenance guidelines and replacements in indices
2021-10-14,"Oct 14, 2021",ind_prs14102021.pdf,https://www.niftyindices.com/Press_Release/ind_prs14102021.pdf,"Replacement in NIFTY SME EMERGE Index w.e.f. October 22, 2021"
2021-10-13,"Oct 13, 2021",ind_prs13102021.pdf,https://www.niftyindices.com/Press_Release/ind_prs13102021.pdf,NSE Indices launches Nifty Total Market Index
2021-10-12,"Oct 12, 2021",ind_prs12102021.pdf,https://www.niftyindices.com/Press_Release/ind_prs12102021.pdf,"Revision in criteria and replacement in NIFTY 5 yr Benchmark G-sec index w.e.f. October 18, 2021"
2021-10-08,"Oct 08, 2021",ind_prs08102021.pdf,https://www.niftyindices.com/Press_Release/ind_prs08102021.pdf,Revision in criteria of NIFTY Microcap 250 index
2021-10-08,"Oct 08, 2021",ind_prs08102021_1.pdf,https://www.niftyindices.com/Press_Release/ind_prs08102021_1.pdf,"Replacements in NIFTY SME EMERGE Index w.e.f. October 18, 2021"
2021-10-07,"Oct 07, 2021",ind_prs07102021.pdf,https://www.niftyindices.com/Press_Release/ind_prs07102021.pdf,NSE Indices launches two new Target Maturity Debt Indices
2021-10-01,"Oct 01, 2021",ind_prs01102021.pdf,https://www.niftyindices.com/Press_Release/ind_prs01102021.pdf,"Replacement in NIFTY SME EMERGE Index w.e.f. October 08, 2021"
2021-09-30,"Sep 30, 2021",ind_prs30092021.pdf,https://www.niftyindices.com/Press_Release/ind_prs30092021.pdf,"Quarterly Review of Nifty Corporate Bond Indices w.e.f. October 01, 2021"
2021-09-28,"Sep 28, 2021",ind_prs28092021.pdf,https://www.niftyindices.com/Press_Release/ind_prs28092021.pdf,"Review of NIFTY India Select 7 Government Bond Index (INR and USD) w.e.f. October 01, 2021"
2021-09-27,"Sep 27, 2021",ind_prs27092021_1.pdf,https://www.niftyindices.com/Press_Release/ind_prs27092021_1.pdf,Quarterly Review of Nifty PSU Bond Plus SDL Apr 2026 50:50 Index w.e.f. 30 September 2021
2021-09-27,"Sep 27, 2021",ind_prs27092021.pdf,https://www.niftyindices.com/Press_Release/ind_prs27092021.pdf,Quarterly Review of Nifty BHARAT Bond Index Series w.e.f. 30 September 2021
2021-09-24,"Sep 24, 2021",ind_prs24092021.pdf,https://www.niftyindices.com/Press_Release/ind_prs24092021.pdf,"Change in the Fixed Income Indices w.e.f. October 01, 2021"
2021-09-24,"Sep 24, 2021",ind_prs24092021_1.pdf,https://www.niftyindices.com/Press_Release/ind_prs24092021_1.pdf,"Quarterly Review of Nifty Banking and PSU Bond indices w.e.f. October 01, 2021"
2021-09-24,"Sep 24, 2021",ind_prs24092021_2.pdf,https://www.niftyindices.com/Press_Release/ind_prs24092021_2.pdf,"Quarterly Review of Nifty Corporate Bond Indices w.e.f. October 01, 2021"
2021-09-22,"Sep 22, 2021",ind_prs22092021.pdf,https://www.niftyindices.com/Press_Release/ind_prs22092021.pdf,NSE Indices launches Nifty PSU Bond Plus SDL Apr 2027 50:50 Index
2021-09-20,"Sep 20, 2021",ind_prs20092021.pdf,https://www.niftyindices.com/Press_Release/ind_prs20092021.pdf,"Replacements in indices w.e.f. September 30, 2021"
2021-09-15,"Sep 15, 2021",ind_prs15092021.pdf,https://www.niftyindices.com/Press_Release/ind_prs15092021.pdf,Replacements in indices and revision in criteria
2021-09-14,"Sep 14, 2021",ind_prs14092021.pdf,https://www.niftyindices.com/Press_Release/ind_prs14092021.pdf,NSE Indices launches Nifty Midcap Select Index
2021-09-09,"Sep 09, 2021",ind_prs09092021.pdf,https://www.niftyindices.com/Press_Release/ind_prs09092021.pdf,NSE Indices launches Nifty PSU Bond Plus SDL Sep 2027 40:60 Index
2021-09-07,"Sep 07, 2021",ind_prs07092021.pdf,https://www.niftyindices.com/Press_Release/ind_prs07092021.pdf,"Replacement in NIFTY SME EMERGE Index w.e.f. September 15, 2021"
2021-09-03,"Sep 03, 2021",ind_prs03092021.pdf,https://www.niftyindices.com/Press_Release/ind_prs03092021.pdf,NSE Indices launches Nifty SDL Plus PSU Bond Sep 2026 60:40 Index
2021-08-30,"Aug 30, 2021",ind_prs30082021.pdf,https://www.niftyindices.com/Press_Release/ind_prs30082021.pdf,"Replacement in NIFTY SME EMERGE Index w.e.f. September 06, 2021"
2021-08-26,"Aug 26, 2021",ind_prs26082021.pdf,https://www.niftyindices.com/Press_Release/ind_prs26082021.pdf,"Replacement in NIFTY SME EMERGE Index w.e.f. September 02, 2021"
2021-08-23,"Aug 23, 2021",ind_prs23082021.pdf,https://www.niftyindices.com/Press_Release/ind_prs23082021.pdf,Revision in criteria and replacements in indices
2021-08-23,"Aug 23, 2021",ind_prs23082021_1.pdf,https://www.niftyindices.com/Press_Release/ind_prs23082021_1.pdf,Replacements in NIFTY SME Emerge Index w.e.f. 30-Aug-2021
2021-08-20,"Aug 20, 2021",ind_prs20082021.pdf,https://www.niftyindices.com/Press_Release/ind_prs20082021.pdf,NSE Indices launches Nifty India Select 7 Government Bond Index
2021-08-16,"Aug 16, 2021",ind_prs16082021.pdf,https://www.niftyindices.com/Press_Release/ind_prs16082021.pdf,NSE Indices launches Nifty India Manufacturing Index
2021-07-26,"Jul 26, 2021",ind_prs26072021.pdf,https://www.niftyindices.com/Press_Release/ind_prs26072021.pdf,"Change in the Fixed Income Indices w.e.f. August 02, 2021"
2021-07-14,"Jul 14, 2021",ind_prs14072021.pdf,https://www.niftyindices.com/Press_Release/ind_prs14072021.pdf,"Change in the Fixed Income Indices w.e.f. July 22, 2021"
2021-06-25,"Jun 25, 2021",ind_prs25062021.pdf,https://www.niftyindices.com/Press_Release/ind_prs25062021.pdf,Quarterly Review of Nifty PSU Bond Plus SDL Apr 2026 50:50 Index w.e.f. 30 June 2021
2021-06-25,"Jun 25, 2021",ind_prs25062021_1.pdf,https://www.niftyindices.com/Press_Release/ind_prs25062021_1.pdf,Quarterly Review of Nifty BHARAT Bond Index Series w.e.f. 30 June 2021
2021-06-24,"Jun 24, 2021",ind_prs24062021_3.pdf,https://www.niftyindices.com/Press_Release/ind_prs24062021_3.pdf,"Quarterly Review of Nifty Banking and PSU Bond indices w.e.f. July 01, 2021"
2021-06-24,"Jun 24, 2021",ind_prs24062021_2.pdf,https://www.niftyindices.com/Press_Release/ind_prs24062021_2.pdf,"Quarterly Review of Nifty Corporate Bond Indices w.e.f. July 01, 2021"
2021-06-24,"Jun 24, 2021",ind_prs24062021_1.pdf,https://www.niftyindices.com/Press_Release/ind_prs24062021_1.pdf,"Change in the Fixed Income Indices w.e.f. July 01, 2021"
2021-06-24,"Jun 24, 2021",ind_prs24062021.pdf,https://www.niftyindices.com/Press_Release/ind_prs24062021.pdf,Replacement in NIFTY SME EMERGE Index
2021-06-15,"Jun 15, 2021",ind_prs15062021.pdf,https://www.niftyindices.com/Press_Release/ind_prs15062021.pdf,"Replacements in Indices w.e.f. June 30, 2021"
2021-05-24,"May 24, 2021",ind_prs24052021.pdf,https://www.niftyindices.com/Press_Release/ind_prs24052021.pdf,"Change in the Fixed Income Indices w.e.f. June 01, 2021"
2021-05-12,"May 12, 2021",ind_prs12052021.pdf,https://www.niftyindices.com/Press_Release/ind_prs12052021.pdf,"Change in NIFTY SME EMERGE Index w.e.f. May 20, 2021"
2021-05-10,"May 10, 2021",ind_prs10052021.pdf,https://www.niftyindices.com/Press_Release/ind_prs10052021.pdf,NSE Indices launches Nifty Microcap 250 Index
2021-04-29,"Apr 29, 2021",ind_prs29042021.pdf,https://www.niftyindices.com/Press_Release/ind_prs29042021.pdf,"Change in NIFTY SME EMERGE Index w.e.f. May 06, 2021"
2021-04-26,"Apr 26, 2021",ind_prs26042021.pdf,https://www.niftyindices.com/Press_Release/ind_prs26042021.pdf,"Change in the Fixed Income Indices w.e.f. May 03, 2021"
2021-04-22,"Apr 22, 2021",ind_prs22042021.pdf,https://www.niftyindices.com/Press_Release/ind_prs22042021.pdf,"Replacements in Indices w.e.f. April 29, 2021"
2021-04-13,"Apr 13, 2021",ind_prs13042021.pdf,https://www.niftyindices.com/Press_Release/ind_prs13042021.pdf,"Change in NIFTY SME EMERGE Index w.e.f. April 22, 2021"
2021-04-09,"Apr 09, 2021",ind_prs09042021.pdf,https://www.niftyindices.com/Press_Release/ind_prs09042021.pdf,NSE Indices launches Nifty AAA Bond Plus SDL Apr 2026 50:50 Index
2021-03-25,"Mar 25, 2021",ind_prs25032021_1.pdf,https://www.niftyindices.com/Press_Release/ind_prs25032021_1.pdf,Quarterly Review of Nifty PSU Bond Plus SDL Apr 2026 50:50 Index w.e.f. 31 March 2021
2021-03-25,"Mar 25, 2021",ind_prs25032021.pdf,https://www.niftyindices.com/Press_Release/ind_prs25032021.pdf,Quarterly Review of Nifty BHARAT Bond Index Series w.e.f. 31 March 2021
2021-03-24,"Mar 24, 2021",ind_prs24032021.pdf,https://www.niftyindices.com/Press_Release/ind_prs24032021.pdf,"Change in the Fixed Income Indices w.e.f. April 05, 2021"
2021-03-24,"Mar 24, 2021",ind_prs24032021_1.pdf,https://www.niftyindices.com/Press_Release/ind_prs24032021_1.pdf,"Quarterly Review of Nifty Corporate Bond Indices w.e.f. April 05, 2021"
2021-03-24,"Mar 24, 2021",ind_prs24032021_2.pdf,https://www.niftyindices.com/Press_Release/ind_prs24032021_2.pdf,"Quarterly Review of Nifty Banking and PSU Bond indices w.e.f. April 05, 2021"
2021-03-22,"Mar 22, 2021",ind_prs22032021.pdf,https://www.niftyindices.com/Press_Release/ind_prs22032021.pdf,Annual Review of NIFTY Fixed Income Indices
2021-03-10,"Mar 10, 2021",ind_prs10032021.pdf,https://www.niftyindices.com/Press_Release/ind_prs10032021.pdf,"Replacements in Indices w.e.f. March 31, 2021"
2021-03-09,"Mar 09, 2021",ind_prs09032021.pdf,https://www.niftyindices.com/Press_Release/ind_prs09032021.pdf,NSE Indices launches Nifty SDL Apr 2026 Top 20 Equal Weight Index
2021-03-02,"Mar 02, 2021",ind_prs02032021.pdf,https://www.niftyindices.com/Press_Release/ind_prs02032021.pdf,NSE Indices launches Nifty PSU Bond Plus SDL Apr 2026 50:50 Index
2021-02-23,"Feb 23, 2021",ind_prs23022021.pdf,https://www.niftyindices.com/Press_Release/ind_prs23022021.pdf,"Replacements in Indices w.e.f. March 31, 2021"
2021-02-23,"Feb 23, 2021",ind_prs23022021_1.pdf,https://www.niftyindices.com/Press_Release/ind_prs23022021_1.pdf,"Changes in index maintenance guidelines, criteria and methodology"
2021-02-22,"Feb 22, 2021",ind_prs22022021.pdf,https://www.niftyindices.com/Press_Release/ind_prs22022021.pdf,"Change in the Fixed Income Indices w.e.f. March 01, 2021"
2021-02-09,"Feb 09, 2021",ind_prs09022021.pdf,https://www.niftyindices.com/Press_Release/ind_prs09022021.pdf,"Change in NIFTY SME EMERGE Index w.e.f. February 16, 2021"
2021-01-27,"Jan 27, 2021",ind_prs27012021.pdf,https://www.niftyindices.com/Press_Release/ind_prs27012021.pdf,"Change in NIFTY SME EMERGE Index w.e.f. February 03, 2021"
2021-01-22,"Jan 22, 2021",ind_prs22012021.pdf,https://www.niftyindices.com/Press_Release/ind_prs22012021.pdf,"Change in the Fixed Income Indices w.e.f. February 01, 2021"
2021-01-18,"Jan 18, 2021",ind_prs18012021.pdf,https://www.niftyindices.com/Press_Release/ind_prs18012021.pdf,"Replacements in NIFTY SME EMERGE Index w.e.f. January 25, 2021"
2020-12-28,"Dec 28, 2020",ind_prs28122020.pdf,https://www.niftyindices.com/Press_Release/ind_prs28122020.pdf,Quarterly Review of Nifty BHARAT Bond Index Series w.e.f. 31 December 2020
2020-12-24,"Dec 24, 2020",ind_prs24122020.pdf,https://www.niftyindices.com/Press_Release/ind_prs24122020.pdf,"Change in the Fixed Income Indices w.e.f. January 01, 2021"
2020-12-14,"Dec 14, 2020",ind_prs14122020.pdf,https://www.niftyindices.com/Press_Release/ind_prs14122020.pdf,"Change in the Fixed Income Indices w.e.f. December 21, 2020"
2020-12-11,"Dec 11, 2020",ind_prs11122020.pdf,https://www.niftyindices.com/Press_Release/ind_prs11122020.pdf,Replacements in Indices
2020-12-11,"Dec 11, 2020",ind_prs11122020_1.pdf,https://www.niftyindices.com/Press_Release/ind_prs11122020_1.pdf,Revision in methodology of Nifty100 ESG and Nifty100 Enhanced ESG indices
2020-12-04,"Dec 04, 2020",ind_prs04122020.pdf,https://www.niftyindices.com/Press_Release/ind_prs04122020.pdf,"Change in NIFTY SME EMERGE Index w.e.f. December 11, 2020"
2020-12-02,"Dec 02, 2020",ind_prs02122020.pdf,https://www.niftyindices.com/Press_Release/ind_prs02122020.pdf,NSE Indices launches Nifty500 Multicap 50:25:25 Index
2020-11-27,"Nov 27, 2020",ind_prs27112020.pdf,https://www.niftyindices.com/Press_Release/ind_prs27112020.pdf,"Change in NIFTY SME EMERGE Index w.e.f. December 07, 2020"
2020-11-23,"Nov 23, 2020",ind_prs23112020_1.pdf,https://www.niftyindices.com/Press_Release/ind_prs23112020_1.pdf,"Change in NIFTY SME EMERGE Index w.e.f. December 01, 2020"
2020-11-23,"Nov 23, 2020",ind_prs23112020.pdf,https://www.niftyindices.com/Press_Release/ind_prs23112020.pdf,"Change in the Fixed Income Indices w.e.f. December 01, 2020"
2020-11-18,"Nov 18, 2020",ind_prs18112020.pdf,https://www.niftyindices.com/Press_Release/ind_prs18112020.pdf,"Replacement in indices w.e.f. November 25, 2020"
2020-11-18,"Nov 18, 2020",ind_prs18112020_1.pdf,https://www.niftyindices.com/Press_Release/ind_prs18112020_1.pdf,NSE Indices launches Nifty Healthcare Index
2020-10-29,"Oct 29, 2020",ind_prs29102020.pdf,https://www.niftyindices.com/Press_Release/ind_prs29102020.pdf,"Change in NIFTY SME EMERGE Index w.e.f. November 05, 2020"
2020-10-28,"Oct 28, 2020",ind_prs28102020.pdf,https://www.niftyindices.com/Press_Release/ind_prs28102020.pdf,NSE Indices launches Nifty CPSE Bond Plus SDL Sep 2024 50:50 Index
2020-10-26,"Oct 26, 2020",ind_prs26102020.pdf,https://www.niftyindices.com/Press_Release/ind_prs26102020.pdf,"Replacement in indices w.e.f. November 02, 2020"
2020-10-23,"Oct 23, 2020",ind_prs23102020.pdf,https://www.niftyindices.com/Press_Release/ind_prs23102020.pdf,"Change in the Fixed Income Indices w.e.f. November 02, 2020"
2020-10-19,"Oct 19, 2020",ind_prs19102020.pdf,https://www.niftyindices.com/Press_Release/ind_prs19102020.pdf,"Change in NIFTY SME EMERGE Index w.e.f. October 26, 2020"
2020-10-15,"Oct 15, 2020",ind_prs15102020.pdf,https://www.niftyindices.com/Press_Release/ind_prs15102020.pdf,"Change in NIFTY SME EMERGE Index w.e.f. October 22, 2020"
2020-10-07,"Oct 07, 2020",ind_prs07102020.pdf,https://www.niftyindices.com/Press_Release/ind_prs07102020.pdf,"Change in NIFTY SME EMERGE Index w.e.f. October 14, 2020"
2020-09-30,"Sep 30, 2020",ind_prs30092020.pdf,https://www.niftyindices.com/Press_Release/ind_prs30092020.pdf,"Replacement in indices w.e.f. October 08, 2020"
2020-09-25,"Sep 25, 2020",ind_prs25092020.pdf,https://www.niftyindices.com/Press_Release/ind_prs25092020.pdf,Quarterly Review of Nifty BHARAT Bond Index Series w.e.f. 30 September 2020
2020-09-25,"Sep 25, 2020",ind_prs25092020_1.pdf,https://www.niftyindices.com/Press_Release/ind_prs25092020_1.pdf,"Change in NIFTY SME EMERGE Index w.e.f. October 05, 2020"
2020-09-24,"Sep 24, 2020",ind_prs24092020.pdf,https://www.niftyindices.com/Press_Release/ind_prs24092020.pdf,"Change in the Fixed Income Indices w.e.f. October 01, 2020"
2020-09-22,"Sep 22, 2020",ind_prs22092020.pdf,https://www.niftyindices.com/Press_Release/ind_prs22092020.pdf,Replacement in NIFTY SME EMERGE Index
2020-09-18,"Sep 18, 2020",ind_prs18092020.pdf,https://www.niftyindices.com/Press_Release/ind_prs18092020.pdf,"Change in NIFTY SME EMERGE Index w.e.f. September 25, 2020"
2020-09-10,"Sep 10, 2020",ind_prs10092020.pdf,https://www.niftyindices.com/Press_Release/ind_prs10092020.pdf,"Change in NIFTY SME EMERGE Index w.e.f. September 17, 2020"
2020-09-07,"Sep 07, 2020",ind_prs07092020.pdf,https://www.niftyindices.com/Press_Release/ind_prs07092020.pdf,Replacements in Indices
2020-08-25,"Aug 25, 2020",ind_prs25082020.pdf,https://www.niftyindices.com/Press_Release/ind_prs25082020.pdf,NSE Indices launches Nifty200 Momentum 30 Index
2020-08-25,"Aug 25, 2020",ind_prs25082020_1.pdf,https://www.niftyindices.com/Press_Release/ind_prs25082020_1.pdf,"Change in the Fixed Income Indices w.e.f. September 01, 2020"
2020-08-20,"Aug 20, 2020",ind_prs20082020.pdf,https://www.niftyindices.com/Press_Release/ind_prs20082020.pdf,Revision in criteria and replacements in Indices
2020-08-12,"Aug 12, 2020",ind_prs12082020.pdf,https://www.niftyindices.com/Press_Release/ind_prs12082020.pdf,"Change in NIFTY SME EMERGE Index w.e.f. August 19, 2020"
2020-08-05,"Aug 05, 2020",ind_prs05082020.pdf,https://www.niftyindices.com/Press_Release/ind_prs05082020.pdf,"Inclusion in Nifty BHARAT Bond Index series w.e.f. August 10, 2020"
2020-08-03,"Aug 03, 2020",ind_prs03082020.pdf,https://www.niftyindices.com/Press_Release/ind_prs03082020.pdf,"Change in the Fixed Income Indices w.e.f. August 10, 2020"
2020-07-22,"Jul 22, 2020",ind_prs22072020.pdf,https://www.niftyindices.com/Press_Release/ind_prs22072020.pdf,"Change in NIFTY SME EMERGE Index w.e.f. July 29, 2020"
2020-07-10,"Jul 10, 2020",ind_prs10072020.pdf,https://www.niftyindices.com/Press_Release/ind_prs10072020.pdf,"Change in NIFTY SME EMERGE Index w.e.f. July 17, 2020"
2020-07-02,"Jul 02, 2020",ind_prs02072020.pdf,https://www.niftyindices.com/Press_Release/ind_prs02072020.pdf,NSE Indices launches Nifty BHARAT Bond Indices - April 2025 and April 2031 series
2020-07-02,"Jul 02, 2020",ind_prs02072020_1.pdf,https://www.niftyindices.com/Press_Release/ind_prs02072020_1.pdf,Replacement in Indices
2020-06-24,"Jun 24, 2020",ind_prs24062020.pdf,https://www.niftyindices.com/Press_Release/ind_prs24062020.pdf,"Change in the Fixed Income Indices w.e.f. July 01, 2020"
2020-06-24,"Jun 24, 2020",ind_prs24062020_1.pdf,https://www.niftyindices.com/Press_Release/ind_prs24062020_1.pdf,Quarterly Review of Nifty BHARAT Bond Indices w.e.f. 30 June 2020
2020-06-23,"Jun 23, 2020",ind_prs23062020.pdf,https://www.niftyindices.com/Press_Release/ind_prs23062020.pdf,"Change in NIFTY SME EMERGE Index w.e.f. June 24, 2020"
2020-06-23,"Jun 23, 2020",ind_prs23062020_1.pdf,https://www.niftyindices.com/Press_Release/ind_prs23062020_1.pdf,Revision in Index criteria of Nifty BHARAT Bond Index series
2020-06-19,"Jun 19, 2020",ind_prs19062020.pdf,https://www.niftyindices.com/Press_Release/ind_prs19062020.pdf,"Change in NIFTY SME EMERGE Index w.e.f. June 26, 2020"
2020-06-15,"Jun 15, 2020",ind_prs15062020.pdf,https://www.niftyindices.com/Press_Release/ind_prs15062020.pdf,NSE Indices launches Nifty100 ESG Sector Leaders Index
2020-06-10,"Jun 10, 2020",ind_prs10062020.pdf,https://www.niftyindices.com/Press_Release/ind_prs10062020.pdf,"Change in indices w.e.f. June 26, 2020"
2020-05-22,"May 22, 2020",ind_prs22052020.pdf,https://www.niftyindices.com/Press_Release/ind_prs22052020.pdf,"Change in the Fixed Income Indices w.e.f. June 01, 2020"
2020-05-20,"May 20, 2020",ind_prs20052020.pdf,https://www.niftyindices.com/Press_Release/ind_prs20052020.pdf,NSE Indices launches Nifty Financial Services 25/50 Index
2020-05-15,"May 15, 2020",ind_prs15052020.pdf,https://www.niftyindices.com/Press_Release/ind_prs15052020.pdf,"Change in NIFTY SME EMERGE Index w.e.f. May 22, 2020"
2020-05-13,"May 13, 2020",ind_prs13052020.pdf,https://www.niftyindices.com/Press_Release/ind_prs13052020.pdf,Index reconstitution and revision in eligibility criteria
2020-04-24,"Apr 24, 2020",ind_prs24042020.pdf,https://www.niftyindices.com/Press_Release/ind_prs24042020.pdf,"Change in the Fixed Income Indices w.e.f. May 04, 2020"
2020-04-22,"Apr 22, 2020",ind_prs22042020.pdf,https://www.niftyindices.com/Press_Release/ind_prs22042020.pdf,"Change in NIFTY SME EMERGE Index w.e.f. April 29, 2020"
2020-04-08,"Apr 08, 2020",ind_prs08042020.pdf,https://www.niftyindices.com/Press_Release/ind_prs08042020.pdf,"Change in NIFTY 10 Year SDL Index w.e.f April 08, 2020"
2020-03-30,"Mar 30, 2020",ind_prs30032020.pdf,https://www.niftyindices.com/Press_Release/ind_prs30032020.pdf,"Change in NIFTY 10 Year SDL Index w.e.f March 31, 2020"
2020-03-26,"Mar 26, 2020",ind_prs26032020.pdf,https://www.niftyindices.com/Press_Release/ind_prs26032020.pdf,Quarterly Review of Nifty BHARAT Bond Indices w.e.f. 31 March 2020
2020-03-25,"Mar 25, 2020",ind_prs25032020.pdf,https://www.niftyindices.com/Press_Release/ind_prs25032020.pdf,Deferment of Index Rebalancing - 25 Mar 2020
2020-03-24,"Mar 24, 2020",ind_prs24032020.pdf,https://www.niftyindices.com/Press_Release/ind_prs24032020.pdf,"Change in the Fixed Income Indices w.e.f.April 03, 2020"
2020-03-23,"Mar 23, 2020",ind_prs23032020.pdf,https://www.niftyindices.com/Press_Release/ind_prs23032020.pdf,Deferment of Index Rebalancing
2020-03-23,"Mar 23, 2020",ind_prs23032020_1.pdf,https://www.niftyindices.com/Press_Release/ind_prs23032020_1.pdf,"Change in NIFTY 10 Year SDL Index w.e.f March 24, 2020"
2020-03-19,"Mar 19, 2020",ind_prs19032020.pdf,https://www.niftyindices.com/Press_Release/ind_prs19032020.pdf,"Change in indices w.e.f. March 27, 2020"
2020-03-18,"Mar 18, 2020",ind_prs18032020.pdf,https://www.niftyindices.com/Press_Release/ind_prs18032020.pdf,Annual Review of NIFTY Fixed Income Indices
2020-03-17,"Mar 17, 2020",ind_prs17032020.pdf,https://www.niftyindices.com/Press_Release/ind_prs17032020.pdf,"Change in NIFTY 10 Year SDL Index w.e.f March 18, 2020"
2020-03-16,"Mar 16, 2020",ind_prs16032020.pdf,https://www.niftyindices.com/Press_Release/ind_prs16032020.pdf,"Exclusion of Yes Bank Ltd. from Nifty indices w.e.f. March 19, 2020"
2020-03-12,"Mar 12, 2020",ind_prs12032020.pdf,https://www.niftyindices.com/Press_Release/ind_prs12032020.pdf,"Replacement in indices w.e.f. March 27, 2020"
2020-03-09,"Mar 09, 2020",ind_prs09032020.pdf,https://www.niftyindices.com/Press_Release/ind_prs09032020.pdf,"Change in NIFTY 10 Year SDL Index w.e.f March 11, 2020"
2020-03-05,"Mar 05, 2020",ind_prs05032020.pdf,https://www.niftyindices.com/Press_Release/ind_prs05032020.pdf,"Change in NIFTY SME EMERGE Index w.e.f. March 12, 2020"
2020-03-03,"Mar 03, 2020",ind_prs03032020.pdf,https://www.niftyindices.com/Press_Release/ind_prs03032020.pdf,"Change in NIFTY 10 Year SDL Index w e f March 04, 2020"
2020-02-25,"Feb 25, 2020",ind_prs25022020.pdf,https://www.niftyindices.com/Press_Release/ind_prs25022020.pdf,"Change in NIFTY 10 Year SDL Index w e f February 26, 2020"
2020-02-24,"Feb 24, 2020",ind_prs24022020.pdf,https://www.niftyindices.com/Press_Release/ind_prs24022020.pdf,"Change in the Fixed Income Indices w.e.f. March 02, 2020"
2020-02-18,"Feb 18, 2020",ind_prs18022020.pdf,https://www.niftyindices.com/Press_Release/ind_prs18022020.pdf,Revision in criteria and replacements in Indices
2020-02-17,"Feb 17, 2020",ind_prs17022020.pdf,https://www.niftyindices.com/Press_Release/ind_prs17022020.pdf,"Change in NIFTY 10 Year SDL Index w e f February 18, 2020"
2020-02-11,"Feb 11, 2020",ind_prs11022020.pdf,https://www.niftyindices.com/Press_Release/ind_prs11022020.pdf,"Change in NIFTY 10 Year SDL Index w.e.f. February 12, 2020"
2020-02-04,"Feb 04, 2020",ind_prs04022020.pdf,https://www.niftyindices.com/Press_Release/ind_prs04022020.pdf,"Change in NIFTY 10 Year SDL Index w e f February 05, 2020"
2020-01-28,"Jan 28, 2020",ind_prs28012020.pdf,https://www.niftyindices.com/Press_Release/ind_prs28012020.pdf,"Change in NIFTY 10 Year SDL Index w e f January 29, 2020"
2020-01-27,"Jan 27, 2020",ind_prs27012020.pdf,https://www.niftyindices.com/Press_Release/ind_prs27012020.pdf,"Change in the Fixed Income Indices w.e.f. February 03, 2020"
2020-01-21,"Jan 21, 2020",ind_prs21012020.pdf,https://www.niftyindices.com/Press_Release/ind_prs21012020.pdf,"Change in NIFTY 10 Year SDL Index w e f January 22, 2020"
2020-01-20,"Jan 20, 2020",ind_prs20012020.pdf,https://www.niftyindices.com/Press_Release/ind_prs20012020.pdf,"Inclusion in Nifty BHARAT Bond Index series w.e.f. January 23, 2020"
2020-01-17,"Jan 17, 2020",ind_prs17012020.pdf,https://www.niftyindices.com/Press_Release/ind_prs17012020.pdf,Revision in NIFTY CPSE Index
2020-01-15,"Jan 15, 2020",ind_prs15012020.pdf,https://www.niftyindices.com/Press_Release/ind_prs15012020.pdf,NSE Indices launches two new sector indices
2020-01-14,"Jan 14, 2020",ind_prs14012020.pdf,https://www.niftyindices.com/Press_Release/ind_prs14012020.pdf,Change in NIFTY 10 Year SDL Index w.e.f. January 15 2020
2020-01-13,"Jan 13, 2020",ind_prs13012020.pdf,https://www.niftyindices.com/Press_Release/ind_prs13012020.pdf,"Change in NIFTY SME EMERGE Index w.e.f. January 20, 2020"
2020-01-09,"Jan 09, 2020",ind_prs09012020.pdf,https://www.niftyindices.com/Press_Release/ind_prs09012020.pdf,"Replacement in indices w.e.f. January 16, 2020"
2020-01-07,"Jan 07, 2020",ind_prs07012020.pdf,https://www.niftyindices.com/Press_Release/ind_prs07012020.pdf,Change in NIFTY 10 Year SDL Index w.e.f. January 08 2020
2020-01-06,"Jan 06, 2020",ind_prs06012020.pdf,https://www.niftyindices.com/Press_Release/ind_prs06012020.pdf,"Change in NIFTY SME EMERGE Index w.e.f. January 13, 2020"
2019-12-31,"Dec 31, 2019",ind_prs31122019.pdf,https://www.niftyindices.com/Press_Release/ind_prs31122019.pdf,Change in NIFTY 10 Year SDL Index w e f January 01 2020
2019-12-27,"Dec 27, 2019",ind_prs27122019.pdf,https://www.niftyindices.com/Press_Release/ind_prs27122019.pdf,"Change in NIFTY SME EMERGE Index w.e.f. January 03, 2020"
2019-12-26,"Dec 26, 2019",ind_prs26122019.pdf,https://www.niftyindices.com/Press_Release/ind_prs26122019.pdf,"Change in Nifty BHARAT Bond Indices w.e.f. December 31, 2019"
2019-12-24,"Dec 24, 2019",ind_prs24122019.pdf,https://www.niftyindices.com/Press_Release/ind_prs24122019.pdf,"Change in the Fixed Income Indices w.e.f. January 01, 2020"
2019-12-24,"Dec 24, 2019",ind_prs24122019_1.pdf,https://www.niftyindices.com/Press_Release/ind_prs24122019_1.pdf,"Change in NIFTY SME EMERGE Index w.e.f. January 01, 2020"
2019-12-23,"Dec 23, 2019",ind_prs23122019.pdf,https://www.niftyindices.com/Press_Release/ind_prs23122019.pdf,Change in NIFTY 10 Year SDL Index w e f December 24 2019
2019-12-19,"Dec 19, 2019",ind_prs19122019.pdf,https://www.niftyindices.com/Press_Release/ind_prs19122019.pdf,"Replacement in indices w.e.f. December 27, 2019"
2019-12-18,"Dec 18, 2019",ind_prs18122019.pdf,https://www.niftyindices.com/Press_Release/ind_prs18122019.pdf,"Replacement in indices w.e.f. December 26, 2019"
2019-12-17,"Dec 17, 2019",ind_prs17122019.pdf,https://www.niftyindices.com/Press_Release/ind_prs17122019.pdf,"Change in NIFTY 10 Year SDL Index w.e.f. December 18, 2019"
2019-12-16,"Dec 16, 2019",ind_prs16122019.pdf,https://www.niftyindices.com/Press_Release/ind_prs16122019.pdf,Replacements and revision in Index criteria
2019-12-10,"Dec 10, 2019",ind_prs10122019.pdf,https://www.niftyindices.com/Press_Release/ind_prs10122019.pdf,"Change in NIFTY 10 Year SDL Index w.e.f. December 11, 2019"
2019-12-06,"Dec 06, 2019",ind_prs06122019.pdf,https://www.niftyindices.com/Press_Release/ind_prs06122019.pdf,"Change in NIFTY SME EMERGE Index w.e.f. December 13, 2019"
2019-12-05,"Dec 05, 2019",ind_prs05122019.pdf,https://www.niftyindices.com/Press_Release/ind_prs05122019.pdf,NSE Indices launches Nifty BHARAT Bond Index Series
2019-12-03,"Dec 03, 2019",ind_prs03122019.pdf,https://www.niftyindices.com/Press_Release/ind_prs03122019.pdf,"Change in NIFTY 10 Year SDL Index w.e.f. December 4, 2019"
2019-11-29,"Nov 29, 2019",ind_prs29112019.pdf,https://www.niftyindices.com/Press_Release/ind_prs29112019.pdf,NSE Indices launches Nifty 5 yr Benchmark G-Sec Index
2019-11-28,"Nov 28, 2019",ind_prs28112019.pdf,https://www.niftyindices.com/Press_Release/ind_prs28112019.pdf,Revision in criteria of NIFTY Midcap 50 index
2019-11-26,"Nov 26, 2019",ind_prs26112019.pdf,https://www.niftyindices.com/Press_Release/ind_prs26112019.pdf,"Change in NIFTY 10 Year SDL Index w.e.f. November 27, 2019"
2019-11-25,"Nov 25, 2019",ind_prs25112019.pdf,https://www.niftyindices.com/Press_Release/ind_prs25112019.pdf,"Change in the Fixed Income Indices w.e.f. December 02, 2019"
2019-11-19,"Nov 19, 2019",ind_prs19112019.pdf,https://www.niftyindices.com/Press_Release/ind_prs19112019.pdf,"Change in NIFTY 10 Year SDL Index w.e.f. November 20, 2019"
2019-11-11,"Nov 11, 2019",ind_prs11112019.pdf,https://www.niftyindices.com/Press_Release/ind_prs11112019.pdf,"Change in NIFTY 10 Year SDL Index w.e.f. November 13, 2019"
2019-11-05,"Nov 05, 2019",ind_prs05112019.pdf,https://www.niftyindices.com/Press_Release/ind_prs05112019.pdf,"Change in NIFTY SME EMERGE Index w.e.f. November 13, 2019"
2019-11-05,"Nov 05, 2019",ind_prs05112019_1.pdf,https://www.niftyindices.com/Press_Release/ind_prs05112019_1.pdf,"Change in NIFTY 10 Year SDL Index w.e.f. November 06, 2019"
2019-10-29,"Oct 29, 2019",ind_prs29102019.pdf,https://www.niftyindices.com/Press_Release/ind_prs29102019.pdf,"Change in NIFTY 10 Year SDL Index w.e.f. October 30, 2019"
2019-10-24,"Oct 24, 2019",ind_prs24102019.pdf,https://www.niftyindices.com/Press_Release/ind_prs24102019.pdf,NSE Indices launches Nifty Midcap150 Quality 50 Index
2019-10-24,"Oct 24, 2019",ind_prs24102019_1.pdf,https://www.niftyindices.com/Press_Release/ind_prs24102019_1.pdf,"Change in the Fixed Income Indices w.e.f. November 01, 2019"
2019-10-22,"Oct 22, 2019",ind_prs22102019.pdf,https://www.niftyindices.com/Press_Release/ind_prs22102019.pdf,"Change in NIFTY SME EMERGE Index w.e.f. October 30, 2019"
2019-10-22,"Oct 22, 2019",ind_prs22102019_1.pdf,https://www.niftyindices.com/Press_Release/ind_prs22102019_1.pdf,"Change in NIFTY 10 Year SDL Index w.e.f. October 23, 2019"
2019-10-17,"Oct 17, 2019",ind_prs17102019.pdf,https://www.niftyindices.com/Press_Release/ind_prs17102019.pdf,Revision in criteria for identification of new 10 year G-sec as benchmark
2019-10-15,"Oct 15, 2019",ind_prs15102019.pdf,https://www.niftyindices.com/Press_Release/ind_prs15102019.pdf,"Change in NIFTY 10 Year SDL Index w.e.f. October 16, 2019"
2019-10-07,"Oct 07, 2019",ind_prs07102019.pdf,https://www.niftyindices.com/Press_Release/ind_prs07102019.pdf,"Change in NIFTY 10 Year SDL Index w.e.f. October 09, 2019"
2019-09-24,"Sep 24, 2019",ind_prs24092019.pdf,https://www.niftyindices.com/Press_Release/ind_prs24092019.pdf,"Change in the Fixed Income Indices w.e.f. October 01, 2019"
2019-09-24,"Sep 24, 2019",ind_prs24092019_1.pdf,https://www.niftyindices.com/Press_Release/ind_prs24092019_1.pdf,"Change in NIFTY 10 Year SDL Index w.e.f. September 25, 2019"
2019-09-17,"Sep 17, 2019",ind_prs17092019.pdf,https://www.niftyindices.com/Press_Release/ind_prs17092019.pdf,"Revision in criteria of NIFTY Infrastructure Index and replacements in indices w.e.f. September 27, 2019"
2019-09-17,"Sep 17, 2019",ind_prs17092019_1.pdf,https://www.niftyindices.com/Press_Release/ind_prs17092019_1.pdf,"Replacement in indices w.e.f. September 24, 2019"
2019-09-17,"Sep 17, 2019",ind_prs17092019_2.pdf,https://www.niftyindices.com/Press_Release/ind_prs17092019_2.pdf,"Change in NIFTY 10 Year SDL Index w.e.f. September 18, 2019"
2019-09-09,"Sep 09, 2019",ind_prs09092019.pdf,https://www.niftyindices.com/Press_Release/ind_prs09092019.pdf,"Change in NIFTY 10 Year SDL Index w.e.f. September 11, 2019"
2019-09-03,"Sep 03, 2019",ind_prs03092019.pdf,https://www.niftyindices.com/Press_Release/ind_prs03092019.pdf,"Change in NIFTY 10 Year SDL Index w.e.f. September 04, 2019"
2019-08-28,"Aug 28, 2019",ind_prs28082019.pdf,https://www.niftyindices.com/Press_Release/ind_prs28082019.pdf,"Change in Indices w.e.f. September 27, 2019"
2019-08-27,"Aug 27, 2019",ind_prs27082019.pdf,https://www.niftyindices.com/Press_Release/ind_prs27082019.pdf,"Change in NIFTY 10 Year SDL Index w.e.f. August 28, 2019"
2019-08-20,"Aug 20, 2019",ind_prs20082019_2.pdf,https://www.niftyindices.com/Press_Release/ind_prs20082019_2.pdf,"Change in NIFTY 10 Year SDL Index w.e.f. August 21, 2019"
2019-08-20,"Aug 20, 2019",ind_prs20082019_1.pdf,https://www.niftyindices.com/Press_Release/ind_prs20082019_1.pdf,"Change in NIFTY SME EMERGE Index w.e.f. August 22, 2019"
2019-08-20,"Aug 20, 2019",ind_prs20082019.pdf,https://www.niftyindices.com/Press_Release/ind_prs20082019.pdf,Revision in eligibility criteria for inclusion of stocks in NIFTY indices
2019-08-13,"Aug 13, 2019",ind_prs13082019.pdf,https://www.niftyindices.com/Press_Release/ind_prs13082019.pdf,"Change in NIFTY SME EMERGE Index w.e.f. August 21, 2019"
2019-08-13,"Aug 13, 2019",ind_prs13082019_1.pdf,https://www.niftyindices.com/Press_Release/ind_prs13082019_1.pdf,"Change in NIFTY 10 Year SDL Index w.e.f. August 14, 2019"
2019-08-06,"Aug 06, 2019",ind_prs06082019.pdf,https://www.niftyindices.com/Press_Release/ind_prs06082019.pdf,"Change in NIFTY 10 Year SDL Index w.e.f. August 07, 2019"
2019-08-06,"Aug 06, 2019",ind_prs06082019_1.pdf,https://www.niftyindices.com/Press_Release/ind_prs06082019_1.pdf,"Change in NIFTY SME EMERGE Index w.e.f. August 14, 2019"
2019-07-30,"Jul 30, 2019",ind_prs30072019.pdf,https://www.niftyindices.com/Press_Release/ind_prs30072019.pdf,"Change in NIFTY 10 Year SDL Index w.e.f. July 31, 2019"
2019-07-26,"Jul 26, 2019",ind_prs26072019.pdf,https://www.niftyindices.com/Press_Release/ind_prs26072019.pdf,"Change in NIFTY SME EMERGE Index w.e.f. August 02, 2019"
2019-07-25,"Jul 25, 2019",ind_prs25072019.pdf,https://www.niftyindices.com/Press_Release/ind_prs25072019.pdf,"Change in the Fixed Income Indices w.e.f. August 01, 2019"
2019-07-23,"Jul 23, 2019",ind_prs23072019.pdf,https://www.niftyindices.com/Press_Release/ind_prs23072019.pdf,"Change in NIFTY SME EMERGE Index w.e.f. July 25, 2019"
2019-07-23,"Jul 23, 2019",ind_prs23072019_1.pdf,https://www.niftyindices.com/Press_Release/ind_prs23072019_1.pdf,"Change in NIFTY 10 Year SDL Index w.e.f. July 24, 2019"
2019-07-16,"Jul 16, 2019",ind_prs16072019_1.pdf,https://www.niftyindices.com/Press_Release/ind_prs16072019_1.pdf,"Change in NIFTY 10 Year SDL Index w.e.f. July 17, 2019"
2019-07-11,"Jul 11, 2019",ind_prs11072019.pdf,https://www.niftyindices.com/Press_Release/ind_prs11072019.pdf,"Change in NIFTY SME EMERGE Index w.e.f. July 18, 2019"
2019-07-09,"Jul 09, 2019",ind_prs09072019.pdf,https://www.niftyindices.com/Press_Release/ind_prs09072019.pdf,"Change in NIFTY SME EMERGE Index w.e.f. July 16, 2019"
2019-07-09,"Jul 09, 2019",ind_prs09072019_1.pdf,https://www.niftyindices.com/Press_Release/ind_prs09072019_1.pdf,"Change in NIFTY 10 Year SDL Index w.e.f. July 10, 2019"
2019-07-08,"Jul 08, 2019",ind_prs08072019.pdf,https://www.niftyindices.com/Press_Release/ind_prs08072019.pdf,Revision in NIFTY CPSE and NIFTY SME EMERGE Indices
2019-07-02,"Jul 02, 2019",ind_prs02072019.pdf,https://www.niftyindices.com/Press_Release/ind_prs02072019.pdf,"Change in NIFTY 10 Year SDL Index w.e.f. July 03, 2019"
2019-06-28,"Jun 28, 2019",ind_prs28062019.pdf,https://www.niftyindices.com/Press_Release/ind_prs28062019.pdf,NSE Indices launches NIFTY100 Alpha 30 Index
2019-06-25,"Jun 25, 2019",ind_prs25062019.pdf,https://www.niftyindices.com/Press_Release/ind_prs25062019.pdf,"Change in NIFTY SME EMERGE Index w.e.f. June 25, 2019"
2019-06-25,"Jun 25, 2019",ind_prs25062019_1.pdf,https://www.niftyindices.com/Press_Release/ind_prs25062019_1.pdf,"Change in NIFTY 10 Year SDL Index w.e.f. June 26, 2019"
2019-06-24,"Jun 24, 2019",ind_prs24062019.pdf,https://www.niftyindices.com/Press_Release/ind_prs24062019.pdf,"Change in the Fixed Income Indices w.e.f. July 01, 2019"
2019-06-18,"Jun 18, 2019",ind_prs18062019.pdf,https://www.niftyindices.com/Press_Release/ind_prs18062019.pdf,"Change in NIFTY 10 Year SDL Index w.e.f. June 19, 2019"
2019-06-13,"Jun 13, 2019",ind_prs13062019_1.pdf,https://www.niftyindices.com/Press_Release/ind_prs13062019_1.pdf,"Change in NIFTY SME EMERGE Index w.e.f. June 20, 2019"
2019-06-13,"Jun 13, 2019",ind_prs13062019.pdf,https://www.niftyindices.com/Press_Release/ind_prs13062019.pdf,"Change in Indices w.e.f. June 28, 2019"
2019-06-11,"Jun 11, 2019",ind_prs11062019.pdf,https://www.niftyindices.com/Press_Release/ind_prs11062019.pdf,"Change in NIFTY 10 Year SDL Index w.e.f. June 12, 2019"
2019-06-03,"Jun 03, 2019",ind_prs03062019.pdf,https://www.niftyindices.com/Press_Release/ind_prs03062019.pdf,"Change in NIFTY 10 Year SDL Index w.e.f. June 04, 2019"
2019-05-28,"May 28, 2019",ind_prs28052019.pdf,https://www.niftyindices.com/Press_Release/ind_prs28052019.pdf,"Change in NIFTY 10 Year SDL Index w.e.f. May 29, 2019"
2019-05-21,"May 21, 2019",ind_prs21052019.pdf,https://www.niftyindices.com/Press_Release/ind_prs21052019.pdf,"Change in NIFTY 10 Year SDL Index w.e.f. May 22, 2019"
2019-05-14,"May 14, 2019",ind_prs14052019.pdf,https://www.niftyindices.com/Press_Release/ind_prs14052019.pdf,"Change in NIFTY 10 Year SDL Index w.e.f. May 15, 2019"
2019-05-08,"May 08, 2019",ind_prs08052019.pdf,https://www.niftyindices.com/Press_Release/ind_prs08052019.pdf,"Change in NIFTY SME EMERGE Index w.e.f. May 09, 2019"
2019-05-07,"May 07, 2019",ind_prs07052019.pdf,https://www.niftyindices.com/Press_Release/ind_prs07052019.pdf,"Change in NIFTY 10 Year SDL Index w.e.f. May 08, 2019"
2019-05-02,"May 02, 2019",ind_prs02052019.pdf,https://www.niftyindices.com/Press_Release/ind_prs02052019.pdf,"Change in NIFTY 10 Year SDL Index w.e.f. May 03, 2019"
2019-04-23,"Apr 23, 2019",ind_prs23042019.pdf,https://www.niftyindices.com/Press_Release/ind_prs23042019.pdf,"Change in the Fixed Income Indices w.e.f. May 02, 2019"
2019-04-23,"Apr 23, 2019",ind_prs23042019_1.pdf,https://www.niftyindices.com/Press_Release/ind_prs23042019_1.pdf,"Change in NIFTY 10 Year SDL Index w.e.f. April 24, 2019"
2019-04-15,"Apr 15, 2019",ind_prs15042019.pdf,https://www.niftyindices.com/Press_Release/ind_prs15042019.pdf,"Change in NIFTY 10 Year SDL Index w.e.f. April 16, 2019"
2019-04-09,"Apr 09, 2019",ind_prs09042019.pdf,https://www.niftyindices.com/Press_Release/ind_prs09042019.pdf,"Change in NIFTY 10 Year SDL Index w.e.f. April 10, 2019"
2019-04-08,"Apr 08, 2019",ind_prs08042019.pdf,https://www.niftyindices.com/Press_Release/ind_prs08042019.pdf,"Change in Indices w.e.f. April 15, 2019"
2019-04-03,"Apr 03, 2019",ind_prs03042019.pdf,https://www.niftyindices.com/Press_Release/ind_prs03042019.pdf,"Change in NIFTY SME EMERGE Index w.e.f. April 10, 2019"
2019-03-25,"Mar 25, 2019",ind_prs25032019.pdf,https://www.niftyindices.com/Press_Release/ind_prs25032019.pdf,"Change in the Fixed Income Indices w.e.f. April 02, 2019"
2019-03-20,"Mar 20, 2019",ind_prs20032019.pdf,https://www.niftyindices.com/Press_Release/ind_prs20032019.pdf,"Change in NIFTY PSU Bank Index w.e.f. March 29, 2019"
2019-03-19,"Mar 19, 2019",ind_prs19032019.pdf,https://www.niftyindices.com/Press_Release/ind_prs19032019.pdf,Annual Review of NIFTY Fixed Income Indices
2019-03-19,"Mar 19, 2019",ind_prs19032019_1.pdf,https://www.niftyindices.com/Press_Release/ind_prs19032019_1.pdf,"Change in NIFTY 10 Year SDL Index w.e.f. March 20, 2019"
2019-03-13,"Mar 13, 2019",ind_prs13032019.pdf,https://www.niftyindices.com/Press_Release/ind_prs13032019.pdf,Replacements and revision in criteria of indices
2019-03-12,"Mar 12, 2019",ind_prs12032019.pdf,https://www.niftyindices.com/Press_Release/ind_prs12032019.pdf,"Change in NIFTY 10 Year SDL Index w.e.f. March 13, 2019"
2019-03-06,"Mar 06, 2019",ind_prs06032019.pdf,https://www.niftyindices.com/Press_Release/ind_prs06032019.pdf,"Change in NIFTY SME EMERGE Index w.e.f. March 08, 2019"
2019-03-05,"Mar 05, 2019",ind_prs05032019.pdf,https://www.niftyindices.com/Press_Release/ind_prs05032019.pdf,"Change in NIFTY 10 Year SDL Index w.e.f. March 06, 2019"
2019-02-26,"Feb 26, 2019",ind_prs26022019.pdf,https://www.niftyindices.com/Press_Release/ind_prs26022019.pdf,"Change in NIFTY 10 Year SDL Index w.e.f. February 27, 2019"
2019-02-25,"Feb 25, 2019",ind_prs25022019.pdf,https://www.niftyindices.com/Press_Release/ind_prs25022019.pdf,"Change in Indices w.e.f. March 29, 2019"
2019-02-25,"Feb 25, 2019",ind_prs25022019_1.pdf,https://www.niftyindices.com/Press_Release/ind_prs25022019_1.pdf,Revision in Index methodology
2019-02-22,"Feb 22, 2019",ind_prs22022019.pdf,https://www.niftyindices.com/Press_Release/ind_prs22022019.pdf,"Change in the Fixed Income Indices w.e.f. March 01, 2019"
2019-02-20,"Feb 20, 2019",ind_prs20022019.pdf,https://www.niftyindices.com/Press_Release/ind_prs20022019.pdf,"Change in NIFTY Realty Index w.e.f. February 26, 2019"
2019-02-18,"Feb 18, 2019",ind_prs18022019.pdf,https://www.niftyindices.com/Press_Release/ind_prs18022019.pdf,"Change in NIFTY 10 Year SDL Index w.e.f. February 20, 2019"
2019-02-12,"Feb 12, 2019",ind_prs12022019.pdf,https://www.niftyindices.com/Press_Release/ind_prs12022019.pdf,"Change in NIFTY 10 Year SDL Index w.e.f. February 13, 2019"
2019-02-05,"Feb 05, 2019",ind_prs05022019.pdf,https://www.niftyindices.com/Press_Release/ind_prs05022019.pdf,"Change in NIFTY 10 Year SDL Index w.e.f. February 06, 2019"
2019-01-29,"Jan 29, 2019",ind_prs29012019.pdf,https://www.niftyindices.com/Press_Release/ind_prs29012019.pdf,"Change in NIFTY 10 Year SDL Index w.e.f. January 30, 2019"
2019-01-25,"Jan 25, 2019",ind_prs25012019.pdf,https://www.niftyindices.com/Press_Release/ind_prs25012019.pdf,"Change in the Fixed Income Indices w.e.f. February 01, 2019"
2019-01-24,"Jan 24, 2019",ind_prs24012019.pdf,https://www.niftyindices.com/Press_Release/ind_prs24012019.pdf,"Change in NIFTY SME EMERGE Index w.e.f. January 25, 2019"
2019-01-22,"Jan 22, 2019",ind_prs22012019.pdf,https://www.niftyindices.com/Press_Release/ind_prs22012019.pdf,"Change in NIFTY 10 Year SDL Index w.e.f. January 23, 2019"
2019-01-21,"Jan 21, 2019",ind_prs21012019.pdf,https://www.niftyindices.com/Press_Release/ind_prs21012019.pdf,"Change in Indices w.e.f. January 28, 2019"
2019-01-15,"Jan 15, 2019",ind_prs15012019.pdf,https://www.niftyindices.com/Press_Release/ind_prs15012019.pdf,"Change in NIFTY 10 Year SDL Index w.e.f. January 16, 2019"
2019-01-14,"Jan 14, 2019",ind_prs14012019.pdf,https://www.niftyindices.com/Press_Release/ind_prs14012019.pdf,"Change in the Fixed Income Indices w.e.f. January 21, 2019"
2019-01-08,"Jan 08, 2019",ind_prs08012019.pdf,https://www.niftyindices.com/Press_Release/ind_prs08012019.pdf,"Change in NIFTY 10 Year SDL Index w.e.f. January 09, 2019"
2019-01-01,"Jan 01, 2019",ind_prs01012019.pdf,https://www.niftyindices.com/Press_Release/ind_prs01012019.pdf,"Change in NIFTY 10 Year SDL Index w.e.f. January 02, 2019"
2018-12-24,"Dec 24, 2018",ind_prs24122018.pdf,https://www.niftyindices.com/Press_Release/ind_prs24122018.pdf,"Change in the Fixed Income Indices w.e.f. January 01, 2019"
2018-12-24,"Dec 24, 2018",ind_prs24122018_1.pdf,https://www.niftyindices.com/Press_Release/ind_prs24122018_1.pdf,"Change in NIFTY 10 Year SDL Index w.e.f. December 26, 2018"
2018-12-18,"Dec 18, 2018",ind_prs18122018.pdf,https://www.niftyindices.com/Press_Release/ind_prs18122018.pdf,"Change in NIFTY 10 Year SDL Index w.e.f. December 19, 2018"
2018-12-14,"Dec 14, 2018",ind_prs14122018.pdf,https://www.niftyindices.com/Press_Release/ind_prs14122018.pdf,"Change in Indices w.e.f. December 28, 2018"
2018-12-11,"Dec 11, 2018",ind_prs11122018.pdf,https://www.niftyindices.com/Press_Release/ind_prs11122018.pdf,"Change in NIFTY 10 Year SDL Index w.e.f. December 12, 2018"
2018-12-05,"Dec 05, 2018",ind_prs05122018.pdf,https://www.niftyindices.com/Press_Release/ind_prs05122018.pdf,NSE Indices launches 4 new indices tracking money market
2018-12-04,"Dec 04, 2018",ind_prs04122018.pdf,https://www.niftyindices.com/Press_Release/ind_prs04122018.pdf,"Change in NIFTY 10 Year SDL Index w.e.f. December 05, 2018"
2018-12-03,"Dec 03, 2018",ind_prs03122018.pdf,https://www.niftyindices.com/Press_Release/ind_prs03122018.pdf,NSE India ETF Conference 2018
2018-11-27,"Nov 27, 2018",ind_prs27112018.pdf,https://www.niftyindices.com/Press_Release/ind_prs27112018.pdf,"Change in NIFTY 10 Year SDL Index w.e.f. November 28, 2018"
2018-11-26,"Nov 26, 2018",ind_prs26112018.pdf,https://www.niftyindices.com/Press_Release/ind_prs26112018.pdf,"Change in the Fixed Income Indices w.e.f. December 03, 2018"
2018-11-19,"Nov 19, 2018",ind_prs19112018.pdf,https://www.niftyindices.com/Press_Release/ind_prs19112018.pdf,"Change in NIFTY 10 Year SDL Index w.e.f. November 20, 2018"
2018-11-13,"Nov 13, 2018",ind_prs13112018.pdf,https://www.niftyindices.com/Press_Release/ind_prs13112018.pdf,"Change in NIFTY 10 Year SDL Index w.e.f. November 14, 2018"
2018-11-05,"Nov 05, 2018",ind_prs05112018.pdf,https://www.niftyindices.com/Press_Release/ind_prs05112018.pdf,"Change in NIFTY 10 Year SDL Index w.e.f. November 06, 2018"
2018-11-02,"Nov 02, 2018",ind_prs02112018.pdf,https://www.niftyindices.com/Press_Release/ind_prs02112018.pdf,"Change in the reference rate for computation of NIFTY 1D Rate, NIFTY50 Inverse and NIFTY50 Leverage indices"
2018-10-30,"Oct 30, 2018",ind_prs30102018.pdf,https://www.niftyindices.com/Press_Release/ind_prs30102018.pdf,"Change in NIFTY 10 Year SDL Index w.e.f. October 31, 2018"
2018-10-25,"Oct 25, 2018",ind_prs25102018.pdf,https://www.niftyindices.com/Press_Release/ind_prs25102018.pdf,"Change in the Fixed Income Indices w.e.f. November 01, 2018"
2018-10-24,"Oct 24, 2018",ind_prs24102018.pdf,https://www.niftyindices.com/Press_Release/ind_prs24102018.pdf,NSE Indices launches NIFTY500 Value 50 Index
2018-10-23,"Oct 23, 2018",ind_prs23102018.pdf,https://www.niftyindices.com/Press_Release/ind_prs23102018.pdf,"Change in NIFTY 10 Year SDL Index w.e.f. October 24, 2018"
2018-10-16,"Oct 16, 2018",ind_prs16102018.pdf,https://www.niftyindices.com/Press_Release/ind_prs16102018.pdf,"Change in NIFTY 10 Year SDL Index w.e.f. October 17, 2018"
2018-10-09,"Oct 09, 2018",ind_prs09102018.pdf,https://www.niftyindices.com/Press_Release/ind_prs09102018.pdf,"Change in NIFTY 10 Year SDL Index w.e.f. October 10, 2018"
2018-10-01,"Oct 01, 2018",ind_prs01102018.pdf,https://www.niftyindices.com/Press_Release/ind_prs01102018.pdf,NSE Indices launches NIFTY Dynamic Asset Allocation Indices
2018-10-01,"Oct 01, 2018",ind_prs01102018_1.pdf,https://www.niftyindices.com/Press_Release/ind_prs01102018_1.pdf,"Change in NIFTY 10 Year SDL Index w.e.f. October 03, 2018"
2018-09-25,"Sep 25, 2018",ind_prs25092018.pdf,https://www.niftyindices.com/Press_Release/ind_prs25092018.pdf,"Change in NIFTY 10 Year SDL Index w.e.f. September 26, 2018"
2018-09-24,"Sep 24, 2018",ind_prs24092018.pdf,https://www.niftyindices.com/Press_Release/ind_prs24092018.pdf,Revision in criteria and replacements in NIFTY CPSE Index
2018-09-24,"Sep 24, 2018",ind_prs24092018_1.pdf,https://www.niftyindices.com/Press_Release/ind_prs24092018_1.pdf,"Change in the Fixed Income Indices w.e.f. October 01, 2018"
2018-09-18,"Sep 18, 2018",ind_prs18092018.pdf,https://www.niftyindices.com/Press_Release/ind_prs18092018.pdf,"Change in NIFTY 10 Year SDL Index w.e.f. September 19, 2018"
2018-09-10,"Sep 10, 2018",ind_prs10092018.pdf,https://www.niftyindices.com/Press_Release/ind_prs10092018.pdf,"Change in Strategy Indices and NIFTY Tata Group Index w.e.f. September 28, 2018"
2018-09-03,"Sep 03, 2018",ind_prs03092018.pdf,https://www.niftyindices.com/Press_Release/ind_prs03092018.pdf,"Change in NIFTY 10 Year SDL Index w.e.f. September 04, 2018"
2018-08-31,"Aug 31, 2018",ind_prs31082018.pdf,https://www.niftyindices.com/Press_Release/ind_prs31082018.pdf,"Replacement in Indices w.e.f. September 28, 2018"
2018-08-28,"Aug 28, 2018",ind_prs28082018.pdf,https://www.niftyindices.com/Press_Release/ind_prs28082018.pdf,"Change in Indices w.e.f. September 28, 2018"
2018-08-28,"Aug 28, 2018",ind_prs28082018_1.pdf,https://www.niftyindices.com/Press_Release/ind_prs28082018_1.pdf,"Change in NIFTY 10 Year SDL Index w.e.f. August 29, 2018"
2018-08-27,"Aug 27, 2018",ind_prs27082018.pdf,https://www.niftyindices.com/Press_Release/ind_prs27082018.pdf,"Change in the Fixed Income Indices w.e.f. September 03, 2018"
2018-08-20,"Aug 20, 2018",ind_prs20082018.pdf,https://www.niftyindices.com/Press_Release/ind_prs20082018.pdf,"Change in NIFTY 10 Year SDL Index w.e.f. August 21, 2018"
2018-08-07,"Aug 07, 2018",ind_prs07082018.pdf,https://www.niftyindices.com/Press_Release/ind_prs07082018.pdf,"Change in NIFTY 10 Year SDL Index w.e.f. August 08, 2018"
2018-08-01,"Aug 01, 2018",ind_prs01082018.pdf,https://www.niftyindices.com/Press_Release/ind_prs01082018.pdf,Replacement in Indices and revision in treatment of Special Dividend
2018-07-31,"Jul 31, 2018",ind_prs31072018.pdf,https://www.niftyindices.com/Press_Release/ind_prs31072018.pdf,"Change in NIFTY 10 Year SDL Index w.e.f. August 01, 2018"
2018-07-25,"Jul 25, 2018",ind_prs25072018.pdf,https://www.niftyindices.com/Press_Release/ind_prs25072018.pdf,Migration of valuation source of NIFTY G-Sec Indices and Replacement in Fixed Income Index
2018-07-24,"Jul 24, 2018",ind_prs24072018.pdf,https://www.niftyindices.com/Press_Release/ind_prs24072018.pdf,"Change in NIFTY 10 Year SDL Index w.e.f. July 25, 2018"
2018-07-17,"Jul 17, 2018",ind_prs17072018.pdf,https://www.niftyindices.com/Press_Release/ind_prs17072018.pdf,"Change in NIFTY 10 Year SDL Index w.e.f. July 18, 2018"
2018-07-10,"Jul 10, 2018",ind_prs10072018.pdf,https://www.niftyindices.com/Press_Release/ind_prs10072018.pdf,"Change in NIFTY 10 Year SDL Index w.e.f. July 11, 2018"
2018-07-03,"Jul 03, 2018",ind_prs03072018.pdf,https://www.niftyindices.com/Press_Release/ind_prs03072018.pdf,"Change in NIFTY 10 Year SDL Index w.e.f. July 04, 2018"
2018-06-26,"Jun 26, 2018",ind_prs26062018.pdf,https://www.niftyindices.com/Press_Release/ind_prs26062018.pdf,"Change in NIFTY 10 Year SDL Index w.e.f. June 27, 2018"
2018-06-25,"Jun 25, 2018",ind_prs25062018.pdf,https://www.niftyindices.com/Press_Release/ind_prs25062018.pdf,"Change in the Fixed Income Indices w.e.f. July 02, 2018"
2018-06-20,"Jun 20, 2018",ind_prs20062018.pdf,https://www.niftyindices.com/Press_Release/ind_prs20062018.pdf,"Change in Indices w.e.f. June 29, 2018"
2018-06-19,"Jun 19, 2018",ind_prs19062018.pdf,https://www.niftyindices.com/Press_Release/ind_prs19062018.pdf,"Change in NIFTY 10 Year SDL Index w.e.f. June 20, 2018"
2018-06-16,"Jun 16, 2018",ind_prs16062018.pdf,https://www.niftyindices.com/Press_Release/ind_prs16062018.pdf,Minutes of Order 14.06.2018 - IISL-SGX Arbitration
2018-06-15,"Jun 15, 2018",ind_prs15062018.pdf,https://www.niftyindices.com/Press_Release/ind_prs15062018.pdf,Revision in criteria of multi-factor indices and replacements in Indices
2018-06-15,"Jun 15, 2018",ind_prs15062018_1.pdf,https://www.niftyindices.com/Press_Release/ind_prs15062018_1.pdf,Revision in criteria and renaming of NIFTY Quality 30 index
2018-06-12,"Jun 12, 2018",ind_prs12062018.pdf,https://www.niftyindices.com/Press_Release/ind_prs12062018.pdf,"Change in NIFTY 10 Year SDL Index w.e.f. June 13, 2018"
2018-06-05,"Jun 05, 2018",ind_prs05062018.pdf,https://www.niftyindices.com/Press_Release/ind_prs05062018.pdf,"Change in NIFTY 10 Year SDL Index w.e.f. June 06, 2018"
2018-05-29,"May 29, 2018",ind_prs29052018.pdf,https://www.niftyindices.com/Press_Release/ind_prs29052018.pdf,"Change in NIFTY 10 Year SDL Index w.e.f. May 30, 2018"
2018-05-25,"May 25, 2018",ind_prs25052018.pdf,https://www.niftyindices.com/Press_Release/ind_prs25052018.pdf,"Change in the Fixed Income Indices w.e.f. June 01, 2018"
2018-05-24,"May 24, 2018",ind_prs24052018.pdf,https://www.niftyindices.com/Press_Release/ind_prs24052018.pdf,"Change in Indices w.e.f. June 29, 2018"
2018-05-22,"May 22, 2018",ind_prs22052018.pdf,https://www.niftyindices.com/Press_Release/ind_prs22052018.pdf,"Change in NIFTY 10 Year SDL Index w.e.f. May 23, 2018"
2018-05-15,"May 15, 2018",ind_prs15052018.pdf,https://www.niftyindices.com/Press_Release/ind_prs15052018.pdf,"Change in NIFTY 10 Year SDL Index w.e.f. May 16, 2018"
2018-05-14,"May 14, 2018",ind_prs14052018.pdf,https://www.niftyindices.com/Press_Release/ind_prs14052018.pdf,"Change in NIFTY SME EMERGE Index w.e.f. May 21, 2018"
2018-05-08,"May 08, 2018",ind_prs08052018.pdf,https://www.niftyindices.com/Press_Release/ind_prs08052018.pdf,"Change in NIFTY 10 Year SDL Index w.e.f. May 09, 2018"
2018-04-24,"Apr 24, 2018",ind_prs24042018.pdf,https://www.niftyindices.com/Press_Release/ind_prs24042018.pdf,IISL Launches NIFTY Equity Savings Index
2018-04-24,"Apr 24, 2018",ind_prs24042018_1.pdf,https://www.niftyindices.com/Press_Release/ind_prs24042018_1.pdf,"Change in NIFTY 10 Year SDL Index w.e.f. April 25, 2018"
2018-04-23,"Apr 23, 2018",ind_prs23042018.pdf,https://www.niftyindices.com/Press_Release/ind_prs23042018.pdf,"Change in the Fixed Income Indices w.e.f. May 02, 2018"
2018-04-17,"Apr 17, 2018",ind_prs17042018.pdf,https://www.niftyindices.com/Press_Release/ind_prs17042018.pdf,IISL Launches NIFTY200 Quality 30 Index
2018-04-17,"Apr 17, 2018",ind_prs17042018_1.pdf,https://www.niftyindices.com/Press_Release/ind_prs17042018_1.pdf,"Change in NIFTY 10 Year SDL Index w.e.f. April 18, 2018"
2018-04-10,"Apr 10, 2018",ind_prs10042018.pdf,https://www.niftyindices.com/Press_Release/ind_prs10042018.pdf,"Change in NIFTY 10 Year SDL Index w.e.f. April 11, 2018"
2018-03-27,"Mar 27, 2018",ind_prs27032018_1.pdf,https://www.niftyindices.com/Press_Release/ind_prs27032018_1.pdf,Change in the replacement date for Fixed Income Indices
2018-03-27,"Mar 27, 2018",ind_prs27032018.pdf,https://www.niftyindices.com/Press_Release/ind_prs27032018.pdf,IISL Launches NIFTY100 ESG Indices
2018-03-26,"Mar 26, 2018",ind_prs26032018.pdf,https://www.niftyindices.com/Press_Release/ind_prs26032018.pdf,"Change in NIFTY 10 Year SDL Index w.e.f. March 27, 2018"
2018-03-22,"Mar 22, 2018",ind_prs22032018.pdf,https://www.niftyindices.com/Press_Release/ind_prs22032018.pdf,"Change in the Fixed Income Indices w.e.f. April 02, 2018"
2018-03-20,"Mar 20, 2018",ind_prs20032018.pdf,https://www.niftyindices.com/Press_Release/ind_prs20032018.pdf,"Change in NIFTY 10 Year SDL Index w.e.f. March 21, 2018"
2018-03-15,"Mar 15, 2018",ind_prs15032018.pdf,https://www.niftyindices.com/Press_Release/ind_prs15032018.pdf,IISL launches 3 hybrid indices
2018-03-13,"Mar 13, 2018",ind_prs13032018.pdf,https://www.niftyindices.com/Press_Release/ind_prs13032018.pdf,"Change in NIFTY 10 Year SDL Index w.e.f. March 14, 2018"
2018-03-09,"Mar 09, 2018",ind_prs09032018.pdf,https://www.niftyindices.com/Press_Release/ind_prs09032018.pdf,Discontinuation of NIFTY_AAA_Index Series wef 02 April 2018
2018-03-08,"Mar 08, 2018",ind_prs08032018.pdf,https://www.niftyindices.com/Press_Release/ind_prs08032018.pdf,"Change in Strategy Indices w.e.f. April 02, 2018"
2018-03-06,"Mar 06, 2018",ind_prs06032018.pdf,https://www.niftyindices.com/Press_Release/ind_prs06032018.pdf,Replacements in Indices
2018-03-06,"Mar 06, 2018",ind_prs06032018_1.pdf,https://www.niftyindices.com/Press_Release/ind_prs06032018_1.pdf,"Change in NIFTY 10 Year SDL Index w.e.f. March 07, 2018"
2018-02-27,"Feb 27, 2018",ind_prs27022018.pdf,https://www.niftyindices.com/Press_Release/ind_prs27022018.pdf,"Change in NIFTY 10 Year SDL Index w.e.f. February 28, 2018"
2018-02-22,"Feb 22, 2018",ind_prs22022018.pdf,https://www.niftyindices.com/Press_Release/ind_prs22022018.pdf,"Change in the Fixed Income Indices w.e.f. March 01, 2018"
2018-02-21,"Feb 21, 2018",ind_prs21022018.pdf,https://www.niftyindices.com/Press_Release/ind_prs21022018.pdf,"Change in Indices w.e.f. April 02, 2018"
2018-02-20,"Feb 20, 2018",ind_prs20022018.pdf,https://www.niftyindices.com/Press_Release/ind_prs20022018.pdf,"Change in NIFTY 10 Year SDL Index w.e.f. February 21, 2018"
2018-02-12,"Feb 12, 2018",ind_prs12022018.pdf,https://www.niftyindices.com/Press_Release/ind_prs12022018.pdf,"Change in NIFTY 10 Year SDL Index w.e.f. February 14, 2018"
2018-02-09,"Feb 09, 2018",ind_prs09022018.pdf,https://www.niftyindices.com/Press_Release/ind_prs09022018.pdf,IISL launches a record 72 fixed income and 3 hybrid indices
2018-02-06,"Feb 06, 2018",ind_prs06022018.pdf,https://www.niftyindices.com/Press_Release/ind_prs06022018.pdf,"Change in NIFTY 10 Year SDL Index w.e.f. February 07, 2018"
2018-01-30,"Jan 30, 2018",ind_prs30012018.pdf,https://www.niftyindices.com/Press_Release/ind_prs30012018.pdf,"Change in NIFTY 10 Year SDL Index w.e.f. January 31, 2018"
2018-01-24,"Jan 24, 2018",ind_prs24012018.pdf,https://www.niftyindices.com/Press_Release/ind_prs24012018.pdf,"Change in the Fixed Income Indices w.e.f. February 01, 2018"
2018-01-23,"Jan 23, 2018",ind_prs23012018.pdf,https://www.niftyindices.com/Press_Release/ind_prs23012018.pdf,"Change in NIFTY 10 Year SDL Index w.e.f. January 24, 2018"
2018-01-16,"Jan 16, 2018",ind_prs16012018.pdf,https://www.niftyindices.com/Press_Release/ind_prs16012018.pdf,"Change in NIFTY 10 Year SDL Index w.e.f. January 17, 2018"
2018-01-09,"Jan 09, 2018",ind_prs09012018_1.pdf,https://www.niftyindices.com/Press_Release/ind_prs09012018_1.pdf,"Change in NIFTY 10 Year SDL Index w.e.f. January 10, 2018"
2018-01-09,"Jan 09, 2018",ind_prs09012018.pdf,https://www.niftyindices.com/Press_Release/ind_prs09012018.pdf,"Replacements in Fixed income Indices w.e.f. January 16, 2018"
2018-01-08,"Jan 08, 2018",ind_prs08012018.pdf,https://www.niftyindices.com/Press_Release/ind_prs08012018.pdf,"Change in Indices w.e.f. February 05, 2018"
2018-01-05,"Jan 05, 2018",ind_prs05012018.pdf,https://www.niftyindices.com/Press_Release/ind_prs05012018.pdf,"Revision of criteria, Renaming of NIFTY Midcap & Smallcap indices and Cessation of indices"
2018-01-02,"Jan 02, 2018",ind_prs02012018.pdf,https://www.niftyindices.com/Press_Release/ind_prs02012018.pdf,"Change in NIFTY 10 Year SDL Index w.e.f. January 03, 2018"
2017-12-26,"Dec 26, 2017",ind_prs26122017.pdf,https://www.niftyindices.com/Press_Release/ind_prs26122017.pdf,"Change in NIFTY 10 Year SDL Index w.e.f. December 27, 2017"
2017-12-26,"Dec 26, 2017",ind_prs26122017_1.pdf,https://www.niftyindices.com/Press_Release/ind_prs26122017_1.pdf,"Change in the Corporate Bond Indices w.e.f. January 01, 2018"
2017-12-22,"Dec 22, 2017",ind_prs22122017.pdf,https://www.niftyindices.com/Press_Release/ind_prs22122017.pdf,"Change in the Fixed Income Indices w.e.f. January 01, 2018"
2017-12-19,"Dec 19, 2017",ind_prs19122017.pdf,https://www.niftyindices.com/Press_Release/ind_prs19122017.pdf,"Change in NIFTY 10 Year SDL Index w.e.f. December 20, 2017"
2017-12-18,"Dec 18, 2017",ind_prs18122017.pdf,https://www.niftyindices.com/Press_Release/ind_prs18122017.pdf,"Change in Indices w.e.f. December 29, 2017"
2017-12-12,"Dec 12, 2017",ind_prs12122017.pdf,https://www.niftyindices.com/Press_Release/ind_prs12122017.pdf,"Change in NIFTY 10 Year SDL Index w.e.f. December 13, 2017"
2017-12-05,"Dec 05, 2017",ind_prs05122017.pdf,https://www.niftyindices.com/Press_Release/ind_prs05122017.pdf,"Change in NIFTY 10 Year SDL Index w.e.f. December 06, 2017"
2017-11-30,"Nov 30, 2017",ind_prs30112017.pdf,https://www.niftyindices.com/Press_Release/ind_prs30112017.pdf,IISL launches NIFTY LargeMidcap 250 Index
2017-11-28,"Nov 28, 2017",ind_prs28112017.pdf,https://www.niftyindices.com/Press_Release/ind_prs28112017.pdf,"Change in NIFTY Midcap 50 Index w.e.f. December 29, 2017"
2017-11-28,"Nov 28, 2017",ind_prs28112017_1.pdf,https://www.niftyindices.com/Press_Release/ind_prs28112017_1.pdf,"Change in NIFTY 10 Year SDL Index w.e.f. November 29, 2017"
2017-11-21,"Nov 21, 2017",ind_prs21112017.pdf,https://www.niftyindices.com/Press_Release/ind_prs21112017.pdf,"Change in NIFTY 10 Year SDL Index w.e.f. November 22, 2017"
2017-11-20,"Nov 20, 2017",ind_prs20112017.pdf,https://www.niftyindices.com/Press_Release/ind_prs20112017.pdf,IISL Launches NIFTY SME EMERGE Index
2017-11-15,"Nov 15, 2017",ind_prs14112017.pdf,https://www.niftyindices.com/Press_Release/ind_prs14112017.pdf,"Change in NIFTY 10 Year SDL Index w.e.f. November 15, 2017"
2017-11-10,"Nov 10, 2017",ind_prs10112017.pdf,https://www.niftyindices.com/Press_Release/ind_prs10112017.pdf,"Change in Indices w.e.f. November 20, 2017"
2017-11-07,"Nov 07, 2017",ind_prs07112017.pdf,https://www.niftyindices.com/Press_Release/ind_prs07112017.pdf,"Change in NIFTY 10 Year SDL Index w.e.f. November 08, 2017"
2017-11-03,"Nov 03, 2017",ind_prs03112017.pdf,https://www.niftyindices.com/Press_Release/ind_prs03112017.pdf,"Change in Indices w.e.f. November 13, 2017"
2017-10-31,"Oct 31, 2017",ind_prs31102017.pdf,https://www.niftyindices.com/Press_Release/ind_prs31102017.pdf,"Change in NIFTY 10 Year SDL Index w.e.f. November 01, 2017"
2017-10-25,"Oct 25, 2017",ind_prs25102017.pdf,https://www.niftyindices.com/Press_Release/ind_prs25102017.pdf,"Replacements in Fixed Income Indices w.e.f. November 01, 2017"
2017-10-24,"Oct 24, 2017",ind_prs24102017.pdf,https://www.niftyindices.com/Press_Release/ind_prs24102017.pdf,"Change in NIFTY 10 Year SDL Index w.e.f. October 25, 2017"
2017-10-16,"Oct 16, 2017",ind_prs16102017.pdf,https://www.niftyindices.com/Press_Release/ind_prs16102017.pdf,"Change in Indices w.e.f. October 30, 2017"
2017-10-13,"Oct 13, 2017",ind_prs13102017.pdf,https://www.niftyindices.com/Press_Release/ind_prs13102017.pdf,IISL Launches NIFTY 10 Year SDL Index
2017-09-26,"Sep 26, 2017",ind_prs26092017.pdf,https://www.niftyindices.com/Press_Release/ind_prs26092017.pdf,"Change in the Corporate Bond Indices w.e.f. October 03, 2017"
2017-09-25,"Sep 25, 2017",ind_prs25092017.pdf,https://www.niftyindices.com/Press_Release/ind_prs25092017.pdf,"Change in the Fixed Income Indices w.e.f. October 03, 2017"
2017-09-13,"Sep 13, 2017",ind_prs13092017.pdf,https://www.niftyindices.com/Press_Release/ind_prs13092017.pdf,"Change in Strategy Indices w.e.f. September 29, 2017"
2017-08-29,"Aug 29, 2017",ind_prs29082017.pdf,https://www.niftyindices.com/Press_Release/ind_prs29082017.pdf,Replacement in Indices.
2017-08-28,"Aug 28, 2017",ind_prs28082017.pdf,https://www.niftyindices.com/Press_Release/ind_prs28082017.pdf,"Change in Indices w.e.f. September 29, 2017"
2017-08-22,"Aug 22, 2017",ind_prs22082017.pdf,https://www.niftyindices.com/Press_Release/ind_prs22082017.pdf,Changes in Index Maintenance Guidelines
2017-07-13,"Jul 13, 2017",ind_prs13072017.pdf,https://www.niftyindices.com/Press_Release/ind_prs13072017.pdf,IISL launches 4 multi-factor equity indices
2017-07-03,"Jul 03, 2017",ind_prs03072017.pdf,https://www.niftyindices.com/Press_Release/ind_prs03072017.pdf,"Change in the Fixed Income Indices w.e.f. July 10, 2017"
2017-06-23,"Jun 23, 2017",ind_prs23062017.pdf,https://www.niftyindices.com/Press_Release/ind_prs23062017.pdf,"Change in the Corporate Bond Indices w.e.f. July 03, 2017."
2017-06-15,"Jun 15, 2017",ind_prs15062017.pdf,https://www.niftyindices.com/Press_Release/ind_prs15062017.pdf,"Change in Indices w.e.f. June 23, 2017"
2017-06-01,"Jun 01, 2017",ind_prs01062017.pdf,https://www.niftyindices.com/Press_Release/ind_prs01062017.pdf,"Change in the Fixed Income Indices w.e.f. June 12, 2017"
2017-05-18,"May 18, 2017",ind_prs18052017.pdf,https://www.niftyindices.com/Press_Release/ind_prs18052017.pdf,"Change in the Fixed Income Indices w.e.f. May 25, 2017"
2017-05-09,"May 09, 2017",ind_prs09052017.pdf,https://www.niftyindices.com/Press_Release/ind_prs09052017.pdf,"Change in Indices w.e.f. May 26, 2017"
2017-05-04,"May 04, 2017",ind_prs04052017.pdf,https://www.niftyindices.com/Press_Release/ind_prs04052017.pdf,"ETF AUM tracking NIFTY Indices triples in FY 16-17, crosses Rs. 36,000 Cr."
2017-05-03,"May 03, 2017",ind_prs03052017.pdf,https://www.niftyindices.com/Press_Release/ind_prs03052017.pdf,"Change in the Fixed Income Indices w.e.f. May 11, 2017."
2017-04-27,"Apr 27, 2017",ind_prs27042017.pdf,https://www.niftyindices.com/Press_Release/ind_prs27042017.pdf,Replacements in indices and change in NIFTY100 Equal Weight index
2017-04-18,"Apr 18, 2017",ind_prs18042017.pdf,https://www.niftyindices.com/Press_Release/ind_prs18042017.pdf,IISL Launches NIFTY50 Equal Weight Index
2017-04-07,"Apr 07, 2017",ind_prs07042017.pdf,https://www.niftyindices.com/Press_Release/ind_prs07042017.pdf,"Change in NIFTY High Beta 50 index w.e.f. April 17, 2017."
2017-04-05,"Apr 05, 2017",ind_prs05042017.pdf,https://www.niftyindices.com/Press_Release/ind_prs05042017.pdf,"Change in the Fixed Income Indices w.e.f. April 12, 2017."
2017-03-30,"Mar 30, 2017",ind_prs30032017.pdf,https://www.niftyindices.com/Press_Release/ind_prs30032017.pdf,"Change in the Corporate Bond Indices w.e.f. April 03, 2017."
2017-03-23,"Mar 23, 2017",ind_prs23032017.pdf,https://www.niftyindices.com/Press_Release/ind_prs23032017.pdf,IISL launches 6 corporate bond indices.
2017-03-07,"Mar 07, 2017",ind_prs07032017.pdf,https://www.niftyindices.com/Press_Release/ind_prs07032017.pdf,Replacements in Indices.
2017-03-06,"Mar 06, 2017",ind_prs06032017_1.pdf,https://www.niftyindices.com/Press_Release/ind_prs06032017_1.pdf,Change in forex rate for computation of NIFTY50 USD index.
2017-03-02,"Mar 02, 2017",ind_prs02032017.pdf,https://www.niftyindices.com/Press_Release/ind_prs02032017.pdf,"Change in the Fixed Income Indices w.e.f. March 10, 2017."
2017-02-16,"Feb 16, 2017",ind_prs16022017.pdf,https://www.niftyindices.com/Press_Release/ind_prs16022017.pdf,"Change in Indices w.e.f. March 31, 2017."
2017-02-02,"Feb 02, 2017",ind_prs02022017.pdf,https://www.niftyindices.com/Press_Release/ind_prs02022017.pdf,"Change in the Fixed Income Indices w.e.f. February 10, 2017."
2017-01-16,"Jan 16, 2017",ind_prs16012017.pdf,https://www.niftyindices.com/Press_Release/ind_prs16012017.pdf,"Change in Indices w.e.f. January 23, 2017."
2017-01-03,"Jan 03, 2017",ind_prs03012017.pdf,https://www.niftyindices.com/Press_Release/ind_prs03012017.pdf,"Change in Indices w.e.f. January 10, 2017."
2016-12-09,"Dec 09, 2016",ind_prs09122016.pdf,https://www.niftyindices.com/Press_Release/ind_prs09122016.pdf,Change in the replacement date for NIFTY 15 yr and above G-Sec Index
2016-12-07,"Dec 07, 2016",ind_prs07012016.pdf,https://www.niftyindices.com/Press_Release/ind_prs07012016.pdf,"Change in the Nifty Aditya Birla Group Index w.e.f January 14, 2016."
2016-12-05,"Dec 05, 2016",ind_prs05122016.pdf,https://www.niftyindices.com/Press_Release/ind_prs05122016.pdf,"Change in the Fixed Income Indices w.e.f. December 12, 2016"
2016-11-09,"Nov 09, 2016",ind_prs09112016.pdf,https://www.niftyindices.com/Press_Release/ind_prs09112016.pdf,"Change in Nifty100 Low Volatility 30 index w.e.f. November 17, 2016."
2016-10-17,"Oct 17, 2016",ind_prs17102016.pdf,https://www.niftyindices.com/Press_Release/ind_prs17102016.pdf,"Change in Indices w.e.f. October 24, 2016 and November 15, 2016."
2016-10-04,"Oct 04, 2016",ind_prs04102016.pdf,https://www.niftyindices.com/Press_Release/ind_prs04102016.pdf,"Change in the Fixed Income Indices w.e.f. October 13, 2016."
2016-08-12,"Aug 12, 2016",ind_prs12082016.pdf,https://www.niftyindices.com/Press_Release/ind_prs12082016.pdf,"Change in Indices w.e.f. September 30, 2016."
2016-08-02,"Aug 02, 2016",ind_prs02082016.pdf,https://www.niftyindices.com/Press_Release/ind_prs02082016.pdf,"Change in the Fixed Income Indices w.e.f. August 09, 2016."
2016-07-19,"Jul 19, 2016",ind_prs19072016.pdf,https://www.niftyindices.com/Press_Release/ind_prs19072016.pdf,NIFTY 50 based Leverage & Inverse Products to be launched in Hong Kong
2016-07-18,"Jul 18, 2016",ind_prs18072016.pdf,https://www.niftyindices.com/Press_Release/ind_prs18072016.pdf,"Change in Indices w.e.f. July 25, 2016."
2016-07-08,"Jul 08, 2016",ind_prs08072016.pdf,https://www.niftyindices.com/Press_Release/ind_prs08072016.pdf,IISL Launches Two New Indices
2016-07-04,"Jul 04, 2016",ind_prs04072016.pdf,https://www.niftyindices.com/Press_Release/ind_prs04072016.pdf,"Change in the Fixed Income Indices w.e.f. July 12, 2016."
2016-06-23,"Jun 23, 2016",ind_prs23062016.pdf,https://www.niftyindices.com/Press_Release/ind_prs23062016.pdf,IISL Launches Nifty 1D Rate Index
2016-06-16,"Jun 16, 2016",ind_prs16062016.pdf,https://www.niftyindices.com/Press_Release/ind_prs16062016.pdf,IISL Launches Nifty 50 Futures Index
2016-06-02,"Jun 02, 2016",ind_prs02062016.pdf,https://www.niftyindices.com/Press_Release/ind_prs02062016.pdf,"Change in the Fixed Income Indices w.e.f. June 09, 2016."
2016-05-13,"May 13, 2016",ind_prs13052016.pdf,https://www.niftyindices.com/Press_Release/ind_prs13052016.pdf,Mirae Launches NIFTY 50 based Leveraged ETF in Korea
2016-05-03,"May 03, 2016",ind_prs03052016.pdf,https://www.niftyindices.com/Press_Release/ind_prs03052016.pdf,"Change in the Fixed Income Indices w.e.f. May 10, 2016."
2016-04-28,"Apr 28, 2016",ind_prs28042016.pdf,https://www.niftyindices.com/Press_Release/ind_prs28042016.pdf,"Change in Nifty Midcap 50 Index w.e.f. May 27, 2016."
2016-04-22,"Apr 22, 2016",ind_prs22042016.pdf,https://www.niftyindices.com/Press_Release/ind_prs22042016.pdf,"Change in Indices w.e.f. April 29, 2016."
2016-04-06,"Apr 06, 2016",ind_prs06042016.pdf,https://www.niftyindices.com/Press_Release/ind_prs06042016.pdf,IISL Indices recognized as IOSCO compliant
2016-04-01,"Apr 01, 2016",ind_prs01042016.pdf,https://www.niftyindices.com/Press_Release/ind_prs01042016.pdf,Launch of Nifty MidSmallcap 400 Index
2016-03-02,"Mar 02, 2016",ind_prs02032016.pdf,https://www.niftyindices.com/Press_Release/ind_prs02032016.pdf,"Change in the Fixed Income Indices w.e.f. March 10, 2016."
2016-02-22,"Feb 22, 2016",ind_prs22022016.pdf,https://www.niftyindices.com/Press_Release/ind_prs22022016.pdf,Changes in Index Maintenance Guidelines
2016-02-22,"Feb 22, 2016",ind_prs22022016_2.pdf,https://www.niftyindices.com/Press_Release/ind_prs22022016_2.pdf,"Change in Indices w.e.f. April 01, 2016."
2016-02-22,"Feb 22, 2016",ind_prs22022016_1.pdf,https://www.niftyindices.com/Press_Release/ind_prs22022016_1.pdf,New Structure for Nifty Broad Market Indices
2016-02-02,"Feb 02, 2016",ind_prs02022016.pdf,https://www.niftyindices.com/Press_Release/ind_prs02022016.pdf,"Change in the Fixed Income Indices w.e.f. February 09, 2016."
2016-01-13,"Jan 13, 2016",ind_prs13012016.pdf,https://www.niftyindices.com/Press_Release/ind_prs13012016.pdf,"Change in the Nifty Aditya Birla Group Index w.e.f January 20, 2016."
2016-01-11,"Jan 11, 2016",ind_prs11012016.pdf,https://www.niftyindices.com/Press_Release/ind_prs11012016.pdf,"Change in Indices w.e.f January 18, 2016"
2016-01-05,"Jan 05, 2016",ind_prs05012016.pdf,https://www.niftyindices.com/Press_Release/ind_prs05012016.pdf,IISL Launches Nifty Private Bank Index
2016-01-01,"Jan 01, 2016",ind_prs01012016.pdf,https://www.niftyindices.com/Press_Release/ind_prs01012016.pdf,"Change in the Fixed Income Indices w.e.f January 08, 2016."
2015-12-16,"Dec 16, 2015",ind_prs16122015.pdf,https://www.niftyindices.com/Press_Release/ind_prs16122015.pdf,NSE group company IISL Launches Nifty Corporate Group Index Series
2015-12-07,"Dec 07, 2015",ind_prs07122015.pdf,https://www.niftyindices.com/Press_Release/ind_prs07122015.pdf,"Change in Nifty 500 & Nifty Smallcap 100 Indices w.e.f December 14, 2015."
2015-12-02,"Dec 02, 2015",ind_prs02122015.pdf,https://www.niftyindices.com/Press_Release/ind_prs02122015.pdf,"Change in the Fixed Income Indices w.e.f December 09, 2015."
2015-11-04,"Nov 04, 2015",ind_prs04112015.pdf,https://www.niftyindices.com/Press_Release/ind_prs04112015.pdf,"Change in the G-Sec Indices w.e.f November 13, 2015."
2015-11-04,"Nov 04, 2015",ind_prs04112015_1.pdf,https://www.niftyindices.com/Press_Release/ind_prs04112015_1.pdf,"Change in CNX Dividend Opportunities, NV20 & NSE Quality 30 Indices w.e.f December 07, 2015."
2015-10-13,"Oct 13, 2015",ind_prs13102015.pdf,https://www.niftyindices.com/Press_Release/ind_prs13102015.pdf,IISL Launches Four New Fixed Income Indices
2015-10-08,"Oct 08, 2015",ind_prs08102015.pdf,https://www.niftyindices.com/Press_Release/ind_prs08102015.pdf,"Change in CNX Alpha, CNX High Beta & CNX Low Volatility Index w.e.f October 19, 2015"
2015-09-22,"Sep 22, 2015",ind_prs22092015.pdf,https://www.niftyindices.com/Press_Release/ind_prs22092015.pdf,IISL Rebrands all the Indices
2015-09-18,"Sep 18, 2015",ind_prs18092015.pdf,https://www.niftyindices.com/Press_Release/ind_prs18092015.pdf,"Change in Indices w.e.f October 19, 2015"
2015-08-24,"Aug 24, 2015",ind_prs24082015.pdf,https://www.niftyindices.com/Press_Release/ind_prs24082015.pdf,"Change in Indices w.e.f September 28, 2015"
2015-08-12,"Aug 12, 2015",ind_prs12082015.pdf,https://www.niftyindices.com/Press_Release/ind_prs12082015.pdf,"Change in Indices and Methodology w.e.f September 28, 2015"
2015-07-02,"Jul 02, 2015",ind_prs02072015.pdf,https://www.niftyindices.com/Press_Release/ind_prs02072015.pdf,"Change in CNX Alpha, CNX High Beta & CNX Low Volatility Index w.e.f July 13, 2015"
2015-07-01,"Jul 01, 2015",ind_prs01072015.pdf,https://www.niftyindices.com/Press_Release/ind_prs01072015.pdf,"Change in the GSEC10 NSE Index w.e.f July 09, 2015."
2015-06-05,"Jun 05, 2015",ind_prs05062015.pdf,https://www.niftyindices.com/Press_Release/ind_prs05062015.pdf,"Change in CNX 500 Index w.e.f June 15, 2015."
2015-06-01,"Jun 01, 2015",ind_prs01062015.pdf,https://www.niftyindices.com/Press_Release/ind_prs01062015.pdf,"Change in the G-Sec Indices w.e.f June 08, 2015."
2015-05-06,"May 06, 2015",ind_prs06052005.pdf,https://www.niftyindices.com/Press_Release/ind_prs06052005.pdf,"Changes in indices w.e.f. May 09, 2005"
2015-04-29,"Apr 29, 2015",ind_prs29042015.pdf,https://www.niftyindices.com/Press_Release/ind_prs29042015.pdf,"Change in indices w.e.f May 29, 2015"
2015-04-20,"Apr 20, 2015",ind_prs20042015.pdf,https://www.niftyindices.com/Press_Release/ind_prs20042015.pdf,"Change in CNX IT Index w.e.f May 29, 2015"
2015-04-10,"Apr 10, 2015",ind_prs10042015.pdf,https://www.niftyindices.com/Press_Release/ind_prs10042015.pdf,"Change in CNX Alpha, CNX High Beta & CNX Low Volatility Index w.e.f April 20, 2015"
2015-03-19,"Mar 19, 2015",ind_prs19032015.pdf,https://www.niftyindices.com/Press_Release/ind_prs19032015.pdf,"Launch of NSE Quality 30 Index w.e.f March 19, 2015."
2015-03-18,"Mar 18, 2015",ind_prs18032015_2.pdf,https://www.niftyindices.com/Press_Release/ind_prs18032015_2.pdf,"Change in Indices w.e.f March 24, 2015 and March 27, 2015"
2015-03-18,"Mar 18, 2015",ind_prs18032015_1.pdf,https://www.niftyindices.com/Press_Release/ind_prs18032015_1.pdf,"Launch of NSE GSECBM Clean Price Index w.e.f March 18, 2015"
2015-02-20,"Feb 20, 2015",ind_prs20022015.pdf,https://www.niftyindices.com/Press_Release/ind_prs20022015.pdf,"Change in indices w.e.f March 27, 2015."
2015-01-23,"Jan 23, 2015",ind_prs23012015.pdf,https://www.niftyindices.com/Press_Release/ind_prs23012015.pdf,"Change in Indices w.e.f February 02, 2015 and February 23, 2015"
2015-01-21,"Jan 21, 2015",ind_prs21012015.pdf,https://www.niftyindices.com/Press_Release/ind_prs21012015.pdf,"Change in Indices w.e.f February 02, 2015"
2015-01-06,"Jan 06, 2015",ind_prs06012015.pdf,https://www.niftyindices.com/Press_Release/ind_prs06012015.pdf,"Change in CNX Alpha, CNX High Beta & CNX Low Volatility Index w.e.f January 12, 2015"
2015-01-01,"Jan 01, 2015",ind_prs01012015.pdf,https://www.niftyindices.com/Press_Release/ind_prs01012015.pdf,"Change in the GSEC10 NSE Index w.e.f January 09, 2015."
2014-11-18,"Nov 18, 2014",ind_prs18112014.pdf,https://www.niftyindices.com/Press_Release/ind_prs18112014.pdf,"Change in Indices w.e.f. November 28, 2014."
2014-10-17,"Oct 17, 2014",ind_prs17102014.pdf,https://www.niftyindices.com/Press_Release/ind_prs17102014.pdf,"Change in CNX Dividend Opportunities Index w.e.f October 29, 2014."
2014-10-10,"Oct 10, 2014",ind_prs10102014.pdf,https://www.niftyindices.com/Press_Release/ind_prs10102014.pdf,"Launch of Nifty PR 2X Leverage Index and Nifty PR 1X Inverse Index w.e.f October 10, 2014."
2014-10-08,"Oct 08, 2014",ind_prs08102014.pdf,https://www.niftyindices.com/Press_Release/ind_prs08102014.pdf,"Change in CNX Alpha, CNX High Beta & CNX Low Volatility Index w.e.f October 14, 2014."
2014-10-01,"Oct 01, 2014",ind_prs01102014.pdf,https://www.niftyindices.com/Press_Release/ind_prs01102014.pdf,"Change in the GSECBM NSE Index w.e.f October 13, 2014."
2014-09-18,"Sep 18, 2014",ind_prs18092014.pdf,https://www.niftyindices.com/Press_Release/ind_prs18092014.pdf,"Change in LIX 15 Index w.e.f September 19, 2014"
2014-09-01,"Sep 01, 2014",ind_prs01092014.pdf,https://www.niftyindices.com/Press_Release/ind_prs01092014.pdf,"Change in the GSEC10 NSE Index w.e.f September 08, 2014."
2014-08-26,"Aug 26, 2014",ind_prs26082014.pdf,https://www.niftyindices.com/Press_Release/ind_prs26082014.pdf,"Change in Indices w.e.f September 26, 2014"
2014-08-21,"Aug 21, 2014",ind_prs21082014.pdf,https://www.niftyindices.com/Press_Release/ind_prs21082014.pdf,"Change in the GSECBM NSE Index w.e.f August 28, 2014."
2014-08-20,"Aug 20, 2014",ind_prs20082014.pdf,https://www.niftyindices.com/Press_Release/ind_prs20082014.pdf,"Change in Indices w.e.f September 19, 2014"
2014-07-18,"Jul 18, 2014",ind_prs18072014.pdf,https://www.niftyindices.com/Press_Release/ind_prs18072014.pdf,"Change in CNX 500 index w.e.f July 28, 2014."
2014-07-07,"Jul 07, 2014",ind_prs07072014.pdf,https://www.niftyindices.com/Press_Release/ind_prs07072014.pdf,"Change in CNX Alpha, CNX High Beta & CNX Low Volatility Index w.e.f July 14, 2014."
2014-06-30,"Jun 30, 2014",ind_prs30062014.pdf,https://www.niftyindices.com/Press_Release/ind_prs30062014.pdf,"Launch of Nifty TR 2X Leverage Index and Nifty TR 1X Inverse Index w.e.f June 30, 2014."
2014-06-27,"Jun 27, 2014",ind_prs27062014.pdf,https://www.niftyindices.com/Press_Release/ind_prs27062014.pdf,CNX Nifty linked ETF listed on Korea Exchange.
2014-06-18,"Jun 18, 2014",ind_prs18062014.pdf,https://www.niftyindices.com/Press_Release/ind_prs18062014.pdf,"Change in CNX 500 Index w.e.f June 30, 2014."
2014-05-22,"May 22, 2014",ind_prs22052014.pdf,https://www.niftyindices.com/Press_Release/ind_prs22052014.pdf,"Launch of NI15 Index w.e.f May 22, 2014."
2014-05-13,"May 13, 2014",ind_prs13052014.pdf,https://www.niftyindices.com/Press_Release/ind_prs13052014.pdf,"Launch of CNX Shariah25 Index w.e.f May 13, 2014."
2014-05-08,"May 08, 2014",ind_prs08052014.pdf,https://www.niftyindices.com/Press_Release/ind_prs08052014.pdf,"Launch of LIX15 Midcap Index w.e.f May 08, 2014"
2014-04-25,"Apr 25, 2014",ind_prs25042014.pdf,https://www.niftyindices.com/Press_Release/ind_prs25042014.pdf,"Change in CNX 500 Index w.e.f May 12, 2014"
2014-04-03,"Apr 03, 2014",ind_prs03042014.pdf,https://www.niftyindices.com/Press_Release/ind_prs03042014.pdf,"Change in CNX Alpha, CNX High Beta & CNX Low Volatility Index w.e.f April 15, 2014."
2014-03-28,"Mar 28, 2014",ind_prs28032014.pdf,https://www.niftyindices.com/Press_Release/ind_prs28032014.pdf,Launch of NV20 Index
2014-03-24,"Mar 24, 2014",ind_prs24032014.pdf,https://www.niftyindices.com/Press_Release/ind_prs24032014.pdf,Launch of GSECBM NSE Index
2014-03-13,"Mar 13, 2014",ind_prs13032014.pdf,https://www.niftyindices.com/Press_Release/ind_prs13032014.pdf,"Launch of CPSE Index w.e.f March 18, 2014"
2014-03-05,"Mar 05, 2014",ind_prs05032014.pdf,https://www.niftyindices.com/Press_Release/ind_prs05032014.pdf,"Change in LIX 15 Index w.e.f March 28, 2014"
2014-02-27,"Feb 27, 2014",ind_prs27022014.pdf,https://www.niftyindices.com/Press_Release/ind_prs27022014.pdf,"Change in Indices w.e.f March 28, 2014"
2014-02-21,"Feb 21, 2014",ind_prs21022014.pdf,https://www.niftyindices.com/Press_Release/ind_prs21022014.pdf,"Change in indices w.e.f February 28, 2014"
2014-01-03,"Jan 03, 2014",ind_prs03012014.pdf,https://www.niftyindices.com/Press_Release/ind_prs03012014.pdf,"Change in CNX Alpha, CNX High Beta & CNX Low Volatility Index w.e.f January 13, 2014."
2013-12-07,"Dec 07, 2013",ind_prs07012013.pdf,https://www.niftyindices.com/Press_Release/ind_prs07012013.pdf,"Index Changes w.e.f. January 14, 2013."
2013-11-13,"Nov 13, 2013",ind_prs13112013.pdf,https://www.niftyindices.com/Press_Release/ind_prs13112013.pdf,Revised Index re-balancing date
2013-11-07,"Nov 07, 2013",ind_prs07112013.pdf,https://www.niftyindices.com/Press_Release/ind_prs07112013.pdf,"Change in indices w.e.f November 15, 2013."
2013-11-07,"Nov 07, 2013",ind_prs07112013_1.pdf,https://www.niftyindices.com/Press_Release/ind_prs07112013_1.pdf,"change in CNX Infrastructure Index w.e.f December 06, 2013."
2013-10-29,"Oct 29, 2013",ind_prs29102013.pdf,https://www.niftyindices.com/Press_Release/ind_prs29102013.pdf,"Change in Indices w.e.f November 1,2013."
2013-10-21,"Oct 21, 2013",ind_prs21102013.pdf,https://www.niftyindices.com/Press_Release/ind_prs21102013.pdf,"Change in CNX Dividend Opportunities Index w.e.f October 28, 2013."
2013-10-09,"Oct 09, 2013",ind_prs09102013.pdf,https://www.niftyindices.com/Press_Release/ind_prs09102013.pdf,"Change in Nifty Midcap 50 Index w.e.f November 29, 2013."
2013-10-09,"Oct 09, 2013",ind_prs09102013_1.pdf,https://www.niftyindices.com/Press_Release/ind_prs09102013_1.pdf,"Change in CNX Alpha, CNX High Beta & CNX Low Volatility Index w.e.f October 21, 2013."
2013-08-28,"Aug 28, 2013",ind_prs28082013.pdf,https://www.niftyindices.com/Press_Release/ind_prs28082013.pdf,Change in shareholding of IISL
2013-08-27,"Aug 27, 2013",ind_prs27082013.pdf,https://www.niftyindices.com/Press_Release/ind_prs27082013.pdf,"Index Changes w.e.f September 27, 2013."
2013-08-02,"Aug 02, 2013",ind_prs02082013.pdf,https://www.niftyindices.com/Press_Release/ind_prs02082013.pdf,"Change in CNX 500 Index w.e.f August 07, 2013."
2013-07-22,"Jul 22, 2013",ind_prs22072013.pdf,https://www.niftyindices.com/Press_Release/ind_prs22072013.pdf,"Change in Nifty Midcap 50 Index w.e.f August 30, 2013"
2013-07-11,"Jul 11, 2013",ind_prs11072013.pdf,https://www.niftyindices.com/Press_Release/ind_prs11072013.pdf,"Change in CNX 500 Index w.e.f July 17, 2013"
2013-07-02,"Jul 02, 2013",ind_prs02072013.pdf,https://www.niftyindices.com/Press_Release/ind_prs02072013.pdf,"Change in Indices w.e.f July 08,2013."
2013-06-21,"Jun 21, 2013",ind_prs21062013.pdf,https://www.niftyindices.com/Press_Release/ind_prs21062013.pdf,"Change in Nifty Midcap 50 Index w.e.f July 26, 2013"
2013-06-14,"Jun 14, 2013",ind_prs14062013.pdf,https://www.niftyindices.com/Press_Release/ind_prs14062013.pdf,"Change in CNX 500 Index w.e.f June 21, 2013"
2013-06-07,"Jun 07, 2013",ind_prs07062013.pdf,https://www.niftyindices.com/Press_Release/ind_prs07062013.pdf,"Launch of CNX 100 Equal Weight Index w.e.f June 10, 2013"
2013-06-06,"Jun 06, 2013",ind_prs06062013.pdf,https://www.niftyindices.com/Press_Release/ind_prs06062013.pdf,"Change in CNX 500 Index and CNX Metal Index w.e.f June 11, 2013"
2013-05-24,"May 24, 2013",ind_prs24052013.pdf,https://www.niftyindices.com/Press_Release/ind_prs24052013.pdf,Change in Screening Partner for CNX Shariah Indices
2013-05-03,"May 03, 2013",ind_prs03052013.pdf,https://www.niftyindices.com/Press_Release/ind_prs03052013.pdf,"Change in CNX Infrastructure Index w.e.f May 31, 2013."
2013-04-11,"Apr 11, 2013",ind_prs11042013.pdf,https://www.niftyindices.com/Press_Release/ind_prs11042013.pdf,"Index Changes w.e.f. April 17, 2013."
2013-04-04,"Apr 04, 2013",ind_prs04042013.pdf,https://www.niftyindices.com/Press_Release/ind_prs04042013.pdf,"Index Changes w.e.f. April 08, 2013."
2013-03-22,"Mar 22, 2013",ind_prs22032013.pdf,https://www.niftyindices.com/Press_Release/ind_prs22032013.pdf,"Discontinuation of Real-Time Calculation of CNX Defty Index w.e.f April 01,2013."
2013-03-15,"Mar 15, 2013",ind_prs15032013.pdf,https://www.niftyindices.com/Press_Release/ind_prs15032013.pdf,"Index Changes w.e.f March 19,2013."
2013-03-05,"Mar 05, 2013",ind_prs05032013.pdf,https://www.niftyindices.com/Press_Release/ind_prs05032013.pdf,"Change in CNX 500 w.e.f March 7, 2013."
2013-02-26,"Feb 26, 2013",ind_prs26022013.pdf,https://www.niftyindices.com/Press_Release/ind_prs26022013.pdf,"Change in Nifty Midcap 50 Index w.e.f April 1,2013."
2013-02-13,"Feb 13, 2013",ind_prs13022013.pdf,https://www.niftyindices.com/Press_Release/ind_prs13022013.pdf,"Index Changes w.e.f April 1,2013."
2013-02-11,"Feb 11, 2013",ind_prs11022013.pdf,https://www.niftyindices.com/Press_Release/ind_prs11022013.pdf,Expiration of Licensing & Marketing Agreement between IISL and S&P
2013-01-25,"Jan 25, 2013",ind_prs25012013.pdf,https://www.niftyindices.com/Press_Release/ind_prs25012013.pdf,"Change in Nifty Midcap 50 Index w.e.f. March 1, 2013."
2013-01-18,"Jan 18, 2013",ind_prs18012013.pdf,https://www.niftyindices.com/Press_Release/ind_prs18012013.pdf,"Change in S&P CNX 500 and CNX Media Index w.e.f. January 23, 2013."
2012-12-28,"Dec 28, 2012",ind_prs28122012.pdf,https://www.niftyindices.com/Press_Release/ind_prs28122012.pdf,"Change in CNX Infrastructure Index w.e.f February 01, 2013."
2012-11-27,"Nov 27, 2012",ind_prs27112012.pdf,https://www.niftyindices.com/Press_Release/ind_prs27112012.pdf,"Change in Nifty Midcap 50 w.e.f December 28, 2012."
2012-11-19,"Nov 19, 2012",ind_prs19112012.pdf,https://www.niftyindices.com/Press_Release/ind_prs19112012.pdf,"Launch of new indices w.e.f November 19, 2012."
2012-10-31,"Oct 31, 2012",ind_prs31102012.pdf,https://www.niftyindices.com/Press_Release/ind_prs31102012.pdf,"Change in Nifty Midcap 50 Index w.e.f November 30, 2012."
2012-10-17,"Oct 17, 2012",ind_prs17102012.pdf,https://www.niftyindices.com/Press_Release/ind_prs17102012.pdf,"Change in CNX Dividend Opportunities Index w.e.f October 22, 2012."
2012-09-03,"Sep 03, 2012",ind_prs03092012.pdf,https://www.niftyindices.com/Press_Release/ind_prs03092012.pdf,"Change in Nifty Midcap 50 and CNX Infrastructure Index w.e.f September 28, 2012."
2012-08-16,"Aug 16, 2012",ind_prs16082012.pdf,https://www.niftyindices.com/Press_Release/ind_prs16082012.pdf,"Index Changes w.e.f. September 28, 2012."
2012-06-08,"Jun 08, 2012",ind_prs08062012.pdf,https://www.niftyindices.com/Press_Release/ind_prs08062012.pdf,"Change in S&P CNX 500 Index w.e.f June 18, 2012."
2012-05-16,"May 16, 2012",ind_prs16052012.pdf,https://www.niftyindices.com/Press_Release/ind_prs16052012.pdf,"Index Changes w.e.f. May 21,2012."
2012-04-04,"Apr 04, 2012",ind_prs04042012.pdf,https://www.niftyindices.com/Press_Release/ind_prs04042012.pdf,"Index Changes w.e.f April 9, 2012 & April 12, 2012"
2012-03-14,"Mar 14, 2012",ind_prs14032012.pdf,https://www.niftyindices.com/Press_Release/ind_prs14032012.pdf,"Index Changes w.e.f. April 27,2012."
2012-03-02,"Mar 02, 2012",ind_prs02032012.pdf,https://www.niftyindices.com/Press_Release/ind_prs02032012.pdf,"Change in S&P CNX 500 Index w.e.f March 7, 2012."
2012-02-29,"Feb 29, 2012",ind_prs29022012.pdf,https://www.niftyindices.com/Press_Release/ind_prs29022012.pdf,"Index Changes w.e.f March 9, 2012."
2012-01-31,"Jan 31, 2012",ind_prs31012012.pdf,https://www.niftyindices.com/Press_Release/ind_prs31012012.pdf,LAUNCH OF S&P CNX NIFTY DIVIDEND INDEX
2012-01-13,"Jan 13, 2012",ind_prs13012012.pdf,https://www.niftyindices.com/Press_Release/ind_prs13012012.pdf,"Index Changes w.e.f February 24, 2012."
2011-12-28,"Dec 28, 2011",ind_prs28122011.pdf,https://www.niftyindices.com/Press_Release/ind_prs28122011.pdf,"Change in CNX Dividend Opportunities Index w.e.f January 2, 2012."
2011-12-12,"Dec 12, 2011",ind_prs12122011.pdf,https://www.niftyindices.com/Press_Release/ind_prs12122011.pdf,"Index Changes w.e.f December 14, 2011."
2011-12-01,"Dec 01, 2011",ind_prs01122011.pdf,https://www.niftyindices.com/Press_Release/ind_prs01122011.pdf,"Index Changes w.e.f December 7, 2011."
2011-11-17,"Nov 17, 2011",ind_prs17112011.pdf,https://www.niftyindices.com/Press_Release/ind_prs17112011.pdf,"Index Changes w.e.f November 22, 2011."
2011-10-03,"Oct 03, 2011",ind_prs03102011.pdf,https://www.niftyindices.com/Press_Release/ind_prs03102011.pdf,"Change in CNX Smallcap Index w.e.f October 4, 2011."
2011-09-06,"Sep 06, 2011",ind_prs06092011.pdf,https://www.niftyindices.com/Press_Release/ind_prs06092011.pdf,"Launch Of New Indices w.e.f September 7, 2011"
2011-08-25,"Aug 25, 2011",ind_prs25082011.pdf,https://www.niftyindices.com/Press_Release/ind_prs25082011.pdf,"Index Changes w.e.f. October 10, 2011."
2011-08-19,"Aug 19, 2011",ind_prs19082011.pdf,https://www.niftyindices.com/Press_Release/ind_prs19082011.pdf,"Change in S&P CNX 500 Index and CNX Smallcap Index w.e.f August 29, 2011"
2011-07-18,"Jul 18, 2011",ind_prs18072011.pdf,https://www.niftyindices.com/Press_Release/ind_prs18072011.pdf,"Launch Of CNX 200 and CNX Media Index w.e.f July 19, 2011"
2011-07-11,"Jul 11, 2011",ind_prs11072011.pdf,https://www.niftyindices.com/Press_Release/ind_prs11072011.pdf,"Launch Of New Indices w.e.f July 12, 2011"
2011-06-16,"Jun 16, 2011",ind_prs16062011.pdf,https://www.niftyindices.com/Press_Release/ind_prs16062011.pdf,"Change in S&P CNX 500 Index and CNX Small Cap Index w.e.f June 21, 2011."
2011-06-07,"Jun 07, 2011",ind_prs07062011.pdf,https://www.niftyindices.com/Press_Release/ind_prs07062011.pdf,"Change in Nifty Midcap 50 Index w.e.f July 25, 2011."
2011-05-16,"May 16, 2011",ind_prs16052011.pdf,https://www.niftyindices.com/Press_Release/ind_prs16052011.pdf,"Change in S&P CNX 500 Index w.e.f May 18, 2011."
2011-05-12,"May 12, 2011",ind_prs12052011.pdf,https://www.niftyindices.com/Press_Release/ind_prs12052011.pdf,"Change in S&P CNX 500 Index and CNX Small Cap Index w.e.f May 18, 2011."
2011-05-05,"May 05, 2011",ind_prs05052011.pdf,https://www.niftyindices.com/Press_Release/ind_prs05052011.pdf,"Change in Nifty Midcap 50 w.e.f May 27, 2011"
2011-04-27,"Apr 27, 2011",ind_prs27042011.pdf,https://www.niftyindices.com/Press_Release/ind_prs27042011.pdf,"Change in indices w.e.f May 03, 2011."
2011-04-19,"Apr 19, 2011",ind_prs19042011.pdf,https://www.niftyindices.com/Press_Release/ind_prs19042011.pdf,"Change in indices w.e.f April 21, 2011."
2011-04-06,"Apr 06, 2011",ind_prs06042011.pdf,https://www.niftyindices.com/Press_Release/ind_prs06042011.pdf,"Change in S&P CNX 500 Index w.e.f April 11, 2011."
2011-03-29,"Mar 29, 2011",ind_prs29032011.pdf,https://www.niftyindices.com/Press_Release/ind_prs29032011.pdf,LAUNCH OF CNX SMALLCAP INDEX
2011-03-23,"Mar 23, 2011",ind_prs23032011.pdf,https://www.niftyindices.com/Press_Release/ind_prs23032011.pdf,"Change in S&P CNX 500 Index w.e.f March 25, 2010."
2011-03-21,"Mar 21, 2011",ind_prs21032011.pdf,https://www.niftyindices.com/Press_Release/ind_prs21032011.pdf,LAUNCH OF CNX DIVIDEND OPPORTUNITIES INDEX
2011-03-17,"Mar 17, 2011",ind_prs17032011.pdf,https://www.niftyindices.com/Press_Release/ind_prs17032011.pdf,"Index Changes w.e.f March 24, 2011."
2011-02-10,"Feb 10, 2011",ind_prs10022011.pdf,https://www.niftyindices.com/Press_Release/ind_prs10022011.pdf,"Index Changes w.e.f. March 25, 2011."
2011-02-04,"Feb 04, 2011",ind_prs04022011.pdf,https://www.niftyindices.com/Press_Release/ind_prs04022011.pdf,"Change in S&P CNX 500 Index w.e.f February 8, 2011."
2011-01-18,"Jan 18, 2011",ind_prs18012011.pdf,https://www.niftyindices.com/Press_Release/ind_prs18012011.pdf,"Change in S&P CNX 500 Index w.e.f January 20, 2011."
2010-11-22,"Nov 22, 2010",ind_prs22112010.pdf,https://www.niftyindices.com/Press_Release/ind_prs22112010.pdf,"Index Changes w.e.f November 25, 2010."
2010-11-02,"Nov 02, 2010",ind_prs02112010.pdf,https://www.niftyindices.com/Press_Release/ind_prs02112010.pdf,"Change in Nifty Midcap 50 Index w.e.f November 10, 2010."
2010-10-08,"Oct 08, 2010",ind_prs08102010.pdf,https://www.niftyindices.com/Press_Release/ind_prs08102010.pdf,"Change in Nifty Midcap 50 Index w.e.f November 26, 2010."
2010-10-01,"Oct 01, 2010",ind_prs01102010.pdf,https://www.niftyindices.com/Press_Release/ind_prs01102010.pdf,"Index Changes w.e.f October 07, 2010."
2010-09-22,"Sep 22, 2010",ind_prs22092010.pdf,https://www.niftyindices.com/Press_Release/ind_prs22092010.pdf,"Index Change w.e.f. September 24, 2010"
2010-09-16,"Sep 16, 2010",ind_prs16092010.pdf,https://www.niftyindices.com/Press_Release/ind_prs16092010.pdf,"Index Changes w.e.f. September 17, 2010"
2010-09-09,"Sep 09, 2010",ind_prs09092010.pdf,https://www.niftyindices.com/Press_Release/ind_prs09092010.pdf,"Change in Index computation methodology of various indices w.e.f. October 11, 2010."
2010-08-27,"Aug 27, 2010",ind_prs27082010.pdf,https://www.niftyindices.com/Press_Release/ind_prs27082010.pdf,"Index Change w.e.f. August 31, 2010"
2010-08-18,"Aug 18, 2010",ind_prs18082010.pdf,https://www.niftyindices.com/Press_Release/ind_prs18082010.pdf,"Index Changes w.e.f. October 01, 2010"
2010-07-07,"Jul 07, 2010",ind_prs07072010.pdf,https://www.niftyindices.com/Press_Release/ind_prs07072010.pdf,"Change in S&P CNX 500 index w.e.f July 8, 2010"
2010-05-20,"May 20, 2010",ind_prs20052010.pdf,https://www.niftyindices.com/Press_Release/ind_prs20052010.pdf,"Index Changes w.e.f May 26, 2010."
2010-05-03,"May 03, 2010",ind_prs03052010.pdf,https://www.niftyindices.com/Press_Release/ind_prs03052010.pdf,Guidelines for determining investible weight factors (IWF) for indices computed using free float market capitalization methodology
2010-04-12,"Apr 12, 2010",ind_prs12042010.pdf,https://www.niftyindices.com/Press_Release/ind_prs12042010.pdf,"Index Changes w.e.f April 15, 2010."
2010-04-05,"Apr 05, 2010",ind_prs05042010.pdf,https://www.niftyindices.com/Press_Release/ind_prs05042010.pdf,"Index Changes w.e.f April 06, 2010."
2010-03-10,"Mar 10, 2010",ind_prs10032010.pdf,https://www.niftyindices.com/Press_Release/ind_prs10032010.pdf,"SGX to offer Nifty options, related products"
2010-03-04,"Mar 04, 2010",ind_prs04032010.pdf,https://www.niftyindices.com/Press_Release/ind_prs04032010.pdf,"Index Changes w.e.f March 09, 2010."
2010-02-24,"Feb 24, 2010",ind_prs24022010.pdf,https://www.niftyindices.com/Press_Release/ind_prs24022010.pdf,"Index Changes w.e.f April 08, 2010."
2010-02-19,"Feb 19, 2010",ind_prs19022010.pdf,https://www.niftyindices.com/Press_Release/ind_prs19022010.pdf,"Change in S&P CNX 500 Index w.e.f February 24, 2010."
2009-12-29,"Dec 29, 2009",ind_prs29122009.pdf,https://www.niftyindices.com/Press_Release/ind_prs29122009.pdf,"Changes in S&P ESG India Index w.e.f. January 4, 2010."
2009-12-21,"Dec 21, 2009",ind_prs21122009.pdf,https://www.niftyindices.com/Press_Release/ind_prs21122009.pdf,"Addendum to the press release dated Dec 16, 2009."
2009-12-16,"Dec 16, 2009",ind_prs16122009.pdf,https://www.niftyindices.com/Press_Release/ind_prs16122009.pdf,"Change in S&P CNX 500 & CNX FMCG Indices w.e.f. December 22, 2009."
2009-11-23,"Nov 23, 2009",ind_prs23112009.pdf,https://www.niftyindices.com/Press_Release/ind_prs23112009.pdf,"Change in Index computation methodology of CNX IT Index, CNX Bank Index, CNX Midcap Index & Nifty Midcap 50 Index w.e.f. February 26, 2010."
2009-09-09,"Sep 09, 2009",ind_prs09092009.pdf,https://www.niftyindices.com/Press_Release/ind_prs09092009.pdf,"Revised date for changes in indices, intimated vide press release dated Sep 4, 2009"
2009-09-04,"Sep 04, 2009",ind_prs04092009.pdf,https://www.niftyindices.com/Press_Release/ind_prs04092009.pdf,"Change in Indices w.e.f. October 20, 2009."
2009-08-10,"Aug 10, 2009",ind_prs10082009.pdf,https://www.niftyindices.com/Press_Release/ind_prs10082009.pdf,"Change in S&P CNX 500 and CNX Midcap Index w.e.f. August 14, 2009."
2009-07-27,"Jul 27, 2009",ind_prs27072009.pdf,https://www.niftyindices.com/Press_Release/ind_prs27072009.pdf,"Change in S&P CNX 500 Index w.e.f. July 31, 2009."
2009-06-29,"Jun 29, 2009",ind_prs29062009.pdf,https://www.niftyindices.com/Press_Release/ind_prs29062009.pdf,"Change in Nifty Midcap 50 Index w.e.f. July 31, 2009."
2009-06-22,"Jun 22, 2009",ind_prs22062009.pdf,https://www.niftyindices.com/Press_Release/ind_prs22062009.pdf,"Investible Weight Fatocrs for S&P CNX Nifty Index w.e.f.June 26, 2009."
2009-06-19,"Jun 19, 2009",ind_prs19062009.pdf,https://www.niftyindices.com/Press_Release/ind_prs19062009.pdf,"Change in S&P CNX 500 Index w.e.f. June 23, 2009."
2009-06-18,"Jun 18, 2009",ind_prs18062009.pdf,https://www.niftyindices.com/Press_Release/ind_prs18062009.pdf,"Change in S&P CNX 500 Index w.e.f. June 19, 2009."
2009-06-08,"Jun 08, 2009",ind_prs08062009.pdf,https://www.niftyindices.com/Press_Release/ind_prs08062009.pdf,"Change in Nifty Midcap 50 Index w.e.f. June 26, 2009."
2009-06-03,"Jun 03, 2009",ind_prs03062009_1.pdf,https://www.niftyindices.com/Press_Release/ind_prs03062009_1.pdf,"Change in Investable Weight Factor (IWF) w.e.f. June 10, 2009."
2009-06-03,"Jun 03, 2009",ind_prs03062009.pdf,https://www.niftyindices.com/Press_Release/ind_prs03062009.pdf,"Change in Index Maintenance Procedure for all IISL indices w.e.f. July 1, 2009."
2009-05-19,"May 19, 2009",ind_prs19052009.pdf,https://www.niftyindices.com/Press_Release/ind_prs19052009.pdf,"Change in Indices w.e.f. June 17, 2009."
2009-05-15,"May 15, 2009",ind_prs15052009.pdf,https://www.niftyindices.com/Press_Release/ind_prs15052009.pdf,"Change in Nifty Midcap 50 Index w.e.f. June 5, 2009."
2009-05-11,"May 11, 2009",ind_prs11052009.pdf,https://www.niftyindices.com/Press_Release/ind_prs11052009.pdf,"Change in Investable Weight Factor w.e.f May 18, 2009."
2009-05-06,"May 06, 2009",ind_prs06052009.pdf,https://www.niftyindices.com/Press_Release/ind_prs06052009.pdf,"Change in Index w.e.f May 11, 2009."
2009-04-16,"Apr 16, 2009",ind_prs16042009.pdf,https://www.niftyindices.com/Press_Release/ind_prs16042009.pdf,"Change in Index w.e.f April 17, 2009."
2009-04-01,"Apr 01, 2009",ind_prs01042009.pdf,https://www.niftyindices.com/Press_Release/ind_prs01042009.pdf,"Change in S&P CNX 500 Index w.e.f February 24, 2010."
2009-03-24,"Mar 24, 2009",ind_prs24032009.pdf,https://www.niftyindices.com/Press_Release/ind_prs24032009.pdf,"Change in Index computation methodology of S&P CNX Nifty w.e.f June 26, 2009."
2009-02-20,"Feb 20, 2009",ind_prs20022009.pdf,https://www.niftyindices.com/Press_Release/ind_prs20022009.pdf,"Change in Index w.e.f February 25, 2009."
2009-02-12,"Feb 12, 2009",ind_prs12022009.pdf,https://www.niftyindices.com/Press_Release/ind_prs12022009.pdf,"Change in Index w.e.f March 27, 2009."
2009-02-10,"Feb 10, 2009",ind_prs10022009.pdf,https://www.niftyindices.com/Press_Release/ind_prs10022009.pdf,"Change in Indices w.e.f March 27, 2009."
2009-01-29,"Jan 29, 2009",ind_prs29012009.pdf,https://www.niftyindices.com/Press_Release/ind_prs29012009.pdf,"Change in Index computation methodology of CNX Nifty Junior Index w.e.f May 4, 2009."
2009-01-07,"Jan 07, 2009",ind_prs07012009.pdf,https://www.niftyindices.com/Press_Release/ind_prs07012009.pdf,"Change in Indices w.e.f January 12, 2009."
2008-12-16,"Dec 16, 2008",ind_prs16122008pdf,https://www.niftyindices.com/Press_Release/ind_prs16122008pdf,"Change in Index w.e.f December 29, 2008."
2008-11-27,"Nov 27, 2008",ind_prs27112008.pdf,https://www.niftyindices.com/Press_Release/ind_prs27112008.pdf,"Change in Index w.e.f December 1, 2008."
2008-11-26,"Nov 26, 2008",ind_prs26112008.pdf,https://www.niftyindices.com/Press_Release/ind_prs26112008.pdf,"Change in Index w.e.f December 3, 2008."
2008-11-25,"Nov 25, 2008",ind_prs25112008.pdf,https://www.niftyindices.com/Press_Release/ind_prs25112008.pdf,"Change in Index w.e.f December 26, 2008."
2008-10-31,"Oct 31, 2008",ind_prs31102008.pdf,https://www.niftyindices.com/Press_Release/ind_prs31102008.pdf,"Change in Indices w.e.f November 5, 2008."
2008-10-13,"Oct 13, 2008",ind_prs13102008.pdf,https://www.niftyindices.com/Press_Release/ind_prs13102008.pdf,"Index Change w.e.f November 28, 2008."
2008-09-18,"Sep 18, 2008",ind_prs18092008.pdf,https://www.niftyindices.com/Press_Release/ind_prs18092008.pdf,"Index Change w.e.f September 22, 2008."
2008-09-08,"Sep 08, 2008",ind_prs08092008.pdf,https://www.niftyindices.com/Press_Release/ind_prs08092008.pdf,Tata Motor Ltd.'s Right Issue
2008-07-29,"Jul 29, 2008",ind_prs29072008.pdf,https://www.niftyindices.com/Press_Release/ind_prs29072008.pdf,"Change in Indices w.e.f September 10, 2008."
2008-05-27,"May 27, 2008",ind_prs27052008.pdf,https://www.niftyindices.com/Press_Release/ind_prs27052008.pdf,"Change in Index w.e.f June 09, 2008."
2008-05-16,"May 16, 2008",ind_prs16052008.pdf,https://www.niftyindices.com/Press_Release/ind_prs16052008.pdf,"Change in Index w.e.f May 21, 2008."
2008-05-09,"May 09, 2008",ind_prs09052008.pdf,https://www.niftyindices.com/Press_Release/ind_prs09052008.pdf,"Change in Indices w.e.f June 23, 2008."
2008-04-21,"Apr 21, 2008",ind_prs21042008.pdf,https://www.niftyindices.com/Press_Release/ind_prs21042008.pdf,"Change in Index w.e.f April 23, 2008."
2008-04-11,"Apr 11, 2008",ind_prs11042008.pdf,https://www.niftyindices.com/Press_Release/ind_prs11042008.pdf,"Change in Index w.e.f April 24, 2008."
2008-02-26,"Feb 26, 2008",ind_prs26022008.pdf,https://www.niftyindices.com/Press_Release/ind_prs26022008.pdf,"Change in Indices w.e.f March 14, 2008."
2008-02-21,"Feb 21, 2008",ind_prs21022008.pdf,https://www.niftyindices.com/Press_Release/ind_prs21022008.pdf,"Launch of New Indices w.e.f February 19, 2008."
2008-02-11,"Feb 11, 2008",ind_prs11022008.pdf,https://www.niftyindices.com/Press_Release/ind_prs11022008.pdf,"Change in Indices w.e.f February 29, 2008."
2008-01-31,"Jan 31, 2008",ind_prs31012008_2.pdf,https://www.niftyindices.com/Press_Release/ind_prs31012008_2.pdf,"Change in Indices w.e.f March 14, 2008."
2008-01-31,"Jan 31, 2008",ind_prs31012008_1.pdf,https://www.niftyindices.com/Press_Release/ind_prs31012008_1.pdf,"Change in Indices w.e.f February 15, 2008."
2008-01-23,"Jan 23, 2008",ind_prs23012008.pdf,https://www.niftyindices.com/Press_Release/ind_prs23012008.pdf,"Change in Index w.e.f January 28, 2008."
2007-12-20,"Dec 20, 2007",ind_prs20122007.pdf,https://www.niftyindices.com/Press_Release/ind_prs20122007.pdf,"Change in Index w.e.f December 26th, 2007."
2007-11-27,"Nov 27, 2007",ind_prs27112007.pdf,https://www.niftyindices.com/Press_Release/ind_prs27112007.pdf,"Change in Indices w.e.f December 07, 2007."
2007-11-08,"Nov 08, 2007",ind_prs08112007.pdf,https://www.niftyindices.com/Press_Release/ind_prs08112007.pdf,"Change in Indices w.e.f November 29, 2007."
2007-10-30,"Oct 30, 2007",ind_prs30102007.pdf,https://www.niftyindices.com/Press_Release/ind_prs30102007.pdf,"Change in Index w.e.f December 12, 2007."
2007-10-11,"Oct 11, 2007",ind_prs22102007.pdf,https://www.niftyindices.com/Press_Release/ind_prs22102007.pdf,"Change in Index w.e.f October 25, 2007."
2007-09-12,"Sep 12, 2007",ind_prs12092007.pdf,https://www.niftyindices.com/Press_Release/ind_prs12092007.pdf,"Change in Indices w.e.f October 5, 2007."
2007-09-06,"Sep 06, 2007",ind_prs06092007_1.pdf,https://www.niftyindices.com/Press_Release/ind_prs06092007_1.pdf,"Change in Index w.e.f. Sep 10, 2007"
2007-08-29,"Aug 29, 2007",ind_prs29082007.pdf,https://www.niftyindices.com/Press_Release/ind_prs29082007.pdf,PRESS RELEASE ???LAUNCH OF CNX REALTY INDEX and CNX PSU BANK
2007-08-22,"Aug 22, 2007",ind_prs22082007.pdf,https://www.niftyindices.com/Press_Release/ind_prs22082007.pdf,"Change in Index w.e.f. September 24, 2007"
2007-08-10,"Aug 10, 2007",ind_prs10082007.pdf,https://www.niftyindices.com/Press_Release/ind_prs10082007.pdf,"Change in Index w.e.f. September 24, 2007"
2007-08-06,"Aug 06, 2007",ind_prs06082007.pdf,https://www.niftyindices.com/Press_Release/ind_prs06082007.pdf,PRESS RELEASE ??? LAUNCH OF CNX INFRASTRUCTURE INDEX
2007-05-24,"May 24, 2007",ind_prs24052007.pdf,https://www.niftyindices.com/Press_Release/ind_prs24052007.pdf,"Change in Index w.e.f. Jun 04, 2007"
2007-05-17,"May 17, 2007",ind_prs17052007.pdf,https://www.niftyindices.com/Press_Release/ind_prs17052007.pdf,"Change in indices w.e.f.June 4 , 2007"
2007-04-26,"Apr 26, 2007",ind_prs26042007.pdf,https://www.niftyindices.com/Press_Release/ind_prs26042007.pdf,"Change in indices w.e.f. April 30, 2007"
2007-03-22,"Mar 22, 2007",ind_prs22032007.pdf,https://www.niftyindices.com/Press_Release/ind_prs22032007.pdf,"Change in indices w.e.f. March 29, 2007"
2007-03-13,"Mar 13, 2007",ind_prs13032007.pdf,https://www.niftyindices.com/Press_Release/ind_prs13032007.pdf,"Change in indices w.e.f. March 15, 2007"
2007-03-05,"Mar 05, 2007",ind_prs05032007.pdf,https://www.niftyindices.com/Press_Release/ind_prs05032007.pdf,"Change in indices w.e.f. March 06, 2007"
2007-02-20,"Feb 20, 2007",ind_prs20022007.pdf,https://www.niftyindices.com/Press_Release/ind_prs20022007.pdf,"Change in indices w.e.f. April 04, 2007"
2007-01-23,"Jan 23, 2007",ind_prs23012007.pdf,https://www.niftyindices.com/Press_Release/ind_prs23012007.pdf,"Change in indices w.e.f. January 24, 2007"
2006-12-12,"Dec 12, 2006",ind_prs12122006.pdf,https://www.niftyindices.com/Press_Release/ind_prs12122006.pdf,"Change in indices w.e.f. December 15, 2006"
2006-11-16,"Nov 16, 2006",ind_prs16112006.pdf,https://www.niftyindices.com/Press_Release/ind_prs16112006.pdf,"Change in indices w.e.f. November 17, 2006"
2006-11-03,"Nov 03, 2006",ind_prs03112006.pdf,https://www.niftyindices.com/Press_Release/ind_prs03112006.pdf,"Change in indices w.e.f. November 08, 2006"
2006-10-04,"Oct 04, 2006",ind_prs04102006.pdf,https://www.niftyindices.com/Press_Release/ind_prs04102006.pdf,"Change in index w.e.f. October 05, 2006"
2006-09-22,"Sep 22, 2006",ind_prs22092006.pdf,https://www.niftyindices.com/Press_Release/ind_prs22092006.pdf,"Change in index w.e.f. September 28, 2006"
2006-09-20,"Sep 20, 2006",ind_prs20092006.pdf,https://www.niftyindices.com/Press_Release/ind_prs20092006.pdf,"Change in index w.e.f. September 20, 2006"
2006-09-08,"Sep 08, 2006",ind_prs08092006_1.pdf,https://www.niftyindices.com/Press_Release/ind_prs08092006_1.pdf,"Change in indices w.e.f. September 22, 2006"
2006-09-07,"Sep 07, 2006",ind_prs07092006.pdf,https://www.niftyindices.com/Press_Release/ind_prs07092006.pdf,"Change in index w.e.f. September 13, 2006"
2006-08-07,"Aug 07, 2006",ind_prs07082006.pdf,https://www.niftyindices.com/Press_Release/ind_prs07082006.pdf,"Change in index w.e.f. August 10, 2006"
2006-07-24,"Jul 24, 2006",ind_prs24072006.pdf,https://www.niftyindices.com/Press_Release/ind_prs24072006.pdf,"Change in index w.e.f. July 25, 2006"
2006-07-20,"Jul 20, 2006",ind_prs20072006_2.pdf,https://www.niftyindices.com/Press_Release/ind_prs20072006_2.pdf,"Change in indices w.e.f. July 21, 2006"
2006-07-20,"Jul 20, 2006",ind_prs20072006_1.pdf,https://www.niftyindices.com/Press_Release/ind_prs20072006_1.pdf,"Change in indices w.e.f. September 01, 2006"
2006-07-13,"Jul 13, 2006",ind_prs13072006.pdf,https://www.niftyindices.com/Press_Release/ind_prs13072006.pdf,"Change in index w.e.f. July 14, 2006"
2006-07-07,"Jul 07, 2006",ind_prs07072006.pdf,https://www.niftyindices.com/Press_Release/ind_prs07072006.pdf,"Change in index w.e.f. July 10, 2006"
2006-06-21,"Jun 21, 2006",ind_prs21062006.pdf,https://www.niftyindices.com/Press_Release/ind_prs21062006.pdf,"Changes in indices w.e.f. June 27, 2006"
2006-06-01,"Jun 01, 2006",ind_prs01062006.pdf,https://www.niftyindices.com/Press_Release/ind_prs01062006.pdf,"Change in P/E ratio calculation w.e.f. June 1, 2006"
2006-05-16,"May 16, 2006",ind_prs16052006.pdf,https://www.niftyindices.com/Press_Release/ind_prs16052006.pdf,"Change in index w.e.f. May 17, 2006"
2006-05-12,"May 12, 2006",ind_prs12052006.pdf,https://www.niftyindices.com/Press_Release/ind_prs12052006.pdf,"Changes in indices w.e.f. June 26, 2006"
2006-04-10,"Apr 10, 2006",ind_prs10042006.pdf,https://www.niftyindices.com/Press_Release/ind_prs10042006.pdf,"Change in index w.e.f. Apr 13, 2006"
2006-04-07,"Apr 07, 2006",ind_prs07042006.pdf,https://www.niftyindices.com/Press_Release/ind_prs07042006.pdf,"Change in index w.e.f. Apr 10, 2006"
2006-03-21,"Mar 21, 2006",ind_prs21032006.pdf,https://www.niftyindices.com/Press_Release/ind_prs21032006.pdf,"Change in index w.e.f. Mar 23, 2006"
2006-02-03,"Feb 03, 2006",ind_prs03022006.pdf,https://www.niftyindices.com/Press_Release/ind_prs03022006.pdf,"Change in index w.e.f. Mar 16, 2006"
2006-02-01,"Feb 01, 2006",ind_prs01022006_1.pdf,https://www.niftyindices.com/Press_Release/ind_prs01022006_1.pdf,Changes in indices w.e.f. 03-Feb-2006 and 02-Mar-2006
2006-01-04,"Jan 04, 2006",ind_prs04012006.pdf,https://www.niftyindices.com/Press_Release/ind_prs04012006.pdf,"Change in index w.e.f. January 06, 2006"
2005-12-13,"Dec 13, 2005",ind_prs13122005.pdf,https://www.niftyindices.com/Press_Release/ind_prs13122005.pdf,Change in index w.e.f. December 14 2005
2005-11-29,"Nov 29, 2005",ind_prs29112005.pdf,https://www.niftyindices.com/Press_Release/ind_prs29112005.pdf,Change in index w.e.f. December 08 2005
2005-11-28,"Nov 28, 2005",ind_prs28112005.pdf,https://www.niftyindices.com/Press_Release/ind_prs28112005.pdf,Launch of CNX 100 index
2005-11-11,"Nov 11, 2005",ind_prs11112005.pdf,https://www.niftyindices.com/Press_Release/ind_prs11112005.pdf,Calculation of S&P CNX DEFTY Index based on Real Time Exchange
2005-10-05,"Oct 05, 2005",ind_prs05102005.pdf,https://www.niftyindices.com/Press_Release/ind_prs05102005.pdf,"Change in index w.e.f. October 06, 2005"
2005-08-23,"Aug 23, 2005",ind_prs23082005.pdf,https://www.niftyindices.com/Press_Release/ind_prs23082005.pdf,"Change in index w.e.f. September 26, 2005"
2005-08-03,"Aug 03, 2005",ind_prs03082005.pdf,https://www.niftyindices.com/Press_Release/ind_prs03082005.pdf,"Change in index w.e.f. August 05, 2005"
2005-06-24,"Jun 24, 2005",ind_prs24062005.pdf,https://www.niftyindices.com/Press_Release/ind_prs24062005.pdf,Launch of new sectoral indices
2005-06-20,"Jun 20, 2005",ind_prs20062005_1.pdf,https://www.niftyindices.com/Press_Release/ind_prs20062005_1.pdf,"Changes in indices w.e.f. June 29, 2005"
2005-06-20,"Jun 20, 2005",ind_prs20062005_2.pdf,https://www.niftyindices.com/Press_Release/ind_prs20062005_2.pdf,Launch of New Index
2005-06-01,"Jun 01, 2005",ind_prs01062005.pdf,https://www.niftyindices.com/Press_Release/ind_prs01062005.pdf,"Change in Dividend yield calculation w.e.f. Jun 06, 2005"
2005-04-22,"Apr 22, 2005",ind_prs22042005.pdf,https://www.niftyindices.com/Press_Release/ind_prs22042005.pdf,"Changes in indices w.e.f. Apr 25, 2005"
2005-04-12,"Apr 12, 2005",ind_prs12042005.pdf,https://www.niftyindices.com/Press_Release/ind_prs12042005.pdf,"Changes in indices w.e.f. Apr 13, 2005 & Apr 20, 2005"
2005-04-04,"Apr 04, 2005",ind_prs04042005.pdf,https://www.niftyindices.com/Press_Release/ind_prs04042005.pdf,"Changes in indices w.e.f. Apr 06, 2005 & Apr 08, 2005"
2005-03-21,"Mar 21, 2005",ind_prs21032005.pdf,https://www.niftyindices.com/Press_Release/ind_prs21032005.pdf,"Changes in indices w.e.f. Mar. 24, 2005"
2005-03-03,"Mar 03, 2005",ind_prs03032005.pdf,https://www.niftyindices.com/Press_Release/ind_prs03032005.pdf,"Changes in indices w.e.f. Mar 04, 2005 & Mar 15, 2005"
2005-02-16,"Feb 16, 2005",ind_prs16022005.pdf,https://www.niftyindices.com/Press_Release/ind_prs16022005.pdf,"Changes in indices w.e.f. Feb. 21, 2005"
2005-02-14,"Feb 14, 2005",ind_prs14022005.pdf,https://www.niftyindices.com/Press_Release/ind_prs14022005.pdf,"Changes in indices w.e.f. Feb. 18, 2005"
2005-01-12,"Jan 12, 2005",ind_prs12012005.pdf,https://www.niftyindices.com/Press_Release/ind_prs12012005.pdf,"Changes in indices w.e.f. Feb. 25, 2005"
2004-12-27,"Dec 27, 2004",ind_prs27122004.pdf,https://www.niftyindices.com/Press_Release/ind_prs27122004.pdf,"Change in index w.e.f. Jan. 05, 2005"
2004-12-14,"Dec 14, 2004",ind_prs14122004_2.pdf,https://www.niftyindices.com/Press_Release/ind_prs14122004_2.pdf,"Changes in indices w.e.f. Dec. 22, 2004"
2004-12-14,"Dec 14, 2004",ind_prs14122004_1.pdf,https://www.niftyindices.com/Press_Release/ind_prs14122004_1.pdf,"Change in P/E ratio calculation w.e.f. Dec. 20, 2004"
2004-11-05,"Nov 05, 2004",ind_prs05112004.pdf,https://www.niftyindices.com/Press_Release/ind_prs05112004.pdf,"November 05, 2004 Change in index w.e.f. Nov. 18, 2004"
2004-10-29,"Oct 29, 2004",ind_prs29102004.pdf,https://www.niftyindices.com/Press_Release/ind_prs29102004.pdf,"Changes in indices w.e.f. Dec. 10, 2004"
2004-08-27,"Aug 27, 2004",ind_prs27082004.pdf,https://www.niftyindices.com/Press_Release/ind_prs27082004.pdf,CNXIT - Press Release
2004-08-26,"Aug 26, 2004",ind_prs26082004.pdf,https://www.niftyindices.com/Press_Release/ind_prs26082004.pdf,"Changes in indices w.e.f. August 30, 2004"
2004-08-25,"Aug 25, 2004",ind_prs25082004.pdf,https://www.niftyindices.com/Press_Release/ind_prs25082004.pdf,"Changes in indices w.e.f. August 27, 2004"
2004-06-30,"Jun 30, 2004",ind_prs30062004.pdf,https://www.niftyindices.com/Press_Release/ind_prs30062004.pdf,"Changes in indices w.e.f. July 09, 2004"
2004-06-29,"Jun 29, 2004",ind_prs29062004.pdf,https://www.niftyindices.com/Press_Release/ind_prs29062004.pdf,NIIT - Press Release
2004-06-17,"Jun 17, 2004",ind_prs17062004.pdf,https://www.niftyindices.com/Press_Release/ind_prs17062004.pdf,CNXIT - Press Release
2004-06-09,"Jun 09, 2004",ind_prs09062004.pdf,https://www.niftyindices.com/Press_Release/ind_prs09062004.pdf,"Changes in indices w.e.f. June 14, 2004"
2004-05-26,"May 26, 2004",ind_prs26052004.pdf,https://www.niftyindices.com/Press_Release/ind_prs26052004.pdf,Changes in CNX IT Index Base Value
2004-05-19,"May 19, 2004",ind_prs19052004.pdf,https://www.niftyindices.com/Press_Release/ind_prs19052004.pdf,"Changes in indices w.e.f.May 24, 2004"
2004-05-18,"May 18, 2004",ind_prs18052004.pdf,https://www.niftyindices.com/Press_Release/ind_prs18052004.pdf,"Changes in indices w.e.f. May 20, 2004 & May 28, 2004"
2004-04-15,"Apr 15, 2004",ind_prs15042004.pdf,https://www.niftyindices.com/Press_Release/ind_prs15042004.pdf,"Changes in indices w.e.f. April 16, 2004"
2004-03-26,"Mar 26, 2004",ind_prs26032004.pdf,https://www.niftyindices.com/Press_Release/ind_prs26032004.pdf,"Changes in indices w.e.f. April 12, 2004"
2004-03-19,"Mar 19, 2004",ind_prs19032004.pdf,https://www.niftyindices.com/Press_Release/ind_prs19032004.pdf,"Changes in indices w.e.f. March 22, 2004"
2004-03-12,"Mar 12, 2004",ind_prs12032004.pdf,https://www.niftyindices.com/Press_Release/ind_prs12032004.pdf,"Changes in indices w.e.f. March 15, 2004"
2004-01-27,"Jan 27, 2004",ind_prs27012004.pdf,https://www.niftyindices.com/Press_Release/ind_prs27012004.pdf,"Changes in indices w.e.f. January 28, 2004"
2004-01-16,"Jan 16, 2004",ind_prs16012004.pdf,https://www.niftyindices.com/Press_Release/ind_prs16012004.pdf,"Changes in indices w.e.f. March 01, 2004"
2004-01-01,"Jan 01, 2004",ind_prs01012004.pdf,https://www.niftyindices.com/Press_Release/ind_prs01012004.pdf,"Changes in indices w.e.f. January 02, 2004"
2003-12-10,"Dec 10, 2003",ind_prs10122003.pdf,https://www.niftyindices.com/Press_Release/ind_prs10122003.pdf,"Changes in indices w.e.f. December 11, 2003"
2003-12-03,"Dec 03, 2003",ind_prs03122003.pdf,https://www.niftyindices.com/Press_Release/ind_prs03122003.pdf,"Changes in indices w.e.f. December 05, 2003"
2003-11-19,"Nov 19, 2003",ind_prs19112003.pdf,https://www.niftyindices.com/Press_Release/ind_prs19112003.pdf,"Changes in indices w.e.f. November 21, 2003"
2003-11-18,"Nov 18, 2003",ind_prs18112003.pdf,https://www.niftyindices.com/Press_Release/ind_prs18112003.pdf,"Changes in indices w.e.f. November 19, 2003"
2003-09-26,"Sep 26, 2003",ind_prs26092003.pdf,https://www.niftyindices.com/Press_Release/ind_prs26092003.pdf,Changes in indices
2003-09-15,"Sep 15, 2003",ind_prs15092003.pdf,https://www.niftyindices.com/Press_Release/ind_prs15092003.pdf,"IISL launches CNX Bank Index from September 15, 2003"
2003-09-11,"Sep 11, 2003",ind_prs11092003.pdf,https://www.niftyindices.com/Press_Release/ind_prs11092003.pdf,"IISL to launch CNX BANK Index from September 15, 2003"
2003-09-08,"Sep 08, 2003",ind_prs08092003.pdf,https://www.niftyindices.com/Press_Release/ind_prs08092003.pdf,"Changes in indices w.e.f. Sept. 09, & Sept. 11, 2003"
2003-09-04,"Sep 04, 2003",ind_prs04092003.pdf,https://www.niftyindices.com/Press_Release/ind_prs04092003.pdf,"Changes in indices w.e.f. September 05, 2003"
2003-08-08,"Aug 08, 2003",ind_prs08082003.pdf,https://www.niftyindices.com/Press_Release/ind_prs08082003.pdf,"Changes in indices w.e.f. August 11, 2003"
2003-06-18,"Jun 18, 2003",ind_prs18062003.pdf,https://www.niftyindices.com/Press_Release/ind_prs18062003.pdf,Changes in indices
2003-06-16,"Jun 16, 2003",ind_prs16062003.pdf,https://www.niftyindices.com/Press_Release/ind_prs16062003.pdf,"Changes in indices w.e.f. June 17, 2003"
2003-05-21,"May 21, 2003",ind_prs21052003.pdf,https://www.niftyindices.com/Press_Release/ind_prs21052003.pdf,"Changes in indices w.e.f. May 23, 2003"
2003-04-22,"Apr 22, 2003",ind_prs22042003.pdf,https://www.niftyindices.com/Press_Release/ind_prs22042003.pdf,"Changes in indices w.e.f. Apr. 25, 2003"
2003-03-13,"Mar 13, 2003",ind_prs13032003.pdf,https://www.niftyindices.com/Press_Release/ind_prs13032003.pdf,Changes in indices
2003-03-04,"Mar 04, 2003",ind_prs04032003.pdf,https://www.niftyindices.com/Press_Release/ind_prs04032003.pdf,"Changes in indices w.e.f. Mar. 05, 2003 and Mar. 06, 2003"
2003-02-12,"Feb 12, 2003",ind_prs12022003.pdf,https://www.niftyindices.com/Press_Release/ind_prs12022003.pdf,"Changes in indices w.e.f. Feb. 25, 2003"
2003-01-16,"Jan 16, 2003",ind_prs16012003.pdf,https://www.niftyindices.com/Press_Release/ind_prs16012003.pdf,"Changes in indices w.e.f. Jan. 21 and Feb. 27, 2003"
2002-11-08,"Nov 08, 2002",ind_prs08112002.pdf,https://www.niftyindices.com/Press_Release/ind_prs08112002.pdf,"Changes in indices w.e.f. Nov. 11, 2002"
2002-10-09,"Oct 09, 2002",ind_prs09102002.pdf,https://www.niftyindices.com/Press_Release/ind_prs09102002.pdf,"Changes in indices w.e.f. Oct. 11, 2002"
2002-09-25,"Sep 25, 2002",ind_prs25092002.pdf,https://www.niftyindices.com/Press_Release/ind_prs25092002.pdf,"Changes in indices w.e.f. Oct. 10, 2002"
2002-09-16,"Sep 16, 2002",ind_prs16092002.pdf,https://www.niftyindices.com/Press_Release/ind_prs16092002.pdf,"Changes in indices w.e.f. Sept. 19 and Oct. 28, 2002"
2002-08-19,"Aug 19, 2002",ind_prs19082002.pdf,https://www.niftyindices.com/Press_Release/ind_prs19082002.pdf,"Changes in indices effective August 20, 2002"
2002-07-17,"Jul 17, 2002",ind_prs17072002.pdf,https://www.niftyindices.com/Press_Release/ind_prs17072002.pdf,"Changes in indices effective July 18, 2002"
2002-07-08,"Jul 08, 2002",ind_prs08072002.pdf,https://www.niftyindices.com/Press_Release/ind_prs08072002.pdf,"Changes in indices effective July 9, 2002"
2002-06-05,"Jun 05, 2002",ind_prs05062002.pdf,https://www.niftyindices.com/Press_Release/ind_prs05062002.pdf,"Changes in indices effective June 6, 2002"
2002-05-16,"May 16, 2002",ind_prs16052002.pdf,https://www.niftyindices.com/Press_Release/ind_prs16052002.pdf,"Changes in indices effective May 31, 2002"
2002-05-13,"May 13, 2002",ind_prs13052002.pdf,https://www.niftyindices.com/Press_Release/ind_prs13052002.pdf,"Changes in indices effective May 14 and May 21, 2002"
2002-04-22,"Apr 22, 2002",ind_prs22042002.pdf,https://www.niftyindices.com/Press_Release/ind_prs22042002.pdf,"Changes in indices w.e.f. June 3, 2002"
2002-04-15,"Apr 15, 2002",ind_prs15042002.pdf,https://www.niftyindices.com/Press_Release/ind_prs15042002.pdf,Changes in indices (ICICI merger)
2002-03-27,"Mar 27, 2002",ind_prs27032002.pdf,https://www.niftyindices.com/Press_Release/ind_prs27032002.pdf,"Changes in indices w.e.f. April 1, 2002 / May 9, 2002"
2002-01-24,"Jan 24, 2002",ind_prs24012002.pdf,https://www.niftyindices.com/Press_Release/ind_prs24012002.pdf,"Changes in indices w.e.f. January 29, 2002"
2001-12-14,"Dec 14, 2001",ind_prs14122001.pdf,https://www.niftyindices.com/Press_Release/ind_prs14122001.pdf,"Changes in indices w.e.f. January 17 and 25, 2002"
2001-12-06,"Dec 06, 2001",ind_prs06122001.pdf,https://www.niftyindices.com/Press_Release/ind_prs06122001.pdf,"Changes in indices w.e.f. January 17, 2002"
2001-10-16,"Oct 16, 2001",ind_prs16102001.pdf,https://www.niftyindices.com/Press_Release/ind_prs16102001.pdf,"Changes in indices w.e.f. October 30, 2001"
2001-08-30,"Aug 30, 2001",ind_prs30082001.pdf,https://www.niftyindices.com/Press_Release/ind_prs30082001.pdf,"Changes in indices w.e.f. October 11, 2001"
2001-07-16,"Jul 16, 2001",ind_prs16072001.pdf,https://www.niftyindices.com/Press_Release/ind_prs16072001.pdf,"Changes in indices w.e.f. July 18, 2001"
2001-04-19,"Apr 19, 2001",ind_prs19042001.pdf,https://www.niftyindices.com/Press_Release/ind_prs19042001.pdf,"Changes in indices w.e.f. April 25, 2001"
2000-10-31,"Oct 31, 2000",ind_prs31102000.pdf,https://www.niftyindices.com/Press_Release/ind_prs31102000.pdf,"Changes in indices w.e.f. December 13, 2000"
2000-09-13,"Sep 13, 2000",ind_prs13092000.pdf,https://www.niftyindices.com/Press_Release/ind_prs13092000.pdf,"Changes in indices w.e.f. September 20, 2000"
2000-09-11,"Sep 11, 2000",ind_prs11092000.pdf,https://www.niftyindices.com/Press_Release/ind_prs11092000.pdf,"Changes in indices w.e.f. September 20, 2000"
2000-08-28,"Aug 28, 2000",ind_prs28082000.pdf,https://www.niftyindices.com/Press_Release/ind_prs28082000.pdf,IISL launches CNX Millenium Index
2000-07-20,"Jul 20, 2000",ind_prs20072000.pdf,https://www.niftyindices.com/Press_Release/ind_prs20072000.pdf,"Changes in indices w.e.f. September 1, 2000"
2000-04-26,"Apr 26, 2000",ind_prs26042000.pdf,https://www.niftyindices.com/Press_Release/ind_prs26042000.pdf,"Changes in indices w.e.f. May 10, 2000"
2000-04-24,"Apr 24, 2000",ind_prs24042000.pdf,https://www.niftyindices.com/Press_Release/ind_prs24042000.pdf,"Changes in indices w.e.f. May 24, 2000"
2000-01-10,"Jan 10, 2000",ind_prs10012000.pdf,https://www.niftyindices.com/Press_Release/ind_prs10012000.pdf,"Changes in indices w.e.f. February 16, 2000"
1999-11-05,"Nov 05, 1999",ind_prs05111999.pdf,https://www.niftyindices.com/Press_Release/ind_prs05111999.pdf,"Changes in indices w.e.f. December 8, 1999"
1999-09-22,"Sep 22, 1999",ind_prs22091999.pdf,https://www.niftyindices.com/Press_Release/ind_prs22091999.pdf,Launch of CNX FMCG Index
1999-08-03,"Aug 03, 1999",ind_prs03081999.pdf,https://www.niftyindices.com/Press_Release/ind_prs03081999.pdf,"Changes in indices w.e.f. September 8, 1999"
1999-04-19,"Apr 19, 1999",ind_prs19041999.pdf,https://www.niftyindices.com/Press_Release/ind_prs19041999.pdf,"Changes in indices w.e.f. May 26, 1999"
1999-02-25,"Feb 25, 1999",ind_prs25021999.pdf,https://www.niftyindices.com/Press_Release/ind_prs25021999.pdf,"Change in S&P CNX 500 index w.e.f. March 17, 1999"
1998-12-28,"Dec 28, 1998",ind_prs28121998.pdf,https://www.niftyindices.com/Press_Release/ind_prs28121998.pdf,"Changes in indices w.e.f. February 3, 1999"
1998-09-02,"Sep 02, 1998",ind_prs02091998.pdf,https://www.niftyindices.com/Press_Release/ind_prs02091998.pdf,"Changes in indices w.e.f. October 7, 1998"
